date,item_name,category,prep_qty,orders_qty,day_of_week,is_weekend,is_holiday,weather,staff_count,event_flag
2024-01-01,Paneer Butter Masala,Main Course,54,47,Monday,0,0,Sunny,12,0
2024-01-01,Dal Makhani,Main Course,54,37,Monday,0,0,Sunny,12,0
2024-01-01,Chicken Biryani,Main Course,52,41,Monday,0,0,Sunny,12,0
2024-01-01,Mutton Rogan Josh,Main Course,48,24,Monday,0,0,Sunny,12,0
2024-01-01,Paneer Tikka,Starters,58,54,Monday,0,0,Sunny,12,0
2024-01-01,Chicken Tandoori,Starters,60,45,Monday,0,0,Sunny,12,0
2024-01-01,Veg Spring Rolls,Starters,71,60,Monday,0,0,Sunny,12,0
2024-01-01,Fish Amritsari,Starters,70,18,Monday,0,0,Sunny,12,0
2024-01-01,Butter Naan,Breads,81,65,Monday,0,0,Sunny,12,0
2024-01-01,Garlic Naan,Breads,91,67,Monday,0,0,Sunny,12,0
2024-01-01,Tandoori Roti,Breads,84,79,Monday,0,0,Sunny,12,0
2024-01-01,Gulab Jamun,Desserts,50,41,Monday,0,0,Sunny,12,0
2024-01-01,Ras Malai,Desserts,40,26,Monday,0,0,Sunny,12,0
2024-01-01,Kheer,Desserts,34,30,Monday,0,0,Sunny,12,0
2024-01-01,Kulfi,Desserts,35,25,Monday,0,0,Sunny,12,0
2024-01-02,Paneer Butter Masala,Main Course,44,40,Tuesday,0,0,Cloudy,11,0
2024-01-02,Dal Makhani,Main Course,62,52,Tuesday,0,0,Cloudy,11,0
2024-01-02,Chicken Biryani,Main Course,48,41,Tuesday,0,0,Cloudy,11,0
2024-01-02,Mutton Rogan Josh,Main Course,48,32,Tuesday,0,0,Cloudy,11,0
2024-01-02,Paneer Tikka,Starters,71,61,Tuesday,0,0,Cloudy,11,0
2024-01-02,Chicken Tandoori,Starters,52,44,Tuesday,0,0,Cloudy,11,0
2024-01-02,Veg Spring Rolls,Starters,61,56,Tuesday,0,0,Cloudy,11,0
2024-01-02,Fish Amritsari,Starters,66,44,Tuesday,0,0,Cloudy,11,0
2024-01-02,Butter Naan,Breads,99,91,Tuesday,0,0,Cloudy,11,0
2024-01-02,Garlic Naan,Breads,83,56,Tuesday,0,0,Cloudy,11,0
2024-01-02,Tandoori Roti,Breads,90,82,Tuesday,0,0,Cloudy,11,0
2024-01-02,Gulab Jamun,Desserts,44,40,Tuesday,0,0,Cloudy,11,0
2024-01-02,Ras Malai,Desserts,38,28,Tuesday,0,0,Cloudy,11,0
2024-01-02,Kheer,Desserts,36,28,Tuesday,0,0,Cloudy,11,0
2024-01-02,Kulfi,Desserts,33,18,Tuesday,0,0,Cloudy,11,0
2024-01-03,Paneer Butter Masala,Main Course,47,40,Wednesday,0,0,Sunny,9,0
2024-01-03,Dal Makhani,Main Course,58,46,Wednesday,0,0,Sunny,9,0
2024-01-03,Chicken Biryani,Main Course,54,44,Wednesday,0,0,Sunny,9,0
2024-01-03,Mutton Rogan Josh,Main Course,44,32,Wednesday,0,0,Sunny,9,0
2024-01-03,Paneer Tikka,Starters,63,52,Wednesday,0,0,Sunny,9,0
2024-01-03,Chicken Tandoori,Starters,53,47,Wednesday,0,0,Sunny,9,0
2024-01-03,Veg Spring Rolls,Starters,58,47,Wednesday,0,0,Sunny,9,0
2024-01-03,Fish Amritsari,Starters,63,43,Wednesday,0,0,Sunny,9,0
2024-01-03,Butter Naan,Breads,87,71,Wednesday,0,0,Sunny,9,0
2024-01-03,Garlic Naan,Breads,97,88,Wednesday,0,0,Sunny,9,0
2024-01-03,Tandoori Roti,Breads,99,80,Wednesday,0,0,Sunny,9,0
2024-01-03,Gulab Jamun,Desserts,41,37,Wednesday,0,0,Sunny,9,0
2024-01-03,Ras Malai,Desserts,41,30,Wednesday,0,0,Sunny,9,0
2024-01-03,Kheer,Desserts,39,34,Wednesday,0,0,Sunny,9,0
2024-01-03,Kulfi,Desserts,32,10,Wednesday,0,0,Sunny,9,0
2024-01-04,Paneer Butter Masala,Main Course,50,14,Thursday,0,0,Sunny,9,0
2024-01-04,Dal Makhani,Main Course,58,52,Thursday,0,0,Sunny,9,0
2024-01-04,Chicken Biryani,Main Course,44,37,Thursday,0,0,Sunny,9,0
2024-01-04,Mutton Rogan Josh,Main Course,45,31,Thursday,0,0,Sunny,9,0
2024-01-04,Paneer Tikka,Starters,67,53,Thursday,0,0,Sunny,9,0
2024-01-04,Chicken Tandoori,Starters,55,36,Thursday,0,0,Sunny,9,0
2024-01-04,Veg Spring Rolls,Starters,73,68,Thursday,0,0,Sunny,9,0
2024-01-04,Fish Amritsari,Starters,56,35,Thursday,0,0,Sunny,9,0
2024-01-04,Butter Naan,Breads,97,84,Thursday,0,0,Sunny,9,0
2024-01-04,Garlic Naan,Breads,81,66,Thursday,0,0,Sunny,9,0
2024-01-04,Tandoori Roti,Breads,93,63,Thursday,0,0,Sunny,9,0
2024-01-04,Gulab Jamun,Desserts,41,33,Thursday,0,0,Sunny,9,0
2024-01-04,Ras Malai,Desserts,45,38,Thursday,0,0,Sunny,9,0
2024-01-04,Kheer,Desserts,39,34,Thursday,0,0,Sunny,9,0
2024-01-04,Kulfi,Desserts,35,25,Thursday,0,0,Sunny,9,0
2024-01-05,Paneer Butter Masala,Main Course,44,38,Friday,0,0,Cloudy,11,0
2024-01-05,Dal Makhani,Main Course,51,48,Friday,0,0,Cloudy,11,0
2024-01-05,Chicken Biryani,Main Course,46,39,Friday,0,0,Cloudy,11,0
2024-01-05,Mutton Rogan Josh,Main Course,50,39,Friday,0,0,Cloudy,11,0
2024-01-05,Paneer Tikka,Starters,61,47,Friday,0,0,Cloudy,11,0
2024-01-05,Chicken Tandoori,Starters,53,49,Friday,0,0,Cloudy,11,0
2024-01-05,Veg Spring Rolls,Starters,64,49,Friday,0,0,Cloudy,11,0
2024-01-05,Fish Amritsari,Starters,58,36,Friday,0,0,Cloudy,11,0
2024-01-05,Butter Naan,Breads,98,82,Friday,0,0,Cloudy,11,0
2024-01-05,Garlic Naan,Breads,97,81,Friday,0,0,Cloudy,11,0
2024-01-05,Tandoori Roti,Breads,90,78,Friday,0,0,Cloudy,11,0
2024-01-05,Gulab Jamun,Desserts,42,28,Friday,0,0,Cloudy,11,0
2024-01-05,Ras Malai,Desserts,39,28,Friday,0,0,Cloudy,11,0
2024-01-05,Kheer,Desserts,32,28,Friday,0,0,Cloudy,11,0
2024-01-05,Kulfi,Desserts,35,18,Friday,0,0,Cloudy,11,0
2024-01-06,Paneer Butter Masala,Main Course,71,64,Saturday,1,0,Sunny,12,0
2024-01-06,Dal Makhani,Main Course,86,72,Saturday,1,0,Sunny,12,0
2024-01-06,Chicken Biryani,Main Course,70,66,Saturday,1,0,Sunny,12,0
2024-01-06,Mutton Rogan Josh,Main Course,71,39,Saturday,1,0,Sunny,12,0
2024-01-06,Paneer Tikka,Starters,89,58,Saturday,1,0,Sunny,12,0
2024-01-06,Chicken Tandoori,Starters,85,65,Saturday,1,0,Sunny,12,0
2024-01-06,Veg Spring Rolls,Starters,87,69,Saturday,1,0,Sunny,12,0
2024-01-06,Fish Amritsari,Starters,98,61,Saturday,1,0,Sunny,12,0
2024-01-06,Butter Naan,Breads,123,111,Saturday,1,0,Sunny,12,0
2024-01-06,Garlic Naan,Breads,116,95,Saturday,1,0,Sunny,12,0
2024-01-06,Tandoori Roti,Breads,120,102,Saturday,1,0,Sunny,12,0
2024-01-06,Gulab Jamun,Desserts,62,50,Saturday,1,0,Sunny,12,0
2024-01-06,Ras Malai,Desserts,58,39,Saturday,1,0,Sunny,12,0
2024-01-06,Kheer,Desserts,55,41,Saturday,1,0,Sunny,12,0
2024-01-06,Kulfi,Desserts,49,25,Saturday,1,0,Sunny,12,0
2024-01-07,Paneer Butter Masala,Main Course,63,51,Sunday,1,0,Cloudy,14,0
2024-01-07,Dal Makhani,Main Course,86,64,Sunday,1,0,Cloudy,14,0
2024-01-07,Chicken Biryani,Main Course,73,59,Sunday,1,0,Cloudy,14,0
2024-01-07,Mutton Rogan Josh,Main Course,59,42,Sunday,1,0,Cloudy,14,0
2024-01-07,Paneer Tikka,Starters,103,78,Sunday,1,0,Cloudy,14,0
2024-01-07,Chicken Tandoori,Starters,91,86,Sunday,1,0,Cloudy,14,0
2024-01-07,Veg Spring Rolls,Starters,83,73,Sunday,1,0,Cloudy,14,0
2024-01-07,Fish Amritsari,Starters,97,25,Sunday,1,0,Cloudy,14,0
2024-01-07,Butter Naan,Breads,133,124,Sunday,1,0,Cloudy,14,0
2024-01-07,Garlic Naan,Breads,120,95,Sunday,1,0,Cloudy,14,0
2024-01-07,Tandoori Roti,Breads,126,112,Sunday,1,0,Cloudy,14,0
2024-01-07,Gulab Jamun,Desserts,61,40,Sunday,1,0,Cloudy,14,0
2024-01-07,Ras Malai,Desserts,57,48,Sunday,1,0,Cloudy,14,0
2024-01-07,Kheer,Desserts,47,34,Sunday,1,0,Cloudy,14,0
2024-01-07,Kulfi,Desserts,48,37,Sunday,1,0,Cloudy,14,0
2024-01-08,Paneer Butter Masala,Main Course,46,40,Monday,0,0,Sunny,11,0
2024-01-08,Dal Makhani,Main Course,54,39,Monday,0,0,Sunny,11,0
2024-01-08,Chicken Biryani,Main Course,46,41,Monday,0,0,Sunny,11,0
2024-01-08,Mutton Rogan Josh,Main Course,42,26,Monday,0,0,Sunny,11,0
2024-01-08,Paneer Tikka,Starters,59,53,Monday,0,0,Sunny,11,0
2024-01-08,Chicken Tandoori,Starters,57,50,Monday,0,0,Sunny,11,0
2024-01-08,Veg Spring Rolls,Starters,64,55,Monday,0,0,Sunny,11,0
2024-01-08,Fish Amritsari,Starters,64,32,Monday,0,0,Sunny,11,0
2024-01-08,Butter Naan,Breads,80,71,Monday,0,0,Sunny,11,0
2024-01-08,Garlic Naan,Breads,90,78,Monday,0,0,Sunny,11,0
2024-01-08,Tandoori Roti,Breads,86,61,Monday,0,0,Sunny,11,0
2024-01-08,Gulab Jamun,Desserts,42,38,Monday,0,0,Sunny,11,0
2024-01-08,Ras Malai,Desserts,41,26,Monday,0,0,Sunny,11,0
2024-01-08,Kheer,Desserts,39,28,Monday,0,0,Sunny,11,0
2024-01-08,Kulfi,Desserts,31,20,Monday,0,0,Sunny,11,0
2024-01-09,Paneer Butter Masala,Main Course,55,53,Tuesday,0,0,Cloudy,9,0
2024-01-09,Dal Makhani,Main Course,57,38,Tuesday,0,0,Cloudy,9,0
2024-01-09,Chicken Biryani,Main Course,48,40,Tuesday,0,0,Cloudy,9,0
2024-01-09,Mutton Rogan Josh,Main Course,50,37,Tuesday,0,0,Cloudy,9,0
2024-01-09,Paneer Tikka,Starters,58,48,Tuesday,0,0,Cloudy,9,0
2024-01-09,Chicken Tandoori,Starters,60,45,Tuesday,0,0,Cloudy,9,0
2024-01-09,Veg Spring Rolls,Starters,67,51,Tuesday,0,0,Cloudy,9,0
2024-01-09,Fish Amritsari,Starters,66,50,Tuesday,0,0,Cloudy,9,0
2024-01-09,Butter Naan,Breads,91,86,Tuesday,0,0,Cloudy,9,0
2024-01-09,Garlic Naan,Breads,78,63,Tuesday,0,0,Cloudy,9,0
2024-01-09,Tandoori Roti,Breads,100,68,Tuesday,0,0,Cloudy,9,0
2024-01-09,Gulab Jamun,Desserts,41,32,Tuesday,0,0,Cloudy,9,0
2024-01-09,Ras Malai,Desserts,39,13,Tuesday,0,0,Cloudy,9,0
2024-01-09,Kheer,Desserts,33,23,Tuesday,0,0,Cloudy,9,0
2024-01-09,Kulfi,Desserts,36,22,Tuesday,0,0,Cloudy,9,0
2024-01-10,Paneer Butter Masala,Main Course,50,40,Wednesday,0,0,Sunny,10,0
2024-01-10,Dal Makhani,Main Course,53,38,Wednesday,0,0,Sunny,10,0
2024-01-10,Chicken Biryani,Main Course,47,40,Wednesday,0,0,Sunny,10,0
2024-01-10,Mutton Rogan Josh,Main Course,48,35,Wednesday,0,0,Sunny,10,0
2024-01-10,Paneer Tikka,Starters,66,54,Wednesday,0,0,Sunny,10,0
2024-01-10,Chicken Tandoori,Starters,53,38,Wednesday,0,0,Sunny,10,0
2024-01-10,Veg Spring Rolls,Starters,67,50,Wednesday,0,0,Sunny,10,0
2024-01-10,Fish Amritsari,Starters,59,32,Wednesday,0,0,Sunny,10,0
2024-01-10,Butter Naan,Breads,82,68,Wednesday,0,0,Sunny,10,0
2024-01-10,Garlic Naan,Breads,88,68,Wednesday,0,0,Sunny,10,0
2024-01-10,Tandoori Roti,Breads,89,83,Wednesday,0,0,Sunny,10,0
2024-01-10,Gulab Jamun,Desserts,43,30,Wednesday,0,0,Sunny,10,0
2024-01-10,Ras Malai,Desserts,44,36,Wednesday,0,0,Sunny,10,0
2024-01-10,Kheer,Desserts,33,24,Wednesday,0,0,Sunny,10,0
2024-01-10,Kulfi,Desserts,33,22,Wednesday,0,0,Sunny,10,0
2024-01-11,Paneer Butter Masala,Main Course,51,44,Thursday,0,0,Sunny,11,0
2024-01-11,Dal Makhani,Main Course,52,44,Thursday,0,0,Sunny,11,0
2024-01-11,Chicken Biryani,Main Course,43,38,Thursday,0,0,Sunny,11,0
2024-01-11,Mutton Rogan Josh,Main Course,42,30,Thursday,0,0,Sunny,11,0
2024-01-11,Paneer Tikka,Starters,73,51,Thursday,0,0,Sunny,11,0
2024-01-11,Chicken Tandoori,Starters,62,41,Thursday,0,0,Sunny,11,0
2024-01-11,Veg Spring Rolls,Starters,70,62,Thursday,0,0,Sunny,11,0
2024-01-11,Fish Amritsari,Starters,59,45,Thursday,0,0,Sunny,11,0
2024-01-11,Butter Naan,Breads,93,86,Thursday,0,0,Sunny,11,0
2024-01-11,Garlic Naan,Breads,89,69,Thursday,0,0,Sunny,11,0
2024-01-11,Tandoori Roti,Breads,89,72,Thursday,0,0,Sunny,11,0
2024-01-11,Gulab Jamun,Desserts,46,35,Thursday,0,0,Sunny,11,0
2024-01-11,Ras Malai,Desserts,45,31,Thursday,0,0,Sunny,11,0
2024-01-11,Kheer,Desserts,38,31,Thursday,0,0,Sunny,11,0
2024-01-11,Kulfi,Desserts,37,20,Thursday,0,0,Sunny,11,0
2024-01-12,Paneer Butter Masala,Main Course,54,51,Friday,0,0,Cloudy,9,0
2024-01-12,Dal Makhani,Main Course,60,41,Friday,0,0,Cloudy,9,0
2024-01-12,Chicken Biryani,Main Course,52,48,Friday,0,0,Cloudy,9,0
2024-01-12,Mutton Rogan Josh,Main Course,45,34,Friday,0,0,Cloudy,9,0
2024-01-12,Paneer Tikka,Starters,65,60,Friday,0,0,Cloudy,9,0
2024-01-12,Chicken Tandoori,Starters,59,20,Friday,0,0,Cloudy,9,0
2024-01-12,Veg Spring Rolls,Starters,113,63,Friday,0,0,Cloudy,9,0
2024-01-12,Fish Amritsari,Starters,65,46,Friday,0,0,Cloudy,9,0
2024-01-12,Butter Naan,Breads,88,85,Friday,0,0,Cloudy,9,0
2024-01-12,Garlic Naan,Breads,97,88,Friday,0,0,Cloudy,9,0
2024-01-12,Tandoori Roti,Breads,89,59,Friday,0,0,Cloudy,9,0
2024-01-12,Gulab Jamun,Desserts,40,30,Friday,0,0,Cloudy,9,0
2024-01-12,Ras Malai,Desserts,48,36,Friday,0,0,Cloudy,9,0
2024-01-12,Kheer,Desserts,36,25,Friday,0,0,Cloudy,9,0
2024-01-12,Kulfi,Desserts,32,20,Friday,0,0,Cloudy,9,0
2024-01-13,Paneer Butter Masala,Main Course,78,68,Saturday,1,0,Cloudy,12,0
2024-01-13,Dal Makhani,Main Course,79,65,Saturday,1,0,Cloudy,12,0
2024-01-13,Chicken Biryani,Main Course,64,53,Saturday,1,0,Cloudy,12,0
2024-01-13,Mutton Rogan Josh,Main Course,65,33,Saturday,1,0,Cloudy,12,0
2024-01-13,Paneer Tikka,Starters,92,71,Saturday,1,0,Cloudy,12,0
2024-01-13,Chicken Tandoori,Starters,75,52,Saturday,1,0,Cloudy,12,0
2024-01-13,Veg Spring Rolls,Starters,89,65,Saturday,1,0,Cloudy,12,0
2024-01-13,Fish Amritsari,Starters,78,55,Saturday,1,0,Cloudy,12,0
2024-01-13,Butter Naan,Breads,116,38,Saturday,1,0,Cloudy,12,0
2024-01-13,Garlic Naan,Breads,135,110,Saturday,1,0,Cloudy,12,0
2024-01-13,Tandoori Roti,Breads,144,119,Saturday,1,0,Cloudy,12,0
2024-01-13,Gulab Jamun,Desserts,71,49,Saturday,1,0,Cloudy,12,0
2024-01-13,Ras Malai,Desserts,54,45,Saturday,1,0,Cloudy,12,0
2024-01-13,Kheer,Desserts,46,41,Saturday,1,0,Cloudy,12,0
2024-01-13,Kulfi,Desserts,54,32,Saturday,1,0,Cloudy,12,0
2024-01-14,Paneer Butter Masala,Main Course,68,57,Sunday,1,0,Sunny,13,0
2024-01-14,Dal Makhani,Main Course,71,58,Sunday,1,0,Sunny,13,0
2024-01-14,Chicken Biryani,Main Course,63,56,Sunday,1,0,Sunny,13,0
2024-01-14,Mutton Rogan Josh,Main Course,64,44,Sunday,1,0,Sunny,13,0
2024-01-14,Paneer Tikka,Starters,101,86,Sunday,1,0,Sunny,13,0
2024-01-14,Chicken Tandoori,Starters,83,74,Sunday,1,0,Sunny,13,0
2024-01-14,Veg Spring Rolls,Starters,90,71,Sunday,1,0,Sunny,13,0
2024-01-14,Fish Amritsari,Starters,81,46,Sunday,1,0,Sunny,13,0
2024-01-14,Butter Naan,Breads,129,116,Sunday,1,0,Sunny,13,0
2024-01-14,Garlic Naan,Breads,131,101,Sunday,1,0,Sunny,13,0
2024-01-14,Tandoori Roti,Breads,118,79,Sunday,1,0,Sunny,13,0
2024-01-14,Gulab Jamun,Desserts,69,53,Sunday,1,0,Sunny,13,0
2024-01-14,Ras Malai,Desserts,62,57,Sunday,1,0,Sunny,13,0
2024-01-14,Kheer,Desserts,46,36,Sunday,1,0,Sunny,13,0
2024-01-14,Kulfi,Desserts,45,33,Sunday,1,0,Sunny,13,0
2024-01-15,Paneer Butter Masala,Main Course,45,40,Monday,0,0,Cloudy,9,0
2024-01-15,Dal Makhani,Main Course,53,47,Monday,0,0,Cloudy,9,0
2024-01-15,Chicken Biryani,Main Course,46,39,Monday,0,0,Cloudy,9,0
2024-01-15,Mutton Rogan Josh,Main Course,42,26,Monday,0,0,Cloudy,9,0
2024-01-15,Paneer Tikka,Starters,72,62,Monday,0,0,Cloudy,9,0
2024-01-15,Chicken Tandoori,Starters,61,55,Monday,0,0,Cloudy,9,0
2024-01-15,Veg Spring Rolls,Starters,61,57,Monday,0,0,Cloudy,9,0
2024-01-15,Fish Amritsari,Starters,66,36,Monday,0,0,Cloudy,9,0
2024-01-15,Butter Naan,Breads,79,67,Monday,0,0,Cloudy,9,0
2024-01-15,Garlic Naan,Breads,97,76,Monday,0,0,Cloudy,9,0
2024-01-15,Tandoori Roti,Breads,87,78,Monday,0,0,Cloudy,9,0
2024-01-15,Gulab Jamun,Desserts,42,28,Monday,0,0,Cloudy,9,0
2024-01-15,Ras Malai,Desserts,41,35,Monday,0,0,Cloudy,9,0
2024-01-15,Kheer,Desserts,36,31,Monday,0,0,Cloudy,9,0
2024-01-15,Kulfi,Desserts,38,10,Monday,0,0,Cloudy,9,0
2024-01-16,Paneer Butter Masala,Main Course,54,46,Tuesday,0,0,Sunny,9,0
2024-01-16,Dal Makhani,Main Course,56,46,Tuesday,0,0,Sunny,9,0
2024-01-16,Chicken Biryani,Main Course,52,45,Tuesday,0,0,Sunny,9,0
2024-01-16,Mutton Rogan Josh,Main Course,42,24,Tuesday,0,0,Sunny,9,0
2024-01-16,Paneer Tikka,Starters,58,38,Tuesday,0,0,Sunny,9,0
2024-01-16,Chicken Tandoori,Starters,57,48,Tuesday,0,0,Sunny,9,0
2024-01-16,Veg Spring Rolls,Starters,70,47,Tuesday,0,0,Sunny,9,0
2024-01-16,Fish Amritsari,Starters,70,47,Tuesday,0,0,Sunny,9,0
2024-01-16,Butter Naan,Breads,83,76,Tuesday,0,0,Sunny,9,0
2024-01-16,Garlic Naan,Breads,82,57,Tuesday,0,0,Sunny,9,0
2024-01-16,Tandoori Roti,Breads,98,73,Tuesday,0,0,Sunny,9,0
2024-01-16,Gulab Jamun,Desserts,50,46,Tuesday,0,0,Sunny,9,0
2024-01-16,Ras Malai,Desserts,42,36,Tuesday,0,0,Sunny,9,0
2024-01-16,Kheer,Desserts,39,27,Tuesday,0,0,Sunny,9,0
2024-01-16,Kulfi,Desserts,36,18,Tuesday,0,0,Sunny,9,0
2024-01-17,Paneer Butter Masala,Main Course,66,56,Wednesday,0,0,Sunny,8,1
2024-01-17,Dal Makhani,Main Course,119,46,Wednesday,0,0,Sunny,8,1
2024-01-17,Chicken Biryani,Main Course,53,48,Wednesday,0,0,Sunny,8,1
2024-01-17,Mutton Rogan Josh,Main Course,56,37,Wednesday,0,0,Sunny,8,1
2024-01-17,Paneer Tikka,Starters,82,67,Wednesday,0,0,Sunny,8,1
2024-01-17,Chicken Tandoori,Starters,75,63,Wednesday,0,0,Sunny,8,1
2024-01-17,Veg Spring Rolls,Starters,83,74,Wednesday,0,0,Sunny,8,1
2024-01-17,Fish Amritsari,Starters,78,42,Wednesday,0,0,Sunny,8,1
2024-01-17,Butter Naan,Breads,95,78,Wednesday,0,0,Sunny,8,1
2024-01-17,Garlic Naan,Breads,97,86,Wednesday,0,0,Sunny,8,1
2024-01-17,Tandoori Roti,Breads,97,71,Wednesday,0,0,Sunny,8,1
2024-01-17,Gulab Jamun,Desserts,56,40,Wednesday,0,0,Sunny,8,1
2024-01-17,Ras Malai,Desserts,55,37,Wednesday,0,0,Sunny,8,1
2024-01-17,Kheer,Desserts,48,36,Wednesday,0,0,Sunny,8,1
2024-01-17,Kulfi,Desserts,38,26,Wednesday,0,0,Sunny,8,1
2024-01-18,Paneer Butter Masala,Main Course,48,38,Thursday,0,0,Cloudy,8,0
2024-01-18,Dal Makhani,Main Course,63,55,Thursday,0,0,Cloudy,8,0
2024-01-18,Chicken Biryani,Main Course,43,36,Thursday,0,0,Cloudy,8,0
2024-01-18,Mutton Rogan Josh,Main Course,49,28,Thursday,0,0,Cloudy,8,0
2024-01-18,Paneer Tikka,Starters,65,45,Thursday,0,0,Cloudy,8,0
2024-01-18,Chicken Tandoori,Starters,54,36,Thursday,0,0,Cloudy,8,0
2024-01-18,Veg Spring Rolls,Starters,62,57,Thursday,0,0,Cloudy,8,0
2024-01-18,Fish Amritsari,Starters,70,48,Thursday,0,0,Cloudy,8,0
2024-01-18,Butter Naan,Breads,100,96,Thursday,0,0,Cloudy,8,0
2024-01-18,Garlic Naan,Breads,78,65,Thursday,0,0,Cloudy,8,0
2024-01-18,Tandoori Roti,Breads,91,85,Thursday,0,0,Cloudy,8,0
2024-01-18,Gulab Jamun,Desserts,49,43,Thursday,0,0,Cloudy,8,0
2024-01-18,Ras Malai,Desserts,44,30,Thursday,0,0,Cloudy,8,0
2024-01-18,Kheer,Desserts,37,32,Thursday,0,0,Cloudy,8,0
2024-01-18,Kulfi,Desserts,32,20,Thursday,0,0,Cloudy,8,0
2024-01-19,Paneer Butter Masala,Main Course,54,20,Friday,0,0,Sunny,12,0
2024-01-19,Dal Makhani,Main Course,63,54,Friday,0,0,Sunny,12,0
2024-01-19,Chicken Biryani,Main Course,54,50,Friday,0,0,Sunny,12,0
2024-01-19,Mutton Rogan Josh,Main Course,42,21,Friday,0,0,Sunny,12,0
2024-01-19,Paneer Tikka,Starters,63,55,Friday,0,0,Sunny,12,0
2024-01-19,Chicken Tandoori,Starters,59,53,Friday,0,0,Sunny,12,0
2024-01-19,Veg Spring Rolls,Starters,63,47,Friday,0,0,Sunny,12,0
2024-01-19,Fish Amritsari,Starters,66,33,Friday,0,0,Sunny,12,0
2024-01-19,Butter Naan,Breads,81,73,Friday,0,0,Sunny,12,0
2024-01-19,Garlic Naan,Breads,84,78,Friday,0,0,Sunny,12,0
2024-01-19,Tandoori Roti,Breads,98,81,Friday,0,0,Sunny,12,0
2024-01-19,Gulab Jamun,Desserts,46,38,Friday,0,0,Sunny,12,0
2024-01-19,Ras Malai,Desserts,38,26,Friday,0,0,Sunny,12,0
2024-01-19,Kheer,Desserts,37,31,Friday,0,0,Sunny,12,0
2024-01-19,Kulfi,Desserts,33,23,Friday,0,0,Sunny,12,0
2024-01-20,Paneer Butter Masala,Main Course,88,78,Saturday,1,0,Sunny,14,1
2024-01-20,Dal Makhani,Main Course,92,65,Saturday,1,0,Sunny,14,1
2024-01-20,Chicken Biryani,Main Course,90,87,Saturday,1,0,Sunny,14,1
2024-01-20,Mutton Rogan Josh,Main Course,81,59,Saturday,1,0,Sunny,14,1
2024-01-20,Paneer Tikka,Starters,111,36,Saturday,1,0,Sunny,14,1
2024-01-20,Chicken Tandoori,Starters,108,83,Saturday,1,0,Sunny,14,1
2024-01-20,Veg Spring Rolls,Starters,122,87,Saturday,1,0,Sunny,14,1
2024-01-20,Fish Amritsari,Starters,113,80,Saturday,1,0,Sunny,14,1
2024-01-20,Butter Naan,Breads,140,116,Saturday,1,0,Sunny,14,1
2024-01-20,Garlic Naan,Breads,139,126,Saturday,1,0,Sunny,14,1
2024-01-20,Tandoori Roti,Breads,149,123,Saturday,1,0,Sunny,14,1
2024-01-20,Gulab Jamun,Desserts,86,62,Saturday,1,0,Sunny,14,1
2024-01-20,Ras Malai,Desserts,78,53,Saturday,1,0,Sunny,14,1
2024-01-20,Kheer,Desserts,57,38,Saturday,1,0,Sunny,14,1
2024-01-20,Kulfi,Desserts,57,35,Saturday,1,0,Sunny,14,1
2024-01-21,Paneer Butter Masala,Main Course,71,65,Sunday,1,0,Cloudy,13,0
2024-01-21,Dal Makhani,Main Course,80,64,Sunday,1,0,Cloudy,13,0
2024-01-21,Chicken Biryani,Main Course,62,50,Sunday,1,0,Cloudy,13,0
2024-01-21,Mutton Rogan Josh,Main Course,60,31,Sunday,1,0,Cloudy,13,0
2024-01-21,Paneer Tikka,Starters,90,71,Sunday,1,0,Cloudy,13,0
2024-01-21,Chicken Tandoori,Starters,78,73,Sunday,1,0,Cloudy,13,0
2024-01-21,Veg Spring Rolls,Starters,92,69,Sunday,1,0,Cloudy,13,0
2024-01-21,Fish Amritsari,Starters,81,63,Sunday,1,0,Cloudy,13,0
2024-01-21,Butter Naan,Breads,115,95,Sunday,1,0,Cloudy,13,0
2024-01-21,Garlic Naan,Breads,116,98,Sunday,1,0,Cloudy,13,0
2024-01-21,Tandoori Roti,Breads,113,81,Sunday,1,0,Cloudy,13,0
2024-01-21,Gulab Jamun,Desserts,68,46,Sunday,1,0,Cloudy,13,0
2024-01-21,Ras Malai,Desserts,62,57,Sunday,1,0,Cloudy,13,0
2024-01-21,Kheer,Desserts,52,39,Sunday,1,0,Cloudy,13,0
2024-01-21,Kulfi,Desserts,47,37,Sunday,1,0,Cloudy,13,0
2024-01-22,Paneer Butter Masala,Main Course,49,45,Monday,0,0,Sunny,10,0
2024-01-22,Dal Makhani,Main Course,60,46,Monday,0,0,Sunny,10,0
2024-01-22,Chicken Biryani,Main Course,50,42,Monday,0,0,Sunny,10,0
2024-01-22,Mutton Rogan Josh,Main Course,49,31,Monday,0,0,Sunny,10,0
2024-01-22,Paneer Tikka,Starters,61,40,Monday,0,0,Sunny,10,0
2024-01-22,Chicken Tandoori,Starters,60,47,Monday,0,0,Sunny,10,0
2024-01-22,Veg Spring Rolls,Starters,66,16,Monday,0,0,Sunny,10,0
2024-01-22,Fish Amritsari,Starters,64,41,Monday,0,0,Sunny,10,0
2024-01-22,Butter Naan,Breads,94,84,Monday,0,0,Sunny,10,0
2024-01-22,Garlic Naan,Breads,96,64,Monday,0,0,Sunny,10,0
2024-01-22,Tandoori Roti,Breads,89,63,Monday,0,0,Sunny,10,0
2024-01-22,Gulab Jamun,Desserts,42,35,Monday,0,0,Sunny,10,0
2024-01-22,Ras Malai,Desserts,48,38,Monday,0,0,Sunny,10,0
2024-01-22,Kheer,Desserts,38,29,Monday,0,0,Sunny,10,0
2024-01-22,Kulfi,Desserts,35,26,Monday,0,0,Sunny,10,0
2024-01-23,Paneer Butter Masala,Main Course,47,41,Tuesday,0,0,Sunny,8,0
2024-01-23,Dal Makhani,Main Course,50,41,Tuesday,0,0,Sunny,8,0
2024-01-23,Chicken Biryani,Main Course,53,44,Tuesday,0,0,Sunny,8,0
2024-01-23,Mutton Rogan Josh,Main Course,46,35,Tuesday,0,0,Sunny,8,0
2024-01-23,Paneer Tikka,Starters,70,51,Tuesday,0,0,Sunny,8,0
2024-01-23,Chicken Tandoori,Starters,61,41,Tuesday,0,0,Sunny,8,0
2024-01-23,Veg Spring Rolls,Starters,67,46,Tuesday,0,0,Sunny,8,0
2024-01-23,Fish Amritsari,Starters,59,29,Tuesday,0,0,Sunny,8,0
2024-01-23,Butter Naan,Breads,90,78,Tuesday,0,0,Sunny,8,0
2024-01-23,Garlic Naan,Breads,98,67,Tuesday,0,0,Sunny,8,0
2024-01-23,Tandoori Roti,Breads,90,77,Tuesday,0,0,Sunny,8,0
2024-01-23,Gulab Jamun,Desserts,41,27,Tuesday,0,0,Sunny,8,0
2024-01-23,Ras Malai,Desserts,41,27,Tuesday,0,0,Sunny,8,0
2024-01-23,Kheer,Desserts,33,24,Tuesday,0,0,Sunny,8,0
2024-01-23,Kulfi,Desserts,31,16,Tuesday,0,0,Sunny,8,0
2024-01-24,Paneer Butter Masala,Main Course,47,39,Wednesday,0,0,Cloudy,9,0
2024-01-24,Dal Makhani,Main Course,54,51,Wednesday,0,0,Cloudy,9,0
2024-01-24,Chicken Biryani,Main Course,50,48,Wednesday,0,0,Cloudy,9,0
2024-01-24,Mutton Rogan Josh,Main Course,43,26,Wednesday,0,0,Cloudy,9,0
2024-01-24,Paneer Tikka,Starters,62,58,Wednesday,0,0,Cloudy,9,0
2024-01-24,Chicken Tandoori,Starters,53,23,Wednesday,0,0,Cloudy,9,0
2024-01-24,Veg Spring Rolls,Starters,71,57,Wednesday,0,0,Cloudy,9,0
2024-01-24,Fish Amritsari,Starters,67,50,Wednesday,0,0,Cloudy,9,0
2024-01-24,Butter Naan,Breads,79,66,Wednesday,0,0,Cloudy,9,0
2024-01-24,Garlic Naan,Breads,97,79,Wednesday,0,0,Cloudy,9,0
2024-01-24,Tandoori Roti,Breads,90,74,Wednesday,0,0,Cloudy,9,0
2024-01-24,Gulab Jamun,Desserts,45,42,Wednesday,0,0,Cloudy,9,0
2024-01-24,Ras Malai,Desserts,48,32,Wednesday,0,0,Cloudy,9,0
2024-01-24,Kheer,Desserts,39,35,Wednesday,0,0,Cloudy,9,0
2024-01-24,Kulfi,Desserts,33,20,Wednesday,0,0,Cloudy,9,0
2024-01-25,Paneer Butter Masala,Main Course,56,49,Thursday,0,0,Sunny,11,0
2024-01-25,Dal Makhani,Main Course,51,46,Thursday,0,0,Sunny,11,0
2024-01-25,Chicken Biryani,Main Course,54,49,Thursday,0,0,Sunny,11,0
2024-01-25,Mutton Rogan Josh,Main Course,47,24,Thursday,0,0,Sunny,11,0
2024-01-25,Paneer Tikka,Starters,67,62,Thursday,0,0,Sunny,11,0
2024-01-25,Chicken Tandoori,Starters,63,17,Thursday,0,0,Sunny,11,0
2024-01-25,Veg Spring Rolls,Starters,58,51,Thursday,0,0,Sunny,11,0
2024-01-25,Fish Amritsari,Starters,71,50,Thursday,0,0,Sunny,11,0
2024-01-25,Butter Naan,Breads,81,69,Thursday,0,0,Sunny,11,0
2024-01-25,Garlic Naan,Breads,78,62,Thursday,0,0,Sunny,11,0
2024-01-25,Tandoori Roti,Breads,94,69,Thursday,0,0,Sunny,11,0
2024-01-25,Gulab Jamun,Desserts,45,31,Thursday,0,0,Sunny,11,0
2024-01-25,Ras Malai,Desserts,40,30,Thursday,0,0,Sunny,11,0
2024-01-25,Kheer,Desserts,38,10,Thursday,0,0,Sunny,11,0
2024-01-25,Kulfi,Desserts,37,26,Thursday,0,0,Sunny,11,0
2024-01-26,Paneer Butter Masala,Main Course,69,55,Friday,0,1,Sunny,11,1
2024-01-26,Dal Makhani,Main Course,84,61,Friday,0,1,Sunny,11,1
2024-01-26,Chicken Biryani,Main Course,72,68,Friday,0,1,Sunny,11,1
2024-01-26,Mutton Rogan Josh,Main Course,74,39,Friday,0,1,Sunny,11,1
2024-01-26,Paneer Tikka,Starters,91,66,Friday,0,1,Sunny,11,1
2024-01-26,Chicken Tandoori,Starters,97,77,Friday,0,1,Sunny,11,1
2024-01-26,Veg Spring Rolls,Starters,98,76,Friday,0,1,Sunny,11,1
2024-01-26,Fish Amritsari,Starters,100,51,Friday,0,1,Sunny,11,1
2024-01-26,Butter Naan,Breads,124,110,Friday,0,1,Sunny,11,1
2024-01-26,Garlic Naan,Breads,157,146,Friday,0,1,Sunny,11,1
2024-01-26,Tandoori Roti,Breads,132,118,Friday,0,1,Sunny,11,1
2024-01-26,Gulab Jamun,Desserts,61,56,Friday,0,1,Sunny,11,1
2024-01-26,Ras Malai,Desserts,72,47,Friday,0,1,Sunny,11,1
2024-01-26,Kheer,Desserts,53,42,Friday,0,1,Sunny,11,1
2024-01-26,Kulfi,Desserts,47,30,Friday,0,1,Sunny,11,1
2024-01-27,Paneer Butter Masala,Main Course,77,62,Saturday,1,0,Cloudy,13,1
2024-01-27,Dal Makhani,Main Course,92,64,Saturday,1,0,Cloudy,13,1
2024-01-27,Chicken Biryani,Main Course,86,68,Saturday,1,0,Cloudy,13,1
2024-01-27,Mutton Rogan Josh,Main Course,75,43,Saturday,1,0,Cloudy,13,1
2024-01-27,Paneer Tikka,Starters,103,97,Saturday,1,0,Cloudy,13,1
2024-01-27,Chicken Tandoori,Starters,91,60,Saturday,1,0,Cloudy,13,1
2024-01-27,Veg Spring Rolls,Starters,104,84,Saturday,1,0,Cloudy,13,1
2024-01-27,Fish Amritsari,Starters,111,87,Saturday,1,0,Cloudy,13,1
2024-01-27,Butter Naan,Breads,144,134,Saturday,1,0,Cloudy,13,1
2024-01-27,Garlic Naan,Breads,134,93,Saturday,1,0,Cloudy,13,1
2024-01-27,Tandoori Roti,Breads,168,131,Saturday,1,0,Cloudy,13,1
2024-01-27,Gulab Jamun,Desserts,83,72,Saturday,1,0,Cloudy,13,1
2024-01-27,Ras Malai,Desserts,67,61,Saturday,1,0,Cloudy,13,1
2024-01-27,Kheer,Desserts,65,58,Saturday,1,0,Cloudy,13,1
2024-01-27,Kulfi,Desserts,57,37,Saturday,1,0,Cloudy,13,1
2024-01-28,Paneer Butter Masala,Main Course,69,61,Sunday,1,0,Rainy,11,0
2024-01-28,Dal Makhani,Main Course,70,59,Sunday,1,0,Rainy,11,0
2024-01-28,Chicken Biryani,Main Course,58,46,Sunday,1,0,Rainy,11,0
2024-01-28,Mutton Rogan Josh,Main Course,55,33,Sunday,1,0,Rainy,11,0
2024-01-28,Paneer Tikka,Starters,85,73,Sunday,1,0,Rainy,11,0
2024-01-28,Chicken Tandoori,Starters,79,52,Sunday,1,0,Rainy,11,0
2024-01-28,Veg Spring Rolls,Starters,87,57,Sunday,1,0,Rainy,11,0
2024-01-28,Fish Amritsari,Starters,74,53,Sunday,1,0,Rainy,11,0
2024-01-28,Butter Naan,Breads,124,107,Sunday,1,0,Rainy,11,0
2024-01-28,Garlic Naan,Breads,106,80,Sunday,1,0,Rainy,11,0
2024-01-28,Tandoori Roti,Breads,126,109,Sunday,1,0,Rainy,11,0
2024-01-28,Gulab Jamun,Desserts,61,48,Sunday,1,0,Rainy,11,0
2024-01-28,Ras Malai,Desserts,62,54,Sunday,1,0,Rainy,11,0
2024-01-28,Kheer,Desserts,43,35,Sunday,1,0,Rainy,11,0
2024-01-28,Kulfi,Desserts,47,31,Sunday,1,0,Rainy,11,0
2024-01-29,Paneer Butter Masala,Main Course,49,46,Monday,0,0,Cloudy,10,0
2024-01-29,Dal Makhani,Main Course,56,44,Monday,0,0,Cloudy,10,0
2024-01-29,Chicken Biryani,Main Course,52,45,Monday,0,0,Cloudy,10,0
2024-01-29,Mutton Rogan Josh,Main Course,43,23,Monday,0,0,Cloudy,10,0
2024-01-29,Paneer Tikka,Starters,73,48,Monday,0,0,Cloudy,10,0
2024-01-29,Chicken Tandoori,Starters,55,39,Monday,0,0,Cloudy,10,0
2024-01-29,Veg Spring Rolls,Starters,62,54,Monday,0,0,Cloudy,10,0
2024-01-29,Fish Amritsari,Starters,56,28,Monday,0,0,Cloudy,10,0
2024-01-29,Butter Naan,Breads,81,70,Monday,0,0,Cloudy,10,0
2024-01-29,Garlic Naan,Breads,78,66,Monday,0,0,Cloudy,10,0
2024-01-29,Tandoori Roti,Breads,101,67,Monday,0,0,Cloudy,10,0
2024-01-29,Gulab Jamun,Desserts,48,45,Monday,0,0,Cloudy,10,0
2024-01-29,Ras Malai,Desserts,40,32,Monday,0,0,Cloudy,10,0
2024-01-29,Kheer,Desserts,37,27,Monday,0,0,Cloudy,10,0
2024-01-29,Kulfi,Desserts,32,24,Monday,0,0,Cloudy,10,0
2024-01-30,Paneer Butter Masala,Main Course,51,45,Tuesday,0,0,Sunny,9,0
2024-01-30,Dal Makhani,Main Course,61,47,Tuesday,0,0,Sunny,9,0
2024-01-30,Chicken Biryani,Main Course,46,43,Tuesday,0,0,Sunny,9,0
2024-01-30,Mutton Rogan Josh,Main Course,44,23,Tuesday,0,0,Sunny,9,0
2024-01-30,Paneer Tikka,Starters,70,55,Tuesday,0,0,Sunny,9,0
2024-01-30,Chicken Tandoori,Starters,59,51,Tuesday,0,0,Sunny,9,0
2024-01-30,Veg Spring Rolls,Starters,59,50,Tuesday,0,0,Sunny,9,0
2024-01-30,Fish Amritsari,Starters,70,50,Tuesday,0,0,Sunny,9,0
2024-01-30,Butter Naan,Breads,80,68,Tuesday,0,0,Sunny,9,0
2024-01-30,Garlic Naan,Breads,85,66,Tuesday,0,0,Sunny,9,0
2024-01-30,Tandoori Roti,Breads,90,63,Tuesday,0,0,Sunny,9,0
2024-01-30,Gulab Jamun,Desserts,44,38,Tuesday,0,0,Sunny,9,0
2024-01-30,Ras Malai,Desserts,45,31,Tuesday,0,0,Sunny,9,0
2024-01-30,Kheer,Desserts,36,29,Tuesday,0,0,Sunny,9,0
2024-01-30,Kulfi,Desserts,34,18,Tuesday,0,0,Sunny,9,0
2024-01-31,Paneer Butter Masala,Main Course,54,50,Wednesday,0,0,Sunny,12,0
2024-01-31,Dal Makhani,Main Course,51,44,Wednesday,0,0,Sunny,12,0
2024-01-31,Chicken Biryani,Main Course,49,45,Wednesday,0,0,Sunny,12,0
2024-01-31,Mutton Rogan Josh,Main Course,52,28,Wednesday,0,0,Sunny,12,0
2024-01-31,Paneer Tikka,Starters,58,52,Wednesday,0,0,Sunny,12,0
2024-01-31,Chicken Tandoori,Starters,65,48,Wednesday,0,0,Sunny,12,0
2024-01-31,Veg Spring Rolls,Starters,59,51,Wednesday,0,0,Sunny,12,0
2024-01-31,Fish Amritsari,Starters,66,38,Wednesday,0,0,Sunny,12,0
2024-01-31,Butter Naan,Breads,90,73,Wednesday,0,0,Sunny,12,0
2024-01-31,Garlic Naan,Breads,86,79,Wednesday,0,0,Sunny,12,0
2024-01-31,Tandoori Roti,Breads,94,73,Wednesday,0,0,Sunny,12,0
2024-01-31,Gulab Jamun,Desserts,49,44,Wednesday,0,0,Sunny,12,0
2024-01-31,Ras Malai,Desserts,46,31,Wednesday,0,0,Sunny,12,0
2024-01-31,Kheer,Desserts,38,26,Wednesday,0,0,Sunny,12,0
2024-01-31,Kulfi,Desserts,31,18,Wednesday,0,0,Sunny,12,0
2024-02-01,Paneer Butter Masala,Main Course,50,48,Thursday,0,0,Sunny,12,1
2024-02-01,Dal Makhani,Main Course,63,53,Thursday,0,0,Sunny,12,1
2024-02-01,Chicken Biryani,Main Course,53,43,Thursday,0,0,Sunny,12,1
2024-02-01,Mutton Rogan Josh,Main Course,53,32,Thursday,0,0,Sunny,12,1
2024-02-01,Paneer Tikka,Starters,67,44,Thursday,0,0,Sunny,12,1
2024-02-01,Chicken Tandoori,Starters,58,52,Thursday,0,0,Sunny,12,1
2024-02-01,Veg Spring Rolls,Starters,132,65,Thursday,0,0,Sunny,12,1
2024-02-01,Fish Amritsari,Starters,68,46,Thursday,0,0,Sunny,12,1
2024-02-01,Butter Naan,Breads,84,71,Thursday,0,0,Sunny,12,1
2024-02-01,Garlic Naan,Breads,87,78,Thursday,0,0,Sunny,12,1
2024-02-01,Tandoori Roti,Breads,101,83,Thursday,0,0,Sunny,12,1
2024-02-01,Gulab Jamun,Desserts,52,38,Thursday,0,0,Sunny,12,1
2024-02-01,Ras Malai,Desserts,46,37,Thursday,0,0,Sunny,12,1
2024-02-01,Kheer,Desserts,37,27,Thursday,0,0,Sunny,12,1
2024-02-01,Kulfi,Desserts,38,21,Thursday,0,0,Sunny,12,1
2024-02-02,Paneer Butter Masala,Main Course,47,42,Friday,0,0,Cloudy,8,0
2024-02-02,Dal Makhani,Main Course,47,36,Friday,0,0,Cloudy,8,0
2024-02-02,Chicken Biryani,Main Course,47,42,Friday,0,0,Cloudy,8,0
2024-02-02,Mutton Rogan Josh,Main Course,43,28,Friday,0,0,Cloudy,8,0
2024-02-02,Paneer Tikka,Starters,57,48,Friday,0,0,Cloudy,8,0
2024-02-02,Chicken Tandoori,Starters,54,43,Friday,0,0,Cloudy,8,0
2024-02-02,Veg Spring Rolls,Starters,53,40,Friday,0,0,Cloudy,8,0
2024-02-02,Fish Amritsari,Starters,50,39,Friday,0,0,Cloudy,8,0
2024-02-02,Butter Naan,Breads,72,61,Friday,0,0,Cloudy,8,0
2024-02-02,Garlic Naan,Breads,67,43,Friday,0,0,Cloudy,8,0
2024-02-02,Tandoori Roti,Breads,72,54,Friday,0,0,Cloudy,8,0
2024-02-02,Gulab Jamun,Desserts,40,29,Friday,0,0,Cloudy,8,0
2024-02-02,Ras Malai,Desserts,34,28,Friday,0,0,Cloudy,8,0
2024-02-02,Kheer,Desserts,31,28,Friday,0,0,Cloudy,8,0
2024-02-02,Kulfi,Desserts,34,19,Friday,0,0,Cloudy,8,0
2024-02-03,Paneer Butter Masala,Main Course,58,56,Saturday,1,0,Cloudy,14,0
2024-02-03,Dal Makhani,Main Course,60,51,Saturday,1,0,Cloudy,14,0
2024-02-03,Chicken Biryani,Main Course,65,59,Saturday,1,0,Cloudy,14,0
2024-02-03,Mutton Rogan Josh,Main Course,51,33,Saturday,1,0,Cloudy,14,0
2024-02-03,Paneer Tikka,Starters,76,66,Saturday,1,0,Cloudy,14,0
2024-02-03,Chicken Tandoori,Starters,74,67,Saturday,1,0,Cloudy,14,0
2024-02-03,Veg Spring Rolls,Starters,73,49,Saturday,1,0,Cloudy,14,0
2024-02-03,Fish Amritsari,Starters,80,52,Saturday,1,0,Cloudy,14,0
2024-02-03,Butter Naan,Breads,117,104,Saturday,1,0,Cloudy,14,0
2024-02-03,Garlic Naan,Breads,104,95,Saturday,1,0,Cloudy,14,0
2024-02-03,Tandoori Roti,Breads,111,99,Saturday,1,0,Cloudy,14,0
2024-02-03,Gulab Jamun,Desserts,60,46,Saturday,1,0,Cloudy,14,0
2024-02-03,Ras Malai,Desserts,57,47,Saturday,1,0,Cloudy,14,0
2024-02-03,Kheer,Desserts,43,35,Saturday,1,0,Cloudy,14,0
2024-02-03,Kulfi,Desserts,47,12,Saturday,1,0,Cloudy,14,0
2024-02-04,Paneer Butter Masala,Main Course,81,25,Sunday,1,0,Sunny,16,1
2024-02-04,Dal Makhani,Main Course,80,71,Sunday,1,0,Sunny,16,1
2024-02-04,Chicken Biryani,Main Course,78,74,Sunday,1,0,Sunny,16,1
2024-02-04,Mutton Rogan Josh,Main Course,62,49,Sunday,1,0,Sunny,16,1
2024-02-04,Paneer Tikka,Starters,97,67,Sunday,1,0,Sunny,16,1
2024-02-04,Chicken Tandoori,Starters,95,73,Sunday,1,0,Sunny,16,1
2024-02-04,Veg Spring Rolls,Starters,88,70,Sunday,1,0,Sunny,16,1
2024-02-04,Fish Amritsari,Starters,90,57,Sunday,1,0,Sunny,16,1
2024-02-04,Butter Naan,Breads,132,120,Sunday,1,0,Sunny,16,1
2024-02-04,Garlic Naan,Breads,143,126,Sunday,1,0,Sunny,16,1
2024-02-04,Tandoori Roti,Breads,135,94,Sunday,1,0,Sunny,16,1
2024-02-04,Gulab Jamun,Desserts,64,57,Sunday,1,0,Sunny,16,1
2024-02-04,Ras Malai,Desserts,63,53,Sunday,1,0,Sunny,16,1
2024-02-04,Kheer,Desserts,53,37,Sunday,1,0,Sunny,16,1
2024-02-04,Kulfi,Desserts,47,26,Sunday,1,0,Sunny,16,1
2024-02-05,Paneer Butter Masala,Main Course,43,35,Monday,0,0,Sunny,8,0
2024-02-05,Dal Makhani,Main Course,54,37,Monday,0,0,Sunny,8,0
2024-02-05,Chicken Biryani,Main Course,41,33,Monday,0,0,Sunny,8,0
2024-02-05,Mutton Rogan Josh,Main Course,36,23,Monday,0,0,Sunny,8,0
2024-02-05,Paneer Tikka,Starters,63,50,Monday,0,0,Sunny,8,0
2024-02-05,Chicken Tandoori,Starters,51,37,Monday,0,0,Sunny,8,0
2024-02-05,Veg Spring Rolls,Starters,58,45,Monday,0,0,Sunny,8,0
2024-02-05,Fish Amritsari,Starters,53,40,Monday,0,0,Sunny,8,0
2024-02-05,Butter Naan,Breads,79,74,Monday,0,0,Sunny,8,0
2024-02-05,Garlic Naan,Breads,68,44,Monday,0,0,Sunny,8,0
2024-02-05,Tandoori Roti,Breads,74,55,Monday,0,0,Sunny,8,0
2024-02-05,Gulab Jamun,Desserts,44,31,Monday,0,0,Sunny,8,0
2024-02-05,Ras Malai,Desserts,41,27,Monday,0,0,Sunny,8,0
2024-02-05,Kheer,Desserts,32,26,Monday,0,0,Sunny,8,0
2024-02-05,Kulfi,Desserts,32,23,Monday,0,0,Sunny,8,0
2024-02-06,Paneer Butter Masala,Main Course,40,33,Tuesday,0,0,Stormy,10,0
2024-02-06,Dal Makhani,Main Course,43,37,Tuesday,0,0,Stormy,10,0
2024-02-06,Chicken Biryani,Main Course,32,26,Tuesday,0,0,Stormy,10,0
2024-02-06,Mutton Rogan Josh,Main Course,31,16,Tuesday,0,0,Stormy,10,0
2024-02-06,Paneer Tikka,Starters,43,40,Tuesday,0,0,Stormy,10,0
2024-02-06,Chicken Tandoori,Starters,39,31,Tuesday,0,0,Stormy,10,0
2024-02-06,Veg Spring Rolls,Starters,43,28,Tuesday,0,0,Stormy,10,0
2024-02-06,Fish Amritsari,Starters,43,31,Tuesday,0,0,Stormy,10,0
2024-02-06,Butter Naan,Breads,72,63,Tuesday,0,0,Stormy,10,0
2024-02-06,Garlic Naan,Breads,72,59,Tuesday,0,0,Stormy,10,0
2024-02-06,Tandoori Roti,Breads,61,55,Tuesday,0,0,Stormy,10,0
2024-02-06,Gulab Jamun,Desserts,34,28,Tuesday,0,0,Stormy,10,0
2024-02-06,Ras Malai,Desserts,30,25,Tuesday,0,0,Stormy,10,0
2024-02-06,Kheer,Desserts,27,21,Tuesday,0,0,Stormy,10,0
2024-02-06,Kulfi,Desserts,24,14,Tuesday,0,0,Stormy,10,0
2024-02-07,Paneer Butter Masala,Main Course,39,36,Wednesday,0,0,Sunny,11,0
2024-02-07,Dal Makhani,Main Course,53,43,Wednesday,0,0,Sunny,11,0
2024-02-07,Chicken Biryani,Main Course,47,45,Wednesday,0,0,Sunny,11,0
2024-02-07,Mutton Rogan Josh,Main Course,41,27,Wednesday,0,0,Sunny,11,0
2024-02-07,Paneer Tikka,Starters,56,42,Wednesday,0,0,Sunny,11,0
2024-02-07,Chicken Tandoori,Starters,46,30,Wednesday,0,0,Sunny,11,0
2024-02-07,Veg Spring Rolls,Starters,62,52,Wednesday,0,0,Sunny,11,0
2024-02-07,Fish Amritsari,Starters,60,35,Wednesday,0,0,Sunny,11,0
2024-02-07,Butter Naan,Breads,86,76,Wednesday,0,0,Sunny,11,0
2024-02-07,Garlic Naan,Breads,69,55,Wednesday,0,0,Sunny,11,0
2024-02-07,Tandoori Roti,Breads,79,53,Wednesday,0,0,Sunny,11,0
2024-02-07,Gulab Jamun,Desserts,35,31,Wednesday,0,0,Sunny,11,0
2024-02-07,Ras Malai,Desserts,37,32,Wednesday,0,0,Sunny,11,0
2024-02-07,Kheer,Desserts,33,27,Wednesday,0,0,Sunny,11,0
2024-02-07,Kulfi,Desserts,27,21,Wednesday,0,0,Sunny,11,0
2024-02-08,Paneer Butter Masala,Main Course,39,37,Thursday,0,0,Stormy,11,0
2024-02-08,Dal Makhani,Main Course,37,25,Thursday,0,0,Stormy,11,0
2024-02-08,Chicken Biryani,Main Course,39,33,Thursday,0,0,Stormy,11,0
2024-02-08,Mutton Rogan Josh,Main Course,31,20,Thursday,0,0,Stormy,11,0
2024-02-08,Paneer Tikka,Starters,49,31,Thursday,0,0,Stormy,11,0
2024-02-08,Chicken Tandoori,Starters,43,36,Thursday,0,0,Stormy,11,0
2024-02-08,Veg Spring Rolls,Starters,52,41,Thursday,0,0,Stormy,11,0
2024-02-08,Fish Amritsari,Starters,41,30,Thursday,0,0,Stormy,11,0
2024-02-08,Butter Naan,Breads,58,54,Thursday,0,0,Stormy,11,0
2024-02-08,Garlic Naan,Breads,63,40,Thursday,0,0,Stormy,11,0
2024-02-08,Tandoori Roti,Breads,143,67,Thursday,0,0,Stormy,11,0
2024-02-08,Gulab Jamun,Desserts,32,22,Thursday,0,0,Stormy,11,0
2024-02-08,Ras Malai,Desserts,33,30,Thursday,0,0,Stormy,11,0
2024-02-08,Kheer,Desserts,24,20,Thursday,0,0,Stormy,11,0
2024-02-08,Kulfi,Desserts,24,16,Thursday,0,0,Stormy,11,0
2024-02-09,Paneer Butter Masala,Main Course,40,36,Friday,0,0,Cloudy,8,0
2024-02-09,Dal Makhani,Main Course,44,39,Friday,0,0,Cloudy,8,0
2024-02-09,Chicken Biryani,Main Course,44,37,Friday,0,0,Cloudy,8,0
2024-02-09,Mutton Rogan Josh,Main Course,40,28,Friday,0,0,Cloudy,8,0
2024-02-09,Paneer Tikka,Starters,50,41,Friday,0,0,Cloudy,8,0
2024-02-09,Chicken Tandoori,Starters,56,45,Friday,0,0,Cloudy,8,0
2024-02-09,Veg Spring Rolls,Starters,59,39,Friday,0,0,Cloudy,8,0
2024-02-09,Fish Amritsari,Starters,54,34,Friday,0,0,Cloudy,8,0
2024-02-09,Butter Naan,Breads,76,61,Friday,0,0,Cloudy,8,0
2024-02-09,Garlic Naan,Breads,82,74,Friday,0,0,Cloudy,8,0
2024-02-09,Tandoori Roti,Breads,74,69,Friday,0,0,Cloudy,8,0
2024-02-09,Gulab Jamun,Desserts,44,36,Friday,0,0,Cloudy,8,0
2024-02-09,Ras Malai,Desserts,38,25,Friday,0,0,Cloudy,8,0
2024-02-09,Kheer,Desserts,29,25,Friday,0,0,Cloudy,8,0
2024-02-09,Kulfi,Desserts,34,26,Friday,0,0,Cloudy,8,0
2024-02-10,Paneer Butter Masala,Main Course,73,71,Saturday,1,0,Cloudy,15,1
2024-02-10,Dal Makhani,Main Course,84,75,Saturday,1,0,Cloudy,15,1
2024-02-10,Chicken Biryani,Main Course,73,59,Saturday,1,0,Cloudy,15,1
2024-02-10,Mutton Rogan Josh,Main Course,69,39,Saturday,1,0,Cloudy,15,1
2024-02-10,Paneer Tikka,Starters,105,68,Saturday,1,0,Cloudy,15,1
2024-02-10,Chicken Tandoori,Starters,96,89,Saturday,1,0,Cloudy,15,1
2024-02-10,Veg Spring Rolls,Starters,95,79,Saturday,1,0,Cloudy,15,1
2024-02-10,Fish Amritsari,Starters,82,47,Saturday,1,0,Cloudy,15,1
2024-02-10,Butter Naan,Breads,127,111,Saturday,1,0,Cloudy,15,1
2024-02-10,Garlic Naan,Breads,227,132,Saturday,1,0,Cloudy,15,1
2024-02-10,Tandoori Roti,Breads,119,83,Saturday,1,0,Cloudy,15,1
2024-02-10,Gulab Jamun,Desserts,74,61,Saturday,1,0,Cloudy,15,1
2024-02-10,Ras Malai,Desserts,63,55,Saturday,1,0,Cloudy,15,1
2024-02-10,Kheer,Desserts,58,54,Saturday,1,0,Cloudy,15,1
2024-02-10,Kulfi,Desserts,55,35,Saturday,1,0,Cloudy,15,1
2024-02-11,Paneer Butter Masala,Main Course,76,64,Sunday,1,0,Sunny,14,1
2024-02-11,Dal Makhani,Main Course,74,66,Sunday,1,0,Sunny,14,1
2024-02-11,Chicken Biryani,Main Course,77,73,Sunday,1,0,Sunny,14,1
2024-02-11,Mutton Rogan Josh,Main Course,61,47,Sunday,1,0,Sunny,14,1
2024-02-11,Paneer Tikka,Starters,97,80,Sunday,1,0,Sunny,14,1
2024-02-11,Chicken Tandoori,Starters,90,63,Sunday,1,0,Sunny,14,1
2024-02-11,Veg Spring Rolls,Starters,94,85,Sunday,1,0,Sunny,14,1
2024-02-11,Fish Amritsari,Starters,88,60,Sunday,1,0,Sunny,14,1
2024-02-11,Butter Naan,Breads,134,126,Sunday,1,0,Sunny,14,1
2024-02-11,Garlic Naan,Breads,117,87,Sunday,1,0,Sunny,14,1
2024-02-11,Tandoori Roti,Breads,125,109,Sunday,1,0,Sunny,14,1
2024-02-11,Gulab Jamun,Desserts,65,50,Sunday,1,0,Sunny,14,1
2024-02-11,Ras Malai,Desserts,60,48,Sunday,1,0,Sunny,14,1
2024-02-11,Kheer,Desserts,53,40,Sunday,1,0,Sunny,14,1
2024-02-11,Kulfi,Desserts,46,33,Sunday,1,0,Sunny,14,1
2024-02-12,Paneer Butter Masala,Main Course,39,37,Monday,0,0,Stormy,9,0
2024-02-12,Dal Makhani,Main Course,45,32,Monday,0,0,Stormy,9,0
2024-02-12,Chicken Biryani,Main Course,35,34,Monday,0,0,Stormy,9,0
2024-02-12,Mutton Rogan Josh,Main Course,36,28,Monday,0,0,Stormy,9,0
2024-02-12,Paneer Tikka,Starters,44,38,Monday,0,0,Stormy,9,0
2024-02-12,Chicken Tandoori,Starters,38,14,Monday,0,0,Stormy,9,0
2024-02-12,Veg Spring Rolls,Starters,44,35,Monday,0,0,Stormy,9,0
2024-02-12,Fish Amritsari,Starters,47,29,Monday,0,0,Stormy,9,0
2024-02-12,Butter Naan,Breads,60,55,Monday,0,0,Stormy,9,0
2024-02-12,Garlic Naan,Breads,71,63,Monday,0,0,Stormy,9,0
2024-02-12,Tandoori Roti,Breads,64,57,Monday,0,0,Stormy,9,0
2024-02-12,Gulab Jamun,Desserts,32,29,Monday,0,0,Stormy,9,0
2024-02-12,Ras Malai,Desserts,33,23,Monday,0,0,Stormy,9,0
2024-02-12,Kheer,Desserts,23,17,Monday,0,0,Stormy,9,0
2024-02-12,Kulfi,Desserts,28,21,Monday,0,0,Stormy,9,0
2024-02-13,Paneer Butter Masala,Main Course,46,37,Tuesday,0,0,Sunny,9,0
2024-02-13,Dal Makhani,Main Course,50,42,Tuesday,0,0,Sunny,9,0
2024-02-13,Chicken Biryani,Main Course,42,34,Tuesday,0,0,Sunny,9,0
2024-02-13,Mutton Rogan Josh,Main Course,40,20,Tuesday,0,0,Sunny,9,0
2024-02-13,Paneer Tikka,Starters,63,43,Tuesday,0,0,Sunny,9,0
2024-02-13,Chicken Tandoori,Starters,53,41,Tuesday,0,0,Sunny,9,0
2024-02-13,Veg Spring Rolls,Starters,54,38,Tuesday,0,0,Sunny,9,0
2024-02-13,Fish Amritsari,Starters,52,41,Tuesday,0,0,Sunny,9,0
2024-02-13,Butter Naan,Breads,69,58,Tuesday,0,0,Sunny,9,0
2024-02-13,Garlic Naan,Breads,79,66,Tuesday,0,0,Sunny,9,0
2024-02-13,Tandoori Roti,Breads,89,64,Tuesday,0,0,Sunny,9,0
2024-02-13,Gulab Jamun,Desserts,41,30,Tuesday,0,0,Sunny,9,0
2024-02-13,Ras Malai,Desserts,41,38,Tuesday,0,0,Sunny,9,0
2024-02-13,Kheer,Desserts,35,30,Tuesday,0,0,Sunny,9,0
2024-02-13,Kulfi,Desserts,31,21,Tuesday,0,0,Sunny,9,0
2024-02-14,Paneer Butter Masala,Main Course,48,44,Wednesday,0,0,Cloudy,8,0
2024-02-14,Dal Makhani,Main Course,45,38,Wednesday,0,0,Cloudy,8,0
2024-02-14,Chicken Biryani,Main Course,41,33,Wednesday,0,0,Cloudy,8,0
2024-02-14,Mutton Rogan Josh,Main Course,44,27,Wednesday,0,0,Cloudy,8,0
2024-02-14,Paneer Tikka,Starters,58,49,Wednesday,0,0,Cloudy,8,0
2024-02-14,Chicken Tandoori,Starters,53,47,Wednesday,0,0,Cloudy,8,0
2024-02-14,Veg Spring Rolls,Starters,81,37,Wednesday,0,0,Cloudy,8,0
2024-02-14,Fish Amritsari,Starters,54,36,Wednesday,0,0,Cloudy,8,0
2024-02-14,Butter Naan,Breads,86,81,Wednesday,0,0,Cloudy,8,0
2024-02-14,Garlic Naan,Breads,77,54,Wednesday,0,0,Cloudy,8,0
2024-02-14,Tandoori Roti,Breads,84,67,Wednesday,0,0,Cloudy,8,0
2024-02-14,Gulab Jamun,Desserts,44,36,Wednesday,0,0,Cloudy,8,0
2024-02-14,Ras Malai,Desserts,36,33,Wednesday,0,0,Cloudy,8,0
2024-02-14,Kheer,Desserts,31,26,Wednesday,0,0,Cloudy,8,0
2024-02-14,Kulfi,Desserts,30,20,Wednesday,0,0,Cloudy,8,0
2024-02-15,Paneer Butter Masala,Main Course,37,32,Thursday,0,0,Rainy,10,0
2024-02-15,Dal Makhani,Main Course,42,30,Thursday,0,0,Rainy,10,0
2024-02-15,Chicken Biryani,Main Course,38,31,Thursday,0,0,Rainy,10,0
2024-02-15,Mutton Rogan Josh,Main Course,41,29,Thursday,0,0,Rainy,10,0
2024-02-15,Paneer Tikka,Starters,56,36,Thursday,0,0,Rainy,10,0
2024-02-15,Chicken Tandoori,Starters,47,34,Thursday,0,0,Rainy,10,0
2024-02-15,Veg Spring Rolls,Starters,57,51,Thursday,0,0,Rainy,10,0
2024-02-15,Fish Amritsari,Starters,54,33,Thursday,0,0,Rainy,10,0
2024-02-15,Butter Naan,Breads,68,55,Thursday,0,0,Rainy,10,0
2024-02-15,Garlic Naan,Breads,71,63,Thursday,0,0,Rainy,10,0
2024-02-15,Tandoori Roti,Breads,113,55,Thursday,0,0,Rainy,10,0
2024-02-15,Gulab Jamun,Desserts,33,28,Thursday,0,0,Rainy,10,0
2024-02-15,Ras Malai,Desserts,32,20,Thursday,0,0,Rainy,10,0
2024-02-15,Kheer,Desserts,29,20,Thursday,0,0,Rainy,10,0
2024-02-15,Kulfi,Desserts,25,14,Thursday,0,0,Rainy,10,0
2024-02-16,Paneer Butter Masala,Main Course,42,35,Friday,0,0,Sunny,8,0
2024-02-16,Dal Makhani,Main Course,52,42,Friday,0,0,Sunny,8,0
2024-02-16,Chicken Biryani,Main Course,45,41,Friday,0,0,Sunny,8,0
2024-02-16,Mutton Rogan Josh,Main Course,38,25,Friday,0,0,Sunny,8,0
2024-02-16,Paneer Tikka,Starters,63,54,Friday,0,0,Sunny,8,0
2024-02-16,Chicken Tandoori,Starters,50,47,Friday,0,0,Sunny,8,0
2024-02-16,Veg Spring Rolls,Starters,61,52,Friday,0,0,Sunny,8,0
2024-02-16,Fish Amritsari,Starters,59,44,Friday,0,0,Sunny,8,0
2024-02-16,Butter Naan,Breads,85,78,Friday,0,0,Sunny,8,0
2024-02-16,Garlic Naan,Breads,80,70,Friday,0,0,Sunny,8,0
2024-02-16,Tandoori Roti,Breads,74,50,Friday,0,0,Sunny,8,0
2024-02-16,Gulab Jamun,Desserts,40,35,Friday,0,0,Sunny,8,0
2024-02-16,Ras Malai,Desserts,33,25,Friday,0,0,Sunny,8,0
2024-02-16,Kheer,Desserts,30,21,Friday,0,0,Sunny,8,0
2024-02-16,Kulfi,Desserts,28,21,Friday,0,0,Sunny,8,0
2024-02-17,Paneer Butter Masala,Main Course,68,59,Saturday,1,0,Cloudy,14,0
2024-02-17,Dal Makhani,Main Course,70,60,Saturday,1,0,Cloudy,14,0
2024-02-17,Chicken Biryani,Main Course,53,51,Saturday,1,0,Cloudy,14,0
2024-02-17,Mutton Rogan Josh,Main Course,62,42,Saturday,1,0,Cloudy,14,0
2024-02-17,Paneer Tikka,Starters,71,58,Saturday,1,0,Cloudy,14,0
2024-02-17,Chicken Tandoori,Starters,72,54,Saturday,1,0,Cloudy,14,0
2024-02-17,Veg Spring Rolls,Starters,70,49,Saturday,1,0,Cloudy,14,0
2024-02-17,Fish Amritsari,Starters,80,49,Saturday,1,0,Cloudy,14,0
2024-02-17,Butter Naan,Breads,111,104,Saturday,1,0,Cloudy,14,0
2024-02-17,Garlic Naan,Breads,114,84,Saturday,1,0,Cloudy,14,0
2024-02-17,Tandoori Roti,Breads,108,89,Saturday,1,0,Cloudy,14,0
2024-02-17,Gulab Jamun,Desserts,60,54,Saturday,1,0,Cloudy,14,0
2024-02-17,Ras Malai,Desserts,53,43,Saturday,1,0,Cloudy,14,0
2024-02-17,Kheer,Desserts,43,40,Saturday,1,0,Cloudy,14,0
2024-02-17,Kulfi,Desserts,43,31,Saturday,1,0,Cloudy,14,0
2024-02-18,Paneer Butter Masala,Main Course,61,57,Sunday,1,0,Rainy,15,0
2024-02-18,Dal Makhani,Main Course,70,62,Sunday,1,0,Rainy,15,0
2024-02-18,Chicken Biryani,Main Course,50,44,Sunday,1,0,Rainy,15,0
2024-02-18,Mutton Rogan Josh,Main Course,57,39,Sunday,1,0,Rainy,15,0
2024-02-18,Paneer Tikka,Starters,72,51,Sunday,1,0,Rainy,15,0
2024-02-18,Chicken Tandoori,Starters,64,54,Sunday,1,0,Rainy,15,0
2024-02-18,Veg Spring Rolls,Starters,79,68,Sunday,1,0,Rainy,15,0
2024-02-18,Fish Amritsari,Starters,78,57,Sunday,1,0,Rainy,15,0
2024-02-18,Butter Naan,Breads,99,84,Sunday,1,0,Rainy,15,0
2024-02-18,Garlic Naan,Breads,108,97,Sunday,1,0,Rainy,15,0
2024-02-18,Tandoori Roti,Breads,173,68,Sunday,1,0,Rainy,15,0
2024-02-18,Gulab Jamun,Desserts,54,35,Sunday,1,0,Rainy,15,0
2024-02-18,Ras Malai,Desserts,49,41,Sunday,1,0,Rainy,15,0
2024-02-18,Kheer,Desserts,41,38,Sunday,1,0,Rainy,15,0
2024-02-18,Kulfi,Desserts,41,23,Sunday,1,0,Rainy,15,0
2024-02-19,Paneer Butter Masala,Main Course,37,36,Monday,0,0,Rainy,11,0
2024-02-19,Dal Makhani,Main Course,47,38,Monday,0,0,Rainy,11,0
2024-02-19,Chicken Biryani,Main Course,41,35,Monday,0,0,Rainy,11,0
2024-02-19,Mutton Rogan Josh,Main Course,37,26,Monday,0,0,Rainy,11,0
2024-02-19,Paneer Tikka,Starters,48,40,Monday,0,0,Rainy,11,0
2024-02-19,Chicken Tandoori,Starters,49,38,Monday,0,0,Rainy,11,0
2024-02-19,Veg Spring Rolls,Starters,48,31,Monday,0,0,Rainy,11,0
2024-02-19,Fish Amritsari,Starters,53,39,Monday,0,0,Rainy,11,0
2024-02-19,Butter Naan,Breads,71,58,Monday,0,0,Rainy,11,0
2024-02-19,Garlic Naan,Breads,77,63,Monday,0,0,Rainy,11,0
2024-02-19,Tandoori Roti,Breads,65,42,Monday,0,0,Rainy,11,0
2024-02-19,Gulab Jamun,Desserts,37,33,Monday,0,0,Rainy,11,0
2024-02-19,Ras Malai,Desserts,32,29,Monday,0,0,Rainy,11,0
2024-02-19,Kheer,Desserts,30,22,Monday,0,0,Rainy,11,0
2024-02-19,Kulfi,Desserts,25,17,Monday,0,0,Rainy,11,0
2024-02-20,Paneer Butter Masala,Main Course,39,35,Tuesday,0,0,Rainy,11,0
2024-02-20,Dal Makhani,Main Course,45,39,Tuesday,0,0,Rainy,11,0
2024-02-20,Chicken Biryani,Main Course,39,37,Tuesday,0,0,Rainy,11,0
2024-02-20,Mutton Rogan Josh,Main Course,37,20,Tuesday,0,0,Rainy,11,0
2024-02-20,Paneer Tikka,Starters,48,34,Tuesday,0,0,Rainy,11,0
2024-02-20,Chicken Tandoori,Starters,41,36,Tuesday,0,0,Rainy,11,0
2024-02-20,Veg Spring Rolls,Starters,50,47,Tuesday,0,0,Rainy,11,0
2024-02-20,Fish Amritsari,Starters,54,42,Tuesday,0,0,Rainy,11,0
2024-02-20,Butter Naan,Breads,77,70,Tuesday,0,0,Rainy,11,0
2024-02-20,Garlic Naan,Breads,75,55,Tuesday,0,0,Rainy,11,0
2024-02-20,Tandoori Roti,Breads,67,61,Tuesday,0,0,Rainy,11,0
2024-02-20,Gulab Jamun,Desserts,35,30,Tuesday,0,0,Rainy,11,0
2024-02-20,Ras Malai,Desserts,32,24,Tuesday,0,0,Rainy,11,0
2024-02-20,Kheer,Desserts,30,21,Tuesday,0,0,Rainy,11,0
2024-02-20,Kulfi,Desserts,48,21,Tuesday,0,0,Rainy,11,0
2024-02-21,Paneer Butter Masala,Main Course,45,42,Wednesday,0,0,Cloudy,11,0
2024-02-21,Dal Makhani,Main Course,48,38,Wednesday,0,0,Cloudy,11,0
2024-02-21,Chicken Biryani,Main Course,46,42,Wednesday,0,0,Cloudy,11,0
2024-02-21,Mutton Rogan Josh,Main Course,40,31,Wednesday,0,0,Cloudy,11,0
2024-02-21,Paneer Tikka,Starters,52,47,Wednesday,0,0,Cloudy,11,0
2024-02-21,Chicken Tandoori,Starters,51,39,Wednesday,0,0,Cloudy,11,0
2024-02-21,Veg Spring Rolls,Starters,58,47,Wednesday,0,0,Cloudy,11,0
2024-02-21,Fish Amritsari,Starters,52,39,Wednesday,0,0,Cloudy,11,0
2024-02-21,Butter Naan,Breads,127,77,Wednesday,0,0,Cloudy,11,0
2024-02-21,Garlic Naan,Breads,129,52,Wednesday,0,0,Cloudy,11,0
2024-02-21,Tandoori Roti,Breads,77,55,Wednesday,0,0,Cloudy,11,0
2024-02-21,Gulab Jamun,Desserts,37,27,Wednesday,0,0,Cloudy,11,0
2024-02-21,Ras Malai,Desserts,42,34,Wednesday,0,0,Cloudy,11,0
2024-02-21,Kheer,Desserts,32,20,Wednesday,0,0,Cloudy,11,0
2024-02-21,Kulfi,Desserts,31,20,Wednesday,0,0,Cloudy,11,0
2024-02-22,Paneer Butter Masala,Main Course,39,33,Thursday,0,0,Sunny,9,0
2024-02-22,Dal Makhani,Main Course,54,43,Thursday,0,0,Sunny,9,0
2024-02-22,Chicken Biryani,Main Course,38,33,Thursday,0,0,Sunny,9,0
2024-02-22,Mutton Rogan Josh,Main Course,36,20,Thursday,0,0,Sunny,9,0
2024-02-22,Paneer Tikka,Starters,51,42,Thursday,0,0,Sunny,9,0
2024-02-22,Chicken Tandoori,Starters,49,43,Thursday,0,0,Sunny,9,0
2024-02-22,Veg Spring Rolls,Starters,52,45,Thursday,0,0,Sunny,9,0
2024-02-22,Fish Amritsari,Starters,56,34,Thursday,0,0,Sunny,9,0
2024-02-22,Butter Naan,Breads,84,78,Thursday,0,0,Sunny,9,0
2024-02-22,Garlic Naan,Breads,68,63,Thursday,0,0,Sunny,9,0
2024-02-22,Tandoori Roti,Breads,75,62,Thursday,0,0,Sunny,9,0
2024-02-22,Gulab Jamun,Desserts,43,40,Thursday,0,0,Sunny,9,0
2024-02-22,Ras Malai,Desserts,35,25,Thursday,0,0,Sunny,9,0
2024-02-22,Kheer,Desserts,33,28,Thursday,0,0,Sunny,9,0
2024-02-22,Kulfi,Desserts,29,15,Thursday,0,0,Sunny,9,0
2024-02-23,Paneer Butter Masala,Main Course,40,38,Friday,0,0,Sunny,8,0
2024-02-23,Dal Makhani,Main Course,45,37,Friday,0,0,Sunny,8,0
2024-02-23,Chicken Biryani,Main Course,42,35,Friday,0,0,Sunny,8,0
2024-02-23,Mutton Rogan Josh,Main Course,43,28,Friday,0,0,Sunny,8,0
2024-02-23,Paneer Tikka,Starters,60,18,Friday,0,0,Sunny,8,0
2024-02-23,Chicken Tandoori,Starters,53,48,Friday,0,0,Sunny,8,0
2024-02-23,Veg Spring Rolls,Starters,54,39,Friday,0,0,Sunny,8,0
2024-02-23,Fish Amritsari,Starters,58,39,Friday,0,0,Sunny,8,0
2024-02-23,Butter Naan,Breads,71,58,Friday,0,0,Sunny,8,0
2024-02-23,Garlic Naan,Breads,70,60,Friday,0,0,Sunny,8,0
2024-02-23,Tandoori Roti,Breads,77,58,Friday,0,0,Sunny,8,0
2024-02-23,Gulab Jamun,Desserts,35,28,Friday,0,0,Sunny,8,0
2024-02-23,Ras Malai,Desserts,38,32,Friday,0,0,Sunny,8,0
2024-02-23,Kheer,Desserts,35,23,Friday,0,0,Sunny,8,0
2024-02-23,Kulfi,Desserts,27,16,Friday,0,0,Sunny,8,0
2024-02-24,Paneer Butter Masala,Main Course,76,62,Saturday,1,0,Sunny,13,1
2024-02-24,Dal Makhani,Main Course,78,72,Saturday,1,0,Sunny,13,1
2024-02-24,Chicken Biryani,Main Course,68,59,Saturday,1,0,Sunny,13,1
2024-02-24,Mutton Rogan Josh,Main Course,61,38,Saturday,1,0,Sunny,13,1
2024-02-24,Paneer Tikka,Starters,90,74,Saturday,1,0,Sunny,13,1
2024-02-24,Chicken Tandoori,Starters,92,72,Saturday,1,0,Sunny,13,1
2024-02-24,Veg Spring Rolls,Starters,103,77,Saturday,1,0,Sunny,13,1
2024-02-24,Fish Amritsari,Starters,92,69,Saturday,1,0,Sunny,13,1
2024-02-24,Butter Naan,Breads,140,121,Saturday,1,0,Sunny,13,1
2024-02-24,Garlic Naan,Breads,142,97,Saturday,1,0,Sunny,13,1
2024-02-24,Tandoori Roti,Breads,135,89,Saturday,1,0,Sunny,13,1
2024-02-24,Gulab Jamun,Desserts,61,51,Saturday,1,0,Sunny,13,1
2024-02-24,Ras Malai,Desserts,67,44,Saturday,1,0,Sunny,13,1
2024-02-24,Kheer,Desserts,54,50,Saturday,1,0,Sunny,13,1
2024-02-24,Kulfi,Desserts,49,30,Saturday,1,0,Sunny,13,1
2024-02-25,Paneer Butter Masala,Main Course,59,54,Sunday,1,0,Cloudy,12,0
2024-02-25,Dal Makhani,Main Course,67,47,Sunday,1,0,Cloudy,12,0
2024-02-25,Chicken Biryani,Main Course,53,44,Sunday,1,0,Cloudy,12,0
2024-02-25,Mutton Rogan Josh,Main Course,53,38,Sunday,1,0,Cloudy,12,0
2024-02-25,Paneer Tikka,Starters,87,80,Sunday,1,0,Cloudy,12,0
2024-02-25,Chicken Tandoori,Starters,74,57,Sunday,1,0,Cloudy,12,0
2024-02-25,Veg Spring Rolls,Starters,83,64,Sunday,1,0,Cloudy,12,0
2024-02-25,Fish Amritsari,Starters,70,46,Sunday,1,0,Cloudy,12,0
2024-02-25,Butter Naan,Breads,105,88,Sunday,1,0,Cloudy,12,0
2024-02-25,Garlic Naan,Breads,107,79,Sunday,1,0,Cloudy,12,0
2024-02-25,Tandoori Roti,Breads,182,72,Sunday,1,0,Cloudy,12,0
2024-02-25,Gulab Jamun,Desserts,52,37,Sunday,1,0,Cloudy,12,0
2024-02-25,Ras Malai,Desserts,52,35,Sunday,1,0,Cloudy,12,0
2024-02-25,Kheer,Desserts,43,38,Sunday,1,0,Cloudy,12,0
2024-02-25,Kulfi,Desserts,42,24,Sunday,1,0,Cloudy,12,0
2024-02-26,Paneer Butter Masala,Main Course,41,33,Monday,0,0,Rainy,12,0
2024-02-26,Dal Makhani,Main Course,48,44,Monday,0,0,Rainy,12,0
2024-02-26,Chicken Biryani,Main Course,35,32,Monday,0,0,Rainy,12,0
2024-02-26,Mutton Rogan Josh,Main Course,35,26,Monday,0,0,Rainy,12,0
2024-02-26,Paneer Tikka,Starters,49,44,Monday,0,0,Rainy,12,0
2024-02-26,Chicken Tandoori,Starters,41,27,Monday,0,0,Rainy,12,0
2024-02-26,Veg Spring Rolls,Starters,46,13,Monday,0,0,Rainy,12,0
2024-02-26,Fish Amritsari,Starters,53,12,Monday,0,0,Rainy,12,0
2024-02-26,Butter Naan,Breads,67,58,Monday,0,0,Rainy,12,0
2024-02-26,Garlic Naan,Breads,69,62,Monday,0,0,Rainy,12,0
2024-02-26,Tandoori Roti,Breads,68,60,Monday,0,0,Rainy,12,0
2024-02-26,Gulab Jamun,Desserts,36,27,Monday,0,0,Rainy,12,0
2024-02-26,Ras Malai,Desserts,32,28,Monday,0,0,Rainy,12,0
2024-02-26,Kheer,Desserts,28,21,Monday,0,0,Rainy,12,0
2024-02-26,Kulfi,Desserts,25,18,Monday,0,0,Rainy,12,0
2024-02-27,Paneer Butter Masala,Main Course,40,37,Tuesday,0,0,Sunny,11,0
2024-02-27,Dal Makhani,Main Course,52,37,Tuesday,0,0,Sunny,11,0
2024-02-27,Chicken Biryani,Main Course,41,33,Tuesday,0,0,Sunny,11,0
2024-02-27,Mutton Rogan Josh,Main Course,44,23,Tuesday,0,0,Sunny,11,0
2024-02-27,Paneer Tikka,Starters,51,43,Tuesday,0,0,Sunny,11,0
2024-02-27,Chicken Tandoori,Starters,45,42,Tuesday,0,0,Sunny,11,0
2024-02-27,Veg Spring Rolls,Starters,57,39,Tuesday,0,0,Sunny,11,0
2024-02-27,Fish Amritsari,Starters,58,40,Tuesday,0,0,Sunny,11,0
2024-02-27,Butter Naan,Breads,76,69,Tuesday,0,0,Sunny,11,0
2024-02-27,Garlic Naan,Breads,79,51,Tuesday,0,0,Sunny,11,0
2024-02-27,Tandoori Roti,Breads,72,48,Tuesday,0,0,Sunny,11,0
2024-02-27,Gulab Jamun,Desserts,37,29,Tuesday,0,0,Sunny,11,0
2024-02-27,Ras Malai,Desserts,39,34,Tuesday,0,0,Sunny,11,0
2024-02-27,Kheer,Desserts,31,20,Tuesday,0,0,Sunny,11,0
2024-02-27,Kulfi,Desserts,34,18,Tuesday,0,0,Sunny,11,0
2024-02-28,Paneer Butter Masala,Main Course,43,40,Wednesday,0,0,Cloudy,9,0
2024-02-28,Dal Makhani,Main Course,45,37,Wednesday,0,0,Cloudy,9,0
2024-02-28,Chicken Biryani,Main Course,38,34,Wednesday,0,0,Cloudy,9,0
2024-02-28,Mutton Rogan Josh,Main Course,43,27,Wednesday,0,0,Cloudy,9,0
2024-02-28,Paneer Tikka,Starters,56,36,Wednesday,0,0,Cloudy,9,0
2024-02-28,Chicken Tandoori,Starters,45,37,Wednesday,0,0,Cloudy,9,0
2024-02-28,Veg Spring Rolls,Starters,52,38,Wednesday,0,0,Cloudy,9,0
2024-02-28,Fish Amritsari,Starters,49,32,Wednesday,0,0,Cloudy,9,0
2024-02-28,Butter Naan,Breads,69,62,Wednesday,0,0,Cloudy,9,0
2024-02-28,Garlic Naan,Breads,75,51,Wednesday,0,0,Cloudy,9,0
2024-02-28,Tandoori Roti,Breads,80,68,Wednesday,0,0,Cloudy,9,0
2024-02-28,Gulab Jamun,Desserts,41,35,Wednesday,0,0,Cloudy,9,0
2024-02-28,Ras Malai,Desserts,33,24,Wednesday,0,0,Cloudy,9,0
2024-02-28,Kheer,Desserts,32,11,Wednesday,0,0,Cloudy,9,0
2024-02-28,Kulfi,Desserts,33,17,Wednesday,0,0,Cloudy,9,0
2024-02-29,Paneer Butter Masala,Main Course,39,36,Thursday,0,0,Cloudy,11,0
2024-02-29,Dal Makhani,Main Course,43,37,Thursday,0,0,Cloudy,11,0
2024-02-29,Chicken Biryani,Main Course,37,35,Thursday,0,0,Cloudy,11,0
2024-02-29,Mutton Rogan Josh,Main Course,41,27,Thursday,0,0,Cloudy,11,0
2024-02-29,Paneer Tikka,Starters,55,39,Thursday,0,0,Cloudy,11,0
2024-02-29,Chicken Tandoori,Starters,46,32,Thursday,0,0,Cloudy,11,0
2024-02-29,Veg Spring Rolls,Starters,57,51,Thursday,0,0,Cloudy,11,0
2024-02-29,Fish Amritsari,Starters,59,34,Thursday,0,0,Cloudy,11,0
2024-02-29,Butter Naan,Breads,81,66,Thursday,0,0,Cloudy,11,0
2024-02-29,Garlic Naan,Breads,78,66,Thursday,0,0,Cloudy,11,0
2024-02-29,Tandoori Roti,Breads,87,69,Thursday,0,0,Cloudy,11,0
2024-02-29,Gulab Jamun,Desserts,36,23,Thursday,0,0,Cloudy,11,0
2024-02-29,Ras Malai,Desserts,39,35,Thursday,0,0,Cloudy,11,0
2024-02-29,Kheer,Desserts,35,23,Thursday,0,0,Cloudy,11,0
2024-02-29,Kulfi,Desserts,31,16,Thursday,0,0,Cloudy,11,0
2024-03-01,Paneer Butter Masala,Main Course,47,41,Friday,0,0,Sunny,10,0
2024-03-01,Dal Makhani,Main Course,46,38,Friday,0,0,Sunny,10,0
2024-03-01,Chicken Biryani,Main Course,43,37,Friday,0,0,Sunny,10,0
2024-03-01,Mutton Rogan Josh,Main Course,37,24,Friday,0,0,Sunny,10,0
2024-03-01,Paneer Tikka,Starters,50,37,Friday,0,0,Sunny,10,0
2024-03-01,Chicken Tandoori,Starters,53,39,Friday,0,0,Sunny,10,0
2024-03-01,Veg Spring Rolls,Starters,60,47,Friday,0,0,Sunny,10,0
2024-03-01,Fish Amritsari,Starters,51,34,Friday,0,0,Sunny,10,0
2024-03-01,Butter Naan,Breads,69,61,Friday,0,0,Sunny,10,0
2024-03-01,Garlic Naan,Breads,86,67,Friday,0,0,Sunny,10,0
2024-03-01,Tandoori Roti,Breads,72,65,Friday,0,0,Sunny,10,0
2024-03-01,Gulab Jamun,Desserts,41,32,Friday,0,0,Sunny,10,0
2024-03-01,Ras Malai,Desserts,40,37,Friday,0,0,Sunny,10,0
2024-03-01,Kheer,Desserts,29,23,Friday,0,0,Sunny,10,0
2024-03-01,Kulfi,Desserts,30,16,Friday,0,0,Sunny,10,0
2024-03-02,Paneer Butter Masala,Main Course,74,70,Saturday,1,0,Cloudy,13,1
2024-03-02,Dal Makhani,Main Course,88,71,Saturday,1,0,Cloudy,13,1
2024-03-02,Chicken Biryani,Main Course,79,67,Saturday,1,0,Cloudy,13,1
2024-03-02,Mutton Rogan Josh,Main Course,67,35,Saturday,1,0,Cloudy,13,1
2024-03-02,Paneer Tikka,Starters,98,88,Saturday,1,0,Cloudy,13,1
2024-03-02,Chicken Tandoori,Starters,88,79,Saturday,1,0,Cloudy,13,1
2024-03-02,Veg Spring Rolls,Starters,106,72,Saturday,1,0,Cloudy,13,1
2024-03-02,Fish Amritsari,Starters,85,43,Saturday,1,0,Cloudy,13,1
2024-03-02,Butter Naan,Breads,133,122,Saturday,1,0,Cloudy,13,1
2024-03-02,Garlic Naan,Breads,143,93,Saturday,1,0,Cloudy,13,1
2024-03-02,Tandoori Roti,Breads,144,105,Saturday,1,0,Cloudy,13,1
2024-03-02,Gulab Jamun,Desserts,69,52,Saturday,1,0,Cloudy,13,1
2024-03-02,Ras Malai,Desserts,69,52,Saturday,1,0,Cloudy,13,1
2024-03-02,Kheer,Desserts,47,42,Saturday,1,0,Cloudy,13,1
2024-03-02,Kulfi,Desserts,49,32,Saturday,1,0,Cloudy,13,1
2024-03-03,Paneer Butter Masala,Main Course,62,52,Sunday,1,0,Cloudy,10,0
2024-03-03,Dal Makhani,Main Course,63,42,Sunday,1,0,Cloudy,10,0
2024-03-03,Chicken Biryani,Main Course,60,55,Sunday,1,0,Cloudy,10,0
2024-03-03,Mutton Rogan Josh,Main Course,52,29,Sunday,1,0,Cloudy,10,0
2024-03-03,Paneer Tikka,Starters,78,62,Sunday,1,0,Cloudy,10,0
2024-03-03,Chicken Tandoori,Starters,77,53,Sunday,1,0,Cloudy,10,0
2024-03-03,Veg Spring Rolls,Starters,71,58,Sunday,1,0,Cloudy,10,0
2024-03-03,Fish Amritsari,Starters,78,40,Sunday,1,0,Cloudy,10,0
2024-03-03,Butter Naan,Breads,100,91,Sunday,1,0,Cloudy,10,0
2024-03-03,Garlic Naan,Breads,116,85,Sunday,1,0,Cloudy,10,0
2024-03-03,Tandoori Roti,Breads,101,69,Sunday,1,0,Cloudy,10,0
2024-03-03,Gulab Jamun,Desserts,54,51,Sunday,1,0,Cloudy,10,0
2024-03-03,Ras Malai,Desserts,48,36,Sunday,1,0,Cloudy,10,0
2024-03-03,Kheer,Desserts,39,33,Sunday,1,0,Cloudy,10,0
2024-03-03,Kulfi,Desserts,42,21,Sunday,1,0,Cloudy,10,0
2024-03-04,Paneer Butter Masala,Main Course,44,36,Monday,0,0,Sunny,10,0
2024-03-04,Dal Makhani,Main Course,43,35,Monday,0,0,Sunny,10,0
2024-03-04,Chicken Biryani,Main Course,38,35,Monday,0,0,Sunny,10,0
2024-03-04,Mutton Rogan Josh,Main Course,42,25,Monday,0,0,Sunny,10,0
2024-03-04,Paneer Tikka,Starters,60,47,Monday,0,0,Sunny,10,0
2024-03-04,Chicken Tandoori,Starters,52,34,Monday,0,0,Sunny,10,0
2024-03-04,Veg Spring Rolls,Starters,54,46,Monday,0,0,Sunny,10,0
2024-03-04,Fish Amritsari,Starters,49,38,Monday,0,0,Sunny,10,0
2024-03-04,Butter Naan,Breads,77,70,Monday,0,0,Sunny,10,0
2024-03-04,Garlic Naan,Breads,79,69,Monday,0,0,Sunny,10,0
2024-03-04,Tandoori Roti,Breads,84,69,Monday,0,0,Sunny,10,0
2024-03-04,Gulab Jamun,Desserts,39,29,Monday,0,0,Sunny,10,0
2024-03-04,Ras Malai,Desserts,39,32,Monday,0,0,Sunny,10,0
2024-03-04,Kheer,Desserts,29,24,Monday,0,0,Sunny,10,0
2024-03-04,Kulfi,Desserts,28,20,Monday,0,0,Sunny,10,0
2024-03-05,Paneer Butter Masala,Main Course,46,43,Tuesday,0,0,Sunny,10,0
2024-03-05,Dal Makhani,Main Course,49,33,Tuesday,0,0,Sunny,10,0
2024-03-05,Chicken Biryani,Main Course,44,17,Tuesday,0,0,Sunny,10,0
2024-03-05,Mutton Rogan Josh,Main Course,36,19,Tuesday,0,0,Sunny,10,0
2024-03-05,Paneer Tikka,Starters,51,33,Tuesday,0,0,Sunny,10,0
2024-03-05,Chicken Tandoori,Starters,46,33,Tuesday,0,0,Sunny,10,0
2024-03-05,Veg Spring Rolls,Starters,57,39,Tuesday,0,0,Sunny,10,0
2024-03-05,Fish Amritsari,Starters,57,38,Tuesday,0,0,Sunny,10,0
2024-03-05,Butter Naan,Breads,74,61,Tuesday,0,0,Sunny,10,0
2024-03-05,Garlic Naan,Breads,75,62,Tuesday,0,0,Sunny,10,0
2024-03-05,Tandoori Roti,Breads,86,60,Tuesday,0,0,Sunny,10,0
2024-03-05,Gulab Jamun,Desserts,80,34,Tuesday,0,0,Sunny,10,0
2024-03-05,Ras Malai,Desserts,39,33,Tuesday,0,0,Sunny,10,0
2024-03-05,Kheer,Desserts,28,19,Tuesday,0,0,Sunny,10,0
2024-03-05,Kulfi,Desserts,31,21,Tuesday,0,0,Sunny,10,0
2024-03-06,Paneer Butter Masala,Main Course,39,37,Wednesday,0,0,Cloudy,8,0
2024-03-06,Dal Makhani,Main Course,44,39,Wednesday,0,0,Cloudy,8,0
2024-03-06,Chicken Biryani,Main Course,40,37,Wednesday,0,0,Cloudy,8,0
2024-03-06,Mutton Rogan Josh,Main Course,38,26,Wednesday,0,0,Cloudy,8,0
2024-03-06,Paneer Tikka,Starters,61,53,Wednesday,0,0,Cloudy,8,0
2024-03-06,Chicken Tandoori,Starters,49,33,Wednesday,0,0,Cloudy,8,0
2024-03-06,Veg Spring Rolls,Starters,58,41,Wednesday,0,0,Cloudy,8,0
2024-03-06,Fish Amritsari,Starters,54,39,Wednesday,0,0,Cloudy,8,0
2024-03-06,Butter Naan,Breads,73,68,Wednesday,0,0,Cloudy,8,0
2024-03-06,Garlic Naan,Breads,81,74,Wednesday,0,0,Cloudy,8,0
2024-03-06,Tandoori Roti,Breads,88,67,Wednesday,0,0,Cloudy,8,0
2024-03-06,Gulab Jamun,Desserts,39,26,Wednesday,0,0,Cloudy,8,0
2024-03-06,Ras Malai,Desserts,40,36,Wednesday,0,0,Cloudy,8,0
2024-03-06,Kheer,Desserts,34,29,Wednesday,0,0,Cloudy,8,0
2024-03-06,Kulfi,Desserts,34,20,Wednesday,0,0,Cloudy,8,0
2024-03-07,Paneer Butter Masala,Main Course,39,31,Thursday,0,0,Sunny,10,0
2024-03-07,Dal Makhani,Main Course,51,36,Thursday,0,0,Sunny,10,0
2024-03-07,Chicken Biryani,Main Course,40,37,Thursday,0,0,Sunny,10,0
2024-03-07,Mutton Rogan Josh,Main Course,36,24,Thursday,0,0,Sunny,10,0
2024-03-07,Paneer Tikka,Starters,62,58,Thursday,0,0,Sunny,10,0
2024-03-07,Chicken Tandoori,Starters,47,42,Thursday,0,0,Sunny,10,0
2024-03-07,Veg Spring Rolls,Starters,56,46,Thursday,0,0,Sunny,10,0
2024-03-07,Fish Amritsari,Starters,59,46,Thursday,0,0,Sunny,10,0
2024-03-07,Butter Naan,Breads,77,74,Thursday,0,0,Sunny,10,0
2024-03-07,Garlic Naan,Breads,70,58,Thursday,0,0,Sunny,10,0
2024-03-07,Tandoori Roti,Breads,71,53,Thursday,0,0,Sunny,10,0
2024-03-07,Gulab Jamun,Desserts,41,34,Thursday,0,0,Sunny,10,0
2024-03-07,Ras Malai,Desserts,42,34,Thursday,0,0,Sunny,10,0
2024-03-07,Kheer,Desserts,29,19,Thursday,0,0,Sunny,10,0
2024-03-07,Kulfi,Desserts,28,17,Thursday,0,0,Sunny,10,0
2024-03-08,Paneer Butter Masala,Main Course,39,35,Friday,0,0,Sunny,10,0
2024-03-08,Dal Makhani,Main Course,52,36,Friday,0,0,Sunny,10,0
2024-03-08,Chicken Biryani,Main Course,42,35,Friday,0,0,Sunny,10,0
2024-03-08,Mutton Rogan Josh,Main Course,39,31,Friday,0,0,Sunny,10,0
2024-03-08,Paneer Tikka,Starters,55,36,Friday,0,0,Sunny,10,0
2024-03-08,Chicken Tandoori,Starters,47,30,Friday,0,0,Sunny,10,0
2024-03-08,Veg Spring Rolls,Starters,60,42,Friday,0,0,Sunny,10,0
2024-03-08,Fish Amritsari,Starters,58,36,Friday,0,0,Sunny,10,0
2024-03-08,Butter Naan,Breads,75,68,Friday,0,0,Sunny,10,0
2024-03-08,Garlic Naan,Breads,68,64,Friday,0,0,Sunny,10,0
2024-03-08,Tandoori Roti,Breads,73,48,Friday,0,0,Sunny,10,0
2024-03-08,Gulab Jamun,Desserts,38,29,Friday,0,0,Sunny,10,0
2024-03-08,Ras Malai,Desserts,41,15,Friday,0,0,Sunny,10,0
2024-03-08,Kheer,Desserts,34,25,Friday,0,0,Sunny,10,0
2024-03-08,Kulfi,Desserts,32,19,Friday,0,0,Sunny,10,0
2024-03-09,Paneer Butter Masala,Main Course,56,53,Saturday,1,0,Sunny,12,0
2024-03-09,Dal Makhani,Main Course,76,52,Saturday,1,0,Sunny,12,0
2024-03-09,Chicken Biryani,Main Course,59,49,Saturday,1,0,Sunny,12,0
2024-03-09,Mutton Rogan Josh,Main Course,64,46,Saturday,1,0,Sunny,12,0
2024-03-09,Paneer Tikka,Starters,77,66,Saturday,1,0,Sunny,12,0
2024-03-09,Chicken Tandoori,Starters,74,66,Saturday,1,0,Sunny,12,0
2024-03-09,Veg Spring Rolls,Starters,76,18,Saturday,1,0,Sunny,12,0
2024-03-09,Fish Amritsari,Starters,78,61,Saturday,1,0,Sunny,12,0
2024-03-09,Butter Naan,Breads,100,80,Saturday,1,0,Sunny,12,0
2024-03-09,Garlic Naan,Breads,119,109,Saturday,1,0,Sunny,12,0
2024-03-09,Tandoori Roti,Breads,103,75,Saturday,1,0,Sunny,12,0
2024-03-09,Gulab Jamun,Desserts,54,43,Saturday,1,0,Sunny,12,0
2024-03-09,Ras Malai,Desserts,48,35,Saturday,1,0,Sunny,12,0
2024-03-09,Kheer,Desserts,47,39,Saturday,1,0,Sunny,12,0
2024-03-09,Kulfi,Desserts,38,23,Saturday,1,0,Sunny,12,0
2024-03-10,Paneer Butter Masala,Main Course,58,56,Sunday,1,0,Stormy,15,1
2024-03-10,Dal Makhani,Main Course,63,59,Sunday,1,0,Stormy,15,1
2024-03-10,Chicken Biryani,Main Course,59,49,Sunday,1,0,Stormy,15,1
2024-03-10,Mutton Rogan Josh,Main Course,64,44,Sunday,1,0,Stormy,15,1
2024-03-10,Paneer Tikka,Starters,78,58,Sunday,1,0,Stormy,15,1
2024-03-10,Chicken Tandoori,Starters,66,54,Sunday,1,0,Stormy,15,1
2024-03-10,Veg Spring Rolls,Starters,74,52,Sunday,1,0,Stormy,15,1
2024-03-10,Fish Amritsari,Starters,81,57,Sunday,1,0,Stormy,15,1
2024-03-10,Butter Naan,Breads,103,97,Sunday,1,0,Stormy,15,1
2024-03-10,Garlic Naan,Breads,120,90,Sunday,1,0,Stormy,15,1
2024-03-10,Tandoori Roti,Breads,119,88,Sunday,1,0,Stormy,15,1
2024-03-10,Gulab Jamun,Desserts,53,40,Sunday,1,0,Stormy,15,1
2024-03-10,Ras Malai,Desserts,51,34,Sunday,1,0,Stormy,15,1
2024-03-10,Kheer,Desserts,45,30,Sunday,1,0,Stormy,15,1
2024-03-10,Kulfi,Desserts,40,22,Sunday,1,0,Stormy,15,1
2024-03-11,Paneer Butter Masala,Main Course,37,35,Monday,0,0,Rainy,9,0
2024-03-11,Dal Makhani,Main Course,48,36,Monday,0,0,Rainy,9,0
2024-03-11,Chicken Biryani,Main Course,40,32,Monday,0,0,Rainy,9,0
2024-03-11,Mutton Rogan Josh,Main Course,35,27,Monday,0,0,Rainy,9,0
2024-03-11,Paneer Tikka,Starters,58,45,Monday,0,0,Rainy,9,0
2024-03-11,Chicken Tandoori,Starters,51,41,Monday,0,0,Rainy,9,0
2024-03-11,Veg Spring Rolls,Starters,50,39,Monday,0,0,Rainy,9,0
2024-03-11,Fish Amritsari,Starters,54,37,Monday,0,0,Rainy,9,0
2024-03-11,Butter Naan,Breads,77,62,Monday,0,0,Rainy,9,0
2024-03-11,Garlic Naan,Breads,69,60,Monday,0,0,Rainy,9,0
2024-03-11,Tandoori Roti,Breads,67,58,Monday,0,0,Rainy,9,0
2024-03-11,Gulab Jamun,Desserts,34,29,Monday,0,0,Rainy,9,0
2024-03-11,Ras Malai,Desserts,38,32,Monday,0,0,Rainy,9,0
2024-03-11,Kheer,Desserts,29,26,Monday,0,0,Rainy,9,0
2024-03-11,Kulfi,Desserts,26,13,Monday,0,0,Rainy,9,0
2024-03-12,Paneer Butter Masala,Main Course,42,34,Tuesday,0,0,Sunny,8,0
2024-03-12,Dal Makhani,Main Course,54,43,Tuesday,0,0,Sunny,8,0
2024-03-12,Chicken Biryani,Main Course,42,40,Tuesday,0,0,Sunny,8,0
2024-03-12,Mutton Rogan Josh,Main Course,37,27,Tuesday,0,0,Sunny,8,0
2024-03-12,Paneer Tikka,Starters,53,43,Tuesday,0,0,Sunny,8,0
2024-03-12,Chicken Tandoori,Starters,55,37,Tuesday,0,0,Sunny,8,0
2024-03-12,Veg Spring Rolls,Starters,54,48,Tuesday,0,0,Sunny,8,0
2024-03-12,Fish Amritsari,Starters,50,29,Tuesday,0,0,Sunny,8,0
2024-03-12,Butter Naan,Breads,84,81,Tuesday,0,0,Sunny,8,0
2024-03-12,Garlic Naan,Breads,72,61,Tuesday,0,0,Sunny,8,0
2024-03-12,Tandoori Roti,Breads,80,71,Tuesday,0,0,Sunny,8,0
2024-03-12,Gulab Jamun,Desserts,43,34,Tuesday,0,0,Sunny,8,0
2024-03-12,Ras Malai,Desserts,39,33,Tuesday,0,0,Sunny,8,0
2024-03-12,Kheer,Desserts,28,19,Tuesday,0,0,Sunny,8,0
2024-03-12,Kulfi,Desserts,29,14,Tuesday,0,0,Sunny,8,0
2024-03-13,Paneer Butter Masala,Main Course,40,33,Wednesday,0,0,Sunny,11,0
2024-03-13,Dal Makhani,Main Course,51,39,Wednesday,0,0,Sunny,11,0
2024-03-13,Chicken Biryani,Main Course,41,39,Wednesday,0,0,Sunny,11,0
2024-03-13,Mutton Rogan Josh,Main Course,43,27,Wednesday,0,0,Sunny,11,0
2024-03-13,Paneer Tikka,Starters,50,40,Wednesday,0,0,Sunny,11,0
2024-03-13,Chicken Tandoori,Starters,46,43,Wednesday,0,0,Sunny,11,0
2024-03-13,Veg Spring Rolls,Starters,53,42,Wednesday,0,0,Sunny,11,0
2024-03-13,Fish Amritsari,Starters,50,28,Wednesday,0,0,Sunny,11,0
2024-03-13,Butter Naan,Breads,83,75,Wednesday,0,0,Sunny,11,0
2024-03-13,Garlic Naan,Breads,68,61,Wednesday,0,0,Sunny,11,0
2024-03-13,Tandoori Roti,Breads,78,70,Wednesday,0,0,Sunny,11,0
2024-03-13,Gulab Jamun,Desserts,35,27,Wednesday,0,0,Sunny,11,0
2024-03-13,Ras Malai,Desserts,36,26,Wednesday,0,0,Sunny,11,0
2024-03-13,Kheer,Desserts,28,24,Wednesday,0,0,Sunny,11,0
2024-03-13,Kulfi,Desserts,33,23,Wednesday,0,0,Sunny,11,0
2024-03-14,Paneer Butter Masala,Main Course,41,33,Thursday,0,0,Sunny,10,0
2024-03-14,Dal Makhani,Main Course,45,36,Thursday,0,0,Sunny,10,0
2024-03-14,Chicken Biryani,Main Course,41,36,Thursday,0,0,Sunny,10,0
2024-03-14,Mutton Rogan Josh,Main Course,45,29,Thursday,0,0,Sunny,10,0
2024-03-14,Paneer Tikka,Starters,50,38,Thursday,0,0,Sunny,10,0
2024-03-14,Chicken Tandoori,Starters,45,39,Thursday,0,0,Sunny,10,0
2024-03-14,Veg Spring Rolls,Starters,57,40,Thursday,0,0,Sunny,10,0
2024-03-14,Fish Amritsari,Starters,52,33,Thursday,0,0,Sunny,10,0
2024-03-14,Butter Naan,Breads,74,61,Thursday,0,0,Sunny,10,0
2024-03-14,Garlic Naan,Breads,80,74,Thursday,0,0,Sunny,10,0
2024-03-14,Tandoori Roti,Breads,75,58,Thursday,0,0,Sunny,10,0
2024-03-14,Gulab Jamun,Desserts,44,33,Thursday,0,0,Sunny,10,0
2024-03-14,Ras Malai,Desserts,40,13,Thursday,0,0,Sunny,10,0
2024-03-14,Kheer,Desserts,28,22,Thursday,0,0,Sunny,10,0
2024-03-14,Kulfi,Desserts,33,25,Thursday,0,0,Sunny,10,0
2024-03-15,Paneer Butter Masala,Main Course,41,37,Friday,0,0,Cloudy,10,0
2024-03-15,Dal Makhani,Main Course,45,40,Friday,0,0,Cloudy,10,0
2024-03-15,Chicken Biryani,Main Course,41,35,Friday,0,0,Cloudy,10,0
2024-03-15,Mutton Rogan Josh,Main Course,43,26,Friday,0,0,Cloudy,10,0
2024-03-15,Paneer Tikka,Starters,62,43,Friday,0,0,Cloudy,10,0
2024-03-15,Chicken Tandoori,Starters,49,42,Friday,0,0,Cloudy,10,0
2024-03-15,Veg Spring Rolls,Starters,56,48,Friday,0,0,Cloudy,10,0
2024-03-15,Fish Amritsari,Starters,52,28,Friday,0,0,Cloudy,10,0
2024-03-15,Butter Naan,Breads,69,66,Friday,0,0,Cloudy,10,0
2024-03-15,Garlic Naan,Breads,79,61,Friday,0,0,Cloudy,10,0
2024-03-15,Tandoori Roti,Breads,80,52,Friday,0,0,Cloudy,10,0
2024-03-15,Gulab Jamun,Desserts,35,26,Friday,0,0,Cloudy,10,0
2024-03-15,Ras Malai,Desserts,37,34,Friday,0,0,Cloudy,10,0
2024-03-15,Kheer,Desserts,34,30,Friday,0,0,Cloudy,10,0
2024-03-15,Kulfi,Desserts,29,20,Friday,0,0,Cloudy,10,0
2024-03-16,Paneer Butter Masala,Main Course,78,65,Saturday,1,0,Sunny,12,1
2024-03-16,Dal Makhani,Main Course,89,66,Saturday,1,0,Sunny,12,1
2024-03-16,Chicken Biryani,Main Course,78,71,Saturday,1,0,Sunny,12,1
2024-03-16,Mutton Rogan Josh,Main Course,119,40,Saturday,1,0,Sunny,12,1
2024-03-16,Paneer Tikka,Starters,92,87,Saturday,1,0,Sunny,12,1
2024-03-16,Chicken Tandoori,Starters,94,74,Saturday,1,0,Sunny,12,1
2024-03-16,Veg Spring Rolls,Starters,85,57,Saturday,1,0,Sunny,12,1
2024-03-16,Fish Amritsari,Starters,85,43,Saturday,1,0,Sunny,12,1
2024-03-16,Butter Naan,Breads,129,46,Saturday,1,0,Sunny,12,1
2024-03-16,Garlic Naan,Breads,132,108,Saturday,1,0,Sunny,12,1
2024-03-16,Tandoori Roti,Breads,126,101,Saturday,1,0,Sunny,12,1
2024-03-16,Gulab Jamun,Desserts,66,61,Saturday,1,0,Sunny,12,1
2024-03-16,Ras Malai,Desserts,56,45,Saturday,1,0,Sunny,12,1
2024-03-16,Kheer,Desserts,53,39,Saturday,1,0,Sunny,12,1
2024-03-16,Kulfi,Desserts,54,40,Saturday,1,0,Sunny,12,1
2024-03-17,Paneer Butter Masala,Main Course,66,63,Sunday,1,0,Cloudy,15,1
2024-03-17,Dal Makhani,Main Course,80,58,Sunday,1,0,Cloudy,15,1
2024-03-17,Chicken Biryani,Main Course,74,68,Sunday,1,0,Cloudy,15,1
2024-03-17,Mutton Rogan Josh,Main Course,76,38,Sunday,1,0,Cloudy,15,1
2024-03-17,Paneer Tikka,Starters,102,72,Sunday,1,0,Cloudy,15,1
2024-03-17,Chicken Tandoori,Starters,80,73,Sunday,1,0,Cloudy,15,1
2024-03-17,Veg Spring Rolls,Starters,87,58,Sunday,1,0,Cloudy,15,1
2024-03-17,Fish Amritsari,Starters,87,51,Sunday,1,0,Cloudy,15,1
2024-03-17,Butter Naan,Breads,199,112,Sunday,1,0,Cloudy,15,1
2024-03-17,Garlic Naan,Breads,138,109,Sunday,1,0,Cloudy,15,1
2024-03-17,Tandoori Roti,Breads,129,115,Sunday,1,0,Cloudy,15,1
2024-03-17,Gulab Jamun,Desserts,67,16,Sunday,1,0,Cloudy,15,1
2024-03-17,Ras Malai,Desserts,69,46,Sunday,1,0,Cloudy,15,1
2024-03-17,Kheer,Desserts,58,41,Sunday,1,0,Cloudy,15,1
2024-03-17,Kulfi,Desserts,53,28,Sunday,1,0,Cloudy,15,1
2024-03-18,Paneer Butter Masala,Main Course,41,39,Monday,0,0,Cloudy,10,0
2024-03-18,Dal Makhani,Main Course,47,37,Monday,0,0,Cloudy,10,0
2024-03-18,Chicken Biryani,Main Course,45,36,Monday,0,0,Cloudy,10,0
2024-03-18,Mutton Rogan Josh,Main Course,39,23,Monday,0,0,Cloudy,10,0
2024-03-18,Paneer Tikka,Starters,64,49,Monday,0,0,Cloudy,10,0
2024-03-18,Chicken Tandoori,Starters,57,41,Monday,0,0,Cloudy,10,0
2024-03-18,Veg Spring Rolls,Starters,58,39,Monday,0,0,Cloudy,10,0
2024-03-18,Fish Amritsari,Starters,56,31,Monday,0,0,Cloudy,10,0
2024-03-18,Butter Naan,Breads,84,70,Monday,0,0,Cloudy,10,0
2024-03-18,Garlic Naan,Breads,68,48,Monday,0,0,Cloudy,10,0
2024-03-18,Tandoori Roti,Breads,80,55,Monday,0,0,Cloudy,10,0
2024-03-18,Gulab Jamun,Desserts,37,28,Monday,0,0,Cloudy,10,0
2024-03-18,Ras Malai,Desserts,36,27,Monday,0,0,Cloudy,10,0
2024-03-18,Kheer,Desserts,34,24,Monday,0,0,Cloudy,10,0
2024-03-18,Kulfi,Desserts,29,21,Monday,0,0,Cloudy,10,0
2024-03-19,Paneer Butter Masala,Main Course,41,40,Tuesday,0,0,Sunny,8,0
2024-03-19,Dal Makhani,Main Course,45,40,Tuesday,0,0,Sunny,8,0
2024-03-19,Chicken Biryani,Main Course,46,44,Tuesday,0,0,Sunny,8,0
2024-03-19,Mutton Rogan Josh,Main Course,36,24,Tuesday,0,0,Sunny,8,0
2024-03-19,Paneer Tikka,Starters,55,42,Tuesday,0,0,Sunny,8,0
2024-03-19,Chicken Tandoori,Starters,48,38,Tuesday,0,0,Sunny,8,0
2024-03-19,Veg Spring Rolls,Starters,58,50,Tuesday,0,0,Sunny,8,0
2024-03-19,Fish Amritsari,Starters,54,42,Tuesday,0,0,Sunny,8,0
2024-03-19,Butter Naan,Breads,69,62,Tuesday,0,0,Sunny,8,0
2024-03-19,Garlic Naan,Breads,70,51,Tuesday,0,0,Sunny,8,0
2024-03-19,Tandoori Roti,Breads,87,72,Tuesday,0,0,Sunny,8,0
2024-03-19,Gulab Jamun,Desserts,39,34,Tuesday,0,0,Sunny,8,0
2024-03-19,Ras Malai,Desserts,35,31,Tuesday,0,0,Sunny,8,0
2024-03-19,Kheer,Desserts,31,22,Tuesday,0,0,Sunny,8,0
2024-03-19,Kulfi,Desserts,34,18,Tuesday,0,0,Sunny,8,0
2024-03-20,Paneer Butter Masala,Main Course,39,37,Wednesday,0,0,Sunny,12,0
2024-03-20,Dal Makhani,Main Course,44,30,Wednesday,0,0,Sunny,12,0
2024-03-20,Chicken Biryani,Main Course,39,33,Wednesday,0,0,Sunny,12,0
2024-03-20,Mutton Rogan Josh,Main Course,44,23,Wednesday,0,0,Sunny,12,0
2024-03-20,Paneer Tikka,Starters,59,44,Wednesday,0,0,Sunny,12,0
2024-03-20,Chicken Tandoori,Starters,48,13,Wednesday,0,0,Sunny,12,0
2024-03-20,Veg Spring Rolls,Starters,56,19,Wednesday,0,0,Sunny,12,0
2024-03-20,Fish Amritsari,Starters,57,39,Wednesday,0,0,Sunny,12,0
2024-03-20,Butter Naan,Breads,76,65,Wednesday,0,0,Sunny,12,0
2024-03-20,Garlic Naan,Breads,76,50,Wednesday,0,0,Sunny,12,0
2024-03-20,Tandoori Roti,Breads,88,74,Wednesday,0,0,Sunny,12,0
2024-03-20,Gulab Jamun,Desserts,35,32,Wednesday,0,0,Sunny,12,0
2024-03-20,Ras Malai,Desserts,36,30,Wednesday,0,0,Sunny,12,0
2024-03-20,Kheer,Desserts,29,21,Wednesday,0,0,Sunny,12,0
2024-03-20,Kulfi,Desserts,27,20,Wednesday,0,0,Sunny,12,0
2024-03-21,Paneer Butter Masala,Main Course,46,41,Thursday,0,0,Sunny,12,0
2024-03-21,Dal Makhani,Main Course,47,36,Thursday,0,0,Sunny,12,0
2024-03-21,Chicken Biryani,Main Course,40,32,Thursday,0,0,Sunny,12,0
2024-03-21,Mutton Rogan Josh,Main Course,42,27,Thursday,0,0,Sunny,12,0
2024-03-21,Paneer Tikka,Starters,60,52,Thursday,0,0,Sunny,12,0
2024-03-21,Chicken Tandoori,Starters,50,46,Thursday,0,0,Sunny,12,0
2024-03-21,Veg Spring Rolls,Starters,57,38,Thursday,0,0,Sunny,12,0
2024-03-21,Fish Amritsari,Starters,55,43,Thursday,0,0,Sunny,12,0
2024-03-21,Butter Naan,Breads,73,67,Thursday,0,0,Sunny,12,0
2024-03-21,Garlic Naan,Breads,80,58,Thursday,0,0,Sunny,12,0
2024-03-21,Tandoori Roti,Breads,85,71,Thursday,0,0,Sunny,12,0
2024-03-21,Gulab Jamun,Desserts,38,28,Thursday,0,0,Sunny,12,0
2024-03-21,Ras Malai,Desserts,40,26,Thursday,0,0,Sunny,12,0
2024-03-21,Kheer,Desserts,33,26,Thursday,0,0,Sunny,12,0
2024-03-21,Kulfi,Desserts,27,13,Thursday,0,0,Sunny,12,0
2024-03-22,Paneer Butter Masala,Main Course,45,17,Friday,0,0,Cloudy,10,0
2024-03-22,Dal Makhani,Main Course,54,37,Friday,0,0,Cloudy,10,0
2024-03-22,Chicken Biryani,Main Course,39,35,Friday,0,0,Cloudy,10,0
2024-03-22,Mutton Rogan Josh,Main Course,40,31,Friday,0,0,Cloudy,10,0
2024-03-22,Paneer Tikka,Starters,55,45,Friday,0,0,Cloudy,10,0
2024-03-22,Chicken Tandoori,Starters,48,44,Friday,0,0,Cloudy,10,0
2024-03-22,Veg Spring Rolls,Starters,63,44,Friday,0,0,Cloudy,10,0
2024-03-22,Fish Amritsari,Starters,61,36,Friday,0,0,Cloudy,10,0
2024-03-22,Butter Naan,Breads,70,57,Friday,0,0,Cloudy,10,0
2024-03-22,Garlic Naan,Breads,70,48,Friday,0,0,Cloudy,10,0
2024-03-22,Tandoori Roti,Breads,72,50,Friday,0,0,Cloudy,10,0
2024-03-22,Gulab Jamun,Desserts,38,32,Friday,0,0,Cloudy,10,0
2024-03-22,Ras Malai,Desserts,39,32,Friday,0,0,Cloudy,10,0
2024-03-22,Kheer,Desserts,31,28,Friday,0,0,Cloudy,10,0
2024-03-22,Kulfi,Desserts,34,24,Friday,0,0,Cloudy,10,0
2024-03-23,Paneer Butter Masala,Main Course,48,45,Saturday,1,0,Stormy,13,0
2024-03-23,Dal Makhani,Main Course,54,36,Saturday,1,0,Stormy,13,0
2024-03-23,Chicken Biryani,Main Course,50,48,Saturday,1,0,Stormy,13,0
2024-03-23,Mutton Rogan Josh,Main Course,48,11,Saturday,1,0,Stormy,13,0
2024-03-23,Paneer Tikka,Starters,71,46,Saturday,1,0,Stormy,13,0
2024-03-23,Chicken Tandoori,Starters,55,49,Saturday,1,0,Stormy,13,0
2024-03-23,Veg Spring Rolls,Starters,66,54,Saturday,1,0,Stormy,13,0
2024-03-23,Fish Amritsari,Starters,72,53,Saturday,1,0,Stormy,13,0
2024-03-23,Butter Naan,Breads,87,84,Saturday,1,0,Stormy,13,0
2024-03-23,Garlic Naan,Breads,98,67,Saturday,1,0,Stormy,13,0
2024-03-23,Tandoori Roti,Breads,87,64,Saturday,1,0,Stormy,13,0
2024-03-23,Gulab Jamun,Desserts,51,38,Saturday,1,0,Stormy,13,0
2024-03-23,Ras Malai,Desserts,50,41,Saturday,1,0,Stormy,13,0
2024-03-23,Kheer,Desserts,42,37,Saturday,1,0,Stormy,13,0
2024-03-23,Kulfi,Desserts,32,21,Saturday,1,0,Stormy,13,0
2024-03-24,Paneer Butter Masala,Main Course,56,51,Sunday,1,0,Cloudy,12,0
2024-03-24,Dal Makhani,Main Course,69,65,Sunday,1,0,Cloudy,12,0
2024-03-24,Chicken Biryani,Main Course,59,53,Sunday,1,0,Cloudy,12,0
2024-03-24,Mutton Rogan Josh,Main Course,58,36,Sunday,1,0,Cloudy,12,0
2024-03-24,Paneer Tikka,Starters,70,63,Sunday,1,0,Cloudy,12,0
2024-03-24,Chicken Tandoori,Starters,75,55,Sunday,1,0,Cloudy,12,0
2024-03-24,Veg Spring Rolls,Starters,89,80,Sunday,1,0,Cloudy,12,0
2024-03-24,Fish Amritsari,Starters,82,15,Sunday,1,0,Cloudy,12,0
2024-03-24,Butter Naan,Breads,101,94,Sunday,1,0,Cloudy,12,0
2024-03-24,Garlic Naan,Breads,101,95,Sunday,1,0,Cloudy,12,0
2024-03-24,Tandoori Roti,Breads,107,83,Sunday,1,0,Cloudy,12,0
2024-03-24,Gulab Jamun,Desserts,98,49,Sunday,1,0,Cloudy,12,0
2024-03-24,Ras Malai,Desserts,49,41,Sunday,1,0,Cloudy,12,0
2024-03-24,Kheer,Desserts,44,35,Sunday,1,0,Cloudy,12,0
2024-03-24,Kulfi,Desserts,46,32,Sunday,1,0,Cloudy,12,0
2024-03-25,Paneer Butter Masala,Main Course,47,41,Monday,0,0,Sunny,12,0
2024-03-25,Dal Makhani,Main Course,53,41,Monday,0,0,Sunny,12,0
2024-03-25,Chicken Biryani,Main Course,42,35,Monday,0,0,Sunny,12,0
2024-03-25,Mutton Rogan Josh,Main Course,44,34,Monday,0,0,Sunny,12,0
2024-03-25,Paneer Tikka,Starters,50,45,Monday,0,0,Sunny,12,0
2024-03-25,Chicken Tandoori,Starters,53,41,Monday,0,0,Sunny,12,0
2024-03-25,Veg Spring Rolls,Starters,63,46,Monday,0,0,Sunny,12,0
2024-03-25,Fish Amritsari,Starters,48,25,Monday,0,0,Sunny,12,0
2024-03-25,Butter Naan,Breads,76,68,Monday,0,0,Sunny,12,0
2024-03-25,Garlic Naan,Breads,83,69,Monday,0,0,Sunny,12,0
2024-03-25,Tandoori Roti,Breads,88,66,Monday,0,0,Sunny,12,0
2024-03-25,Gulab Jamun,Desserts,38,27,Monday,0,0,Sunny,12,0
2024-03-25,Ras Malai,Desserts,37,34,Monday,0,0,Sunny,12,0
2024-03-25,Kheer,Desserts,28,19,Monday,0,0,Sunny,12,0
2024-03-25,Kulfi,Desserts,31,16,Monday,0,0,Sunny,12,0
2024-03-26,Paneer Butter Masala,Main Course,48,39,Tuesday,0,0,Sunny,11,0
2024-03-26,Dal Makhani,Main Course,52,36,Tuesday,0,0,Sunny,11,0
2024-03-26,Chicken Biryani,Main Course,40,32,Tuesday,0,0,Sunny,11,0
2024-03-26,Mutton Rogan Josh,Main Course,41,20,Tuesday,0,0,Sunny,11,0
2024-03-26,Paneer Tikka,Starters,52,34,Tuesday,0,0,Sunny,11,0
2024-03-26,Chicken Tandoori,Starters,103,47,Tuesday,0,0,Sunny,11,0
2024-03-26,Veg Spring Rolls,Starters,61,51,Tuesday,0,0,Sunny,11,0
2024-03-26,Fish Amritsari,Starters,51,38,Tuesday,0,0,Sunny,11,0
2024-03-26,Butter Naan,Breads,72,58,Tuesday,0,0,Sunny,11,0
2024-03-26,Garlic Naan,Breads,78,56,Tuesday,0,0,Sunny,11,0
2024-03-26,Tandoori Roti,Breads,82,76,Tuesday,0,0,Sunny,11,0
2024-03-26,Gulab Jamun,Desserts,43,34,Tuesday,0,0,Sunny,11,0
2024-03-26,Ras Malai,Desserts,54,25,Tuesday,0,0,Sunny,11,0
2024-03-26,Kheer,Desserts,29,26,Tuesday,0,0,Sunny,11,0
2024-03-26,Kulfi,Desserts,27,16,Tuesday,0,0,Sunny,11,0
2024-03-27,Paneer Butter Masala,Main Course,47,41,Wednesday,0,0,Cloudy,8,0
2024-03-27,Dal Makhani,Main Course,48,32,Wednesday,0,0,Cloudy,8,0
2024-03-27,Chicken Biryani,Main Course,43,35,Wednesday,0,0,Cloudy,8,0
2024-03-27,Mutton Rogan Josh,Main Course,39,26,Wednesday,0,0,Cloudy,8,0
2024-03-27,Paneer Tikka,Starters,61,45,Wednesday,0,0,Cloudy,8,0
2024-03-27,Chicken Tandoori,Starters,52,48,Wednesday,0,0,Cloudy,8,0
2024-03-27,Veg Spring Rolls,Starters,63,52,Wednesday,0,0,Cloudy,8,0
2024-03-27,Fish Amritsari,Starters,61,32,Wednesday,0,0,Cloudy,8,0
2024-03-27,Butter Naan,Breads,76,70,Wednesday,0,0,Cloudy,8,0
2024-03-27,Garlic Naan,Breads,69,51,Wednesday,0,0,Cloudy,8,0
2024-03-27,Tandoori Roti,Breads,75,52,Wednesday,0,0,Cloudy,8,0
2024-03-27,Gulab Jamun,Desserts,42,28,Wednesday,0,0,Cloudy,8,0
2024-03-27,Ras Malai,Desserts,37,27,Wednesday,0,0,Cloudy,8,0
2024-03-27,Kheer,Desserts,35,28,Wednesday,0,0,Cloudy,8,0
2024-03-27,Kulfi,Desserts,32,23,Wednesday,0,0,Cloudy,8,0
2024-03-28,Paneer Butter Masala,Main Course,41,33,Thursday,0,0,Sunny,8,0
2024-03-28,Dal Makhani,Main Course,47,31,Thursday,0,0,Sunny,8,0
2024-03-28,Chicken Biryani,Main Course,42,33,Thursday,0,0,Sunny,8,0
2024-03-28,Mutton Rogan Josh,Main Course,38,23,Thursday,0,0,Sunny,8,0
2024-03-28,Paneer Tikka,Starters,58,50,Thursday,0,0,Sunny,8,0
2024-03-28,Chicken Tandoori,Starters,53,37,Thursday,0,0,Sunny,8,0
2024-03-28,Veg Spring Rolls,Starters,54,45,Thursday,0,0,Sunny,8,0
2024-03-28,Fish Amritsari,Starters,50,32,Thursday,0,0,Sunny,8,0
2024-03-28,Butter Naan,Breads,82,76,Thursday,0,0,Sunny,8,0
2024-03-28,Garlic Naan,Breads,75,71,Thursday,0,0,Sunny,8,0
2024-03-28,Tandoori Roti,Breads,73,63,Thursday,0,0,Sunny,8,0
2024-03-28,Gulab Jamun,Desserts,37,32,Thursday,0,0,Sunny,8,0
2024-03-28,Ras Malai,Desserts,62,34,Thursday,0,0,Sunny,8,0
2024-03-28,Kheer,Desserts,31,23,Thursday,0,0,Sunny,8,0
2024-03-28,Kulfi,Desserts,28,19,Thursday,0,0,Sunny,8,0
2024-03-29,Paneer Butter Masala,Main Course,65,57,Friday,0,1,Sunny,11,1
2024-03-29,Dal Makhani,Main Course,59,44,Friday,0,1,Sunny,11,1
2024-03-29,Chicken Biryani,Main Course,51,16,Friday,0,1,Sunny,11,1
2024-03-29,Mutton Rogan Josh,Main Course,59,41,Friday,0,1,Sunny,11,1
2024-03-29,Paneer Tikka,Starters,77,71,Friday,0,1,Sunny,11,1
2024-03-29,Chicken Tandoori,Starters,64,51,Friday,0,1,Sunny,11,1
2024-03-29,Veg Spring Rolls,Starters,86,76,Friday,0,1,Sunny,11,1
2024-03-29,Fish Amritsari,Starters,71,50,Friday,0,1,Sunny,11,1
2024-03-29,Butter Naan,Breads,106,103,Friday,0,1,Sunny,11,1
2024-03-29,Garlic Naan,Breads,124,101,Friday,0,1,Sunny,11,1
2024-03-29,Tandoori Roti,Breads,128,108,Friday,0,1,Sunny,11,1
2024-03-29,Gulab Jamun,Desserts,56,45,Friday,0,1,Sunny,11,1
2024-03-29,Ras Malai,Desserts,51,45,Friday,0,1,Sunny,11,1
2024-03-29,Kheer,Desserts,71,31,Friday,0,1,Sunny,11,1
2024-03-29,Kulfi,Desserts,50,38,Friday,0,1,Sunny,11,1
2024-03-30,Paneer Butter Masala,Main Course,67,64,Saturday,1,0,Sunny,13,0
2024-03-30,Dal Makhani,Main Course,71,55,Saturday,1,0,Sunny,13,0
2024-03-30,Chicken Biryani,Main Course,64,58,Saturday,1,0,Sunny,13,0
2024-03-30,Mutton Rogan Josh,Main Course,61,31,Saturday,1,0,Sunny,13,0
2024-03-30,Paneer Tikka,Starters,73,49,Saturday,1,0,Sunny,13,0
2024-03-30,Chicken Tandoori,Starters,68,59,Saturday,1,0,Sunny,13,0
2024-03-30,Veg Spring Rolls,Starters,90,77,Saturday,1,0,Sunny,13,0
2024-03-30,Fish Amritsari,Starters,81,40,Saturday,1,0,Sunny,13,0
2024-03-30,Butter Naan,Breads,112,101,Saturday,1,0,Sunny,13,0
2024-03-30,Garlic Naan,Breads,104,86,Saturday,1,0,Sunny,13,0
2024-03-30,Tandoori Roti,Breads,111,96,Saturday,1,0,Sunny,13,0
2024-03-30,Gulab Jamun,Desserts,51,41,Saturday,1,0,Sunny,13,0
2024-03-30,Ras Malai,Desserts,55,47,Saturday,1,0,Sunny,13,0
2024-03-30,Kheer,Desserts,43,33,Saturday,1,0,Sunny,13,0
2024-03-30,Kulfi,Desserts,44,25,Saturday,1,0,Sunny,13,0
2024-03-31,Paneer Butter Masala,Main Course,67,62,Sunday,1,0,Sunny,15,1
2024-03-31,Dal Makhani,Main Course,74,63,Sunday,1,0,Sunny,15,1
2024-03-31,Chicken Biryani,Main Course,78,68,Sunday,1,0,Sunny,15,1
2024-03-31,Mutton Rogan Josh,Main Course,77,38,Sunday,1,0,Sunny,15,1
2024-03-31,Paneer Tikka,Starters,95,74,Sunday,1,0,Sunny,15,1
2024-03-31,Chicken Tandoori,Starters,82,58,Sunday,1,0,Sunny,15,1
2024-03-31,Veg Spring Rolls,Starters,97,81,Sunday,1,0,Sunny,15,1
2024-03-31,Fish Amritsari,Starters,95,49,Sunday,1,0,Sunny,15,1
2024-03-31,Butter Naan,Breads,121,111,Sunday,1,0,Sunny,15,1
2024-03-31,Garlic Naan,Breads,131,122,Sunday,1,0,Sunny,15,1
2024-03-31,Tandoori Roti,Breads,123,105,Sunday,1,0,Sunny,15,1
2024-03-31,Gulab Jamun,Desserts,70,56,Sunday,1,0,Sunny,15,1
2024-03-31,Ras Malai,Desserts,68,52,Sunday,1,0,Sunny,15,1
2024-03-31,Kheer,Desserts,55,38,Sunday,1,0,Sunny,15,1
2024-03-31,Kulfi,Desserts,56,43,Sunday,1,0,Sunny,15,1
2024-04-01,Paneer Butter Masala,Main Course,39,33,Monday,0,0,Cloudy,9,0
2024-04-01,Dal Makhani,Main Course,54,35,Monday,0,0,Cloudy,9,0
2024-04-01,Chicken Biryani,Main Course,41,35,Monday,0,0,Cloudy,9,0
2024-04-01,Mutton Rogan Josh,Main Course,43,34,Monday,0,0,Cloudy,9,0
2024-04-01,Paneer Tikka,Starters,54,42,Monday,0,0,Cloudy,9,0
2024-04-01,Chicken Tandoori,Starters,54,39,Monday,0,0,Cloudy,9,0
2024-04-01,Veg Spring Rolls,Starters,63,57,Monday,0,0,Cloudy,9,0
2024-04-01,Fish Amritsari,Starters,56,29,Monday,0,0,Cloudy,9,0
2024-04-01,Butter Naan,Breads,73,67,Monday,0,0,Cloudy,9,0
2024-04-01,Garlic Naan,Breads,77,72,Monday,0,0,Cloudy,9,0
2024-04-01,Tandoori Roti,Breads,80,72,Monday,0,0,Cloudy,9,0
2024-04-01,Gulab Jamun,Desserts,38,35,Monday,0,0,Cloudy,9,0
2024-04-01,Ras Malai,Desserts,37,24,Monday,0,0,Cloudy,9,0
2024-04-01,Kheer,Desserts,33,30,Monday,0,0,Cloudy,9,0
2024-04-01,Kulfi,Desserts,27,14,Monday,0,0,Cloudy,9,0
2024-04-02,Paneer Butter Masala,Main Course,47,43,Tuesday,0,0,Cloudy,9,0
2024-04-02,Dal Makhani,Main Course,49,42,Tuesday,0,0,Cloudy,9,0
2024-04-02,Chicken Biryani,Main Course,41,39,Tuesday,0,0,Cloudy,9,0
2024-04-02,Mutton Rogan Josh,Main Course,40,21,Tuesday,0,0,Cloudy,9,0
2024-04-02,Paneer Tikka,Starters,60,43,Tuesday,0,0,Cloudy,9,0
2024-04-02,Chicken Tandoori,Starters,56,43,Tuesday,0,0,Cloudy,9,0
2024-04-02,Veg Spring Rolls,Starters,63,52,Tuesday,0,0,Cloudy,9,0
2024-04-02,Fish Amritsari,Starters,49,28,Tuesday,0,0,Cloudy,9,0
2024-04-02,Butter Naan,Breads,75,62,Tuesday,0,0,Cloudy,9,0
2024-04-02,Garlic Naan,Breads,69,62,Tuesday,0,0,Cloudy,9,0
2024-04-02,Tandoori Roti,Breads,74,60,Tuesday,0,0,Cloudy,9,0
2024-04-02,Gulab Jamun,Desserts,39,36,Tuesday,0,0,Cloudy,9,0
2024-04-02,Ras Malai,Desserts,40,34,Tuesday,0,0,Cloudy,9,0
2024-04-02,Kheer,Desserts,34,24,Tuesday,0,0,Cloudy,9,0
2024-04-02,Kulfi,Desserts,28,21,Tuesday,0,0,Cloudy,9,0
2024-04-03,Paneer Butter Masala,Main Course,47,39,Wednesday,0,0,Cloudy,11,0
2024-04-03,Dal Makhani,Main Course,49,39,Wednesday,0,0,Cloudy,11,0
2024-04-03,Chicken Biryani,Main Course,41,11,Wednesday,0,0,Cloudy,11,0
2024-04-03,Mutton Rogan Josh,Main Course,41,23,Wednesday,0,0,Cloudy,11,0
2024-04-03,Paneer Tikka,Starters,58,44,Wednesday,0,0,Cloudy,11,0
2024-04-03,Chicken Tandoori,Starters,55,37,Wednesday,0,0,Cloudy,11,0
2024-04-03,Veg Spring Rolls,Starters,60,48,Wednesday,0,0,Cloudy,11,0
2024-04-03,Fish Amritsari,Starters,57,42,Wednesday,0,0,Cloudy,11,0
2024-04-03,Butter Naan,Breads,85,78,Wednesday,0,0,Cloudy,11,0
2024-04-03,Garlic Naan,Breads,76,59,Wednesday,0,0,Cloudy,11,0
2024-04-03,Tandoori Roti,Breads,75,54,Wednesday,0,0,Cloudy,11,0
2024-04-03,Gulab Jamun,Desserts,41,34,Wednesday,0,0,Cloudy,11,0
2024-04-03,Ras Malai,Desserts,41,27,Wednesday,0,0,Cloudy,11,0
2024-04-03,Kheer,Desserts,31,25,Wednesday,0,0,Cloudy,11,0
2024-04-03,Kulfi,Desserts,30,17,Wednesday,0,0,Cloudy,11,0
2024-04-04,Paneer Butter Masala,Main Course,41,33,Thursday,0,0,Cloudy,10,0
2024-04-04,Dal Makhani,Main Course,47,37,Thursday,0,0,Cloudy,10,0
2024-04-04,Chicken Biryani,Main Course,42,37,Thursday,0,0,Cloudy,10,0
2024-04-04,Mutton Rogan Josh,Main Course,44,29,Thursday,0,0,Cloudy,10,0
2024-04-04,Paneer Tikka,Starters,52,44,Thursday,0,0,Cloudy,10,0
2024-04-04,Chicken Tandoori,Starters,49,45,Thursday,0,0,Cloudy,10,0
2024-04-04,Veg Spring Rolls,Starters,56,49,Thursday,0,0,Cloudy,10,0
2024-04-04,Fish Amritsari,Starters,60,37,Thursday,0,0,Cloudy,10,0
2024-04-04,Butter Naan,Breads,81,66,Thursday,0,0,Cloudy,10,0
2024-04-04,Garlic Naan,Breads,70,50,Thursday,0,0,Cloudy,10,0
2024-04-04,Tandoori Roti,Breads,76,52,Thursday,0,0,Cloudy,10,0
2024-04-04,Gulab Jamun,Desserts,39,29,Thursday,0,0,Cloudy,10,0
2024-04-04,Ras Malai,Desserts,40,29,Thursday,0,0,Cloudy,10,0
2024-04-04,Kheer,Desserts,28,21,Thursday,0,0,Cloudy,10,0
2024-04-04,Kulfi,Desserts,27,20,Thursday,0,0,Cloudy,10,0
2024-04-05,Paneer Butter Masala,Main Course,77,43,Friday,0,0,Sunny,8,0
2024-04-05,Dal Makhani,Main Course,45,40,Friday,0,0,Sunny,8,0
2024-04-05,Chicken Biryani,Main Course,40,35,Friday,0,0,Sunny,8,0
2024-04-05,Mutton Rogan Josh,Main Course,70,24,Friday,0,0,Sunny,8,0
2024-04-05,Paneer Tikka,Starters,56,50,Friday,0,0,Sunny,8,0
2024-04-05,Chicken Tandoori,Starters,53,48,Friday,0,0,Sunny,8,0
2024-04-05,Veg Spring Rolls,Starters,60,53,Friday,0,0,Sunny,8,0
2024-04-05,Fish Amritsari,Starters,49,27,Friday,0,0,Sunny,8,0
2024-04-05,Butter Naan,Breads,69,60,Friday,0,0,Sunny,8,0
2024-04-05,Garlic Naan,Breads,73,49,Friday,0,0,Sunny,8,0
2024-04-05,Tandoori Roti,Breads,79,56,Friday,0,0,Sunny,8,0
2024-04-05,Gulab Jamun,Desserts,36,29,Friday,0,0,Sunny,8,0
2024-04-05,Ras Malai,Desserts,35,32,Friday,0,0,Sunny,8,0
2024-04-05,Kheer,Desserts,32,29,Friday,0,0,Sunny,8,0
2024-04-05,Kulfi,Desserts,32,25,Friday,0,0,Sunny,8,0
2024-04-06,Paneer Butter Masala,Main Course,65,61,Saturday,1,0,Sunny,12,1
2024-04-06,Dal Makhani,Main Course,78,57,Saturday,1,0,Sunny,12,1
2024-04-06,Chicken Biryani,Main Course,68,65,Saturday,1,0,Sunny,12,1
2024-04-06,Mutton Rogan Josh,Main Course,75,40,Saturday,1,0,Sunny,12,1
2024-04-06,Paneer Tikka,Starters,88,68,Saturday,1,0,Sunny,12,1
2024-04-06,Chicken Tandoori,Starters,85,80,Saturday,1,0,Sunny,12,1
2024-04-06,Veg Spring Rolls,Starters,96,76,Saturday,1,0,Sunny,12,1
2024-04-06,Fish Amritsari,Starters,101,74,Saturday,1,0,Sunny,12,1
2024-04-06,Butter Naan,Breads,141,122,Saturday,1,0,Sunny,12,1
2024-04-06,Garlic Naan,Breads,122,114,Saturday,1,0,Sunny,12,1
2024-04-06,Tandoori Roti,Breads,135,90,Saturday,1,0,Sunny,12,1
2024-04-06,Gulab Jamun,Desserts,66,51,Saturday,1,0,Sunny,12,1
2024-04-06,Ras Malai,Desserts,62,46,Saturday,1,0,Sunny,12,1
2024-04-06,Kheer,Desserts,47,30,Saturday,1,0,Sunny,12,1
2024-04-06,Kulfi,Desserts,47,36,Saturday,1,0,Sunny,12,1
2024-04-07,Paneer Butter Masala,Main Course,57,47,Sunday,1,0,Sunny,12,0
2024-04-07,Dal Makhani,Main Course,67,62,Sunday,1,0,Sunny,12,0
2024-04-07,Chicken Biryani,Main Course,66,54,Sunday,1,0,Sunny,12,0
2024-04-07,Mutton Rogan Josh,Main Course,52,40,Sunday,1,0,Sunny,12,0
2024-04-07,Paneer Tikka,Starters,72,66,Sunday,1,0,Sunny,12,0
2024-04-07,Chicken Tandoori,Starters,70,58,Sunday,1,0,Sunny,12,0
2024-04-07,Veg Spring Rolls,Starters,88,81,Sunday,1,0,Sunny,12,0
2024-04-07,Fish Amritsari,Starters,74,43,Sunday,1,0,Sunny,12,0
2024-04-07,Butter Naan,Breads,97,94,Sunday,1,0,Sunny,12,0
2024-04-07,Garlic Naan,Breads,102,78,Sunday,1,0,Sunny,12,0
2024-04-07,Tandoori Roti,Breads,124,99,Sunday,1,0,Sunny,12,0
2024-04-07,Gulab Jamun,Desserts,53,48,Sunday,1,0,Sunny,12,0
2024-04-07,Ras Malai,Desserts,49,43,Sunday,1,0,Sunny,12,0
2024-04-07,Kheer,Desserts,41,30,Sunday,1,0,Sunny,12,0
2024-04-07,Kulfi,Desserts,47,28,Sunday,1,0,Sunny,12,0
2024-04-08,Paneer Butter Masala,Main Course,47,41,Monday,0,0,Sunny,10,0
2024-04-08,Dal Makhani,Main Course,52,42,Monday,0,0,Sunny,10,0
2024-04-08,Chicken Biryani,Main Course,46,43,Monday,0,0,Sunny,10,0
2024-04-08,Mutton Rogan Josh,Main Course,38,23,Monday,0,0,Sunny,10,0
2024-04-08,Paneer Tikka,Starters,51,47,Monday,0,0,Sunny,10,0
2024-04-08,Chicken Tandoori,Starters,54,45,Monday,0,0,Sunny,10,0
2024-04-08,Veg Spring Rolls,Starters,61,55,Monday,0,0,Sunny,10,0
2024-04-08,Fish Amritsari,Starters,60,41,Monday,0,0,Sunny,10,0
2024-04-08,Butter Naan,Breads,82,75,Monday,0,0,Sunny,10,0
2024-04-08,Garlic Naan,Breads,68,53,Monday,0,0,Sunny,10,0
2024-04-08,Tandoori Roti,Breads,77,67,Monday,0,0,Sunny,10,0
2024-04-08,Gulab Jamun,Desserts,40,26,Monday,0,0,Sunny,10,0
2024-04-08,Ras Malai,Desserts,41,28,Monday,0,0,Sunny,10,0
2024-04-08,Kheer,Desserts,34,24,Monday,0,0,Sunny,10,0
2024-04-08,Kulfi,Desserts,30,20,Monday,0,0,Sunny,10,0
2024-04-09,Paneer Butter Masala,Main Course,42,38,Tuesday,0,0,Sunny,8,0
2024-04-09,Dal Makhani,Main Course,53,40,Tuesday,0,0,Sunny,8,0
2024-04-09,Chicken Biryani,Main Course,39,31,Tuesday,0,0,Sunny,8,0
2024-04-09,Mutton Rogan Josh,Main Course,40,29,Tuesday,0,0,Sunny,8,0
2024-04-09,Paneer Tikka,Starters,53,42,Tuesday,0,0,Sunny,8,0
2024-04-09,Chicken Tandoori,Starters,55,40,Tuesday,0,0,Sunny,8,0
2024-04-09,Veg Spring Rolls,Starters,52,34,Tuesday,0,0,Sunny,8,0
2024-04-09,Fish Amritsari,Starters,51,39,Tuesday,0,0,Sunny,8,0
2024-04-09,Butter Naan,Breads,85,77,Tuesday,0,0,Sunny,8,0
2024-04-09,Garlic Naan,Breads,83,73,Tuesday,0,0,Sunny,8,0
2024-04-09,Tandoori Roti,Breads,80,52,Tuesday,0,0,Sunny,8,0
2024-04-09,Gulab Jamun,Desserts,37,32,Tuesday,0,0,Sunny,8,0
2024-04-09,Ras Malai,Desserts,37,33,Tuesday,0,0,Sunny,8,0
2024-04-09,Kheer,Desserts,30,26,Tuesday,0,0,Sunny,8,0
2024-04-09,Kulfi,Desserts,34,23,Tuesday,0,0,Sunny,8,0
2024-04-10,Paneer Butter Masala,Main Course,39,33,Wednesday,0,0,Stormy,8,1
2024-04-10,Dal Makhani,Main Course,54,49,Wednesday,0,0,Stormy,8,1
2024-04-10,Chicken Biryani,Main Course,47,42,Wednesday,0,0,Stormy,8,1
2024-04-10,Mutton Rogan Josh,Main Course,46,32,Wednesday,0,0,Stormy,8,1
2024-04-10,Paneer Tikka,Starters,53,41,Wednesday,0,0,Stormy,8,1
2024-04-10,Chicken Tandoori,Starters,51,37,Wednesday,0,0,Stormy,8,1
2024-04-10,Veg Spring Rolls,Starters,57,46,Wednesday,0,0,Stormy,8,1
2024-04-10,Fish Amritsari,Starters,49,30,Wednesday,0,0,Stormy,8,1
2024-04-10,Butter Naan,Breads,76,64,Wednesday,0,0,Stormy,8,1
2024-04-10,Garlic Naan,Breads,69,45,Wednesday,0,0,Stormy,8,1
2024-04-10,Tandoori Roti,Breads,87,58,Wednesday,0,0,Stormy,8,1
2024-04-10,Gulab Jamun,Desserts,41,26,Wednesday,0,0,Stormy,8,1
2024-04-10,Ras Malai,Desserts,38,28,Wednesday,0,0,Stormy,8,1
2024-04-10,Kheer,Desserts,32,23,Wednesday,0,0,Stormy,8,1
2024-04-10,Kulfi,Desserts,31,19,Wednesday,0,0,Stormy,8,1
2024-04-11,Paneer Butter Masala,Main Course,49,39,Thursday,0,0,Sunny,12,1
2024-04-11,Dal Makhani,Main Course,60,43,Thursday,0,0,Sunny,12,1
2024-04-11,Chicken Biryani,Main Course,48,41,Thursday,0,0,Sunny,12,1
2024-04-11,Mutton Rogan Josh,Main Course,48,31,Thursday,0,0,Sunny,12,1
2024-04-11,Paneer Tikka,Starters,61,52,Thursday,0,0,Sunny,12,1
2024-04-11,Chicken Tandoori,Starters,55,44,Thursday,0,0,Sunny,12,1
2024-04-11,Veg Spring Rolls,Starters,68,45,Thursday,0,0,Sunny,12,1
2024-04-11,Fish Amritsari,Starters,73,46,Thursday,0,0,Sunny,12,1
2024-04-11,Butter Naan,Breads,93,88,Thursday,0,0,Sunny,12,1
2024-04-11,Garlic Naan,Breads,83,77,Thursday,0,0,Sunny,12,1
2024-04-11,Tandoori Roti,Breads,90,83,Thursday,0,0,Sunny,12,1
2024-04-11,Gulab Jamun,Desserts,44,34,Thursday,0,0,Sunny,12,1
2024-04-11,Ras Malai,Desserts,41,38,Thursday,0,0,Sunny,12,1
2024-04-11,Kheer,Desserts,41,33,Thursday,0,0,Sunny,12,1
2024-04-11,Kulfi,Desserts,37,23,Thursday,0,0,Sunny,12,1
2024-04-12,Paneer Butter Masala,Main Course,40,33,Friday,0,0,Cloudy,10,0
2024-04-12,Dal Makhani,Main Course,47,41,Friday,0,0,Cloudy,10,0
2024-04-12,Chicken Biryani,Main Course,47,41,Friday,0,0,Cloudy,10,0
2024-04-12,Mutton Rogan Josh,Main Course,45,26,Friday,0,0,Cloudy,10,0
2024-04-12,Paneer Tikka,Starters,56,39,Friday,0,0,Cloudy,10,0
2024-04-12,Chicken Tandoori,Starters,56,38,Friday,0,0,Cloudy,10,0
2024-04-12,Veg Spring Rolls,Starters,61,55,Friday,0,0,Cloudy,10,0
2024-04-12,Fish Amritsari,Starters,54,38,Friday,0,0,Cloudy,10,0
2024-04-12,Butter Naan,Breads,69,58,Friday,0,0,Cloudy,10,0
2024-04-12,Garlic Naan,Breads,81,62,Friday,0,0,Cloudy,10,0
2024-04-12,Tandoori Roti,Breads,87,58,Friday,0,0,Cloudy,10,0
2024-04-12,Gulab Jamun,Desserts,36,24,Friday,0,0,Cloudy,10,0
2024-04-12,Ras Malai,Desserts,38,35,Friday,0,0,Cloudy,10,0
2024-04-12,Kheer,Desserts,35,25,Friday,0,0,Cloudy,10,0
2024-04-12,Kulfi,Desserts,31,20,Friday,0,0,Cloudy,10,0
2024-04-13,Paneer Butter Masala,Main Course,64,59,Saturday,1,0,Sunny,14,0
2024-04-13,Dal Makhani,Main Course,60,49,Saturday,1,0,Sunny,14,0
2024-04-13,Chicken Biryani,Main Course,53,47,Saturday,1,0,Sunny,14,0
2024-04-13,Mutton Rogan Josh,Main Course,56,43,Saturday,1,0,Sunny,14,0
2024-04-13,Paneer Tikka,Starters,75,70,Saturday,1,0,Sunny,14,0
2024-04-13,Chicken Tandoori,Starters,76,56,Saturday,1,0,Sunny,14,0
2024-04-13,Veg Spring Rolls,Starters,76,66,Saturday,1,0,Sunny,14,0
2024-04-13,Fish Amritsari,Starters,76,58,Saturday,1,0,Sunny,14,0
2024-04-13,Butter Naan,Breads,99,80,Saturday,1,0,Sunny,14,0
2024-04-13,Garlic Naan,Breads,114,108,Saturday,1,0,Sunny,14,0
2024-04-13,Tandoori Roti,Breads,101,92,Saturday,1,0,Sunny,14,0
2024-04-13,Gulab Jamun,Desserts,60,55,Saturday,1,0,Sunny,14,0
2024-04-13,Ras Malai,Desserts,51,47,Saturday,1,0,Sunny,14,0
2024-04-13,Kheer,Desserts,46,38,Saturday,1,0,Sunny,14,0
2024-04-13,Kulfi,Desserts,41,30,Saturday,1,0,Sunny,14,0
2024-04-14,Paneer Butter Masala,Main Course,92,76,Sunday,1,1,Sunny,14,1
2024-04-14,Dal Makhani,Main Course,83,70,Sunday,1,1,Sunny,14,1
2024-04-14,Chicken Biryani,Main Course,76,63,Sunday,1,1,Sunny,14,1
2024-04-14,Mutton Rogan Josh,Main Course,84,58,Sunday,1,1,Sunny,14,1
2024-04-14,Paneer Tikka,Starters,119,84,Sunday,1,1,Sunny,14,1
2024-04-14,Chicken Tandoori,Starters,122,113,Sunday,1,1,Sunny,14,1
2024-04-14,Veg Spring Rolls,Starters,108,97,Sunday,1,1,Sunny,14,1
2024-04-14,Fish Amritsari,Starters,94,66,Sunday,1,1,Sunny,14,1
2024-04-14,Butter Naan,Breads,143,139,Sunday,1,1,Sunny,14,1
2024-04-14,Garlic Naan,Breads,153,131,Sunday,1,1,Sunny,14,1
2024-04-14,Tandoori Roti,Breads,163,115,Sunday,1,1,Sunny,14,1
2024-04-14,Gulab Jamun,Desserts,87,59,Sunday,1,1,Sunny,14,1
2024-04-14,Ras Malai,Desserts,72,53,Sunday,1,1,Sunny,14,1
2024-04-14,Kheer,Desserts,58,49,Sunday,1,1,Sunny,14,1
2024-04-14,Kulfi,Desserts,71,48,Sunday,1,1,Sunny,14,1
2024-04-15,Paneer Butter Masala,Main Course,45,41,Monday,0,0,Sunny,12,0
2024-04-15,Dal Makhani,Main Course,43,36,Monday,0,0,Sunny,12,0
2024-04-15,Chicken Biryani,Main Course,39,34,Monday,0,0,Sunny,12,0
2024-04-15,Mutton Rogan Josh,Main Course,40,20,Monday,0,0,Sunny,12,0
2024-04-15,Paneer Tikka,Starters,55,44,Monday,0,0,Sunny,12,0
2024-04-15,Chicken Tandoori,Starters,55,40,Monday,0,0,Sunny,12,0
2024-04-15,Veg Spring Rolls,Starters,59,46,Monday,0,0,Sunny,12,0
2024-04-15,Fish Amritsari,Starters,50,32,Monday,0,0,Sunny,12,0
2024-04-15,Butter Naan,Breads,85,71,Monday,0,0,Sunny,12,0
2024-04-15,Garlic Naan,Breads,82,74,Monday,0,0,Sunny,12,0
2024-04-15,Tandoori Roti,Breads,70,46,Monday,0,0,Sunny,12,0
2024-04-15,Gulab Jamun,Desserts,39,34,Monday,0,0,Sunny,12,0
2024-04-15,Ras Malai,Desserts,41,36,Monday,0,0,Sunny,12,0
2024-04-15,Kheer,Desserts,29,26,Monday,0,0,Sunny,12,0
2024-04-15,Kulfi,Desserts,30,17,Monday,0,0,Sunny,12,0
2024-04-16,Paneer Butter Masala,Main Course,45,43,Tuesday,0,0,Sunny,8,0
2024-04-16,Dal Makhani,Main Course,53,47,Tuesday,0,0,Sunny,8,0
2024-04-16,Chicken Biryani,Main Course,41,32,Tuesday,0,0,Sunny,8,0
2024-04-16,Mutton Rogan Josh,Main Course,73,29,Tuesday,0,0,Sunny,8,0
2024-04-16,Paneer Tikka,Starters,56,44,Tuesday,0,0,Sunny,8,0
2024-04-16,Chicken Tandoori,Starters,50,46,Tuesday,0,0,Sunny,8,0
2024-04-16,Veg Spring Rolls,Starters,51,39,Tuesday,0,0,Sunny,8,0
2024-04-16,Fish Amritsari,Starters,60,31,Tuesday,0,0,Sunny,8,0
2024-04-16,Butter Naan,Breads,81,76,Tuesday,0,0,Sunny,8,0
2024-04-16,Garlic Naan,Breads,77,71,Tuesday,0,0,Sunny,8,0
2024-04-16,Tandoori Roti,Breads,82,76,Tuesday,0,0,Sunny,8,0
2024-04-16,Gulab Jamun,Desserts,35,23,Tuesday,0,0,Sunny,8,0
2024-04-16,Ras Malai,Desserts,35,25,Tuesday,0,0,Sunny,8,0
2024-04-16,Kheer,Desserts,30,24,Tuesday,0,0,Sunny,8,0
2024-04-16,Kulfi,Desserts,29,19,Tuesday,0,0,Sunny,8,0
2024-04-17,Paneer Butter Masala,Main Course,41,39,Wednesday,0,0,Sunny,12,0
2024-04-17,Dal Makhani,Main Course,47,36,Wednesday,0,0,Sunny,12,0
2024-04-17,Chicken Biryani,Main Course,38,37,Wednesday,0,0,Sunny,12,0
2024-04-17,Mutton Rogan Josh,Main Course,43,32,Wednesday,0,0,Sunny,12,0
2024-04-17,Paneer Tikka,Starters,56,47,Wednesday,0,0,Sunny,12,0
2024-04-17,Chicken Tandoori,Starters,50,35,Wednesday,0,0,Sunny,12,0
2024-04-17,Veg Spring Rolls,Starters,61,53,Wednesday,0,0,Sunny,12,0
2024-04-17,Fish Amritsari,Starters,58,44,Wednesday,0,0,Sunny,12,0
2024-04-17,Butter Naan,Breads,83,71,Wednesday,0,0,Sunny,12,0
2024-04-17,Garlic Naan,Breads,81,52,Wednesday,0,0,Sunny,12,0
2024-04-17,Tandoori Roti,Breads,84,77,Wednesday,0,0,Sunny,12,0
2024-04-17,Gulab Jamun,Desserts,38,24,Wednesday,0,0,Sunny,12,0
2024-04-17,Ras Malai,Desserts,39,30,Wednesday,0,0,Sunny,12,0
2024-04-17,Kheer,Desserts,28,19,Wednesday,0,0,Sunny,12,0
2024-04-17,Kulfi,Desserts,33,26,Wednesday,0,0,Sunny,12,0
2024-04-18,Paneer Butter Masala,Main Course,34,29,Thursday,0,0,Stormy,12,0
2024-04-18,Dal Makhani,Main Course,45,39,Thursday,0,0,Stormy,12,0
2024-04-18,Chicken Biryani,Main Course,37,35,Thursday,0,0,Stormy,12,0
2024-04-18,Mutton Rogan Josh,Main Course,30,15,Thursday,0,0,Stormy,12,0
2024-04-18,Paneer Tikka,Starters,45,38,Thursday,0,0,Stormy,12,0
2024-04-18,Chicken Tandoori,Starters,41,35,Thursday,0,0,Stormy,12,0
2024-04-18,Veg Spring Rolls,Starters,47,32,Thursday,0,0,Stormy,12,0
2024-04-18,Fish Amritsari,Starters,47,35,Thursday,0,0,Stormy,12,0
2024-04-18,Butter Naan,Breads,59,53,Thursday,0,0,Stormy,12,0
2024-04-18,Garlic Naan,Breads,58,43,Thursday,0,0,Stormy,12,0
2024-04-18,Tandoori Roti,Breads,70,48,Thursday,0,0,Stormy,12,0
2024-04-18,Gulab Jamun,Desserts,36,23,Thursday,0,0,Stormy,12,0
2024-04-18,Ras Malai,Desserts,34,30,Thursday,0,0,Stormy,12,0
2024-04-18,Kheer,Desserts,28,19,Thursday,0,0,Stormy,12,0
2024-04-18,Kulfi,Desserts,28,16,Thursday,0,0,Stormy,12,0
2024-04-19,Paneer Butter Masala,Main Course,42,37,Friday,0,0,Cloudy,9,0
2024-04-19,Dal Makhani,Main Course,49,40,Friday,0,0,Cloudy,9,0
2024-04-19,Chicken Biryani,Main Course,38,36,Friday,0,0,Cloudy,9,0
2024-04-19,Mutton Rogan Josh,Main Course,40,29,Friday,0,0,Cloudy,9,0
2024-04-19,Paneer Tikka,Starters,54,48,Friday,0,0,Cloudy,9,0
2024-04-19,Chicken Tandoori,Starters,48,39,Friday,0,0,Cloudy,9,0
2024-04-19,Veg Spring Rolls,Starters,56,47,Friday,0,0,Cloudy,9,0
2024-04-19,Fish Amritsari,Starters,62,42,Friday,0,0,Cloudy,9,0
2024-04-19,Butter Naan,Breads,68,63,Friday,0,0,Cloudy,9,0
2024-04-19,Garlic Naan,Breads,68,51,Friday,0,0,Cloudy,9,0
2024-04-19,Tandoori Roti,Breads,71,66,Friday,0,0,Cloudy,9,0
2024-04-19,Gulab Jamun,Desserts,39,36,Friday,0,0,Cloudy,9,0
2024-04-19,Ras Malai,Desserts,33,28,Friday,0,0,Cloudy,9,0
2024-04-19,Kheer,Desserts,28,21,Friday,0,0,Cloudy,9,0
2024-04-19,Kulfi,Desserts,30,15,Friday,0,0,Cloudy,9,0
2024-04-20,Paneer Butter Masala,Main Course,77,69,Saturday,1,0,Cloudy,15,1
2024-04-20,Dal Makhani,Main Course,78,61,Saturday,1,0,Cloudy,15,1
2024-04-20,Chicken Biryani,Main Course,76,69,Saturday,1,0,Cloudy,15,1
2024-04-20,Mutton Rogan Josh,Main Course,62,35,Saturday,1,0,Cloudy,15,1
2024-04-20,Paneer Tikka,Starters,105,96,Saturday,1,0,Cloudy,15,1
2024-04-20,Chicken Tandoori,Starters,77,59,Saturday,1,0,Cloudy,15,1
2024-04-20,Veg Spring Rolls,Starters,99,72,Saturday,1,0,Cloudy,15,1
2024-04-20,Fish Amritsari,Starters,97,69,Saturday,1,0,Cloudy,15,1
2024-04-20,Butter Naan,Breads,125,107,Saturday,1,0,Cloudy,15,1
2024-04-20,Garlic Naan,Breads,129,101,Saturday,1,0,Cloudy,15,1
2024-04-20,Tandoori Roti,Breads,118,110,Saturday,1,0,Cloudy,15,1
2024-04-20,Gulab Jamun,Desserts,74,48,Saturday,1,0,Cloudy,15,1
2024-04-20,Ras Malai,Desserts,59,45,Saturday,1,0,Cloudy,15,1
2024-04-20,Kheer,Desserts,46,42,Saturday,1,0,Cloudy,15,1
2024-04-20,Kulfi,Desserts,48,25,Saturday,1,0,Cloudy,15,1
2024-04-21,Paneer Butter Masala,Main Course,58,48,Sunday,1,0,Sunny,16,0
2024-04-21,Dal Makhani,Main Course,67,48,Sunday,1,0,Sunny,16,0
2024-04-21,Chicken Biryani,Main Course,66,59,Sunday,1,0,Sunny,16,0
2024-04-21,Mutton Rogan Josh,Main Course,56,35,Sunday,1,0,Sunny,16,0
2024-04-21,Paneer Tikka,Starters,77,63,Sunday,1,0,Sunny,16,0
2024-04-21,Chicken Tandoori,Starters,70,49,Sunday,1,0,Sunny,16,0
2024-04-21,Veg Spring Rolls,Starters,79,65,Sunday,1,0,Sunny,16,0
2024-04-21,Fish Amritsari,Starters,84,53,Sunday,1,0,Sunny,16,0
2024-04-21,Butter Naan,Breads,117,111,Sunday,1,0,Sunny,16,0
2024-04-21,Garlic Naan,Breads,94,69,Sunday,1,0,Sunny,16,0
2024-04-21,Tandoori Roti,Breads,106,84,Sunday,1,0,Sunny,16,0
2024-04-21,Gulab Jamun,Desserts,52,35,Sunday,1,0,Sunny,16,0
2024-04-21,Ras Malai,Desserts,49,31,Sunday,1,0,Sunny,16,0
2024-04-21,Kheer,Desserts,49,34,Sunday,1,0,Sunny,16,0
2024-04-21,Kulfi,Desserts,37,18,Sunday,1,0,Sunny,16,0
2024-04-22,Paneer Butter Masala,Main Course,42,33,Monday,0,0,Sunny,12,0
2024-04-22,Dal Makhani,Main Course,49,44,Monday,0,0,Sunny,12,0
2024-04-22,Chicken Biryani,Main Course,40,34,Monday,0,0,Sunny,12,0
2024-04-22,Mutton Rogan Josh,Main Course,41,25,Monday,0,0,Sunny,12,0
2024-04-22,Paneer Tikka,Starters,60,47,Monday,0,0,Sunny,12,0
2024-04-22,Chicken Tandoori,Starters,52,37,Monday,0,0,Sunny,12,0
2024-04-22,Veg Spring Rolls,Starters,51,48,Monday,0,0,Sunny,12,0
2024-04-22,Fish Amritsari,Starters,53,40,Monday,0,0,Sunny,12,0
2024-04-22,Butter Naan,Breads,69,58,Monday,0,0,Sunny,12,0
2024-04-22,Garlic Naan,Breads,69,53,Monday,0,0,Sunny,12,0
2024-04-22,Tandoori Roti,Breads,73,49,Monday,0,0,Sunny,12,0
2024-04-22,Gulab Jamun,Desserts,43,39,Monday,0,0,Sunny,12,0
2024-04-22,Ras Malai,Desserts,40,35,Monday,0,0,Sunny,12,0
2024-04-22,Kheer,Desserts,29,19,Monday,0,0,Sunny,12,0
2024-04-22,Kulfi,Desserts,29,17,Monday,0,0,Sunny,12,0
2024-04-23,Paneer Butter Masala,Main Course,49,46,Tuesday,0,0,Sunny,8,0
2024-04-23,Dal Makhani,Main Course,45,30,Tuesday,0,0,Sunny,8,0
2024-04-23,Chicken Biryani,Main Course,46,44,Tuesday,0,0,Sunny,8,0
2024-04-23,Mutton Rogan Josh,Main Course,43,24,Tuesday,0,0,Sunny,8,0
2024-04-23,Paneer Tikka,Starters,52,34,Tuesday,0,0,Sunny,8,0
2024-04-23,Chicken Tandoori,Starters,56,40,Tuesday,0,0,Sunny,8,0
2024-04-23,Veg Spring Rolls,Starters,50,33,Tuesday,0,0,Sunny,8,0
2024-04-23,Fish Amritsari,Starters,54,31,Tuesday,0,0,Sunny,8,0
2024-04-23,Butter Naan,Breads,82,70,Tuesday,0,0,Sunny,8,0
2024-04-23,Garlic Naan,Breads,83,61,Tuesday,0,0,Sunny,8,0
2024-04-23,Tandoori Roti,Breads,83,76,Tuesday,0,0,Sunny,8,0
2024-04-23,Gulab Jamun,Desserts,44,36,Tuesday,0,0,Sunny,8,0
2024-04-23,Ras Malai,Desserts,39,33,Tuesday,0,0,Sunny,8,0
2024-04-23,Kheer,Desserts,35,23,Tuesday,0,0,Sunny,8,0
2024-04-23,Kulfi,Desserts,33,23,Tuesday,0,0,Sunny,8,0
2024-04-24,Paneer Butter Masala,Main Course,45,39,Wednesday,0,0,Cloudy,11,0
2024-04-24,Dal Makhani,Main Course,53,42,Wednesday,0,0,Cloudy,11,0
2024-04-24,Chicken Biryani,Main Course,42,36,Wednesday,0,0,Cloudy,11,0
2024-04-24,Mutton Rogan Josh,Main Course,41,24,Wednesday,0,0,Cloudy,11,0
2024-04-24,Paneer Tikka,Starters,51,45,Wednesday,0,0,Cloudy,11,0
2024-04-24,Chicken Tandoori,Starters,55,41,Wednesday,0,0,Cloudy,11,0
2024-04-24,Veg Spring Rolls,Starters,54,35,Wednesday,0,0,Cloudy,11,0
2024-04-24,Fish Amritsari,Starters,49,24,Wednesday,0,0,Cloudy,11,0
2024-04-24,Butter Naan,Breads,70,68,Wednesday,0,0,Cloudy,11,0
2024-04-24,Garlic Naan,Breads,74,55,Wednesday,0,0,Cloudy,11,0
2024-04-24,Tandoori Roti,Breads,80,67,Wednesday,0,0,Cloudy,11,0
2024-04-24,Gulab Jamun,Desserts,58,33,Wednesday,0,0,Cloudy,11,0
2024-04-24,Ras Malai,Desserts,35,25,Wednesday,0,0,Cloudy,11,0
2024-04-24,Kheer,Desserts,28,20,Wednesday,0,0,Cloudy,11,0
2024-04-24,Kulfi,Desserts,32,24,Wednesday,0,0,Cloudy,11,0
2024-04-25,Paneer Butter Masala,Main Course,46,44,Thursday,0,0,Cloudy,9,0
2024-04-25,Dal Makhani,Main Course,53,48,Thursday,0,0,Cloudy,9,0
2024-04-25,Chicken Biryani,Main Course,48,46,Thursday,0,0,Cloudy,9,0
2024-04-25,Mutton Rogan Josh,Main Course,40,29,Thursday,0,0,Cloudy,9,0
2024-04-25,Paneer Tikka,Starters,51,45,Thursday,0,0,Cloudy,9,0
2024-04-25,Chicken Tandoori,Starters,51,44,Thursday,0,0,Cloudy,9,0
2024-04-25,Veg Spring Rolls,Starters,54,50,Thursday,0,0,Cloudy,9,0
2024-04-25,Fish Amritsari,Starters,52,29,Thursday,0,0,Cloudy,9,0
2024-04-25,Butter Naan,Breads,73,59,Thursday,0,0,Cloudy,9,0
2024-04-25,Garlic Naan,Breads,67,46,Thursday,0,0,Cloudy,9,0
2024-04-25,Tandoori Roti,Breads,74,65,Thursday,0,0,Cloudy,9,0
2024-04-25,Gulab Jamun,Desserts,38,32,Thursday,0,0,Cloudy,9,0
2024-04-25,Ras Malai,Desserts,42,34,Thursday,0,0,Cloudy,9,0
2024-04-25,Kheer,Desserts,33,27,Thursday,0,0,Cloudy,9,0
2024-04-25,Kulfi,Desserts,27,20,Thursday,0,0,Cloudy,9,0
2024-04-26,Paneer Butter Masala,Main Course,48,44,Friday,0,0,Sunny,12,0
2024-04-26,Dal Makhani,Main Course,44,37,Friday,0,0,Sunny,12,0
2024-04-26,Chicken Biryani,Main Course,42,40,Friday,0,0,Sunny,12,0
2024-04-26,Mutton Rogan Josh,Main Course,44,35,Friday,0,0,Sunny,12,0
2024-04-26,Paneer Tikka,Starters,53,38,Friday,0,0,Sunny,12,0
2024-04-26,Chicken Tandoori,Starters,57,40,Friday,0,0,Sunny,12,0
2024-04-26,Veg Spring Rolls,Starters,123,45,Friday,0,0,Sunny,12,0
2024-04-26,Fish Amritsari,Starters,50,39,Friday,0,0,Sunny,12,0
2024-04-26,Butter Naan,Breads,84,72,Friday,0,0,Sunny,12,0
2024-04-26,Garlic Naan,Breads,73,62,Friday,0,0,Sunny,12,0
2024-04-26,Tandoori Roti,Breads,71,50,Friday,0,0,Sunny,12,0
2024-04-26,Gulab Jamun,Desserts,38,32,Friday,0,0,Sunny,12,0
2024-04-26,Ras Malai,Desserts,33,24,Friday,0,0,Sunny,12,0
2024-04-26,Kheer,Desserts,33,21,Friday,0,0,Sunny,12,0
2024-04-26,Kulfi,Desserts,30,17,Friday,0,0,Sunny,12,0
2024-04-27,Paneer Butter Masala,Main Course,65,58,Saturday,1,0,Rainy,13,1
2024-04-27,Dal Makhani,Main Course,74,48,Saturday,1,0,Rainy,13,1
2024-04-27,Chicken Biryani,Main Course,63,55,Saturday,1,0,Rainy,13,1
2024-04-27,Mutton Rogan Josh,Main Course,57,28,Saturday,1,0,Rainy,13,1
2024-04-27,Paneer Tikka,Starters,93,73,Saturday,1,0,Rainy,13,1
2024-04-27,Chicken Tandoori,Starters,82,54,Saturday,1,0,Rainy,13,1
2024-04-27,Veg Spring Rolls,Starters,95,82,Saturday,1,0,Rainy,13,1
2024-04-27,Fish Amritsari,Starters,95,52,Saturday,1,0,Rainy,13,1
2024-04-27,Butter Naan,Breads,111,98,Saturday,1,0,Rainy,13,1
2024-04-27,Garlic Naan,Breads,113,93,Saturday,1,0,Rainy,13,1
2024-04-27,Tandoori Roti,Breads,133,88,Saturday,1,0,Rainy,13,1
2024-04-27,Gulab Jamun,Desserts,56,51,Saturday,1,0,Rainy,13,1
2024-04-27,Ras Malai,Desserts,51,35,Saturday,1,0,Rainy,13,1
2024-04-27,Kheer,Desserts,45,29,Saturday,1,0,Rainy,13,1
2024-04-27,Kulfi,Desserts,50,38,Saturday,1,0,Rainy,13,1
2024-04-28,Paneer Butter Masala,Main Course,62,58,Sunday,1,0,Sunny,14,0
2024-04-28,Dal Makhani,Main Course,63,41,Sunday,1,0,Sunny,14,0
2024-04-28,Chicken Biryani,Main Course,56,50,Sunday,1,0,Sunny,14,0
2024-04-28,Mutton Rogan Josh,Main Course,61,41,Sunday,1,0,Sunny,14,0
2024-04-28,Paneer Tikka,Starters,87,81,Sunday,1,0,Sunny,14,0
2024-04-28,Chicken Tandoori,Starters,64,44,Sunday,1,0,Sunny,14,0
2024-04-28,Veg Spring Rolls,Starters,74,55,Sunday,1,0,Sunny,14,0
2024-04-28,Fish Amritsari,Starters,72,51,Sunday,1,0,Sunny,14,0
2024-04-28,Butter Naan,Breads,98,85,Sunday,1,0,Sunny,14,0
2024-04-28,Garlic Naan,Breads,104,76,Sunday,1,0,Sunny,14,0
2024-04-28,Tandoori Roti,Breads,114,93,Sunday,1,0,Sunny,14,0
2024-04-28,Gulab Jamun,Desserts,49,32,Sunday,1,0,Sunny,14,0
2024-04-28,Ras Malai,Desserts,56,51,Sunday,1,0,Sunny,14,0
2024-04-28,Kheer,Desserts,49,44,Sunday,1,0,Sunny,14,0
2024-04-28,Kulfi,Desserts,46,35,Sunday,1,0,Sunny,14,0
2024-04-29,Paneer Butter Masala,Main Course,32,29,Monday,0,0,Stormy,8,0
2024-04-29,Dal Makhani,Main Course,45,35,Monday,0,0,Stormy,8,0
2024-04-29,Chicken Biryani,Main Course,38,34,Monday,0,0,Stormy,8,0
2024-04-29,Mutton Rogan Josh,Main Course,32,17,Monday,0,0,Stormy,8,0
2024-04-29,Paneer Tikka,Starters,49,32,Monday,0,0,Stormy,8,0
2024-04-29,Chicken Tandoori,Starters,45,38,Monday,0,0,Stormy,8,0
2024-04-29,Veg Spring Rolls,Starters,54,47,Monday,0,0,Stormy,8,0
2024-04-29,Fish Amritsari,Starters,43,28,Monday,0,0,Stormy,8,0
2024-04-29,Butter Naan,Breads,71,60,Monday,0,0,Stormy,8,0
2024-04-29,Garlic Naan,Breads,63,56,Monday,0,0,Stormy,8,0
2024-04-29,Tandoori Roti,Breads,60,39,Monday,0,0,Stormy,8,0
2024-04-29,Gulab Jamun,Desserts,38,33,Monday,0,0,Stormy,8,0
2024-04-29,Ras Malai,Desserts,35,26,Monday,0,0,Stormy,8,0
2024-04-29,Kheer,Desserts,26,20,Monday,0,0,Stormy,8,0
2024-04-29,Kulfi,Desserts,25,14,Monday,0,0,Stormy,8,0
2024-04-30,Paneer Butter Masala,Main Course,41,39,Tuesday,0,0,Rainy,12,0
2024-04-30,Dal Makhani,Main Course,44,28,Tuesday,0,0,Rainy,12,0
2024-04-30,Chicken Biryani,Main Course,37,33,Tuesday,0,0,Rainy,12,0
2024-04-30,Mutton Rogan Josh,Main Course,39,29,Tuesday,0,0,Rainy,12,0
2024-04-30,Paneer Tikka,Starters,55,37,Tuesday,0,0,Rainy,12,0
2024-04-30,Chicken Tandoori,Starters,52,36,Tuesday,0,0,Rainy,12,0
2024-04-30,Veg Spring Rolls,Starters,58,43,Tuesday,0,0,Rainy,12,0
2024-04-30,Fish Amritsari,Starters,48,38,Tuesday,0,0,Rainy,12,0
2024-04-30,Butter Naan,Breads,72,57,Tuesday,0,0,Rainy,12,0
2024-04-30,Garlic Naan,Breads,69,48,Tuesday,0,0,Rainy,12,0
2024-04-30,Tandoori Roti,Breads,66,55,Tuesday,0,0,Rainy,12,0
2024-04-30,Gulab Jamun,Desserts,32,23,Tuesday,0,0,Rainy,12,0
2024-04-30,Ras Malai,Desserts,36,31,Tuesday,0,0,Rainy,12,0
2024-04-30,Kheer,Desserts,27,19,Tuesday,0,0,Rainy,12,0
2024-04-30,Kulfi,Desserts,28,15,Tuesday,0,0,Rainy,12,0
2024-05-01,Paneer Butter Masala,Main Course,69,66,Wednesday,0,1,Sunny,9,1
2024-05-01,Dal Makhani,Main Course,68,51,Wednesday,0,1,Sunny,9,1
2024-05-01,Chicken Biryani,Main Course,66,53,Wednesday,0,1,Sunny,9,1
2024-05-01,Mutton Rogan Josh,Main Course,55,30,Wednesday,0,1,Sunny,9,1
2024-05-01,Paneer Tikka,Starters,77,61,Wednesday,0,1,Sunny,9,1
2024-05-01,Chicken Tandoori,Starters,74,69,Wednesday,0,1,Sunny,9,1
2024-05-01,Veg Spring Rolls,Starters,83,57,Wednesday,0,1,Sunny,9,1
2024-05-01,Fish Amritsari,Starters,92,68,Wednesday,0,1,Sunny,9,1
2024-05-01,Butter Naan,Breads,110,103,Wednesday,0,1,Sunny,9,1
2024-05-01,Garlic Naan,Breads,136,102,Wednesday,0,1,Sunny,9,1
2024-05-01,Tandoori Roti,Breads,129,97,Wednesday,0,1,Sunny,9,1
2024-05-01,Gulab Jamun,Desserts,58,54,Wednesday,0,1,Sunny,9,1
2024-05-01,Ras Malai,Desserts,47,37,Wednesday,0,1,Sunny,9,1
2024-05-01,Kheer,Desserts,49,34,Wednesday,0,1,Sunny,9,1
2024-05-01,Kulfi,Desserts,46,32,Wednesday,0,1,Sunny,9,1
2024-05-02,Paneer Butter Masala,Main Course,41,36,Thursday,0,0,Sunny,10,0
2024-05-02,Dal Makhani,Main Course,49,41,Thursday,0,0,Sunny,10,0
2024-05-02,Chicken Biryani,Main Course,42,39,Thursday,0,0,Sunny,10,0
2024-05-02,Mutton Rogan Josh,Main Course,39,27,Thursday,0,0,Sunny,10,0
2024-05-02,Paneer Tikka,Starters,62,43,Thursday,0,0,Sunny,10,0
2024-05-02,Chicken Tandoori,Starters,53,38,Thursday,0,0,Sunny,10,0
2024-05-02,Veg Spring Rolls,Starters,56,51,Thursday,0,0,Sunny,10,0
2024-05-02,Fish Amritsari,Starters,51,40,Thursday,0,0,Sunny,10,0
2024-05-02,Butter Naan,Breads,71,59,Thursday,0,0,Sunny,10,0
2024-05-02,Garlic Naan,Breads,67,55,Thursday,0,0,Sunny,10,0
2024-05-02,Tandoori Roti,Breads,75,64,Thursday,0,0,Sunny,10,0
2024-05-02,Gulab Jamun,Desserts,35,27,Thursday,0,0,Sunny,10,0
2024-05-02,Ras Malai,Desserts,40,31,Thursday,0,0,Sunny,10,0
2024-05-02,Kheer,Desserts,34,26,Thursday,0,0,Sunny,10,0
2024-05-02,Kulfi,Desserts,31,19,Thursday,0,0,Sunny,10,0
2024-05-03,Paneer Butter Masala,Main Course,49,40,Friday,0,0,Sunny,10,0
2024-05-03,Dal Makhani,Main Course,53,40,Friday,0,0,Sunny,10,0
2024-05-03,Chicken Biryani,Main Course,48,46,Friday,0,0,Sunny,10,0
2024-05-03,Mutton Rogan Josh,Main Course,71,25,Friday,0,0,Sunny,10,0
2024-05-03,Paneer Tikka,Starters,57,40,Friday,0,0,Sunny,10,0
2024-05-03,Chicken Tandoori,Starters,46,39,Friday,0,0,Sunny,10,0
2024-05-03,Veg Spring Rolls,Starters,50,44,Friday,0,0,Sunny,10,0
2024-05-03,Fish Amritsari,Starters,53,31,Friday,0,0,Sunny,10,0
2024-05-03,Butter Naan,Breads,71,65,Friday,0,0,Sunny,10,0
2024-05-03,Garlic Naan,Breads,77,64,Friday,0,0,Sunny,10,0
2024-05-03,Tandoori Roti,Breads,79,64,Friday,0,0,Sunny,10,0
2024-05-03,Gulab Jamun,Desserts,38,27,Friday,0,0,Sunny,10,0
2024-05-03,Ras Malai,Desserts,40,32,Friday,0,0,Sunny,10,0
2024-05-03,Kheer,Desserts,34,25,Friday,0,0,Sunny,10,0
2024-05-03,Kulfi,Desserts,33,21,Friday,0,0,Sunny,10,0
2024-05-04,Paneer Butter Masala,Main Course,68,62,Saturday,1,0,Sunny,10,0
2024-05-04,Dal Makhani,Main Course,71,55,Saturday,1,0,Sunny,10,0
2024-05-04,Chicken Biryani,Main Course,60,51,Saturday,1,0,Sunny,10,0
2024-05-04,Mutton Rogan Josh,Main Course,52,30,Saturday,1,0,Sunny,10,0
2024-05-04,Paneer Tikka,Starters,75,65,Saturday,1,0,Sunny,10,0
2024-05-04,Chicken Tandoori,Starters,76,60,Saturday,1,0,Sunny,10,0
2024-05-04,Veg Spring Rolls,Starters,85,60,Saturday,1,0,Sunny,10,0
2024-05-04,Fish Amritsari,Starters,74,45,Saturday,1,0,Sunny,10,0
2024-05-04,Butter Naan,Breads,115,108,Saturday,1,0,Sunny,10,0
2024-05-04,Garlic Naan,Breads,185,73,Saturday,1,0,Sunny,10,0
2024-05-04,Tandoori Roti,Breads,105,76,Saturday,1,0,Sunny,10,0
2024-05-04,Gulab Jamun,Desserts,62,42,Saturday,1,0,Sunny,10,0
2024-05-04,Ras Malai,Desserts,56,42,Saturday,1,0,Sunny,10,0
2024-05-04,Kheer,Desserts,42,35,Saturday,1,0,Sunny,10,0
2024-05-04,Kulfi,Desserts,43,22,Saturday,1,0,Sunny,10,0
2024-05-05,Paneer Butter Masala,Main Course,56,49,Sunday,1,0,Sunny,12,0
2024-05-05,Dal Makhani,Main Course,69,60,Sunday,1,0,Sunny,12,0
2024-05-05,Chicken Biryani,Main Course,60,55,Sunday,1,0,Sunny,12,0
2024-05-05,Mutton Rogan Josh,Main Course,50,29,Sunday,1,0,Sunny,12,0
2024-05-05,Paneer Tikka,Starters,76,59,Sunday,1,0,Sunny,12,0
2024-05-05,Chicken Tandoori,Starters,68,63,Sunday,1,0,Sunny,12,0
2024-05-05,Veg Spring Rolls,Starters,78,59,Sunday,1,0,Sunny,12,0
2024-05-05,Fish Amritsari,Starters,79,26,Sunday,1,0,Sunny,12,0
2024-05-05,Butter Naan,Breads,109,105,Sunday,1,0,Sunny,12,0
2024-05-05,Garlic Naan,Breads,116,83,Sunday,1,0,Sunny,12,0
2024-05-05,Tandoori Roti,Breads,118,109,Sunday,1,0,Sunny,12,0
2024-05-05,Gulab Jamun,Desserts,49,45,Sunday,1,0,Sunny,12,0
2024-05-05,Ras Malai,Desserts,55,43,Sunday,1,0,Sunny,12,0
2024-05-05,Kheer,Desserts,39,32,Sunday,1,0,Sunny,12,0
2024-05-05,Kulfi,Desserts,46,14,Sunday,1,0,Sunny,12,0
2024-05-06,Paneer Butter Masala,Main Course,85,44,Monday,0,0,Sunny,12,0
2024-05-06,Dal Makhani,Main Course,52,48,Monday,0,0,Sunny,12,0
2024-05-06,Chicken Biryani,Main Course,47,45,Monday,0,0,Sunny,12,0
2024-05-06,Mutton Rogan Josh,Main Course,36,22,Monday,0,0,Sunny,12,0
2024-05-06,Paneer Tikka,Starters,55,38,Monday,0,0,Sunny,12,0
2024-05-06,Chicken Tandoori,Starters,52,41,Monday,0,0,Sunny,12,0
2024-05-06,Veg Spring Rolls,Starters,57,42,Monday,0,0,Sunny,12,0
2024-05-06,Fish Amritsari,Starters,48,31,Monday,0,0,Sunny,12,0
2024-05-06,Butter Naan,Breads,70,61,Monday,0,0,Sunny,12,0
2024-05-06,Garlic Naan,Breads,82,53,Monday,0,0,Sunny,12,0
2024-05-06,Tandoori Roti,Breads,89,73,Monday,0,0,Sunny,12,0
2024-05-06,Gulab Jamun,Desserts,43,38,Monday,0,0,Sunny,12,0
2024-05-06,Ras Malai,Desserts,39,25,Monday,0,0,Sunny,12,0
2024-05-06,Kheer,Desserts,30,20,Monday,0,0,Sunny,12,0
2024-05-06,Kulfi,Desserts,27,14,Monday,0,0,Sunny,12,0
2024-05-07,Paneer Butter Masala,Main Course,43,41,Tuesday,0,0,Cloudy,8,0
2024-05-07,Dal Makhani,Main Course,53,46,Tuesday,0,0,Cloudy,8,0
2024-05-07,Chicken Biryani,Main Course,81,40,Tuesday,0,0,Cloudy,8,0
2024-05-07,Mutton Rogan Josh,Main Course,36,20,Tuesday,0,0,Cloudy,8,0
2024-05-07,Paneer Tikka,Starters,53,44,Tuesday,0,0,Cloudy,8,0
2024-05-07,Chicken Tandoori,Starters,54,48,Tuesday,0,0,Cloudy,8,0
2024-05-07,Veg Spring Rolls,Starters,56,45,Tuesday,0,0,Cloudy,8,0
2024-05-07,Fish Amritsari,Starters,53,29,Tuesday,0,0,Cloudy,8,0
2024-05-07,Butter Naan,Breads,81,68,Tuesday,0,0,Cloudy,8,0
2024-05-07,Garlic Naan,Breads,76,63,Tuesday,0,0,Cloudy,8,0
2024-05-07,Tandoori Roti,Breads,86,73,Tuesday,0,0,Cloudy,8,0
2024-05-07,Gulab Jamun,Desserts,41,35,Tuesday,0,0,Cloudy,8,0
2024-05-07,Ras Malai,Desserts,34,31,Tuesday,0,0,Cloudy,8,0
2024-05-07,Kheer,Desserts,32,21,Tuesday,0,0,Cloudy,8,0
2024-05-07,Kulfi,Desserts,32,21,Tuesday,0,0,Cloudy,8,0
2024-05-08,Paneer Butter Masala,Main Course,41,33,Wednesday,0,0,Sunny,12,0
2024-05-08,Dal Makhani,Main Course,44,29,Wednesday,0,0,Sunny,12,0
2024-05-08,Chicken Biryani,Main Course,44,42,Wednesday,0,0,Sunny,12,0
2024-05-08,Mutton Rogan Josh,Main Course,41,27,Wednesday,0,0,Sunny,12,0
2024-05-08,Paneer Tikka,Starters,56,42,Wednesday,0,0,Sunny,12,0
2024-05-08,Chicken Tandoori,Starters,55,43,Wednesday,0,0,Sunny,12,0
2024-05-08,Veg Spring Rolls,Starters,62,53,Wednesday,0,0,Sunny,12,0
2024-05-08,Fish Amritsari,Starters,52,30,Wednesday,0,0,Sunny,12,0
2024-05-08,Butter Naan,Breads,75,72,Wednesday,0,0,Sunny,12,0
2024-05-08,Garlic Naan,Breads,77,50,Wednesday,0,0,Sunny,12,0
2024-05-08,Tandoori Roti,Breads,88,79,Wednesday,0,0,Sunny,12,0
2024-05-08,Gulab Jamun,Desserts,37,34,Wednesday,0,0,Sunny,12,0
2024-05-08,Ras Malai,Desserts,36,28,Wednesday,0,0,Sunny,12,0
2024-05-08,Kheer,Desserts,31,20,Wednesday,0,0,Sunny,12,0
2024-05-08,Kulfi,Desserts,32,20,Wednesday,0,0,Sunny,12,0
2024-05-09,Paneer Butter Masala,Main Course,42,36,Thursday,0,0,Cloudy,8,0
2024-05-09,Dal Makhani,Main Course,44,33,Thursday,0,0,Cloudy,8,0
2024-05-09,Chicken Biryani,Main Course,44,35,Thursday,0,0,Cloudy,8,0
2024-05-09,Mutton Rogan Josh,Main Course,41,24,Thursday,0,0,Cloudy,8,0
2024-05-09,Paneer Tikka,Starters,55,45,Thursday,0,0,Cloudy,8,0
2024-05-09,Chicken Tandoori,Starters,53,36,Thursday,0,0,Cloudy,8,0
2024-05-09,Veg Spring Rolls,Starters,61,43,Thursday,0,0,Cloudy,8,0
2024-05-09,Fish Amritsari,Starters,55,35,Thursday,0,0,Cloudy,8,0
2024-05-09,Butter Naan,Breads,79,76,Thursday,0,0,Cloudy,8,0
2024-05-09,Garlic Naan,Breads,76,64,Thursday,0,0,Cloudy,8,0
2024-05-09,Tandoori Roti,Breads,88,68,Thursday,0,0,Cloudy,8,0
2024-05-09,Gulab Jamun,Desserts,44,31,Thursday,0,0,Cloudy,8,0
2024-05-09,Ras Malai,Desserts,35,30,Thursday,0,0,Cloudy,8,0
2024-05-09,Kheer,Desserts,30,23,Thursday,0,0,Cloudy,8,0
2024-05-09,Kulfi,Desserts,28,18,Thursday,0,0,Cloudy,8,0
2024-05-10,Paneer Butter Masala,Main Course,47,39,Friday,0,0,Sunny,8,0
2024-05-10,Dal Makhani,Main Course,50,37,Friday,0,0,Sunny,8,0
2024-05-10,Chicken Biryani,Main Course,41,36,Friday,0,0,Sunny,8,0
2024-05-10,Mutton Rogan Josh,Main Course,39,25,Friday,0,0,Sunny,8,0
2024-05-10,Paneer Tikka,Starters,55,37,Friday,0,0,Sunny,8,0
2024-05-10,Chicken Tandoori,Starters,45,39,Friday,0,0,Sunny,8,0
2024-05-10,Veg Spring Rolls,Starters,58,47,Friday,0,0,Sunny,8,0
2024-05-10,Fish Amritsari,Starters,49,26,Friday,0,0,Sunny,8,0
2024-05-10,Butter Naan,Breads,77,64,Friday,0,0,Sunny,8,0
2024-05-10,Garlic Naan,Breads,83,65,Friday,0,0,Sunny,8,0
2024-05-10,Tandoori Roti,Breads,79,56,Friday,0,0,Sunny,8,0
2024-05-10,Gulab Jamun,Desserts,36,28,Friday,0,0,Sunny,8,0
2024-05-10,Ras Malai,Desserts,34,31,Friday,0,0,Sunny,8,0
2024-05-10,Kheer,Desserts,29,24,Friday,0,0,Sunny,8,0
2024-05-10,Kulfi,Desserts,42,20,Friday,0,0,Sunny,8,0
2024-05-11,Paneer Butter Masala,Main Course,55,49,Saturday,1,0,Sunny,13,0
2024-05-11,Dal Makhani,Main Course,76,58,Saturday,1,0,Sunny,13,0
2024-05-11,Chicken Biryani,Main Course,63,51,Saturday,1,0,Sunny,13,0
2024-05-11,Mutton Rogan Josh,Main Course,60,30,Saturday,1,0,Sunny,13,0
2024-05-11,Paneer Tikka,Starters,84,63,Saturday,1,0,Sunny,13,0
2024-05-11,Chicken Tandoori,Starters,75,59,Saturday,1,0,Sunny,13,0
2024-05-11,Veg Spring Rolls,Starters,79,56,Saturday,1,0,Sunny,13,0
2024-05-11,Fish Amritsari,Starters,80,47,Saturday,1,0,Sunny,13,0
2024-05-11,Butter Naan,Breads,102,95,Saturday,1,0,Sunny,13,0
2024-05-11,Garlic Naan,Breads,107,91,Saturday,1,0,Sunny,13,0
2024-05-11,Tandoori Roti,Breads,99,73,Saturday,1,0,Sunny,13,0
2024-05-11,Gulab Jamun,Desserts,53,39,Saturday,1,0,Sunny,13,0
2024-05-11,Ras Malai,Desserts,51,44,Saturday,1,0,Sunny,13,0
2024-05-11,Kheer,Desserts,44,28,Saturday,1,0,Sunny,13,0
2024-05-11,Kulfi,Desserts,47,24,Saturday,1,0,Sunny,13,0
2024-05-12,Paneer Butter Masala,Main Course,68,61,Sunday,1,0,Cloudy,14,0
2024-05-12,Dal Makhani,Main Course,71,46,Sunday,1,0,Cloudy,14,0
2024-05-12,Chicken Biryani,Main Course,53,44,Sunday,1,0,Cloudy,14,0
2024-05-12,Mutton Rogan Josh,Main Course,52,33,Sunday,1,0,Cloudy,14,0
2024-05-12,Paneer Tikka,Starters,75,56,Sunday,1,0,Cloudy,14,0
2024-05-12,Chicken Tandoori,Starters,78,64,Sunday,1,0,Cloudy,14,0
2024-05-12,Veg Spring Rolls,Starters,89,67,Sunday,1,0,Cloudy,14,0
2024-05-12,Fish Amritsari,Starters,77,49,Sunday,1,0,Cloudy,14,0
2024-05-12,Butter Naan,Breads,118,113,Sunday,1,0,Cloudy,14,0
2024-05-12,Garlic Naan,Breads,118,95,Sunday,1,0,Cloudy,14,0
2024-05-12,Tandoori Roti,Breads,117,82,Sunday,1,0,Cloudy,14,0
2024-05-12,Gulab Jamun,Desserts,53,45,Sunday,1,0,Cloudy,14,0
2024-05-12,Ras Malai,Desserts,51,36,Sunday,1,0,Cloudy,14,0
2024-05-12,Kheer,Desserts,42,32,Sunday,1,0,Cloudy,14,0
2024-05-12,Kulfi,Desserts,40,23,Sunday,1,0,Cloudy,14,0
2024-05-13,Paneer Butter Masala,Main Course,44,38,Monday,0,0,Sunny,9,0
2024-05-13,Dal Makhani,Main Course,49,39,Monday,0,0,Sunny,9,0
2024-05-13,Chicken Biryani,Main Course,43,35,Monday,0,0,Sunny,9,0
2024-05-13,Mutton Rogan Josh,Main Course,36,25,Monday,0,0,Sunny,9,0
2024-05-13,Paneer Tikka,Starters,54,35,Monday,0,0,Sunny,9,0
2024-05-13,Chicken Tandoori,Starters,49,39,Monday,0,0,Sunny,9,0
2024-05-13,Veg Spring Rolls,Starters,54,42,Monday,0,0,Sunny,9,0
2024-05-13,Fish Amritsari,Starters,62,44,Monday,0,0,Sunny,9,0
2024-05-13,Butter Naan,Breads,68,20,Monday,0,0,Sunny,9,0
2024-05-13,Garlic Naan,Breads,67,16,Monday,0,0,Sunny,9,0
2024-05-13,Tandoori Roti,Breads,74,59,Monday,0,0,Sunny,9,0
2024-05-13,Gulab Jamun,Desserts,42,28,Monday,0,0,Sunny,9,0
2024-05-13,Ras Malai,Desserts,38,27,Monday,0,0,Sunny,9,0
2024-05-13,Kheer,Desserts,35,28,Monday,0,0,Sunny,9,0
2024-05-13,Kulfi,Desserts,34,19,Monday,0,0,Sunny,9,0
2024-05-14,Paneer Butter Masala,Main Course,42,41,Tuesday,0,0,Cloudy,9,0
2024-05-14,Dal Makhani,Main Course,51,35,Tuesday,0,0,Cloudy,9,0
2024-05-14,Chicken Biryani,Main Course,41,33,Tuesday,0,0,Cloudy,9,0
2024-05-14,Mutton Rogan Josh,Main Course,42,22,Tuesday,0,0,Cloudy,9,0
2024-05-14,Paneer Tikka,Starters,62,45,Tuesday,0,0,Cloudy,9,0
2024-05-14,Chicken Tandoori,Starters,45,38,Tuesday,0,0,Cloudy,9,0
2024-05-14,Veg Spring Rolls,Starters,64,43,Tuesday,0,0,Cloudy,9,0
2024-05-14,Fish Amritsari,Starters,54,31,Tuesday,0,0,Cloudy,9,0
2024-05-14,Butter Naan,Breads,73,62,Tuesday,0,0,Cloudy,9,0
2024-05-14,Garlic Naan,Breads,70,52,Tuesday,0,0,Cloudy,9,0
2024-05-14,Tandoori Roti,Breads,77,51,Tuesday,0,0,Cloudy,9,0
2024-05-14,Gulab Jamun,Desserts,41,13,Tuesday,0,0,Cloudy,9,0
2024-05-14,Ras Malai,Desserts,33,23,Tuesday,0,0,Cloudy,9,0
2024-05-14,Kheer,Desserts,31,20,Tuesday,0,0,Cloudy,9,0
2024-05-14,Kulfi,Desserts,31,20,Tuesday,0,0,Cloudy,9,0
2024-05-15,Paneer Butter Masala,Main Course,48,43,Wednesday,0,0,Sunny,12,0
2024-05-15,Dal Makhani,Main Course,43,28,Wednesday,0,0,Sunny,12,0
2024-05-15,Chicken Biryani,Main Course,47,40,Wednesday,0,0,Sunny,12,0
2024-05-15,Mutton Rogan Josh,Main Course,38,22,Wednesday,0,0,Sunny,12,0
2024-05-15,Paneer Tikka,Starters,57,53,Wednesday,0,0,Sunny,12,0
2024-05-15,Chicken Tandoori,Starters,49,38,Wednesday,0,0,Sunny,12,0
2024-05-15,Veg Spring Rolls,Starters,55,47,Wednesday,0,0,Sunny,12,0
2024-05-15,Fish Amritsari,Starters,51,25,Wednesday,0,0,Sunny,12,0
2024-05-15,Butter Naan,Breads,79,64,Wednesday,0,0,Sunny,12,0
2024-05-15,Garlic Naan,Breads,82,57,Wednesday,0,0,Sunny,12,0
2024-05-15,Tandoori Roti,Breads,78,61,Wednesday,0,0,Sunny,12,0
2024-05-15,Gulab Jamun,Desserts,41,30,Wednesday,0,0,Sunny,12,0
2024-05-15,Ras Malai,Desserts,35,29,Wednesday,0,0,Sunny,12,0
2024-05-15,Kheer,Desserts,33,30,Wednesday,0,0,Sunny,12,0
2024-05-15,Kulfi,Desserts,28,9,Wednesday,0,0,Sunny,12,0
2024-05-16,Paneer Butter Masala,Main Course,40,36,Thursday,0,0,Cloudy,9,0
2024-05-16,Dal Makhani,Main Course,45,32,Thursday,0,0,Cloudy,9,0
2024-05-16,Chicken Biryani,Main Course,42,33,Thursday,0,0,Cloudy,9,0
2024-05-16,Mutton Rogan Josh,Main Course,36,22,Thursday,0,0,Cloudy,9,0
2024-05-16,Paneer Tikka,Starters,56,40,Thursday,0,0,Cloudy,9,0
2024-05-16,Chicken Tandoori,Starters,46,42,Thursday,0,0,Cloudy,9,0
2024-05-16,Veg Spring Rolls,Starters,53,48,Thursday,0,0,Cloudy,9,0
2024-05-16,Fish Amritsari,Starters,51,30,Thursday,0,0,Cloudy,9,0
2024-05-16,Butter Naan,Breads,73,69,Thursday,0,0,Cloudy,9,0
2024-05-16,Garlic Naan,Breads,75,70,Thursday,0,0,Cloudy,9,0
2024-05-16,Tandoori Roti,Breads,75,52,Thursday,0,0,Cloudy,9,0
2024-05-16,Gulab Jamun,Desserts,37,29,Thursday,0,0,Cloudy,9,0
2024-05-16,Ras Malai,Desserts,38,33,Thursday,0,0,Cloudy,9,0
2024-05-16,Kheer,Desserts,35,32,Thursday,0,0,Cloudy,9,0
2024-05-16,Kulfi,Desserts,29,16,Thursday,0,0,Cloudy,9,0
2024-05-17,Paneer Butter Masala,Main Course,40,32,Friday,0,0,Cloudy,9,0
2024-05-17,Dal Makhani,Main Course,48,43,Friday,0,0,Cloudy,9,0
2024-05-17,Chicken Biryani,Main Course,43,41,Friday,0,0,Cloudy,9,0
2024-05-17,Mutton Rogan Josh,Main Course,45,34,Friday,0,0,Cloudy,9,0
2024-05-17,Paneer Tikka,Starters,54,41,Friday,0,0,Cloudy,9,0
2024-05-17,Chicken Tandoori,Starters,52,35,Friday,0,0,Cloudy,9,0
2024-05-17,Veg Spring Rolls,Starters,58,44,Friday,0,0,Cloudy,9,0
2024-05-17,Fish Amritsari,Starters,57,35,Friday,0,0,Cloudy,9,0
2024-05-17,Butter Naan,Breads,78,69,Friday,0,0,Cloudy,9,0
2024-05-17,Garlic Naan,Breads,117,62,Friday,0,0,Cloudy,9,0
2024-05-17,Tandoori Roti,Breads,76,58,Friday,0,0,Cloudy,9,0
2024-05-17,Gulab Jamun,Desserts,39,29,Friday,0,0,Cloudy,9,0
2024-05-17,Ras Malai,Desserts,38,27,Friday,0,0,Cloudy,9,0
2024-05-17,Kheer,Desserts,34,30,Friday,0,0,Cloudy,9,0
2024-05-17,Kulfi,Desserts,63,18,Friday,0,0,Cloudy,9,0
2024-05-18,Paneer Butter Masala,Main Course,61,51,Saturday,1,0,Sunny,10,0
2024-05-18,Dal Makhani,Main Course,72,63,Saturday,1,0,Sunny,10,0
2024-05-18,Chicken Biryani,Main Course,63,61,Saturday,1,0,Sunny,10,0
2024-05-18,Mutton Rogan Josh,Main Course,53,28,Saturday,1,0,Sunny,10,0
2024-05-18,Paneer Tikka,Starters,85,74,Saturday,1,0,Sunny,10,0
2024-05-18,Chicken Tandoori,Starters,63,46,Saturday,1,0,Sunny,10,0
2024-05-18,Veg Spring Rolls,Starters,71,64,Saturday,1,0,Sunny,10,0
2024-05-18,Fish Amritsari,Starters,81,47,Saturday,1,0,Sunny,10,0
2024-05-18,Butter Naan,Breads,104,92,Saturday,1,0,Sunny,10,0
2024-05-18,Garlic Naan,Breads,101,73,Saturday,1,0,Sunny,10,0
2024-05-18,Tandoori Roti,Breads,113,104,Saturday,1,0,Sunny,10,0
2024-05-18,Gulab Jamun,Desserts,62,56,Saturday,1,0,Sunny,10,0
2024-05-18,Ras Malai,Desserts,56,52,Saturday,1,0,Sunny,10,0
2024-05-18,Kheer,Desserts,42,29,Saturday,1,0,Sunny,10,0
2024-05-18,Kulfi,Desserts,42,33,Saturday,1,0,Sunny,10,0
2024-05-19,Paneer Butter Masala,Main Course,62,50,Sunday,1,0,Sunny,13,0
2024-05-19,Dal Makhani,Main Course,60,43,Sunday,1,0,Sunny,13,0
2024-05-19,Chicken Biryani,Main Course,56,50,Sunday,1,0,Sunny,13,0
2024-05-19,Mutton Rogan Josh,Main Course,56,41,Sunday,1,0,Sunny,13,0
2024-05-19,Paneer Tikka,Starters,83,67,Sunday,1,0,Sunny,13,0
2024-05-19,Chicken Tandoori,Starters,73,69,Sunday,1,0,Sunny,13,0
2024-05-19,Veg Spring Rolls,Starters,86,62,Sunday,1,0,Sunny,13,0
2024-05-19,Fish Amritsari,Starters,81,51,Sunday,1,0,Sunny,13,0
2024-05-19,Butter Naan,Breads,112,103,Sunday,1,0,Sunny,13,0
2024-05-19,Garlic Naan,Breads,115,91,Sunday,1,0,Sunny,13,0
2024-05-19,Tandoori Roti,Breads,116,89,Sunday,1,0,Sunny,13,0
2024-05-19,Gulab Jamun,Desserts,117,42,Sunday,1,0,Sunny,13,0
2024-05-19,Ras Malai,Desserts,48,45,Sunday,1,0,Sunny,13,0
2024-05-19,Kheer,Desserts,47,40,Sunday,1,0,Sunny,13,0
2024-05-19,Kulfi,Desserts,38,19,Sunday,1,0,Sunny,13,0
2024-05-20,Paneer Butter Masala,Main Course,47,38,Monday,0,0,Sunny,11,0
2024-05-20,Dal Makhani,Main Course,45,40,Monday,0,0,Sunny,11,0
2024-05-20,Chicken Biryani,Main Course,46,36,Monday,0,0,Sunny,11,0
2024-05-20,Mutton Rogan Josh,Main Course,45,26,Monday,0,0,Sunny,11,0
2024-05-20,Paneer Tikka,Starters,53,43,Monday,0,0,Sunny,11,0
2024-05-20,Chicken Tandoori,Starters,49,42,Monday,0,0,Sunny,11,0
2024-05-20,Veg Spring Rolls,Starters,58,44,Monday,0,0,Sunny,11,0
2024-05-20,Fish Amritsari,Starters,57,42,Monday,0,0,Sunny,11,0
2024-05-20,Butter Naan,Breads,82,77,Monday,0,0,Sunny,11,0
2024-05-20,Garlic Naan,Breads,69,59,Monday,0,0,Sunny,11,0
2024-05-20,Tandoori Roti,Breads,71,46,Monday,0,0,Sunny,11,0
2024-05-20,Gulab Jamun,Desserts,40,37,Monday,0,0,Sunny,11,0
2024-05-20,Ras Malai,Desserts,33,23,Monday,0,0,Sunny,11,0
2024-05-20,Kheer,Desserts,34,23,Monday,0,0,Sunny,11,0
2024-05-20,Kulfi,Desserts,34,6,Monday,0,0,Sunny,11,0
2024-05-21,Paneer Butter Masala,Main Course,44,38,Tuesday,0,0,Sunny,8,0
2024-05-21,Dal Makhani,Main Course,53,47,Tuesday,0,0,Sunny,8,0
2024-05-21,Chicken Biryani,Main Course,37,30,Tuesday,0,0,Sunny,8,0
2024-05-21,Mutton Rogan Josh,Main Course,44,34,Tuesday,0,0,Sunny,8,0
2024-05-21,Paneer Tikka,Starters,59,43,Tuesday,0,0,Sunny,8,0
2024-05-21,Chicken Tandoori,Starters,48,38,Tuesday,0,0,Sunny,8,0
2024-05-21,Veg Spring Rolls,Starters,59,45,Tuesday,0,0,Sunny,8,0
2024-05-21,Fish Amritsari,Starters,53,38,Tuesday,0,0,Sunny,8,0
2024-05-21,Butter Naan,Breads,79,70,Tuesday,0,0,Sunny,8,0
2024-05-21,Garlic Naan,Breads,78,67,Tuesday,0,0,Sunny,8,0
2024-05-21,Tandoori Roti,Breads,72,48,Tuesday,0,0,Sunny,8,0
2024-05-21,Gulab Jamun,Desserts,35,27,Tuesday,0,0,Sunny,8,0
2024-05-21,Ras Malai,Desserts,40,37,Tuesday,0,0,Sunny,8,0
2024-05-21,Kheer,Desserts,32,23,Tuesday,0,0,Sunny,8,0
2024-05-21,Kulfi,Desserts,31,18,Tuesday,0,0,Sunny,8,0
2024-05-22,Paneer Butter Masala,Main Course,47,44,Wednesday,0,0,Sunny,8,0
2024-05-22,Dal Makhani,Main Course,47,33,Wednesday,0,0,Sunny,8,0
2024-05-22,Chicken Biryani,Main Course,39,34,Wednesday,0,0,Sunny,8,0
2024-05-22,Mutton Rogan Josh,Main Course,42,30,Wednesday,0,0,Sunny,8,0
2024-05-22,Paneer Tikka,Starters,63,47,Wednesday,0,0,Sunny,8,0
2024-05-22,Chicken Tandoori,Starters,45,32,Wednesday,0,0,Sunny,8,0
2024-05-22,Veg Spring Rolls,Starters,52,34,Wednesday,0,0,Sunny,8,0
2024-05-22,Fish Amritsari,Starters,58,44,Wednesday,0,0,Sunny,8,0
2024-05-22,Butter Naan,Breads,81,79,Wednesday,0,0,Sunny,8,0
2024-05-22,Garlic Naan,Breads,79,59,Wednesday,0,0,Sunny,8,0
2024-05-22,Tandoori Roti,Breads,81,55,Wednesday,0,0,Sunny,8,0
2024-05-22,Gulab Jamun,Desserts,37,30,Wednesday,0,0,Sunny,8,0
2024-05-22,Ras Malai,Desserts,35,22,Wednesday,0,0,Sunny,8,0
2024-05-22,Kheer,Desserts,34,26,Wednesday,0,0,Sunny,8,0
2024-05-22,Kulfi,Desserts,30,19,Wednesday,0,0,Sunny,8,0
2024-05-23,Paneer Butter Masala,Main Course,40,37,Thursday,0,0,Sunny,8,0
2024-05-23,Dal Makhani,Main Course,53,46,Thursday,0,0,Sunny,8,0
2024-05-23,Chicken Biryani,Main Course,48,39,Thursday,0,0,Sunny,8,0
2024-05-23,Mutton Rogan Josh,Main Course,41,27,Thursday,0,0,Sunny,8,0
2024-05-23,Paneer Tikka,Starters,50,37,Thursday,0,0,Sunny,8,0
2024-05-23,Chicken Tandoori,Starters,50,32,Thursday,0,0,Sunny,8,0
2024-05-23,Veg Spring Rolls,Starters,51,43,Thursday,0,0,Sunny,8,0
2024-05-23,Fish Amritsari,Starters,55,43,Thursday,0,0,Sunny,8,0
2024-05-23,Butter Naan,Breads,74,66,Thursday,0,0,Sunny,8,0
2024-05-23,Garlic Naan,Breads,75,53,Thursday,0,0,Sunny,8,0
2024-05-23,Tandoori Roti,Breads,80,68,Thursday,0,0,Sunny,8,0
2024-05-23,Gulab Jamun,Desserts,61,29,Thursday,0,0,Sunny,8,0
2024-05-23,Ras Malai,Desserts,34,28,Thursday,0,0,Sunny,8,0
2024-05-23,Kheer,Desserts,28,20,Thursday,0,0,Sunny,8,0
2024-05-23,Kulfi,Desserts,27,17,Thursday,0,0,Sunny,8,0
2024-05-24,Paneer Butter Masala,Main Course,45,16,Friday,0,0,Cloudy,9,0
2024-05-24,Dal Makhani,Main Course,43,31,Friday,0,0,Cloudy,9,0
2024-05-24,Chicken Biryani,Main Course,46,37,Friday,0,0,Cloudy,9,0
2024-05-24,Mutton Rogan Josh,Main Course,44,28,Friday,0,0,Cloudy,9,0
2024-05-24,Paneer Tikka,Starters,57,45,Friday,0,0,Cloudy,9,0
2024-05-24,Chicken Tandoori,Starters,49,38,Friday,0,0,Cloudy,9,0
2024-05-24,Veg Spring Rolls,Starters,61,54,Friday,0,0,Cloudy,9,0
2024-05-24,Fish Amritsari,Starters,49,30,Friday,0,0,Cloudy,9,0
2024-05-24,Butter Naan,Breads,77,64,Friday,0,0,Cloudy,9,0
2024-05-24,Garlic Naan,Breads,83,67,Friday,0,0,Cloudy,9,0
2024-05-24,Tandoori Roti,Breads,78,61,Friday,0,0,Cloudy,9,0
2024-05-24,Gulab Jamun,Desserts,37,33,Friday,0,0,Cloudy,9,0
2024-05-24,Ras Malai,Desserts,34,22,Friday,0,0,Cloudy,9,0
2024-05-24,Kheer,Desserts,28,22,Friday,0,0,Cloudy,9,0
2024-05-24,Kulfi,Desserts,30,23,Friday,0,0,Cloudy,9,0
2024-05-25,Paneer Butter Masala,Main Course,80,77,Saturday,1,0,Cloudy,14,1
2024-05-25,Dal Makhani,Main Course,87,69,Saturday,1,0,Cloudy,14,1
2024-05-25,Chicken Biryani,Main Course,75,72,Saturday,1,0,Cloudy,14,1
2024-05-25,Mutton Rogan Josh,Main Course,68,48,Saturday,1,0,Cloudy,14,1
2024-05-25,Paneer Tikka,Starters,90,82,Saturday,1,0,Cloudy,14,1
2024-05-25,Chicken Tandoori,Starters,85,72,Saturday,1,0,Cloudy,14,1
2024-05-25,Veg Spring Rolls,Starters,93,71,Saturday,1,0,Cloudy,14,1
2024-05-25,Fish Amritsari,Starters,91,47,Saturday,1,0,Cloudy,14,1
2024-05-25,Butter Naan,Breads,115,97,Saturday,1,0,Cloudy,14,1
2024-05-25,Garlic Naan,Breads,136,109,Saturday,1,0,Cloudy,14,1
2024-05-25,Tandoori Roti,Breads,121,109,Saturday,1,0,Cloudy,14,1
2024-05-25,Gulab Jamun,Desserts,74,65,Saturday,1,0,Cloudy,14,1
2024-05-25,Ras Malai,Desserts,59,54,Saturday,1,0,Cloudy,14,1
2024-05-25,Kheer,Desserts,50,37,Saturday,1,0,Cloudy,14,1
2024-05-25,Kulfi,Desserts,57,44,Saturday,1,0,Cloudy,14,1
2024-05-26,Paneer Butter Masala,Main Course,55,48,Sunday,1,0,Sunny,15,0
2024-05-26,Dal Makhani,Main Course,66,51,Sunday,1,0,Sunny,15,0
2024-05-26,Chicken Biryani,Main Course,66,54,Sunday,1,0,Sunny,15,0
2024-05-26,Mutton Rogan Josh,Main Course,51,27,Sunday,1,0,Sunny,15,0
2024-05-26,Paneer Tikka,Starters,76,64,Sunday,1,0,Sunny,15,0
2024-05-26,Chicken Tandoori,Starters,78,59,Sunday,1,0,Sunny,15,0
2024-05-26,Veg Spring Rolls,Starters,88,78,Sunday,1,0,Sunny,15,0
2024-05-26,Fish Amritsari,Starters,72,55,Sunday,1,0,Sunny,15,0
2024-05-26,Butter Naan,Breads,103,87,Sunday,1,0,Sunny,15,0
2024-05-26,Garlic Naan,Breads,113,91,Sunday,1,0,Sunny,15,0
2024-05-26,Tandoori Roti,Breads,117,82,Sunday,1,0,Sunny,15,0
2024-05-26,Gulab Jamun,Desserts,62,40,Sunday,1,0,Sunny,15,0
2024-05-26,Ras Malai,Desserts,51,36,Sunday,1,0,Sunny,15,0
2024-05-26,Kheer,Desserts,46,37,Sunday,1,0,Sunny,15,0
2024-05-26,Kulfi,Desserts,39,22,Sunday,1,0,Sunny,15,0
2024-05-27,Paneer Butter Masala,Main Course,37,35,Monday,0,0,Rainy,9,0
2024-05-27,Dal Makhani,Main Course,49,39,Monday,0,0,Rainy,9,0
2024-05-27,Chicken Biryani,Main Course,41,38,Monday,0,0,Rainy,9,0
2024-05-27,Mutton Rogan Josh,Main Course,40,21,Monday,0,0,Rainy,9,0
2024-05-27,Paneer Tikka,Starters,57,53,Monday,0,0,Rainy,9,0
2024-05-27,Chicken Tandoori,Starters,45,40,Monday,0,0,Rainy,9,0
2024-05-27,Veg Spring Rolls,Starters,54,41,Monday,0,0,Rainy,9,0
2024-05-27,Fish Amritsari,Starters,50,32,Monday,0,0,Rainy,9,0
2024-05-27,Butter Naan,Breads,77,72,Monday,0,0,Rainy,9,0
2024-05-27,Garlic Naan,Breads,76,69,Monday,0,0,Rainy,9,0
2024-05-27,Tandoori Roti,Breads,82,74,Monday,0,0,Rainy,9,0
2024-05-27,Gulab Jamun,Desserts,37,31,Monday,0,0,Rainy,9,0
2024-05-27,Ras Malai,Desserts,36,28,Monday,0,0,Rainy,9,0
2024-05-27,Kheer,Desserts,29,20,Monday,0,0,Rainy,9,0
2024-05-27,Kulfi,Desserts,26,14,Monday,0,0,Rainy,9,0
2024-05-28,Paneer Butter Masala,Main Course,47,40,Tuesday,0,0,Cloudy,8,0
2024-05-28,Dal Makhani,Main Course,51,34,Tuesday,0,0,Cloudy,8,0
2024-05-28,Chicken Biryani,Main Course,39,35,Tuesday,0,0,Cloudy,8,0
2024-05-28,Mutton Rogan Josh,Main Course,44,33,Tuesday,0,0,Cloudy,8,0
2024-05-28,Paneer Tikka,Starters,52,35,Tuesday,0,0,Cloudy,8,0
2024-05-28,Chicken Tandoori,Starters,56,42,Tuesday,0,0,Cloudy,8,0
2024-05-28,Veg Spring Rolls,Starters,56,42,Tuesday,0,0,Cloudy,8,0
2024-05-28,Fish Amritsari,Starters,60,34,Tuesday,0,0,Cloudy,8,0
2024-05-28,Butter Naan,Breads,81,79,Tuesday,0,0,Cloudy,8,0
2024-05-28,Garlic Naan,Breads,83,76,Tuesday,0,0,Cloudy,8,0
2024-05-28,Tandoori Roti,Breads,128,57,Tuesday,0,0,Cloudy,8,0
2024-05-28,Gulab Jamun,Desserts,35,22,Tuesday,0,0,Cloudy,8,0
2024-05-28,Ras Malai,Desserts,42,29,Tuesday,0,0,Cloudy,8,0
2024-05-28,Kheer,Desserts,31,25,Tuesday,0,0,Cloudy,8,0
2024-05-28,Kulfi,Desserts,28,21,Tuesday,0,0,Cloudy,8,0
2024-05-29,Paneer Butter Masala,Main Course,39,32,Wednesday,0,0,Stormy,8,0
2024-05-29,Dal Makhani,Main Course,36,33,Wednesday,0,0,Stormy,8,0
2024-05-29,Chicken Biryani,Main Course,34,28,Wednesday,0,0,Stormy,8,0
2024-05-29,Mutton Rogan Josh,Main Course,32,21,Wednesday,0,0,Stormy,8,0
2024-05-29,Paneer Tikka,Starters,43,28,Wednesday,0,0,Stormy,8,0
2024-05-29,Chicken Tandoori,Starters,46,35,Wednesday,0,0,Stormy,8,0
2024-05-29,Veg Spring Rolls,Starters,51,37,Wednesday,0,0,Stormy,8,0
2024-05-29,Fish Amritsari,Starters,45,31,Wednesday,0,0,Stormy,8,0
2024-05-29,Butter Naan,Breads,66,61,Wednesday,0,0,Stormy,8,0
2024-05-29,Garlic Naan,Breads,71,55,Wednesday,0,0,Stormy,8,0
2024-05-29,Tandoori Roti,Breads,69,46,Wednesday,0,0,Stormy,8,0
2024-05-29,Gulab Jamun,Desserts,36,31,Wednesday,0,0,Stormy,8,0
2024-05-29,Ras Malai,Desserts,32,24,Wednesday,0,0,Stormy,8,0
2024-05-29,Kheer,Desserts,27,21,Wednesday,0,0,Stormy,8,0
2024-05-29,Kulfi,Desserts,27,20,Wednesday,0,0,Stormy,8,0
2024-05-30,Paneer Butter Masala,Main Course,39,35,Thursday,0,0,Rainy,10,0
2024-05-30,Dal Makhani,Main Course,45,30,Thursday,0,0,Rainy,10,0
2024-05-30,Chicken Biryani,Main Course,44,42,Thursday,0,0,Rainy,10,0
2024-05-30,Mutton Rogan Josh,Main Course,33,24,Thursday,0,0,Rainy,10,0
2024-05-30,Paneer Tikka,Starters,53,44,Thursday,0,0,Rainy,10,0
2024-05-30,Chicken Tandoori,Starters,45,41,Thursday,0,0,Rainy,10,0
2024-05-30,Veg Spring Rolls,Starters,57,39,Thursday,0,0,Rainy,10,0
2024-05-30,Fish Amritsari,Starters,57,37,Thursday,0,0,Rainy,10,0
2024-05-30,Butter Naan,Breads,64,60,Thursday,0,0,Rainy,10,0
2024-05-30,Garlic Naan,Breads,72,55,Thursday,0,0,Rainy,10,0
2024-05-30,Tandoori Roti,Breads,77,62,Thursday,0,0,Rainy,10,0
2024-05-30,Gulab Jamun,Desserts,36,25,Thursday,0,0,Rainy,10,0
2024-05-30,Ras Malai,Desserts,38,29,Thursday,0,0,Rainy,10,0
2024-05-30,Kheer,Desserts,31,27,Thursday,0,0,Rainy,10,0
2024-05-30,Kulfi,Desserts,30,18,Thursday,0,0,Rainy,10,0
2024-05-31,Paneer Butter Masala,Main Course,44,35,Friday,0,0,Rainy,11,0
2024-05-31,Dal Makhani,Main Course,40,30,Friday,0,0,Rainy,11,0
2024-05-31,Chicken Biryani,Main Course,35,31,Friday,0,0,Rainy,11,0
2024-05-31,Mutton Rogan Josh,Main Course,35,26,Friday,0,0,Rainy,11,0
2024-05-31,Paneer Tikka,Starters,55,48,Friday,0,0,Rainy,11,0
2024-05-31,Chicken Tandoori,Starters,46,33,Friday,0,0,Rainy,11,0
2024-05-31,Veg Spring Rolls,Starters,55,43,Friday,0,0,Rainy,11,0
2024-05-31,Fish Amritsari,Starters,49,29,Friday,0,0,Rainy,11,0
2024-05-31,Butter Naan,Breads,73,65,Friday,0,0,Rainy,11,0
2024-05-31,Garlic Naan,Breads,76,65,Friday,0,0,Rainy,11,0
2024-05-31,Tandoori Roti,Breads,77,59,Friday,0,0,Rainy,11,0
2024-05-31,Gulab Jamun,Desserts,32,24,Friday,0,0,Rainy,11,0
2024-05-31,Ras Malai,Desserts,36,24,Friday,0,0,Rainy,11,0
2024-05-31,Kheer,Desserts,28,24,Friday,0,0,Rainy,11,0
2024-05-31,Kulfi,Desserts,28,16,Friday,0,0,Rainy,11,0
2024-06-01,Paneer Butter Masala,Main Course,64,62,Saturday,1,0,Sunny,12,1
2024-06-01,Dal Makhani,Main Course,61,54,Saturday,1,0,Sunny,12,1
2024-06-01,Chicken Biryani,Main Course,51,42,Saturday,1,0,Sunny,12,1
2024-06-01,Mutton Rogan Josh,Main Course,49,25,Saturday,1,0,Sunny,12,1
2024-06-01,Paneer Tikka,Starters,73,63,Saturday,1,0,Sunny,12,1
2024-06-01,Chicken Tandoori,Starters,65,56,Saturday,1,0,Sunny,12,1
2024-06-01,Veg Spring Rolls,Starters,72,54,Saturday,1,0,Sunny,12,1
2024-06-01,Fish Amritsari,Starters,71,42,Saturday,1,0,Sunny,12,1
2024-06-01,Butter Naan,Breads,98,81,Saturday,1,0,Sunny,12,1
2024-06-01,Garlic Naan,Breads,115,41,Saturday,1,0,Sunny,12,1
2024-06-01,Tandoori Roti,Breads,103,73,Saturday,1,0,Sunny,12,1
2024-06-01,Gulab Jamun,Desserts,50,35,Saturday,1,0,Sunny,12,1
2024-06-01,Ras Malai,Desserts,47,37,Saturday,1,0,Sunny,12,1
2024-06-01,Kheer,Desserts,46,41,Saturday,1,0,Sunny,12,1
2024-06-01,Kulfi,Desserts,40,26,Saturday,1,0,Sunny,12,1
2024-06-02,Paneer Butter Masala,Main Course,47,41,Sunday,1,0,Rainy,14,0
2024-06-02,Dal Makhani,Main Course,54,45,Sunday,1,0,Rainy,14,0
2024-06-02,Chicken Biryani,Main Course,44,38,Sunday,1,0,Rainy,14,0
2024-06-02,Mutton Rogan Josh,Main Course,39,19,Sunday,1,0,Rainy,14,0
2024-06-02,Paneer Tikka,Starters,63,44,Sunday,1,0,Rainy,14,0
2024-06-02,Chicken Tandoori,Starters,58,49,Sunday,1,0,Rainy,14,0
2024-06-02,Veg Spring Rolls,Starters,55,35,Sunday,1,0,Rainy,14,0
2024-06-02,Fish Amritsari,Starters,61,45,Sunday,1,0,Rainy,14,0
2024-06-02,Butter Naan,Breads,77,66,Sunday,1,0,Rainy,14,0
2024-06-02,Garlic Naan,Breads,76,68,Sunday,1,0,Rainy,14,0
2024-06-02,Tandoori Roti,Breads,92,62,Sunday,1,0,Rainy,14,0
2024-06-02,Gulab Jamun,Desserts,43,35,Sunday,1,0,Rainy,14,0
2024-06-02,Ras Malai,Desserts,35,31,Sunday,1,0,Rainy,14,0
2024-06-02,Kheer,Desserts,35,30,Sunday,1,0,Rainy,14,0
2024-06-02,Kulfi,Desserts,31,24,Sunday,1,0,Rainy,14,0
2024-06-03,Paneer Butter Masala,Main Course,29,28,Monday,0,0,Rainy,11,0
2024-06-03,Dal Makhani,Main Course,40,32,Monday,0,0,Rainy,11,0
2024-06-03,Chicken Biryani,Main Course,32,30,Monday,0,0,Rainy,11,0
2024-06-03,Mutton Rogan Josh,Main Course,32,21,Monday,0,0,Rainy,11,0
2024-06-03,Paneer Tikka,Starters,44,37,Monday,0,0,Rainy,11,0
2024-06-03,Chicken Tandoori,Starters,37,33,Monday,0,0,Rainy,11,0
2024-06-03,Veg Spring Rolls,Starters,40,27,Monday,0,0,Rainy,11,0
2024-06-03,Fish Amritsari,Starters,41,26,Monday,0,0,Rainy,11,0
2024-06-03,Butter Naan,Breads,56,46,Monday,0,0,Rainy,11,0
2024-06-03,Garlic Naan,Breads,61,48,Monday,0,0,Rainy,11,0
2024-06-03,Tandoori Roti,Breads,65,56,Monday,0,0,Rainy,11,0
2024-06-03,Gulab Jamun,Desserts,31,23,Monday,0,0,Rainy,11,0
2024-06-03,Ras Malai,Desserts,27,22,Monday,0,0,Rainy,11,0
2024-06-03,Kheer,Desserts,23,20,Monday,0,0,Rainy,11,0
2024-06-03,Kulfi,Desserts,23,12,Monday,0,0,Rainy,11,0
2024-06-04,Paneer Butter Masala,Main Course,29,23,Tuesday,0,0,Rainy,11,0
2024-06-04,Dal Makhani,Main Course,36,31,Tuesday,0,0,Rainy,11,0
2024-06-04,Chicken Biryani,Main Course,31,27,Tuesday,0,0,Rainy,11,0
2024-06-04,Mutton Rogan Josh,Main Course,26,14,Tuesday,0,0,Rainy,11,0
2024-06-04,Paneer Tikka,Starters,37,25,Tuesday,0,0,Rainy,11,0
2024-06-04,Chicken Tandoori,Starters,35,30,Tuesday,0,0,Rainy,11,0
2024-06-04,Veg Spring Rolls,Starters,37,32,Tuesday,0,0,Rainy,11,0
2024-06-04,Fish Amritsari,Starters,39,29,Tuesday,0,0,Rainy,11,0
2024-06-04,Butter Naan,Breads,53,46,Tuesday,0,0,Rainy,11,0
2024-06-04,Garlic Naan,Breads,52,11,Tuesday,0,0,Rainy,11,0
2024-06-04,Tandoori Roti,Breads,65,60,Tuesday,0,0,Rainy,11,0
2024-06-04,Gulab Jamun,Desserts,28,25,Tuesday,0,0,Rainy,11,0
2024-06-04,Ras Malai,Desserts,26,21,Tuesday,0,0,Rainy,11,0
2024-06-04,Kheer,Desserts,25,23,Tuesday,0,0,Rainy,11,0
2024-06-04,Kulfi,Desserts,24,14,Tuesday,0,0,Rainy,11,0
2024-06-05,Paneer Butter Masala,Main Course,26,21,Wednesday,0,0,Stormy,9,0
2024-06-05,Dal Makhani,Main Course,30,13,Wednesday,0,0,Stormy,9,0
2024-06-05,Chicken Biryani,Main Course,28,25,Wednesday,0,0,Stormy,9,0
2024-06-05,Mutton Rogan Josh,Main Course,26,14,Wednesday,0,0,Stormy,9,0
2024-06-05,Paneer Tikka,Starters,42,35,Wednesday,0,0,Stormy,9,0
2024-06-05,Chicken Tandoori,Starters,37,29,Wednesday,0,0,Stormy,9,0
2024-06-05,Veg Spring Rolls,Starters,43,36,Wednesday,0,0,Stormy,9,0
2024-06-05,Fish Amritsari,Starters,37,25,Wednesday,0,0,Stormy,9,0
2024-06-05,Butter Naan,Breads,58,55,Wednesday,0,0,Stormy,9,0
2024-06-05,Garlic Naan,Breads,52,44,Wednesday,0,0,Stormy,9,0
2024-06-05,Tandoori Roti,Breads,59,54,Wednesday,0,0,Stormy,9,0
2024-06-05,Gulab Jamun,Desserts,26,24,Wednesday,0,0,Stormy,9,0
2024-06-05,Ras Malai,Desserts,28,22,Wednesday,0,0,Stormy,9,0
2024-06-05,Kheer,Desserts,19,15,Wednesday,0,0,Stormy,9,0
2024-06-05,Kulfi,Desserts,19,11,Wednesday,0,0,Stormy,9,0
2024-06-06,Paneer Butter Masala,Main Course,31,28,Thursday,0,0,Stormy,11,0
2024-06-06,Dal Makhani,Main Course,32,27,Thursday,0,0,Stormy,11,0
2024-06-06,Chicken Biryani,Main Course,28,22,Thursday,0,0,Stormy,11,0
2024-06-06,Mutton Rogan Josh,Main Course,29,17,Thursday,0,0,Stormy,11,0
2024-06-06,Paneer Tikka,Starters,35,30,Thursday,0,0,Stormy,11,0
2024-06-06,Chicken Tandoori,Starters,37,33,Thursday,0,0,Stormy,11,0
2024-06-06,Veg Spring Rolls,Starters,34,25,Thursday,0,0,Stormy,11,0
2024-06-06,Fish Amritsari,Starters,35,21,Thursday,0,0,Stormy,11,0
2024-06-06,Butter Naan,Breads,53,45,Thursday,0,0,Stormy,11,0
2024-06-06,Garlic Naan,Breads,58,43,Thursday,0,0,Stormy,11,0
2024-06-06,Tandoori Roti,Breads,57,43,Thursday,0,0,Stormy,11,0
2024-06-06,Gulab Jamun,Desserts,26,21,Thursday,0,0,Stormy,11,0
2024-06-06,Ras Malai,Desserts,22,16,Thursday,0,0,Stormy,11,0
2024-06-06,Kheer,Desserts,22,19,Thursday,0,0,Stormy,11,0
2024-06-06,Kulfi,Desserts,19,13,Thursday,0,0,Stormy,11,0
2024-06-07,Paneer Butter Masala,Main Course,31,27,Friday,0,0,Sunny,10,0
2024-06-07,Dal Makhani,Main Course,43,33,Friday,0,0,Sunny,10,0
2024-06-07,Chicken Biryani,Main Course,33,32,Friday,0,0,Sunny,10,0
2024-06-07,Mutton Rogan Josh,Main Course,31,15,Friday,0,0,Sunny,10,0
2024-06-07,Paneer Tikka,Starters,47,43,Friday,0,0,Sunny,10,0
2024-06-07,Chicken Tandoori,Starters,44,38,Friday,0,0,Sunny,10,0
2024-06-07,Veg Spring Rolls,Starters,44,34,Friday,0,0,Sunny,10,0
2024-06-07,Fish Amritsari,Starters,42,22,Friday,0,0,Sunny,10,0
2024-06-07,Butter Naan,Breads,56,46,Friday,0,0,Sunny,10,0
2024-06-07,Garlic Naan,Breads,65,58,Friday,0,0,Sunny,10,0
2024-06-07,Tandoori Roti,Breads,62,44,Friday,0,0,Sunny,10,0
2024-06-07,Gulab Jamun,Desserts,33,21,Friday,0,0,Sunny,10,0
2024-06-07,Ras Malai,Desserts,30,9,Friday,0,0,Sunny,10,0
2024-06-07,Kheer,Desserts,22,15,Friday,0,0,Sunny,10,0
2024-06-07,Kulfi,Desserts,26,20,Friday,0,0,Sunny,10,0
2024-06-08,Paneer Butter Masala,Main Course,43,39,Saturday,1,0,Rainy,13,0
2024-06-08,Dal Makhani,Main Course,48,34,Saturday,1,0,Rainy,13,0
2024-06-08,Chicken Biryani,Main Course,46,43,Saturday,1,0,Rainy,13,0
2024-06-08,Mutton Rogan Josh,Main Course,43,28,Saturday,1,0,Rainy,13,0
2024-06-08,Paneer Tikka,Starters,56,45,Saturday,1,0,Rainy,13,0
2024-06-08,Chicken Tandoori,Starters,56,23,Saturday,1,0,Rainy,13,0
2024-06-08,Veg Spring Rolls,Starters,52,39,Saturday,1,0,Rainy,13,0
2024-06-08,Fish Amritsari,Starters,59,44,Saturday,1,0,Rainy,13,0
2024-06-08,Butter Naan,Breads,83,72,Saturday,1,0,Rainy,13,0
2024-06-08,Garlic Naan,Breads,84,77,Saturday,1,0,Rainy,13,0
2024-06-08,Tandoori Roti,Breads,86,80,Saturday,1,0,Rainy,13,0
2024-06-08,Gulab Jamun,Desserts,44,36,Saturday,1,0,Rainy,13,0
2024-06-08,Ras Malai,Desserts,36,28,Saturday,1,0,Rainy,13,0
2024-06-08,Kheer,Desserts,32,23,Saturday,1,0,Rainy,13,0
2024-06-08,Kulfi,Desserts,29,16,Saturday,1,0,Rainy,13,0
2024-06-09,Paneer Butter Masala,Main Course,54,24,Sunday,1,0,Cloudy,12,0
2024-06-09,Dal Makhani,Main Course,48,43,Sunday,1,0,Cloudy,12,0
2024-06-09,Chicken Biryani,Main Course,45,37,Sunday,1,0,Cloudy,12,0
2024-06-09,Mutton Rogan Josh,Main Course,50,36,Sunday,1,0,Cloudy,12,0
2024-06-09,Paneer Tikka,Starters,60,54,Sunday,1,0,Cloudy,12,0
2024-06-09,Chicken Tandoori,Starters,53,46,Sunday,1,0,Cloudy,12,0
2024-06-09,Veg Spring Rolls,Starters,67,61,Sunday,1,0,Cloudy,12,0
2024-06-09,Fish Amritsari,Starters,55,28,Sunday,1,0,Cloudy,12,0
2024-06-09,Butter Naan,Breads,95,79,Sunday,1,0,Cloudy,12,0
2024-06-09,Garlic Naan,Breads,82,73,Sunday,1,0,Cloudy,12,0
2024-06-09,Tandoori Roti,Breads,86,58,Sunday,1,0,Cloudy,12,0
2024-06-09,Gulab Jamun,Desserts,46,33,Sunday,1,0,Cloudy,12,0
2024-06-09,Ras Malai,Desserts,47,37,Sunday,1,0,Cloudy,12,0
2024-06-09,Kheer,Desserts,33,22,Sunday,1,0,Cloudy,12,0
2024-06-09,Kulfi,Desserts,36,19,Sunday,1,0,Cloudy,12,0
2024-06-10,Paneer Butter Masala,Main Course,26,23,Monday,0,0,Stormy,12,0
2024-06-10,Dal Makhani,Main Course,29,26,Monday,0,0,Stormy,12,0
2024-06-10,Chicken Biryani,Main Course,32,28,Monday,0,0,Stormy,12,0
2024-06-10,Mutton Rogan Josh,Main Course,28,21,Monday,0,0,Stormy,12,0
2024-06-10,Paneer Tikka,Starters,41,36,Monday,0,0,Stormy,12,0
2024-06-10,Chicken Tandoori,Starters,34,30,Monday,0,0,Stormy,12,0
2024-06-10,Veg Spring Rolls,Starters,36,33,Monday,0,0,Stormy,12,0
2024-06-10,Fish Amritsari,Starters,33,24,Monday,0,0,Stormy,12,0
2024-06-10,Butter Naan,Breads,46,36,Monday,0,0,Stormy,12,0
2024-06-10,Garlic Naan,Breads,57,38,Monday,0,0,Stormy,12,0
2024-06-10,Tandoori Roti,Breads,49,35,Monday,0,0,Stormy,12,0
2024-06-10,Gulab Jamun,Desserts,26,17,Monday,0,0,Stormy,12,0
2024-06-10,Ras Malai,Desserts,28,24,Monday,0,0,Stormy,12,0
2024-06-10,Kheer,Desserts,20,5,Monday,0,0,Stormy,12,0
2024-06-10,Kulfi,Desserts,18,14,Monday,0,0,Stormy,12,0
2024-06-11,Paneer Butter Masala,Main Course,37,34,Tuesday,0,0,Cloudy,12,0
2024-06-11,Dal Makhani,Main Course,39,27,Tuesday,0,0,Cloudy,12,0
2024-06-11,Chicken Biryani,Main Course,33,29,Tuesday,0,0,Cloudy,12,0
2024-06-11,Mutton Rogan Josh,Main Course,32,17,Tuesday,0,0,Cloudy,12,0
2024-06-11,Paneer Tikka,Starters,41,31,Tuesday,0,0,Cloudy,12,0
2024-06-11,Chicken Tandoori,Starters,39,34,Tuesday,0,0,Cloudy,12,0
2024-06-11,Veg Spring Rolls,Starters,43,40,Tuesday,0,0,Cloudy,12,0
2024-06-11,Fish Amritsari,Starters,72,29,Tuesday,0,0,Cloudy,12,0
2024-06-11,Butter Naan,Breads,67,65,Tuesday,0,0,Cloudy,12,0
2024-06-11,Garlic Naan,Breads,60,44,Tuesday,0,0,Cloudy,12,0
2024-06-11,Tandoori Roti,Breads,57,42,Tuesday,0,0,Cloudy,12,0
2024-06-11,Gulab Jamun,Desserts,32,27,Tuesday,0,0,Cloudy,12,0
2024-06-11,Ras Malai,Desserts,29,26,Tuesday,0,0,Cloudy,12,0
2024-06-11,Kheer,Desserts,25,19,Tuesday,0,0,Cloudy,12,0
2024-06-11,Kulfi,Desserts,22,14,Tuesday,0,0,Cloudy,12,0
2024-06-12,Paneer Butter Masala,Main Course,38,32,Wednesday,0,0,Cloudy,8,0
2024-06-12,Dal Makhani,Main Course,38,34,Wednesday,0,0,Cloudy,8,0
2024-06-12,Chicken Biryani,Main Course,34,29,Wednesday,0,0,Cloudy,8,0
2024-06-12,Mutton Rogan Josh,Main Course,33,20,Wednesday,0,0,Cloudy,8,0
2024-06-12,Paneer Tikka,Starters,46,42,Wednesday,0,0,Cloudy,8,0
2024-06-12,Chicken Tandoori,Starters,41,38,Wednesday,0,0,Cloudy,8,0
2024-06-12,Veg Spring Rolls,Starters,51,45,Wednesday,0,0,Cloudy,8,0
2024-06-12,Fish Amritsari,Starters,49,26,Wednesday,0,0,Cloudy,8,0
2024-06-12,Butter Naan,Breads,69,61,Wednesday,0,0,Cloudy,8,0
2024-06-12,Garlic Naan,Breads,55,51,Wednesday,0,0,Cloudy,8,0
2024-06-12,Tandoori Roti,Breads,65,42,Wednesday,0,0,Cloudy,8,0
2024-06-12,Gulab Jamun,Desserts,31,21,Wednesday,0,0,Cloudy,8,0
2024-06-12,Ras Malai,Desserts,32,29,Wednesday,0,0,Cloudy,8,0
2024-06-12,Kheer,Desserts,25,22,Wednesday,0,0,Cloudy,8,0
2024-06-12,Kulfi,Desserts,23,15,Wednesday,0,0,Cloudy,8,0
2024-06-13,Paneer Butter Masala,Main Course,34,32,Thursday,0,0,Sunny,12,0
2024-06-13,Dal Makhani,Main Course,41,36,Thursday,0,0,Sunny,12,0
2024-06-13,Chicken Biryani,Main Course,34,29,Thursday,0,0,Sunny,12,0
2024-06-13,Mutton Rogan Josh,Main Course,33,18,Thursday,0,0,Sunny,12,0
2024-06-13,Paneer Tikka,Starters,47,39,Thursday,0,0,Sunny,12,0
2024-06-13,Chicken Tandoori,Starters,44,30,Thursday,0,0,Sunny,12,0
2024-06-13,Veg Spring Rolls,Starters,43,39,Thursday,0,0,Sunny,12,0
2024-06-13,Fish Amritsari,Starters,41,26,Thursday,0,0,Sunny,12,0
2024-06-13,Butter Naan,Breads,58,47,Thursday,0,0,Sunny,12,0
2024-06-13,Garlic Naan,Breads,56,47,Thursday,0,0,Sunny,12,0
2024-06-13,Tandoori Roti,Breads,68,46,Thursday,0,0,Sunny,12,0
2024-06-13,Gulab Jamun,Desserts,33,27,Thursday,0,0,Sunny,12,0
2024-06-13,Ras Malai,Desserts,26,23,Thursday,0,0,Sunny,12,0
2024-06-13,Kheer,Desserts,27,20,Thursday,0,0,Sunny,12,0
2024-06-13,Kulfi,Desserts,26,14,Thursday,0,0,Sunny,12,0
2024-06-14,Paneer Butter Masala,Main Course,37,34,Friday,0,0,Cloudy,8,0
2024-06-14,Dal Makhani,Main Course,34,26,Friday,0,0,Cloudy,8,0
2024-06-14,Chicken Biryani,Main Course,31,24,Friday,0,0,Cloudy,8,0
2024-06-14,Mutton Rogan Josh,Main Course,29,15,Friday,0,0,Cloudy,8,0
2024-06-14,Paneer Tikka,Starters,41,27,Friday,0,0,Cloudy,8,0
2024-06-14,Chicken Tandoori,Starters,43,34,Friday,0,0,Cloudy,8,0
2024-06-14,Veg Spring Rolls,Starters,50,46,Friday,0,0,Cloudy,8,0
2024-06-14,Fish Amritsari,Starters,42,28,Friday,0,0,Cloudy,8,0
2024-06-14,Butter Naan,Breads,60,56,Friday,0,0,Cloudy,8,0
2024-06-14,Garlic Naan,Breads,58,39,Friday,0,0,Cloudy,8,0
2024-06-14,Tandoori Roti,Breads,56,50,Friday,0,0,Cloudy,8,0
2024-06-14,Gulab Jamun,Desserts,28,19,Friday,0,0,Cloudy,8,0
2024-06-14,Ras Malai,Desserts,33,31,Friday,0,0,Cloudy,8,0
2024-06-14,Kheer,Desserts,27,25,Friday,0,0,Cloudy,8,0
2024-06-14,Kulfi,Desserts,26,17,Friday,0,0,Cloudy,8,0
2024-06-15,Paneer Butter Masala,Main Course,55,44,Saturday,1,0,Sunny,10,1
2024-06-15,Dal Makhani,Main Course,68,55,Saturday,1,0,Sunny,10,1
2024-06-15,Chicken Biryani,Main Course,54,45,Saturday,1,0,Sunny,10,1
2024-06-15,Mutton Rogan Josh,Main Course,49,29,Saturday,1,0,Sunny,10,1
2024-06-15,Paneer Tikka,Starters,78,68,Saturday,1,0,Sunny,10,1
2024-06-15,Chicken Tandoori,Starters,66,52,Saturday,1,0,Sunny,10,1
2024-06-15,Veg Spring Rolls,Starters,69,47,Saturday,1,0,Sunny,10,1
2024-06-15,Fish Amritsari,Starters,71,49,Saturday,1,0,Sunny,10,1
2024-06-15,Butter Naan,Breads,101,96,Saturday,1,0,Sunny,10,1
2024-06-15,Garlic Naan,Breads,101,71,Saturday,1,0,Sunny,10,1
2024-06-15,Tandoori Roti,Breads,112,81,Saturday,1,0,Sunny,10,1
2024-06-15,Gulab Jamun,Desserts,58,46,Saturday,1,0,Sunny,10,1
2024-06-15,Ras Malai,Desserts,49,34,Saturday,1,0,Sunny,10,1
2024-06-15,Kheer,Desserts,38,32,Saturday,1,0,Sunny,10,1
2024-06-15,Kulfi,Desserts,41,29,Saturday,1,0,Sunny,10,1
2024-06-16,Paneer Butter Masala,Main Course,50,41,Sunday,1,0,Rainy,14,0
2024-06-16,Dal Makhani,Main Course,55,47,Sunday,1,0,Rainy,14,0
2024-06-16,Chicken Biryani,Main Course,47,45,Sunday,1,0,Rainy,14,0
2024-06-16,Mutton Rogan Josh,Main Course,37,24,Sunday,1,0,Rainy,14,0
2024-06-16,Paneer Tikka,Starters,64,53,Sunday,1,0,Rainy,14,0
2024-06-16,Chicken Tandoori,Starters,55,50,Sunday,1,0,Rainy,14,0
2024-06-16,Veg Spring Rolls,Starters,63,59,Sunday,1,0,Rainy,14,0
2024-06-16,Fish Amritsari,Starters,62,31,Sunday,1,0,Rainy,14,0
2024-06-16,Butter Naan,Breads,74,72,Sunday,1,0,Rainy,14,0
2024-06-16,Garlic Naan,Breads,71,61,Sunday,1,0,Rainy,14,0
2024-06-16,Tandoori Roti,Breads,76,59,Sunday,1,0,Rainy,14,0
2024-06-16,Gulab Jamun,Desserts,43,35,Sunday,1,0,Rainy,14,0
2024-06-16,Ras Malai,Desserts,34,28,Sunday,1,0,Rainy,14,0
2024-06-16,Kheer,Desserts,31,22,Sunday,1,0,Rainy,14,0
2024-06-16,Kulfi,Desserts,32,17,Sunday,1,0,Rainy,14,0
2024-06-17,Paneer Butter Masala,Main Course,28,25,Monday,0,0,Stormy,11,0
2024-06-17,Dal Makhani,Main Course,31,28,Monday,0,0,Stormy,11,0
2024-06-17,Chicken Biryani,Main Course,31,26,Monday,0,0,Stormy,11,0
2024-06-17,Mutton Rogan Josh,Main Course,25,15,Monday,0,0,Stormy,11,0
2024-06-17,Paneer Tikka,Starters,43,34,Monday,0,0,Stormy,11,0
2024-06-17,Chicken Tandoori,Starters,37,25,Monday,0,0,Stormy,11,0
2024-06-17,Veg Spring Rolls,Starters,39,35,Monday,0,0,Stormy,11,0
2024-06-17,Fish Amritsari,Starters,33,24,Monday,0,0,Stormy,11,0
2024-06-17,Butter Naan,Breads,50,47,Monday,0,0,Stormy,11,0
2024-06-17,Garlic Naan,Breads,47,38,Monday,0,0,Stormy,11,0
2024-06-17,Tandoori Roti,Breads,57,20,Monday,0,0,Stormy,11,0
2024-06-17,Gulab Jamun,Desserts,30,24,Monday,0,0,Stormy,11,0
2024-06-17,Ras Malai,Desserts,27,23,Monday,0,0,Stormy,11,0
2024-06-17,Kheer,Desserts,21,13,Monday,0,0,Stormy,11,0
2024-06-17,Kulfi,Desserts,22,11,Monday,0,0,Stormy,11,0
2024-06-18,Paneer Butter Masala,Main Course,44,37,Tuesday,0,0,Sunny,11,1
2024-06-18,Dal Makhani,Main Course,46,39,Tuesday,0,0,Sunny,11,1
2024-06-18,Chicken Biryani,Main Course,41,34,Tuesday,0,0,Sunny,11,1
2024-06-18,Mutton Rogan Josh,Main Course,41,21,Tuesday,0,0,Sunny,11,1
2024-06-18,Paneer Tikka,Starters,53,45,Tuesday,0,0,Sunny,11,1
2024-06-18,Chicken Tandoori,Starters,48,17,Tuesday,0,0,Sunny,11,1
2024-06-18,Veg Spring Rolls,Starters,60,50,Tuesday,0,0,Sunny,11,1
2024-06-18,Fish Amritsari,Starters,47,26,Tuesday,0,0,Sunny,11,1
2024-06-18,Butter Naan,Breads,71,58,Tuesday,0,0,Sunny,11,1
2024-06-18,Garlic Naan,Breads,70,63,Tuesday,0,0,Sunny,11,1
2024-06-18,Tandoori Roti,Breads,81,72,Tuesday,0,0,Sunny,11,1
2024-06-18,Gulab Jamun,Desserts,37,32,Tuesday,0,0,Sunny,11,1
2024-06-18,Ras Malai,Desserts,39,36,Tuesday,0,0,Sunny,11,1
2024-06-18,Kheer,Desserts,28,24,Tuesday,0,0,Sunny,11,1
2024-06-18,Kulfi,Desserts,26,14,Tuesday,0,0,Sunny,11,1
2024-06-19,Paneer Butter Masala,Main Course,38,31,Wednesday,0,0,Sunny,10,0
2024-06-19,Dal Makhani,Main Course,34,23,Wednesday,0,0,Sunny,10,0
2024-06-19,Chicken Biryani,Main Course,37,33,Wednesday,0,0,Sunny,10,0
2024-06-19,Mutton Rogan Josh,Main Course,32,22,Wednesday,0,0,Sunny,10,0
2024-06-19,Paneer Tikka,Starters,49,38,Wednesday,0,0,Sunny,10,0
2024-06-19,Chicken Tandoori,Starters,42,37,Wednesday,0,0,Sunny,10,0
2024-06-19,Veg Spring Rolls,Starters,41,33,Wednesday,0,0,Sunny,10,0
2024-06-19,Fish Amritsari,Starters,75,30,Wednesday,0,0,Sunny,10,0
2024-06-19,Butter Naan,Breads,69,33,Wednesday,0,0,Sunny,10,0
2024-06-19,Garlic Naan,Breads,55,44,Wednesday,0,0,Sunny,10,0
2024-06-19,Tandoori Roti,Breads,67,45,Wednesday,0,0,Sunny,10,0
2024-06-19,Gulab Jamun,Desserts,35,28,Wednesday,0,0,Sunny,10,0
2024-06-19,Ras Malai,Desserts,33,29,Wednesday,0,0,Sunny,10,0
2024-06-19,Kheer,Desserts,23,16,Wednesday,0,0,Sunny,10,0
2024-06-19,Kulfi,Desserts,27,19,Wednesday,0,0,Sunny,10,0
2024-06-20,Paneer Butter Masala,Main Course,31,28,Thursday,0,0,Cloudy,10,0
2024-06-20,Dal Makhani,Main Course,34,31,Thursday,0,0,Cloudy,10,0
2024-06-20,Chicken Biryani,Main Course,32,29,Thursday,0,0,Cloudy,10,0
2024-06-20,Mutton Rogan Josh,Main Course,33,7,Thursday,0,0,Cloudy,10,0
2024-06-20,Paneer Tikka,Starters,51,45,Thursday,0,0,Cloudy,10,0
2024-06-20,Chicken Tandoori,Starters,39,32,Thursday,0,0,Cloudy,10,0
2024-06-20,Veg Spring Rolls,Starters,46,41,Thursday,0,0,Cloudy,10,0
2024-06-20,Fish Amritsari,Starters,44,32,Thursday,0,0,Cloudy,10,0
2024-06-20,Butter Naan,Breads,68,58,Thursday,0,0,Cloudy,10,0
2024-06-20,Garlic Naan,Breads,58,45,Thursday,0,0,Cloudy,10,0
2024-06-20,Tandoori Roti,Breads,71,54,Thursday,0,0,Cloudy,10,0
2024-06-20,Gulab Jamun,Desserts,32,21,Thursday,0,0,Cloudy,10,0
2024-06-20,Ras Malai,Desserts,31,20,Thursday,0,0,Cloudy,10,0
2024-06-20,Kheer,Desserts,24,20,Thursday,0,0,Cloudy,10,0
2024-06-20,Kulfi,Desserts,24,13,Thursday,0,0,Cloudy,10,0
2024-06-21,Paneer Butter Masala,Main Course,31,25,Friday,0,0,Rainy,10,0
2024-06-21,Dal Makhani,Main Course,32,21,Friday,0,0,Rainy,10,0
2024-06-21,Chicken Biryani,Main Course,30,26,Friday,0,0,Rainy,10,0
2024-06-21,Mutton Rogan Josh,Main Course,32,22,Friday,0,0,Rainy,10,0
2024-06-21,Paneer Tikka,Starters,40,35,Friday,0,0,Rainy,10,0
2024-06-21,Chicken Tandoori,Starters,41,30,Friday,0,0,Rainy,10,0
2024-06-21,Veg Spring Rolls,Starters,40,32,Friday,0,0,Rainy,10,0
2024-06-21,Fish Amritsari,Starters,41,30,Friday,0,0,Rainy,10,0
2024-06-21,Butter Naan,Breads,53,50,Friday,0,0,Rainy,10,0
2024-06-21,Garlic Naan,Breads,60,50,Friday,0,0,Rainy,10,0
2024-06-21,Tandoori Roti,Breads,58,51,Friday,0,0,Rainy,10,0
2024-06-21,Gulab Jamun,Desserts,26,24,Friday,0,0,Rainy,10,0
2024-06-21,Ras Malai,Desserts,29,22,Friday,0,0,Rainy,10,0
2024-06-21,Kheer,Desserts,25,17,Friday,0,0,Rainy,10,0
2024-06-21,Kulfi,Desserts,24,16,Friday,0,0,Rainy,10,0
2024-06-22,Paneer Butter Masala,Main Course,58,47,Saturday,1,0,Cloudy,14,1
2024-06-22,Dal Makhani,Main Course,67,60,Saturday,1,0,Cloudy,14,1
2024-06-22,Chicken Biryani,Main Course,56,52,Saturday,1,0,Cloudy,14,1
2024-06-22,Mutton Rogan Josh,Main Course,55,34,Saturday,1,0,Cloudy,14,1
2024-06-22,Paneer Tikka,Starters,79,70,Saturday,1,0,Cloudy,14,1
2024-06-22,Chicken Tandoori,Starters,63,45,Saturday,1,0,Cloudy,14,1
2024-06-22,Veg Spring Rolls,Starters,83,76,Saturday,1,0,Cloudy,14,1
2024-06-22,Fish Amritsari,Starters,82,53,Saturday,1,0,Cloudy,14,1
2024-06-22,Butter Naan,Breads,116,110,Saturday,1,0,Cloudy,14,1
2024-06-22,Garlic Naan,Breads,110,95,Saturday,1,0,Cloudy,14,1
2024-06-22,Tandoori Roti,Breads,108,98,Saturday,1,0,Cloudy,14,1
2024-06-22,Gulab Jamun,Desserts,47,40,Saturday,1,0,Cloudy,14,1
2024-06-22,Ras Malai,Desserts,46,36,Saturday,1,0,Cloudy,14,1
2024-06-22,Kheer,Desserts,41,32,Saturday,1,0,Cloudy,14,1
2024-06-22,Kulfi,Desserts,44,25,Saturday,1,0,Cloudy,14,1
2024-06-23,Paneer Butter Masala,Main Course,52,50,Sunday,1,0,Sunny,13,0
2024-06-23,Dal Makhani,Main Course,50,45,Sunday,1,0,Sunny,13,0
2024-06-23,Chicken Biryani,Main Course,49,46,Sunday,1,0,Sunny,13,0
2024-06-23,Mutton Rogan Josh,Main Course,44,31,Sunday,1,0,Sunny,13,0
2024-06-23,Paneer Tikka,Starters,71,52,Sunday,1,0,Sunny,13,0
2024-06-23,Chicken Tandoori,Starters,53,41,Sunday,1,0,Sunny,13,0
2024-06-23,Veg Spring Rolls,Starters,57,39,Sunday,1,0,Sunny,13,0
2024-06-23,Fish Amritsari,Starters,63,47,Sunday,1,0,Sunny,13,0
2024-06-23,Butter Naan,Breads,78,73,Sunday,1,0,Sunny,13,0
2024-06-23,Garlic Naan,Breads,89,63,Sunday,1,0,Sunny,13,0
2024-06-23,Tandoori Roti,Breads,100,71,Sunday,1,0,Sunny,13,0
2024-06-23,Gulab Jamun,Desserts,43,32,Sunday,1,0,Sunny,13,0
2024-06-23,Ras Malai,Desserts,43,39,Sunday,1,0,Sunny,13,0
2024-06-23,Kheer,Desserts,37,29,Sunday,1,0,Sunny,13,0
2024-06-23,Kulfi,Desserts,31,18,Sunday,1,0,Sunny,13,0
2024-06-24,Paneer Butter Masala,Main Course,33,30,Monday,0,0,Stormy,10,0
2024-06-24,Dal Makhani,Main Course,32,23,Monday,0,0,Stormy,10,0
2024-06-24,Chicken Biryani,Main Course,28,22,Monday,0,0,Stormy,10,0
2024-06-24,Mutton Rogan Josh,Main Course,31,20,Monday,0,0,Stormy,10,0
2024-06-24,Paneer Tikka,Starters,41,28,Monday,0,0,Stormy,10,0
2024-06-24,Chicken Tandoori,Starters,35,33,Monday,0,0,Stormy,10,0
2024-06-24,Veg Spring Rolls,Starters,37,25,Monday,0,0,Stormy,10,0
2024-06-24,Fish Amritsari,Starters,40,27,Monday,0,0,Stormy,10,0
2024-06-24,Butter Naan,Breads,55,52,Monday,0,0,Stormy,10,0
2024-06-24,Garlic Naan,Breads,46,32,Monday,0,0,Stormy,10,0
2024-06-24,Tandoori Roti,Breads,51,38,Monday,0,0,Stormy,10,0
2024-06-24,Gulab Jamun,Desserts,29,25,Monday,0,0,Stormy,10,0
2024-06-24,Ras Malai,Desserts,27,20,Monday,0,0,Stormy,10,0
2024-06-24,Kheer,Desserts,22,15,Monday,0,0,Stormy,10,0
2024-06-24,Kulfi,Desserts,19,9,Monday,0,0,Stormy,10,0
2024-06-25,Paneer Butter Masala,Main Course,31,27,Tuesday,0,0,Cloudy,8,0
2024-06-25,Dal Makhani,Main Course,40,32,Tuesday,0,0,Cloudy,8,0
2024-06-25,Chicken Biryani,Main Course,31,27,Tuesday,0,0,Cloudy,8,0
2024-06-25,Mutton Rogan Josh,Main Course,34,23,Tuesday,0,0,Cloudy,8,0
2024-06-25,Paneer Tikka,Starters,44,36,Tuesday,0,0,Cloudy,8,0
2024-06-25,Chicken Tandoori,Starters,38,33,Tuesday,0,0,Cloudy,8,0
2024-06-25,Veg Spring Rolls,Starters,43,40,Tuesday,0,0,Cloudy,8,0
2024-06-25,Fish Amritsari,Starters,41,32,Tuesday,0,0,Cloudy,8,0
2024-06-25,Butter Naan,Breads,57,47,Tuesday,0,0,Cloudy,8,0
2024-06-25,Garlic Naan,Breads,62,54,Tuesday,0,0,Cloudy,8,0
2024-06-25,Tandoori Roti,Breads,62,43,Tuesday,0,0,Cloudy,8,0
2024-06-25,Gulab Jamun,Desserts,34,26,Tuesday,0,0,Cloudy,8,0
2024-06-25,Ras Malai,Desserts,31,29,Tuesday,0,0,Cloudy,8,0
2024-06-25,Kheer,Desserts,25,18,Tuesday,0,0,Cloudy,8,0
2024-06-25,Kulfi,Desserts,23,13,Tuesday,0,0,Cloudy,8,0
2024-06-26,Paneer Butter Masala,Main Course,27,25,Wednesday,0,0,Stormy,8,0
2024-06-26,Dal Makhani,Main Course,33,29,Wednesday,0,0,Stormy,8,0
2024-06-26,Chicken Biryani,Main Course,31,26,Wednesday,0,0,Stormy,8,0
2024-06-26,Mutton Rogan Josh,Main Course,30,23,Wednesday,0,0,Stormy,8,0
2024-06-26,Paneer Tikka,Starters,41,31,Wednesday,0,0,Stormy,8,0
2024-06-26,Chicken Tandoori,Starters,33,28,Wednesday,0,0,Stormy,8,0
2024-06-26,Veg Spring Rolls,Starters,36,32,Wednesday,0,0,Stormy,8,0
2024-06-26,Fish Amritsari,Starters,36,18,Wednesday,0,0,Stormy,8,0
2024-06-26,Butter Naan,Breads,51,40,Wednesday,0,0,Stormy,8,0
2024-06-26,Garlic Naan,Breads,53,42,Wednesday,0,0,Stormy,8,0
2024-06-26,Tandoori Roti,Breads,52,41,Wednesday,0,0,Stormy,8,0
2024-06-26,Gulab Jamun,Desserts,27,24,Wednesday,0,0,Stormy,8,0
2024-06-26,Ras Malai,Desserts,27,21,Wednesday,0,0,Stormy,8,0
2024-06-26,Kheer,Desserts,20,17,Wednesday,0,0,Stormy,8,0
2024-06-26,Kulfi,Desserts,19,10,Wednesday,0,0,Stormy,8,0
2024-06-27,Paneer Butter Masala,Main Course,35,30,Thursday,0,0,Cloudy,12,0
2024-06-27,Dal Makhani,Main Course,38,31,Thursday,0,0,Cloudy,12,0
2024-06-27,Chicken Biryani,Main Course,35,28,Thursday,0,0,Cloudy,12,0
2024-06-27,Mutton Rogan Josh,Main Course,28,15,Thursday,0,0,Cloudy,12,0
2024-06-27,Paneer Tikka,Starters,40,29,Thursday,0,0,Cloudy,12,0
2024-06-27,Chicken Tandoori,Starters,42,36,Thursday,0,0,Cloudy,12,0
2024-06-27,Veg Spring Rolls,Starters,41,31,Thursday,0,0,Cloudy,12,0
2024-06-27,Fish Amritsari,Starters,41,27,Thursday,0,0,Cloudy,12,0
2024-06-27,Butter Naan,Breads,67,55,Thursday,0,0,Cloudy,12,0
2024-06-27,Garlic Naan,Breads,63,50,Thursday,0,0,Cloudy,12,0
2024-06-27,Tandoori Roti,Breads,69,56,Thursday,0,0,Cloudy,12,0
2024-06-27,Gulab Jamun,Desserts,33,30,Thursday,0,0,Cloudy,12,0
2024-06-27,Ras Malai,Desserts,32,21,Thursday,0,0,Cloudy,12,0
2024-06-27,Kheer,Desserts,28,25,Thursday,0,0,Cloudy,12,0
2024-06-27,Kulfi,Desserts,25,12,Thursday,0,0,Cloudy,12,0
2024-06-28,Paneer Butter Masala,Main Course,34,32,Friday,0,0,Sunny,12,0
2024-06-28,Dal Makhani,Main Course,41,33,Friday,0,0,Sunny,12,0
2024-06-28,Chicken Biryani,Main Course,34,27,Friday,0,0,Sunny,12,0
2024-06-28,Mutton Rogan Josh,Main Course,31,22,Friday,0,0,Sunny,12,0
2024-06-28,Paneer Tikka,Starters,45,37,Friday,0,0,Sunny,12,0
2024-06-28,Chicken Tandoori,Starters,39,31,Friday,0,0,Sunny,12,0
2024-06-28,Veg Spring Rolls,Starters,49,34,Friday,0,0,Sunny,12,0
2024-06-28,Fish Amritsari,Starters,46,36,Friday,0,0,Sunny,12,0
2024-06-28,Butter Naan,Breads,63,58,Friday,0,0,Sunny,12,0
2024-06-28,Garlic Naan,Breads,64,49,Friday,0,0,Sunny,12,0
2024-06-28,Tandoori Roti,Breads,63,52,Friday,0,0,Sunny,12,0
2024-06-28,Gulab Jamun,Desserts,30,24,Friday,0,0,Sunny,12,0
2024-06-28,Ras Malai,Desserts,27,18,Friday,0,0,Sunny,12,0
2024-06-28,Kheer,Desserts,26,21,Friday,0,0,Sunny,12,0
2024-06-28,Kulfi,Desserts,22,12,Friday,0,0,Sunny,12,0
2024-06-29,Paneer Butter Masala,Main Course,52,49,Saturday,1,0,Cloudy,11,1
2024-06-29,Dal Makhani,Main Course,66,47,Saturday,1,0,Cloudy,11,1
2024-06-29,Chicken Biryani,Main Course,63,56,Saturday,1,0,Cloudy,11,1
2024-06-29,Mutton Rogan Josh,Main Course,59,38,Saturday,1,0,Cloudy,11,1
2024-06-29,Paneer Tikka,Starters,78,59,Saturday,1,0,Cloudy,11,1
2024-06-29,Chicken Tandoori,Starters,72,50,Saturday,1,0,Cloudy,11,1
2024-06-29,Veg Spring Rolls,Starters,71,48,Saturday,1,0,Cloudy,11,1
2024-06-29,Fish Amritsari,Starters,69,52,Saturday,1,0,Cloudy,11,1
2024-06-29,Butter Naan,Breads,97,81,Saturday,1,0,Cloudy,11,1
2024-06-29,Garlic Naan,Breads,108,74,Saturday,1,0,Cloudy,11,1
2024-06-29,Tandoori Roti,Breads,104,76,Saturday,1,0,Cloudy,11,1
2024-06-29,Gulab Jamun,Desserts,57,37,Saturday,1,0,Cloudy,11,1
2024-06-29,Ras Malai,Desserts,53,42,Saturday,1,0,Cloudy,11,1
2024-06-29,Kheer,Desserts,41,30,Saturday,1,0,Cloudy,11,1
2024-06-29,Kulfi,Desserts,37,27,Saturday,1,0,Cloudy,11,1
2024-06-30,Paneer Butter Masala,Main Course,43,38,Sunday,1,0,Sunny,13,0
2024-06-30,Dal Makhani,Main Course,51,38,Sunday,1,0,Sunny,13,0
2024-06-30,Chicken Biryani,Main Course,48,46,Sunday,1,0,Sunny,13,0
2024-06-30,Mutton Rogan Josh,Main Course,85,25,Sunday,1,0,Sunny,13,0
2024-06-30,Paneer Tikka,Starters,59,54,Sunday,1,0,Sunny,13,0
2024-06-30,Chicken Tandoori,Starters,60,42,Sunday,1,0,Sunny,13,0
2024-06-30,Veg Spring Rolls,Starters,58,40,Sunday,1,0,Sunny,13,0
2024-06-30,Fish Amritsari,Starters,67,51,Sunday,1,0,Sunny,13,0
2024-06-30,Butter Naan,Breads,79,69,Sunday,1,0,Sunny,13,0
2024-06-30,Garlic Naan,Breads,87,72,Sunday,1,0,Sunny,13,0
2024-06-30,Tandoori Roti,Breads,86,74,Sunday,1,0,Sunny,13,0
2024-06-30,Gulab Jamun,Desserts,43,33,Sunday,1,0,Sunny,13,0
2024-06-30,Ras Malai,Desserts,46,40,Sunday,1,0,Sunny,13,0
2024-06-30,Kheer,Desserts,39,26,Sunday,1,0,Sunny,13,0
2024-06-30,Kulfi,Desserts,36,28,Sunday,1,0,Sunny,13,0
2024-07-01,Paneer Butter Masala,Main Course,32,26,Monday,0,0,Cloudy,8,0
2024-07-01,Dal Makhani,Main Course,34,25,Monday,0,0,Cloudy,8,0
2024-07-01,Chicken Biryani,Main Course,30,28,Monday,0,0,Cloudy,8,0
2024-07-01,Mutton Rogan Josh,Main Course,32,20,Monday,0,0,Cloudy,8,0
2024-07-01,Paneer Tikka,Starters,37,28,Monday,0,0,Cloudy,8,0
2024-07-01,Chicken Tandoori,Starters,34,32,Monday,0,0,Cloudy,8,0
2024-07-01,Veg Spring Rolls,Starters,40,33,Monday,0,0,Cloudy,8,0
2024-07-01,Fish Amritsari,Starters,43,25,Monday,0,0,Cloudy,8,0
2024-07-01,Butter Naan,Breads,57,55,Monday,0,0,Cloudy,8,0
2024-07-01,Garlic Naan,Breads,54,44,Monday,0,0,Cloudy,8,0
2024-07-01,Tandoori Roti,Breads,64,50,Monday,0,0,Cloudy,8,0
2024-07-01,Gulab Jamun,Desserts,31,29,Monday,0,0,Cloudy,8,0
2024-07-01,Ras Malai,Desserts,30,20,Monday,0,0,Cloudy,8,0
2024-07-01,Kheer,Desserts,22,19,Monday,0,0,Cloudy,8,0
2024-07-01,Kulfi,Desserts,21,14,Monday,0,0,Cloudy,8,0
2024-07-02,Paneer Butter Masala,Main Course,32,27,Tuesday,0,0,Rainy,9,0
2024-07-02,Dal Makhani,Main Course,31,21,Tuesday,0,0,Rainy,9,0
2024-07-02,Chicken Biryani,Main Course,29,25,Tuesday,0,0,Rainy,9,0
2024-07-02,Mutton Rogan Josh,Main Course,26,18,Tuesday,0,0,Rainy,9,0
2024-07-02,Paneer Tikka,Starters,40,35,Tuesday,0,0,Rainy,9,0
2024-07-02,Chicken Tandoori,Starters,30,20,Tuesday,0,0,Rainy,9,0
2024-07-02,Veg Spring Rolls,Starters,42,37,Tuesday,0,0,Rainy,9,0
2024-07-02,Fish Amritsari,Starters,33,20,Tuesday,0,0,Rainy,9,0
2024-07-02,Butter Naan,Breads,56,44,Tuesday,0,0,Rainy,9,0
2024-07-02,Garlic Naan,Breads,45,40,Tuesday,0,0,Rainy,9,0
2024-07-02,Tandoori Roti,Breads,53,47,Tuesday,0,0,Rainy,9,0
2024-07-02,Gulab Jamun,Desserts,26,24,Tuesday,0,0,Rainy,9,0
2024-07-02,Ras Malai,Desserts,27,21,Tuesday,0,0,Rainy,9,0
2024-07-02,Kheer,Desserts,18,14,Tuesday,0,0,Rainy,9,0
2024-07-02,Kulfi,Desserts,20,12,Tuesday,0,0,Rainy,9,0
2024-07-03,Paneer Butter Masala,Main Course,29,27,Wednesday,0,0,Rainy,10,0
2024-07-03,Dal Makhani,Main Course,30,22,Wednesday,0,0,Rainy,10,0
2024-07-03,Chicken Biryani,Main Course,28,25,Wednesday,0,0,Rainy,10,0
2024-07-03,Mutton Rogan Josh,Main Course,25,18,Wednesday,0,0,Rainy,10,0
2024-07-03,Paneer Tikka,Starters,35,29,Wednesday,0,0,Rainy,10,0
2024-07-03,Chicken Tandoori,Starters,32,25,Wednesday,0,0,Rainy,10,0
2024-07-03,Veg Spring Rolls,Starters,40,32,Wednesday,0,0,Rainy,10,0
2024-07-03,Fish Amritsari,Starters,40,22,Wednesday,0,0,Rainy,10,0
2024-07-03,Butter Naan,Breads,52,50,Wednesday,0,0,Rainy,10,0
2024-07-03,Garlic Naan,Breads,46,41,Wednesday,0,0,Rainy,10,0
2024-07-03,Tandoori Roti,Breads,55,38,Wednesday,0,0,Rainy,10,0
2024-07-03,Gulab Jamun,Desserts,25,23,Wednesday,0,0,Rainy,10,0
2024-07-03,Ras Malai,Desserts,24,21,Wednesday,0,0,Rainy,10,0
2024-07-03,Kheer,Desserts,23,15,Wednesday,0,0,Rainy,10,0
2024-07-03,Kulfi,Desserts,20,10,Wednesday,0,0,Rainy,10,0
2024-07-04,Paneer Butter Masala,Main Course,30,13,Thursday,0,0,Cloudy,9,0
2024-07-04,Dal Makhani,Main Course,33,30,Thursday,0,0,Cloudy,9,0
2024-07-04,Chicken Biryani,Main Course,34,28,Thursday,0,0,Cloudy,9,0
2024-07-04,Mutton Rogan Josh,Main Course,26,18,Thursday,0,0,Cloudy,9,0
2024-07-04,Paneer Tikka,Starters,38,31,Thursday,0,0,Cloudy,9,0
2024-07-04,Chicken Tandoori,Starters,37,31,Thursday,0,0,Cloudy,9,0
2024-07-04,Veg Spring Rolls,Starters,38,34,Thursday,0,0,Cloudy,9,0
2024-07-04,Fish Amritsari,Starters,37,21,Thursday,0,0,Cloudy,9,0
2024-07-04,Butter Naan,Breads,59,54,Thursday,0,0,Cloudy,9,0
2024-07-04,Garlic Naan,Breads,55,51,Thursday,0,0,Cloudy,9,0
2024-07-04,Tandoori Roti,Breads,63,44,Thursday,0,0,Cloudy,9,0
2024-07-04,Gulab Jamun,Desserts,29,20,Thursday,0,0,Cloudy,9,0
2024-07-04,Ras Malai,Desserts,26,17,Thursday,0,0,Cloudy,9,0
2024-07-04,Kheer,Desserts,22,15,Thursday,0,0,Cloudy,9,0
2024-07-04,Kulfi,Desserts,20,14,Thursday,0,0,Cloudy,9,0
2024-07-05,Paneer Butter Masala,Main Course,29,25,Friday,0,0,Rainy,10,0
2024-07-05,Dal Makhani,Main Course,29,21,Friday,0,0,Rainy,10,0
2024-07-05,Chicken Biryani,Main Course,29,25,Friday,0,0,Rainy,10,0
2024-07-05,Mutton Rogan Josh,Main Course,29,21,Friday,0,0,Rainy,10,0
2024-07-05,Paneer Tikka,Starters,40,33,Friday,0,0,Rainy,10,0
2024-07-05,Chicken Tandoori,Starters,37,33,Friday,0,0,Rainy,10,0
2024-07-05,Veg Spring Rolls,Starters,40,28,Friday,0,0,Rainy,10,0
2024-07-05,Fish Amritsari,Starters,35,26,Friday,0,0,Rainy,10,0
2024-07-05,Butter Naan,Breads,52,41,Friday,0,0,Rainy,10,0
2024-07-05,Garlic Naan,Breads,45,29,Friday,0,0,Rainy,10,0
2024-07-05,Tandoori Roti,Breads,52,45,Friday,0,0,Rainy,10,0
2024-07-05,Gulab Jamun,Desserts,27,23,Friday,0,0,Rainy,10,0
2024-07-05,Ras Malai,Desserts,26,24,Friday,0,0,Rainy,10,0
2024-07-05,Kheer,Desserts,19,17,Friday,0,0,Rainy,10,0
2024-07-05,Kulfi,Desserts,40,14,Friday,0,0,Rainy,10,0
2024-07-06,Paneer Butter Masala,Main Course,41,35,Saturday,1,0,Stormy,16,0
2024-07-06,Dal Makhani,Main Course,44,41,Saturday,1,0,Stormy,16,0
2024-07-06,Chicken Biryani,Main Course,60,31,Saturday,1,0,Stormy,16,0
2024-07-06,Mutton Rogan Josh,Main Course,34,19,Saturday,1,0,Stormy,16,0
2024-07-06,Paneer Tikka,Starters,46,40,Saturday,1,0,Stormy,16,0
2024-07-06,Chicken Tandoori,Starters,47,38,Saturday,1,0,Stormy,16,0
2024-07-06,Veg Spring Rolls,Starters,50,40,Saturday,1,0,Stormy,16,0
2024-07-06,Fish Amritsari,Starters,50,29,Saturday,1,0,Stormy,16,0
2024-07-06,Butter Naan,Breads,67,55,Saturday,1,0,Stormy,16,0
2024-07-06,Garlic Naan,Breads,71,65,Saturday,1,0,Stormy,16,0
2024-07-06,Tandoori Roti,Breads,67,51,Saturday,1,0,Stormy,16,0
2024-07-06,Gulab Jamun,Desserts,32,24,Saturday,1,0,Stormy,16,0
2024-07-06,Ras Malai,Desserts,29,21,Saturday,1,0,Stormy,16,0
2024-07-06,Kheer,Desserts,28,21,Saturday,1,0,Stormy,16,0
2024-07-06,Kulfi,Desserts,25,14,Saturday,1,0,Stormy,16,0
2024-07-07,Paneer Butter Masala,Main Course,53,43,Sunday,1,0,Rainy,15,1
2024-07-07,Dal Makhani,Main Course,50,46,Sunday,1,0,Rainy,15,1
2024-07-07,Chicken Biryani,Main Course,44,14,Sunday,1,0,Rainy,15,1
2024-07-07,Mutton Rogan Josh,Main Course,48,27,Sunday,1,0,Rainy,15,1
2024-07-07,Paneer Tikka,Starters,68,44,Sunday,1,0,Rainy,15,1
2024-07-07,Chicken Tandoori,Starters,53,45,Sunday,1,0,Rainy,15,1
2024-07-07,Veg Spring Rolls,Starters,59,40,Sunday,1,0,Rainy,15,1
2024-07-07,Fish Amritsari,Starters,64,38,Sunday,1,0,Rainy,15,1
2024-07-07,Butter Naan,Breads,86,75,Sunday,1,0,Rainy,15,1
2024-07-07,Garlic Naan,Breads,79,57,Sunday,1,0,Rainy,15,1
2024-07-07,Tandoori Roti,Breads,78,55,Sunday,1,0,Rainy,15,1
2024-07-07,Gulab Jamun,Desserts,46,39,Sunday,1,0,Rainy,15,1
2024-07-07,Ras Malai,Desserts,37,32,Sunday,1,0,Rainy,15,1
2024-07-07,Kheer,Desserts,32,23,Sunday,1,0,Rainy,15,1
2024-07-07,Kulfi,Desserts,35,23,Sunday,1,0,Rainy,15,1
2024-07-08,Paneer Butter Masala,Main Course,26,24,Monday,0,0,Stormy,10,0
2024-07-08,Dal Makhani,Main Course,26,21,Monday,0,0,Stormy,10,0
2024-07-08,Chicken Biryani,Main Course,29,26,Monday,0,0,Stormy,10,0
2024-07-08,Mutton Rogan Josh,Main Course,27,20,Monday,0,0,Stormy,10,0
2024-07-08,Paneer Tikka,Starters,36,30,Monday,0,0,Stormy,10,0
2024-07-08,Chicken Tandoori,Starters,29,24,Monday,0,0,Stormy,10,0
2024-07-08,Veg Spring Rolls,Starters,31,21,Monday,0,0,Stormy,10,0
2024-07-08,Fish Amritsari,Starters,30,15,Monday,0,0,Stormy,10,0
2024-07-08,Butter Naan,Breads,46,42,Monday,0,0,Stormy,10,0
2024-07-08,Garlic Naan,Breads,51,38,Monday,0,0,Stormy,10,0
2024-07-08,Tandoori Roti,Breads,45,38,Monday,0,0,Stormy,10,0
2024-07-08,Gulab Jamun,Desserts,25,21,Monday,0,0,Stormy,10,0
2024-07-08,Ras Malai,Desserts,25,23,Monday,0,0,Stormy,10,0
2024-07-08,Kheer,Desserts,18,13,Monday,0,0,Stormy,10,0
2024-07-08,Kulfi,Desserts,20,14,Monday,0,0,Stormy,10,0
2024-07-09,Paneer Butter Masala,Main Course,34,32,Tuesday,0,0,Cloudy,11,0
2024-07-09,Dal Makhani,Main Course,37,24,Tuesday,0,0,Cloudy,11,0
2024-07-09,Chicken Biryani,Main Course,29,25,Tuesday,0,0,Cloudy,11,0
2024-07-09,Mutton Rogan Josh,Main Course,28,15,Tuesday,0,0,Cloudy,11,0
2024-07-09,Paneer Tikka,Starters,41,37,Tuesday,0,0,Cloudy,11,0
2024-07-09,Chicken Tandoori,Starters,37,29,Tuesday,0,0,Cloudy,11,0
2024-07-09,Veg Spring Rolls,Starters,46,38,Tuesday,0,0,Cloudy,11,0
2024-07-09,Fish Amritsari,Starters,36,22,Tuesday,0,0,Cloudy,11,0
2024-07-09,Butter Naan,Breads,57,52,Tuesday,0,0,Cloudy,11,0
2024-07-09,Garlic Naan,Breads,53,38,Tuesday,0,0,Cloudy,11,0
2024-07-09,Tandoori Roti,Breads,53,43,Tuesday,0,0,Cloudy,11,0
2024-07-09,Gulab Jamun,Desserts,25,23,Tuesday,0,0,Cloudy,11,0
2024-07-09,Ras Malai,Desserts,27,19,Tuesday,0,0,Cloudy,11,0
2024-07-09,Kheer,Desserts,25,17,Tuesday,0,0,Cloudy,11,0
2024-07-09,Kulfi,Desserts,20,10,Tuesday,0,0,Cloudy,11,0
2024-07-10,Paneer Butter Masala,Main Course,31,26,Wednesday,0,0,Sunny,10,0
2024-07-10,Dal Makhani,Main Course,37,28,Wednesday,0,0,Sunny,10,0
2024-07-10,Chicken Biryani,Main Course,28,25,Wednesday,0,0,Sunny,10,0
2024-07-10,Mutton Rogan Josh,Main Course,27,15,Wednesday,0,0,Sunny,10,0
2024-07-10,Paneer Tikka,Starters,39,34,Wednesday,0,0,Sunny,10,0
2024-07-10,Chicken Tandoori,Starters,34,11,Wednesday,0,0,Sunny,10,0
2024-07-10,Veg Spring Rolls,Starters,42,37,Wednesday,0,0,Sunny,10,0
2024-07-10,Fish Amritsari,Starters,40,22,Wednesday,0,0,Sunny,10,0
2024-07-10,Butter Naan,Breads,49,47,Wednesday,0,0,Sunny,10,0
2024-07-10,Garlic Naan,Breads,51,38,Wednesday,0,0,Sunny,10,0
2024-07-10,Tandoori Roti,Breads,58,46,Wednesday,0,0,Sunny,10,0
2024-07-10,Gulab Jamun,Desserts,28,19,Wednesday,0,0,Sunny,10,0
2024-07-10,Ras Malai,Desserts,50,20,Wednesday,0,0,Sunny,10,0
2024-07-10,Kheer,Desserts,21,18,Wednesday,0,0,Sunny,10,0
2024-07-10,Kulfi,Desserts,24,12,Wednesday,0,0,Sunny,10,0
2024-07-11,Paneer Butter Masala,Main Course,31,28,Thursday,0,0,Cloudy,10,0
2024-07-11,Dal Makhani,Main Course,34,30,Thursday,0,0,Cloudy,10,0
2024-07-11,Chicken Biryani,Main Course,32,28,Thursday,0,0,Cloudy,10,0
2024-07-11,Mutton Rogan Josh,Main Course,29,22,Thursday,0,0,Cloudy,10,0
2024-07-11,Paneer Tikka,Starters,38,34,Thursday,0,0,Cloudy,10,0
2024-07-11,Chicken Tandoori,Starters,34,27,Thursday,0,0,Cloudy,10,0
2024-07-11,Veg Spring Rolls,Starters,46,43,Thursday,0,0,Cloudy,10,0
2024-07-11,Fish Amritsari,Starters,44,30,Thursday,0,0,Cloudy,10,0
2024-07-11,Butter Naan,Breads,61,52,Thursday,0,0,Cloudy,10,0
2024-07-11,Garlic Naan,Breads,50,47,Thursday,0,0,Cloudy,10,0
2024-07-11,Tandoori Roti,Breads,62,47,Thursday,0,0,Cloudy,10,0
2024-07-11,Gulab Jamun,Desserts,25,18,Thursday,0,0,Cloudy,10,0
2024-07-11,Ras Malai,Desserts,28,25,Thursday,0,0,Cloudy,10,0
2024-07-11,Kheer,Desserts,25,22,Thursday,0,0,Cloudy,10,0
2024-07-11,Kulfi,Desserts,23,17,Thursday,0,0,Cloudy,10,0
2024-07-12,Paneer Butter Masala,Main Course,29,25,Friday,0,0,Rainy,10,0
2024-07-12,Dal Makhani,Main Course,31,24,Friday,0,0,Rainy,10,0
2024-07-12,Chicken Biryani,Main Course,50,25,Friday,0,0,Rainy,10,0
2024-07-12,Mutton Rogan Josh,Main Course,28,14,Friday,0,0,Rainy,10,0
2024-07-12,Paneer Tikka,Starters,39,35,Friday,0,0,Rainy,10,0
2024-07-12,Chicken Tandoori,Starters,37,28,Friday,0,0,Rainy,10,0
2024-07-12,Veg Spring Rolls,Starters,34,22,Friday,0,0,Rainy,10,0
2024-07-12,Fish Amritsari,Starters,40,21,Friday,0,0,Rainy,10,0
2024-07-12,Butter Naan,Breads,52,42,Friday,0,0,Rainy,10,0
2024-07-12,Garlic Naan,Breads,46,42,Friday,0,0,Rainy,10,0
2024-07-12,Tandoori Roti,Breads,57,46,Friday,0,0,Rainy,10,0
2024-07-12,Gulab Jamun,Desserts,28,20,Friday,0,0,Rainy,10,0
2024-07-12,Ras Malai,Desserts,28,22,Friday,0,0,Rainy,10,0
2024-07-12,Kheer,Desserts,20,14,Friday,0,0,Rainy,10,0
2024-07-12,Kulfi,Desserts,22,16,Friday,0,0,Rainy,10,0
2024-07-13,Paneer Butter Masala,Main Course,36,34,Saturday,1,0,Rainy,15,0
2024-07-13,Dal Makhani,Main Course,47,34,Saturday,1,0,Rainy,15,0
2024-07-13,Chicken Biryani,Main Course,36,31,Saturday,1,0,Rainy,15,0
2024-07-13,Mutton Rogan Josh,Main Course,36,23,Saturday,1,0,Rainy,15,0
2024-07-13,Paneer Tikka,Starters,48,43,Saturday,1,0,Rainy,15,0
2024-07-13,Chicken Tandoori,Starters,48,39,Saturday,1,0,Rainy,15,0
2024-07-13,Veg Spring Rolls,Starters,50,45,Saturday,1,0,Rainy,15,0
2024-07-13,Fish Amritsari,Starters,45,29,Saturday,1,0,Rainy,15,0
2024-07-13,Butter Naan,Breads,64,59,Saturday,1,0,Rainy,15,0
2024-07-13,Garlic Naan,Breads,78,69,Saturday,1,0,Rainy,15,0
2024-07-13,Tandoori Roti,Breads,76,50,Saturday,1,0,Rainy,15,0
2024-07-13,Gulab Jamun,Desserts,38,25,Saturday,1,0,Rainy,15,0
2024-07-13,Ras Malai,Desserts,33,8,Saturday,1,0,Rainy,15,0
2024-07-13,Kheer,Desserts,29,19,Saturday,1,0,Rainy,15,0
2024-07-13,Kulfi,Desserts,29,22,Saturday,1,0,Rainy,15,0
2024-07-14,Paneer Butter Masala,Main Course,44,36,Sunday,1,0,Sunny,15,0
2024-07-14,Dal Makhani,Main Course,55,48,Sunday,1,0,Sunny,15,0
2024-07-14,Chicken Biryani,Main Course,46,38,Sunday,1,0,Sunny,15,0
2024-07-14,Mutton Rogan Josh,Main Course,44,23,Sunday,1,0,Sunny,15,0
2024-07-14,Paneer Tikka,Starters,53,37,Sunday,1,0,Sunny,15,0
2024-07-14,Chicken Tandoori,Starters,57,50,Sunday,1,0,Sunny,15,0
2024-07-14,Veg Spring Rolls,Starters,55,40,Sunday,1,0,Sunny,15,0
2024-07-14,Fish Amritsari,Starters,58,44,Sunday,1,0,Sunny,15,0
2024-07-14,Butter Naan,Breads,85,69,Sunday,1,0,Sunny,15,0
2024-07-14,Garlic Naan,Breads,69,51,Sunday,1,0,Sunny,15,0
2024-07-14,Tandoori Roti,Breads,85,60,Sunday,1,0,Sunny,15,0
2024-07-14,Gulab Jamun,Desserts,37,26,Sunday,1,0,Sunny,15,0
2024-07-14,Ras Malai,Desserts,36,32,Sunday,1,0,Sunny,15,0
2024-07-14,Kheer,Desserts,28,22,Sunday,1,0,Sunny,15,0
2024-07-14,Kulfi,Desserts,33,17,Sunday,1,0,Sunny,15,0
2024-07-15,Paneer Butter Masala,Main Course,34,28,Monday,0,0,Cloudy,12,0
2024-07-15,Dal Makhani,Main Course,32,27,Monday,0,0,Cloudy,12,0
2024-07-15,Chicken Biryani,Main Course,28,23,Monday,0,0,Cloudy,12,0
2024-07-15,Mutton Rogan Josh,Main Course,31,24,Monday,0,0,Cloudy,12,0
2024-07-15,Paneer Tikka,Starters,44,40,Monday,0,0,Cloudy,12,0
2024-07-15,Chicken Tandoori,Starters,37,26,Monday,0,0,Cloudy,12,0
2024-07-15,Veg Spring Rolls,Starters,46,38,Monday,0,0,Cloudy,12,0
2024-07-15,Fish Amritsari,Starters,35,21,Monday,0,0,Cloudy,12,0
2024-07-15,Butter Naan,Breads,55,46,Monday,0,0,Cloudy,12,0
2024-07-15,Garlic Naan,Breads,54,48,Monday,0,0,Cloudy,12,0
2024-07-15,Tandoori Roti,Breads,52,36,Monday,0,0,Cloudy,12,0
2024-07-15,Gulab Jamun,Desserts,27,22,Monday,0,0,Cloudy,12,0
2024-07-15,Ras Malai,Desserts,24,19,Monday,0,0,Cloudy,12,0
2024-07-15,Kheer,Desserts,25,16,Monday,0,0,Cloudy,12,0
2024-07-15,Kulfi,Desserts,22,13,Monday,0,0,Cloudy,12,0
2024-07-16,Paneer Butter Masala,Main Course,61,33,Tuesday,0,0,Rainy,8,1
2024-07-16,Dal Makhani,Main Course,38,30,Tuesday,0,0,Rainy,8,1
2024-07-16,Chicken Biryani,Main Course,34,27,Tuesday,0,0,Rainy,8,1
2024-07-16,Mutton Rogan Josh,Main Course,29,19,Tuesday,0,0,Rainy,8,1
2024-07-16,Paneer Tikka,Starters,43,31,Tuesday,0,0,Rainy,8,1
2024-07-16,Chicken Tandoori,Starters,42,37,Tuesday,0,0,Rainy,8,1
2024-07-16,Veg Spring Rolls,Starters,45,39,Tuesday,0,0,Rainy,8,1
2024-07-16,Fish Amritsari,Starters,48,24,Tuesday,0,0,Rainy,8,1
2024-07-16,Butter Naan,Breads,64,56,Tuesday,0,0,Rainy,8,1
2024-07-16,Garlic Naan,Breads,55,39,Tuesday,0,0,Rainy,8,1
2024-07-16,Tandoori Roti,Breads,56,39,Tuesday,0,0,Rainy,8,1
2024-07-16,Gulab Jamun,Desserts,34,25,Tuesday,0,0,Rainy,8,1
2024-07-16,Ras Malai,Desserts,31,25,Tuesday,0,0,Rainy,8,1
2024-07-16,Kheer,Desserts,22,15,Tuesday,0,0,Rainy,8,1
2024-07-16,Kulfi,Desserts,26,15,Tuesday,0,0,Rainy,8,1
2024-07-17,Paneer Butter Masala,Main Course,27,21,Wednesday,0,0,Stormy,10,0
2024-07-17,Dal Makhani,Main Course,32,24,Wednesday,0,0,Stormy,10,0
2024-07-17,Chicken Biryani,Main Course,24,20,Wednesday,0,0,Stormy,10,0
2024-07-17,Mutton Rogan Josh,Main Course,24,17,Wednesday,0,0,Stormy,10,0
2024-07-17,Paneer Tikka,Starters,31,26,Wednesday,0,0,Stormy,10,0
2024-07-17,Chicken Tandoori,Starters,29,26,Wednesday,0,0,Stormy,10,0
2024-07-17,Veg Spring Rolls,Starters,33,30,Wednesday,0,0,Stormy,10,0
2024-07-17,Fish Amritsari,Starters,37,25,Wednesday,0,0,Stormy,10,0
2024-07-17,Butter Naan,Breads,53,44,Wednesday,0,0,Stormy,10,0
2024-07-17,Garlic Naan,Breads,42,28,Wednesday,0,0,Stormy,10,0
2024-07-17,Tandoori Roti,Breads,53,46,Wednesday,0,0,Stormy,10,0
2024-07-17,Gulab Jamun,Desserts,24,18,Wednesday,0,0,Stormy,10,0
2024-07-17,Ras Malai,Desserts,23,18,Wednesday,0,0,Stormy,10,0
2024-07-17,Kheer,Desserts,35,17,Wednesday,0,0,Stormy,10,0
2024-07-17,Kulfi,Desserts,20,11,Wednesday,0,0,Stormy,10,0
2024-07-18,Paneer Butter Masala,Main Course,28,25,Thursday,0,0,Sunny,9,0
2024-07-18,Dal Makhani,Main Course,38,26,Thursday,0,0,Sunny,9,0
2024-07-18,Chicken Biryani,Main Course,27,22,Thursday,0,0,Sunny,9,0
2024-07-18,Mutton Rogan Josh,Main Course,26,14,Thursday,0,0,Sunny,9,0
2024-07-18,Paneer Tikka,Starters,41,29,Thursday,0,0,Sunny,9,0
2024-07-18,Chicken Tandoori,Starters,33,21,Thursday,0,0,Sunny,9,0
2024-07-18,Veg Spring Rolls,Starters,44,41,Thursday,0,0,Sunny,9,0
2024-07-18,Fish Amritsari,Starters,41,21,Thursday,0,0,Sunny,9,0
2024-07-18,Butter Naan,Breads,62,57,Thursday,0,0,Sunny,9,0
2024-07-18,Garlic Naan,Breads,56,45,Thursday,0,0,Sunny,9,0
2024-07-18,Tandoori Roti,Breads,52,41,Thursday,0,0,Sunny,9,0
2024-07-18,Gulab Jamun,Desserts,28,18,Thursday,0,0,Sunny,9,0
2024-07-18,Ras Malai,Desserts,26,21,Thursday,0,0,Sunny,9,0
2024-07-18,Kheer,Desserts,20,15,Thursday,0,0,Sunny,9,0
2024-07-18,Kulfi,Desserts,23,12,Thursday,0,0,Sunny,9,0
2024-07-19,Paneer Butter Masala,Main Course,36,33,Friday,0,0,Rainy,12,1
2024-07-19,Dal Makhani,Main Course,42,33,Friday,0,0,Rainy,12,1
2024-07-19,Chicken Biryani,Main Course,38,37,Friday,0,0,Rainy,12,1
2024-07-19,Mutton Rogan Josh,Main Course,34,26,Friday,0,0,Rainy,12,1
2024-07-19,Paneer Tikka,Starters,42,34,Friday,0,0,Rainy,12,1
2024-07-19,Chicken Tandoori,Starters,45,31,Friday,0,0,Rainy,12,1
2024-07-19,Veg Spring Rolls,Starters,41,30,Friday,0,0,Rainy,12,1
2024-07-19,Fish Amritsari,Starters,47,26,Friday,0,0,Rainy,12,1
2024-07-19,Butter Naan,Breads,65,52,Friday,0,0,Rainy,12,1
2024-07-19,Garlic Naan,Breads,59,45,Friday,0,0,Rainy,12,1
2024-07-19,Tandoori Roti,Breads,66,54,Friday,0,0,Rainy,12,1
2024-07-19,Gulab Jamun,Desserts,34,29,Friday,0,0,Rainy,12,1
2024-07-19,Ras Malai,Desserts,28,24,Friday,0,0,Rainy,12,1
2024-07-19,Kheer,Desserts,23,20,Friday,0,0,Rainy,12,1
2024-07-19,Kulfi,Desserts,25,16,Friday,0,0,Rainy,12,1
2024-07-20,Paneer Butter Masala,Main Course,55,50,Saturday,1,0,Cloudy,16,1
2024-07-20,Dal Makhani,Main Course,62,53,Saturday,1,0,Cloudy,16,1
2024-07-20,Chicken Biryani,Main Course,49,42,Saturday,1,0,Cloudy,16,1
2024-07-20,Mutton Rogan Josh,Main Course,52,30,Saturday,1,0,Cloudy,16,1
2024-07-20,Paneer Tikka,Starters,70,52,Saturday,1,0,Cloudy,16,1
2024-07-20,Chicken Tandoori,Starters,61,49,Saturday,1,0,Cloudy,16,1
2024-07-20,Veg Spring Rolls,Starters,65,44,Saturday,1,0,Cloudy,16,1
2024-07-20,Fish Amritsari,Starters,73,40,Saturday,1,0,Cloudy,16,1
2024-07-20,Butter Naan,Breads,187,97,Saturday,1,0,Cloudy,16,1
2024-07-20,Garlic Naan,Breads,97,89,Saturday,1,0,Cloudy,16,1
2024-07-20,Tandoori Roti,Breads,85,64,Saturday,1,0,Cloudy,16,1
2024-07-20,Gulab Jamun,Desserts,52,48,Saturday,1,0,Cloudy,16,1
2024-07-20,Ras Malai,Desserts,42,29,Saturday,1,0,Cloudy,16,1
2024-07-20,Kheer,Desserts,34,32,Saturday,1,0,Cloudy,16,1
2024-07-20,Kulfi,Desserts,35,25,Saturday,1,0,Cloudy,16,1
2024-07-21,Paneer Butter Masala,Main Course,41,36,Sunday,1,0,Stormy,13,1
2024-07-21,Dal Makhani,Main Course,52,43,Sunday,1,0,Stormy,13,1
2024-07-21,Chicken Biryani,Main Course,41,37,Sunday,1,0,Stormy,13,1
2024-07-21,Mutton Rogan Josh,Main Course,40,23,Sunday,1,0,Stormy,13,1
2024-07-21,Paneer Tikka,Starters,52,48,Sunday,1,0,Stormy,13,1
2024-07-21,Chicken Tandoori,Starters,57,46,Sunday,1,0,Stormy,13,1
2024-07-21,Veg Spring Rolls,Starters,60,54,Sunday,1,0,Stormy,13,1
2024-07-21,Fish Amritsari,Starters,61,42,Sunday,1,0,Stormy,13,1
2024-07-21,Butter Naan,Breads,83,76,Sunday,1,0,Stormy,13,1
2024-07-21,Garlic Naan,Breads,80,59,Sunday,1,0,Stormy,13,1
2024-07-21,Tandoori Roti,Breads,83,57,Sunday,1,0,Stormy,13,1
2024-07-21,Gulab Jamun,Desserts,40,28,Sunday,1,0,Stormy,13,1
2024-07-21,Ras Malai,Desserts,36,24,Sunday,1,0,Stormy,13,1
2024-07-21,Kheer,Desserts,30,24,Sunday,1,0,Stormy,13,1
2024-07-21,Kulfi,Desserts,31,24,Sunday,1,0,Stormy,13,1
2024-07-22,Paneer Butter Masala,Main Course,26,24,Monday,0,0,Rainy,9,0
2024-07-22,Dal Makhani,Main Course,34,24,Monday,0,0,Rainy,9,0
2024-07-22,Chicken Biryani,Main Course,31,27,Monday,0,0,Rainy,9,0
2024-07-22,Mutton Rogan Josh,Main Course,26,14,Monday,0,0,Rainy,9,0
2024-07-22,Paneer Tikka,Starters,40,32,Monday,0,0,Rainy,9,0
2024-07-22,Chicken Tandoori,Starters,35,29,Monday,0,0,Rainy,9,0
2024-07-22,Veg Spring Rolls,Starters,34,30,Monday,0,0,Rainy,9,0
2024-07-22,Fish Amritsari,Starters,39,22,Monday,0,0,Rainy,9,0
2024-07-22,Butter Naan,Breads,54,43,Monday,0,0,Rainy,9,0
2024-07-22,Garlic Naan,Breads,46,38,Monday,0,0,Rainy,9,0
2024-07-22,Tandoori Roti,Breads,52,43,Monday,0,0,Rainy,9,0
2024-07-22,Gulab Jamun,Desserts,24,17,Monday,0,0,Rainy,9,0
2024-07-22,Ras Malai,Desserts,26,20,Monday,0,0,Rainy,9,0
2024-07-22,Kheer,Desserts,19,12,Monday,0,0,Rainy,9,0
2024-07-22,Kulfi,Desserts,18,12,Monday,0,0,Rainy,9,0
2024-07-23,Paneer Butter Masala,Main Course,25,20,Tuesday,0,0,Stormy,12,0
2024-07-23,Dal Makhani,Main Course,28,20,Tuesday,0,0,Stormy,12,0
2024-07-23,Chicken Biryani,Main Course,29,25,Tuesday,0,0,Stormy,12,0
2024-07-23,Mutton Rogan Josh,Main Course,22,17,Tuesday,0,0,Stormy,12,0
2024-07-23,Paneer Tikka,Starters,34,24,Tuesday,0,0,Stormy,12,0
2024-07-23,Chicken Tandoori,Starters,31,22,Tuesday,0,0,Stormy,12,0
2024-07-23,Veg Spring Rolls,Starters,34,32,Tuesday,0,0,Stormy,12,0
2024-07-23,Fish Amritsari,Starters,36,26,Tuesday,0,0,Stormy,12,0
2024-07-23,Butter Naan,Breads,42,41,Tuesday,0,0,Stormy,12,0
2024-07-23,Garlic Naan,Breads,50,45,Tuesday,0,0,Stormy,12,0
2024-07-23,Tandoori Roti,Breads,49,45,Tuesday,0,0,Stormy,12,0
2024-07-23,Gulab Jamun,Desserts,25,18,Tuesday,0,0,Stormy,12,0
2024-07-23,Ras Malai,Desserts,23,17,Tuesday,0,0,Stormy,12,0
2024-07-23,Kheer,Desserts,21,18,Tuesday,0,0,Stormy,12,0
2024-07-23,Kulfi,Desserts,17,12,Tuesday,0,0,Stormy,12,0
2024-07-24,Paneer Butter Masala,Main Course,29,24,Wednesday,0,0,Rainy,10,0
2024-07-24,Dal Makhani,Main Course,35,28,Wednesday,0,0,Rainy,10,0
2024-07-24,Chicken Biryani,Main Course,28,22,Wednesday,0,0,Rainy,10,0
2024-07-24,Mutton Rogan Josh,Main Course,28,19,Wednesday,0,0,Rainy,10,0
2024-07-24,Paneer Tikka,Starters,38,25,Wednesday,0,0,Rainy,10,0
2024-07-24,Chicken Tandoori,Starters,34,23,Wednesday,0,0,Rainy,10,0
2024-07-24,Veg Spring Rolls,Starters,59,27,Wednesday,0,0,Rainy,10,0
2024-07-24,Fish Amritsari,Starters,58,24,Wednesday,0,0,Rainy,10,0
2024-07-24,Butter Naan,Breads,47,40,Wednesday,0,0,Rainy,10,0
2024-07-24,Garlic Naan,Breads,55,39,Wednesday,0,0,Rainy,10,0
2024-07-24,Tandoori Roti,Breads,50,47,Wednesday,0,0,Rainy,10,0
2024-07-24,Gulab Jamun,Desserts,24,16,Wednesday,0,0,Rainy,10,0
2024-07-24,Ras Malai,Desserts,23,20,Wednesday,0,0,Rainy,10,0
2024-07-24,Kheer,Desserts,21,17,Wednesday,0,0,Rainy,10,0
2024-07-24,Kulfi,Desserts,19,14,Wednesday,0,0,Rainy,10,0
2024-07-25,Paneer Butter Masala,Main Course,27,25,Thursday,0,0,Stormy,12,0
2024-07-25,Dal Makhani,Main Course,32,24,Thursday,0,0,Stormy,12,0
2024-07-25,Chicken Biryani,Main Course,29,24,Thursday,0,0,Stormy,12,0
2024-07-25,Mutton Rogan Josh,Main Course,22,11,Thursday,0,0,Stormy,12,0
2024-07-25,Paneer Tikka,Starters,38,27,Thursday,0,0,Stormy,12,0
2024-07-25,Chicken Tandoori,Starters,33,23,Thursday,0,0,Stormy,12,0
2024-07-25,Veg Spring Rolls,Starters,34,29,Thursday,0,0,Stormy,12,0
2024-07-25,Fish Amritsari,Starters,33,25,Thursday,0,0,Stormy,12,0
2024-07-25,Butter Naan,Breads,42,40,Thursday,0,0,Stormy,12,0
2024-07-25,Garlic Naan,Breads,48,44,Thursday,0,0,Stormy,12,0
2024-07-25,Tandoori Roti,Breads,45,34,Thursday,0,0,Stormy,12,0
2024-07-25,Gulab Jamun,Desserts,24,22,Thursday,0,0,Stormy,12,0
2024-07-25,Ras Malai,Desserts,25,22,Thursday,0,0,Stormy,12,0
2024-07-25,Kheer,Desserts,18,13,Thursday,0,0,Stormy,12,0
2024-07-25,Kulfi,Desserts,18,14,Thursday,0,0,Stormy,12,0
2024-07-26,Paneer Butter Masala,Main Course,27,23,Friday,0,0,Rainy,12,0
2024-07-26,Dal Makhani,Main Course,30,23,Friday,0,0,Rainy,12,0
2024-07-26,Chicken Biryani,Main Course,28,26,Friday,0,0,Rainy,12,0
2024-07-26,Mutton Rogan Josh,Main Course,29,20,Friday,0,0,Rainy,12,0
2024-07-26,Paneer Tikka,Starters,37,30,Friday,0,0,Rainy,12,0
2024-07-26,Chicken Tandoori,Starters,33,29,Friday,0,0,Rainy,12,0
2024-07-26,Veg Spring Rolls,Starters,36,25,Friday,0,0,Rainy,12,0
2024-07-26,Fish Amritsari,Starters,34,20,Friday,0,0,Rainy,12,0
2024-07-26,Butter Naan,Breads,54,47,Friday,0,0,Rainy,12,0
2024-07-26,Garlic Naan,Breads,46,31,Friday,0,0,Rainy,12,0
2024-07-26,Tandoori Roti,Breads,47,39,Friday,0,0,Rainy,12,0
2024-07-26,Gulab Jamun,Desserts,23,17,Friday,0,0,Rainy,12,0
2024-07-26,Ras Malai,Desserts,27,22,Friday,0,0,Rainy,12,0
2024-07-26,Kheer,Desserts,21,17,Friday,0,0,Rainy,12,0
2024-07-26,Kulfi,Desserts,19,10,Friday,0,0,Rainy,12,0
2024-07-27,Paneer Butter Masala,Main Course,40,36,Saturday,1,0,Sunny,12,0
2024-07-27,Dal Makhani,Main Course,49,44,Saturday,1,0,Sunny,12,0
2024-07-27,Chicken Biryani,Main Course,38,30,Saturday,1,0,Sunny,12,0
2024-07-27,Mutton Rogan Josh,Main Course,42,22,Saturday,1,0,Sunny,12,0
2024-07-27,Paneer Tikka,Starters,51,45,Saturday,1,0,Sunny,12,0
2024-07-27,Chicken Tandoori,Starters,49,34,Saturday,1,0,Sunny,12,0
2024-07-27,Veg Spring Rolls,Starters,55,44,Saturday,1,0,Sunny,12,0
2024-07-27,Fish Amritsari,Starters,99,38,Saturday,1,0,Sunny,12,0
2024-07-27,Butter Naan,Breads,84,80,Saturday,1,0,Sunny,12,0
2024-07-27,Garlic Naan,Breads,78,55,Saturday,1,0,Sunny,12,0
2024-07-27,Tandoori Roti,Breads,84,66,Saturday,1,0,Sunny,12,0
2024-07-27,Gulab Jamun,Desserts,42,30,Saturday,1,0,Sunny,12,0
2024-07-27,Ras Malai,Desserts,40,29,Saturday,1,0,Sunny,12,0
2024-07-27,Kheer,Desserts,32,22,Saturday,1,0,Sunny,12,0
2024-07-27,Kulfi,Desserts,30,22,Saturday,1,0,Sunny,12,0
2024-07-28,Paneer Butter Masala,Main Course,40,32,Sunday,1,0,Cloudy,15,0
2024-07-28,Dal Makhani,Main Course,50,46,Sunday,1,0,Cloudy,15,0
2024-07-28,Chicken Biryani,Main Course,45,43,Sunday,1,0,Cloudy,15,0
2024-07-28,Mutton Rogan Josh,Main Course,44,30,Sunday,1,0,Cloudy,15,0
2024-07-28,Paneer Tikka,Starters,52,48,Sunday,1,0,Cloudy,15,0
2024-07-28,Chicken Tandoori,Starters,52,39,Sunday,1,0,Cloudy,15,0
2024-07-28,Veg Spring Rolls,Starters,56,40,Sunday,1,0,Cloudy,15,0
2024-07-28,Fish Amritsari,Starters,62,45,Sunday,1,0,Cloudy,15,0
2024-07-28,Butter Naan,Breads,87,70,Sunday,1,0,Cloudy,15,0
2024-07-28,Garlic Naan,Breads,75,70,Sunday,1,0,Cloudy,15,0
2024-07-28,Tandoori Roti,Breads,82,60,Sunday,1,0,Cloudy,15,0
2024-07-28,Gulab Jamun,Desserts,36,29,Sunday,1,0,Cloudy,15,0
2024-07-28,Ras Malai,Desserts,42,34,Sunday,1,0,Cloudy,15,0
2024-07-28,Kheer,Desserts,34,27,Sunday,1,0,Cloudy,15,0
2024-07-28,Kulfi,Desserts,30,20,Sunday,1,0,Cloudy,15,0
2024-07-29,Paneer Butter Masala,Main Course,29,26,Monday,0,0,Stormy,12,0
2024-07-29,Dal Makhani,Main Course,32,23,Monday,0,0,Stormy,12,0
2024-07-29,Chicken Biryani,Main Course,28,24,Monday,0,0,Stormy,12,0
2024-07-29,Mutton Rogan Josh,Main Course,22,13,Monday,0,0,Stormy,12,0
2024-07-29,Paneer Tikka,Starters,35,30,Monday,0,0,Stormy,12,0
2024-07-29,Chicken Tandoori,Starters,31,28,Monday,0,0,Stormy,12,0
2024-07-29,Veg Spring Rolls,Starters,39,35,Monday,0,0,Stormy,12,0
2024-07-29,Fish Amritsari,Starters,37,29,Monday,0,0,Stormy,12,0
2024-07-29,Butter Naan,Breads,43,41,Monday,0,0,Stormy,12,0
2024-07-29,Garlic Naan,Breads,47,34,Monday,0,0,Stormy,12,0
2024-07-29,Tandoori Roti,Breads,47,33,Monday,0,0,Stormy,12,0
2024-07-29,Gulab Jamun,Desserts,27,20,Monday,0,0,Stormy,12,0
2024-07-29,Ras Malai,Desserts,21,17,Monday,0,0,Stormy,12,0
2024-07-29,Kheer,Desserts,18,11,Monday,0,0,Stormy,12,0
2024-07-29,Kulfi,Desserts,18,9,Monday,0,0,Stormy,12,0
2024-07-30,Paneer Butter Masala,Main Course,26,20,Tuesday,0,0,Stormy,12,0
2024-07-30,Dal Makhani,Main Course,26,19,Tuesday,0,0,Stormy,12,0
2024-07-30,Chicken Biryani,Main Course,23,21,Tuesday,0,0,Stormy,12,0
2024-07-30,Mutton Rogan Josh,Main Course,24,17,Tuesday,0,0,Stormy,12,0
2024-07-30,Paneer Tikka,Starters,34,26,Tuesday,0,0,Stormy,12,0
2024-07-30,Chicken Tandoori,Starters,30,21,Tuesday,0,0,Stormy,12,0
2024-07-30,Veg Spring Rolls,Starters,35,31,Tuesday,0,0,Stormy,12,0
2024-07-30,Fish Amritsari,Starters,37,22,Tuesday,0,0,Stormy,12,0
2024-07-30,Butter Naan,Breads,50,44,Tuesday,0,0,Stormy,12,0
2024-07-30,Garlic Naan,Breads,49,40,Tuesday,0,0,Stormy,12,0
2024-07-30,Tandoori Roti,Breads,49,33,Tuesday,0,0,Stormy,12,0
2024-07-30,Gulab Jamun,Desserts,21,17,Tuesday,0,0,Stormy,12,0
2024-07-30,Ras Malai,Desserts,22,15,Tuesday,0,0,Stormy,12,0
2024-07-30,Kheer,Desserts,20,17,Tuesday,0,0,Stormy,12,0
2024-07-30,Kulfi,Desserts,20,10,Tuesday,0,0,Stormy,12,0
2024-07-31,Paneer Butter Masala,Main Course,29,27,Wednesday,0,0,Rainy,8,0
2024-07-31,Dal Makhani,Main Course,30,24,Wednesday,0,0,Rainy,8,0
2024-07-31,Chicken Biryani,Main Course,31,26,Wednesday,0,0,Rainy,8,0
2024-07-31,Mutton Rogan Josh,Main Course,29,15,Wednesday,0,0,Rainy,8,0
2024-07-31,Paneer Tikka,Starters,39,25,Wednesday,0,0,Rainy,8,0
2024-07-31,Chicken Tandoori,Starters,32,26,Wednesday,0,0,Rainy,8,0
2024-07-31,Veg Spring Rolls,Starters,36,33,Wednesday,0,0,Rainy,8,0
2024-07-31,Fish Amritsari,Starters,34,20,Wednesday,0,0,Rainy,8,0
2024-07-31,Butter Naan,Breads,52,42,Wednesday,0,0,Rainy,8,0
2024-07-31,Garlic Naan,Breads,44,31,Wednesday,0,0,Rainy,8,0
2024-07-31,Tandoori Roti,Breads,53,43,Wednesday,0,0,Rainy,8,0
2024-07-31,Gulab Jamun,Desserts,29,24,Wednesday,0,0,Rainy,8,0
2024-07-31,Ras Malai,Desserts,26,19,Wednesday,0,0,Rainy,8,0
2024-07-31,Kheer,Desserts,23,21,Wednesday,0,0,Rainy,8,0
2024-07-31,Kulfi,Desserts,22,15,Wednesday,0,0,Rainy,8,0
2024-08-01,Paneer Butter Masala,Main Course,30,27,Thursday,0,0,Sunny,11,0
2024-08-01,Dal Makhani,Main Course,36,27,Thursday,0,0,Sunny,11,0
2024-08-01,Chicken Biryani,Main Course,33,28,Thursday,0,0,Sunny,11,0
2024-08-01,Mutton Rogan Josh,Main Course,28,19,Thursday,0,0,Sunny,11,0
2024-08-01,Paneer Tikka,Starters,38,26,Thursday,0,0,Sunny,11,0
2024-08-01,Chicken Tandoori,Starters,37,26,Thursday,0,0,Sunny,11,0
2024-08-01,Veg Spring Rolls,Starters,38,28,Thursday,0,0,Sunny,11,0
2024-08-01,Fish Amritsari,Starters,42,30,Thursday,0,0,Sunny,11,0
2024-08-01,Butter Naan,Breads,60,54,Thursday,0,0,Sunny,11,0
2024-08-01,Garlic Naan,Breads,58,49,Thursday,0,0,Sunny,11,0
2024-08-01,Tandoori Roti,Breads,60,43,Thursday,0,0,Sunny,11,0
2024-08-01,Gulab Jamun,Desserts,29,19,Thursday,0,0,Sunny,11,0
2024-08-01,Ras Malai,Desserts,25,20,Thursday,0,0,Sunny,11,0
2024-08-01,Kheer,Desserts,20,14,Thursday,0,0,Sunny,11,0
2024-08-01,Kulfi,Desserts,24,15,Thursday,0,0,Sunny,11,0
2024-08-02,Paneer Butter Masala,Main Course,32,28,Friday,0,0,Rainy,12,0
2024-08-02,Dal Makhani,Main Course,33,23,Friday,0,0,Rainy,12,0
2024-08-02,Chicken Biryani,Main Course,29,26,Friday,0,0,Rainy,12,0
2024-08-02,Mutton Rogan Josh,Main Course,24,18,Friday,0,0,Rainy,12,0
2024-08-02,Paneer Tikka,Starters,39,25,Friday,0,0,Rainy,12,0
2024-08-02,Chicken Tandoori,Starters,30,23,Friday,0,0,Rainy,12,0
2024-08-02,Veg Spring Rolls,Starters,37,31,Friday,0,0,Rainy,12,0
2024-08-02,Fish Amritsari,Starters,38,19,Friday,0,0,Rainy,12,0
2024-08-02,Butter Naan,Breads,47,38,Friday,0,0,Rainy,12,0
2024-08-02,Garlic Naan,Breads,47,41,Friday,0,0,Rainy,12,0
2024-08-02,Tandoori Roti,Breads,52,39,Friday,0,0,Rainy,12,0
2024-08-02,Gulab Jamun,Desserts,23,19,Friday,0,0,Rainy,12,0
2024-08-02,Ras Malai,Desserts,23,16,Friday,0,0,Rainy,12,0
2024-08-02,Kheer,Desserts,23,18,Friday,0,0,Rainy,12,0
2024-08-02,Kulfi,Desserts,22,14,Friday,0,0,Rainy,12,0
2024-08-03,Paneer Butter Masala,Main Course,39,34,Saturday,1,0,Rainy,13,0
2024-08-03,Dal Makhani,Main Course,47,30,Saturday,1,0,Rainy,13,0
2024-08-03,Chicken Biryani,Main Course,36,34,Saturday,1,0,Rainy,13,0
2024-08-03,Mutton Rogan Josh,Main Course,37,20,Saturday,1,0,Rainy,13,0
2024-08-03,Paneer Tikka,Starters,58,37,Saturday,1,0,Rainy,13,0
2024-08-03,Chicken Tandoori,Starters,49,44,Saturday,1,0,Rainy,13,0
2024-08-03,Veg Spring Rolls,Starters,54,35,Saturday,1,0,Rainy,13,0
2024-08-03,Fish Amritsari,Starters,47,32,Saturday,1,0,Rainy,13,0
2024-08-03,Butter Naan,Breads,69,67,Saturday,1,0,Rainy,13,0
2024-08-03,Garlic Naan,Breads,75,18,Saturday,1,0,Rainy,13,0
2024-08-03,Tandoori Roti,Breads,79,54,Saturday,1,0,Rainy,13,0
2024-08-03,Gulab Jamun,Desserts,33,28,Saturday,1,0,Rainy,13,0
2024-08-03,Ras Malai,Desserts,31,23,Saturday,1,0,Rainy,13,0
2024-08-03,Kheer,Desserts,30,22,Saturday,1,0,Rainy,13,0
2024-08-03,Kulfi,Desserts,28,17,Saturday,1,0,Rainy,13,0
2024-08-04,Paneer Butter Masala,Main Course,52,45,Sunday,1,0,Cloudy,15,1
2024-08-04,Dal Makhani,Main Course,57,54,Sunday,1,0,Cloudy,15,1
2024-08-04,Chicken Biryani,Main Course,55,44,Sunday,1,0,Cloudy,15,1
2024-08-04,Mutton Rogan Josh,Main Course,50,27,Sunday,1,0,Cloudy,15,1
2024-08-04,Paneer Tikka,Starters,65,46,Sunday,1,0,Cloudy,15,1
2024-08-04,Chicken Tandoori,Starters,66,57,Sunday,1,0,Cloudy,15,1
2024-08-04,Veg Spring Rolls,Starters,70,52,Sunday,1,0,Cloudy,15,1
2024-08-04,Fish Amritsari,Starters,73,44,Sunday,1,0,Cloudy,15,1
2024-08-04,Butter Naan,Breads,82,71,Sunday,1,0,Cloudy,15,1
2024-08-04,Garlic Naan,Breads,95,90,Sunday,1,0,Cloudy,15,1
2024-08-04,Tandoori Roti,Breads,87,80,Sunday,1,0,Cloudy,15,1
2024-08-04,Gulab Jamun,Desserts,45,40,Sunday,1,0,Cloudy,15,1
2024-08-04,Ras Malai,Desserts,42,30,Sunday,1,0,Cloudy,15,1
2024-08-04,Kheer,Desserts,37,34,Sunday,1,0,Cloudy,15,1
2024-08-04,Kulfi,Desserts,34,17,Sunday,1,0,Cloudy,15,1
2024-08-05,Paneer Butter Masala,Main Course,32,31,Monday,0,0,Rainy,12,0
2024-08-05,Dal Makhani,Main Course,36,33,Monday,0,0,Rainy,12,0
2024-08-05,Chicken Biryani,Main Course,31,27,Monday,0,0,Rainy,12,0
2024-08-05,Mutton Rogan Josh,Main Course,30,16,Monday,0,0,Rainy,12,0
2024-08-05,Paneer Tikka,Starters,36,29,Monday,0,0,Rainy,12,0
2024-08-05,Chicken Tandoori,Starters,32,29,Monday,0,0,Rainy,12,0
2024-08-05,Veg Spring Rolls,Starters,38,32,Monday,0,0,Rainy,12,0
2024-08-05,Fish Amritsari,Starters,35,18,Monday,0,0,Rainy,12,0
2024-08-05,Butter Naan,Breads,50,48,Monday,0,0,Rainy,12,0
2024-08-05,Garlic Naan,Breads,54,45,Monday,0,0,Rainy,12,0
2024-08-05,Tandoori Roti,Breads,48,35,Monday,0,0,Rainy,12,0
2024-08-05,Gulab Jamun,Desserts,25,20,Monday,0,0,Rainy,12,0
2024-08-05,Ras Malai,Desserts,24,19,Monday,0,0,Rainy,12,0
2024-08-05,Kheer,Desserts,21,16,Monday,0,0,Rainy,12,0
2024-08-05,Kulfi,Desserts,19,9,Monday,0,0,Rainy,12,0
2024-08-06,Paneer Butter Masala,Main Course,28,22,Tuesday,0,0,Rainy,11,0
2024-08-06,Dal Makhani,Main Course,35,23,Tuesday,0,0,Rainy,11,0
2024-08-06,Chicken Biryani,Main Course,26,21,Tuesday,0,0,Rainy,11,0
2024-08-06,Mutton Rogan Josh,Main Course,25,16,Tuesday,0,0,Rainy,11,0
2024-08-06,Paneer Tikka,Starters,33,30,Tuesday,0,0,Rainy,11,0
2024-08-06,Chicken Tandoori,Starters,35,24,Tuesday,0,0,Rainy,11,0
2024-08-06,Veg Spring Rolls,Starters,33,30,Tuesday,0,0,Rainy,11,0
2024-08-06,Fish Amritsari,Starters,36,18,Tuesday,0,0,Rainy,11,0
2024-08-06,Butter Naan,Breads,46,40,Tuesday,0,0,Rainy,11,0
2024-08-06,Garlic Naan,Breads,53,47,Tuesday,0,0,Rainy,11,0
2024-08-06,Tandoori Roti,Breads,49,17,Tuesday,0,0,Rainy,11,0
2024-08-06,Gulab Jamun,Desserts,27,25,Tuesday,0,0,Rainy,11,0
2024-08-06,Ras Malai,Desserts,25,20,Tuesday,0,0,Rainy,11,0
2024-08-06,Kheer,Desserts,21,17,Tuesday,0,0,Rainy,11,0
2024-08-06,Kulfi,Desserts,19,10,Tuesday,0,0,Rainy,11,0
2024-08-07,Paneer Butter Masala,Main Course,36,33,Wednesday,0,0,Rainy,12,1
2024-08-07,Dal Makhani,Main Course,42,12,Wednesday,0,0,Rainy,12,1
2024-08-07,Chicken Biryani,Main Course,36,29,Wednesday,0,0,Rainy,12,1
2024-08-07,Mutton Rogan Josh,Main Course,32,17,Wednesday,0,0,Rainy,12,1
2024-08-07,Paneer Tikka,Starters,42,32,Wednesday,0,0,Rainy,12,1
2024-08-07,Chicken Tandoori,Starters,37,25,Wednesday,0,0,Rainy,12,1
2024-08-07,Veg Spring Rolls,Starters,47,33,Wednesday,0,0,Rainy,12,1
2024-08-07,Fish Amritsari,Starters,40,24,Wednesday,0,0,Rainy,12,1
2024-08-07,Butter Naan,Breads,62,50,Wednesday,0,0,Rainy,12,1
2024-08-07,Garlic Naan,Breads,59,40,Wednesday,0,0,Rainy,12,1
2024-08-07,Tandoori Roti,Breads,65,50,Wednesday,0,0,Rainy,12,1
2024-08-07,Gulab Jamun,Desserts,29,19,Wednesday,0,0,Rainy,12,1
2024-08-07,Ras Malai,Desserts,29,19,Wednesday,0,0,Rainy,12,1
2024-08-07,Kheer,Desserts,27,20,Wednesday,0,0,Rainy,12,1
2024-08-07,Kulfi,Desserts,27,17,Wednesday,0,0,Rainy,12,1
2024-08-08,Paneer Butter Masala,Main Course,28,23,Thursday,0,0,Rainy,12,0
2024-08-08,Dal Makhani,Main Course,33,23,Thursday,0,0,Rainy,12,0
2024-08-08,Chicken Biryani,Main Course,26,11,Thursday,0,0,Rainy,12,0
2024-08-08,Mutton Rogan Josh,Main Course,28,21,Thursday,0,0,Rainy,12,0
2024-08-08,Paneer Tikka,Starters,42,31,Thursday,0,0,Rainy,12,0
2024-08-08,Chicken Tandoori,Starters,36,29,Thursday,0,0,Rainy,12,0
2024-08-08,Veg Spring Rolls,Starters,38,26,Thursday,0,0,Rainy,12,0
2024-08-08,Fish Amritsari,Starters,35,22,Thursday,0,0,Rainy,12,0
2024-08-08,Butter Naan,Breads,46,36,Thursday,0,0,Rainy,12,0
2024-08-08,Garlic Naan,Breads,51,47,Thursday,0,0,Rainy,12,0
2024-08-08,Tandoori Roti,Breads,51,44,Thursday,0,0,Rainy,12,0
2024-08-08,Gulab Jamun,Desserts,24,17,Thursday,0,0,Rainy,12,0
2024-08-08,Ras Malai,Desserts,27,19,Thursday,0,0,Rainy,12,0
2024-08-08,Kheer,Desserts,23,17,Thursday,0,0,Rainy,12,0
2024-08-08,Kulfi,Desserts,20,15,Thursday,0,0,Rainy,12,0
2024-08-09,Paneer Butter Masala,Main Course,26,22,Friday,0,0,Rainy,11,0
2024-08-09,Dal Makhani,Main Course,28,26,Friday,0,0,Rainy,11,0
2024-08-09,Chicken Biryani,Main Course,28,26,Friday,0,0,Rainy,11,0
2024-08-09,Mutton Rogan Josh,Main Course,27,18,Friday,0,0,Rainy,11,0
2024-08-09,Paneer Tikka,Starters,35,32,Friday,0,0,Rainy,11,0
2024-08-09,Chicken Tandoori,Starters,34,28,Friday,0,0,Rainy,11,0
2024-08-09,Veg Spring Rolls,Starters,33,28,Friday,0,0,Rainy,11,0
2024-08-09,Fish Amritsari,Starters,37,18,Friday,0,0,Rainy,11,0
2024-08-09,Butter Naan,Breads,49,39,Friday,0,0,Rainy,11,0
2024-08-09,Garlic Naan,Breads,56,51,Friday,0,0,Rainy,11,0
2024-08-09,Tandoori Roti,Breads,53,37,Friday,0,0,Rainy,11,0
2024-08-09,Gulab Jamun,Desserts,24,17,Friday,0,0,Rainy,11,0
2024-08-09,Ras Malai,Desserts,23,18,Friday,0,0,Rainy,11,0
2024-08-09,Kheer,Desserts,22,15,Friday,0,0,Rainy,11,0
2024-08-09,Kulfi,Desserts,20,14,Friday,0,0,Rainy,11,0
2024-08-10,Paneer Butter Masala,Main Course,42,36,Saturday,1,0,Cloudy,15,0
2024-08-10,Dal Makhani,Main Course,51,42,Saturday,1,0,Cloudy,15,0
2024-08-10,Chicken Biryani,Main Course,39,32,Saturday,1,0,Cloudy,15,0
2024-08-10,Mutton Rogan Josh,Main Course,38,30,Saturday,1,0,Cloudy,15,0
2024-08-10,Paneer Tikka,Starters,54,38,Saturday,1,0,Cloudy,15,0
2024-08-10,Chicken Tandoori,Starters,53,43,Saturday,1,0,Cloudy,15,0
2024-08-10,Veg Spring Rolls,Starters,54,40,Saturday,1,0,Cloudy,15,0
2024-08-10,Fish Amritsari,Starters,56,44,Saturday,1,0,Cloudy,15,0
2024-08-10,Butter Naan,Breads,85,79,Saturday,1,0,Cloudy,15,0
2024-08-10,Garlic Naan,Breads,79,72,Saturday,1,0,Cloudy,15,0
2024-08-10,Tandoori Roti,Breads,79,62,Saturday,1,0,Cloudy,15,0
2024-08-10,Gulab Jamun,Desserts,39,25,Saturday,1,0,Cloudy,15,0
2024-08-10,Ras Malai,Desserts,41,35,Saturday,1,0,Cloudy,15,0
2024-08-10,Kheer,Desserts,35,25,Saturday,1,0,Cloudy,15,0
2024-08-10,Kulfi,Desserts,33,18,Saturday,1,0,Cloudy,15,0
2024-08-11,Paneer Butter Masala,Main Course,47,44,Sunday,1,0,Cloudy,13,1
2024-08-11,Dal Makhani,Main Course,56,46,Sunday,1,0,Cloudy,13,1
2024-08-11,Chicken Biryani,Main Course,56,46,Sunday,1,0,Cloudy,13,1
2024-08-11,Mutton Rogan Josh,Main Course,54,33,Sunday,1,0,Cloudy,13,1
2024-08-11,Paneer Tikka,Starters,67,63,Sunday,1,0,Cloudy,13,1
2024-08-11,Chicken Tandoori,Starters,67,43,Sunday,1,0,Cloudy,13,1
2024-08-11,Veg Spring Rolls,Starters,63,59,Sunday,1,0,Cloudy,13,1
2024-08-11,Fish Amritsari,Starters,61,41,Sunday,1,0,Cloudy,13,1
2024-08-11,Butter Naan,Breads,88,75,Sunday,1,0,Cloudy,13,1
2024-08-11,Garlic Naan,Breads,138,68,Sunday,1,0,Cloudy,13,1
2024-08-11,Tandoori Roti,Breads,94,61,Sunday,1,0,Cloudy,13,1
2024-08-11,Gulab Jamun,Desserts,47,31,Sunday,1,0,Cloudy,13,1
2024-08-11,Ras Malai,Desserts,41,38,Sunday,1,0,Cloudy,13,1
2024-08-11,Kheer,Desserts,33,10,Sunday,1,0,Cloudy,13,1
2024-08-11,Kulfi,Desserts,38,21,Sunday,1,0,Cloudy,13,1
2024-08-12,Paneer Butter Masala,Main Course,26,24,Monday,0,0,Stormy,11,0
2024-08-12,Dal Makhani,Main Course,29,23,Monday,0,0,Stormy,11,0
2024-08-12,Chicken Biryani,Main Course,27,23,Monday,0,0,Stormy,11,0
2024-08-12,Mutton Rogan Josh,Main Course,27,17,Monday,0,0,Stormy,11,0
2024-08-12,Paneer Tikka,Starters,31,21,Monday,0,0,Stormy,11,0
2024-08-12,Chicken Tandoori,Starters,33,24,Monday,0,0,Stormy,11,0
2024-08-12,Veg Spring Rolls,Starters,38,32,Monday,0,0,Stormy,11,0
2024-08-12,Fish Amritsari,Starters,29,17,Monday,0,0,Stormy,11,0
2024-08-12,Butter Naan,Breads,43,39,Monday,0,0,Stormy,11,0
2024-08-12,Garlic Naan,Breads,44,33,Monday,0,0,Stormy,11,0
2024-08-12,Tandoori Roti,Breads,53,50,Monday,0,0,Stormy,11,0
2024-08-12,Gulab Jamun,Desserts,25,16,Monday,0,0,Stormy,11,0
2024-08-12,Ras Malai,Desserts,24,17,Monday,0,0,Stormy,11,0
2024-08-12,Kheer,Desserts,19,13,Monday,0,0,Stormy,11,0
2024-08-12,Kulfi,Desserts,20,12,Monday,0,0,Stormy,11,0
2024-08-13,Paneer Butter Masala,Main Course,34,28,Tuesday,0,0,Cloudy,10,0
2024-08-13,Dal Makhani,Main Course,38,26,Tuesday,0,0,Cloudy,10,0
2024-08-13,Chicken Biryani,Main Course,32,26,Tuesday,0,0,Cloudy,10,0
2024-08-13,Mutton Rogan Josh,Main Course,31,21,Tuesday,0,0,Cloudy,10,0
2024-08-13,Paneer Tikka,Starters,43,32,Tuesday,0,0,Cloudy,10,0
2024-08-13,Chicken Tandoori,Starters,34,25,Tuesday,0,0,Cloudy,10,0
2024-08-13,Veg Spring Rolls,Starters,37,33,Tuesday,0,0,Cloudy,10,0
2024-08-13,Fish Amritsari,Starters,42,23,Tuesday,0,0,Cloudy,10,0
2024-08-13,Butter Naan,Breads,52,49,Tuesday,0,0,Cloudy,10,0
2024-08-13,Garlic Naan,Breads,55,48,Tuesday,0,0,Cloudy,10,0
2024-08-13,Tandoori Roti,Breads,57,47,Tuesday,0,0,Cloudy,10,0
2024-08-13,Gulab Jamun,Desserts,25,16,Tuesday,0,0,Cloudy,10,0
2024-08-13,Ras Malai,Desserts,27,21,Tuesday,0,0,Cloudy,10,0
2024-08-13,Kheer,Desserts,22,15,Tuesday,0,0,Cloudy,10,0
2024-08-13,Kulfi,Desserts,24,18,Tuesday,0,0,Cloudy,10,0
2024-08-14,Paneer Butter Masala,Main Course,26,25,Wednesday,0,0,Rainy,8,0
2024-08-14,Dal Makhani,Main Course,31,20,Wednesday,0,0,Rainy,8,0
2024-08-14,Chicken Biryani,Main Course,50,23,Wednesday,0,0,Rainy,8,0
2024-08-14,Mutton Rogan Josh,Main Course,29,17,Wednesday,0,0,Rainy,8,0
2024-08-14,Paneer Tikka,Starters,37,28,Wednesday,0,0,Rainy,8,0
2024-08-14,Chicken Tandoori,Starters,32,26,Wednesday,0,0,Rainy,8,0
2024-08-14,Veg Spring Rolls,Starters,40,34,Wednesday,0,0,Rainy,8,0
2024-08-14,Fish Amritsari,Starters,36,19,Wednesday,0,0,Rainy,8,0
2024-08-14,Butter Naan,Breads,53,43,Wednesday,0,0,Rainy,8,0
2024-08-14,Garlic Naan,Breads,47,33,Wednesday,0,0,Rainy,8,0
2024-08-14,Tandoori Roti,Breads,46,34,Wednesday,0,0,Rainy,8,0
2024-08-14,Gulab Jamun,Desserts,23,18,Wednesday,0,0,Rainy,8,0
2024-08-14,Ras Malai,Desserts,25,16,Wednesday,0,0,Rainy,8,0
2024-08-14,Kheer,Desserts,21,15,Wednesday,0,0,Rainy,8,0
2024-08-14,Kulfi,Desserts,18,9,Wednesday,0,0,Rainy,8,0
2024-08-15,Paneer Butter Masala,Main Course,48,43,Thursday,0,1,Sunny,9,1
2024-08-15,Dal Makhani,Main Course,51,34,Thursday,0,1,Sunny,9,1
2024-08-15,Chicken Biryani,Main Course,36,34,Thursday,0,1,Sunny,9,1
2024-08-15,Mutton Rogan Josh,Main Course,37,28,Thursday,0,1,Sunny,9,1
2024-08-15,Paneer Tikka,Starters,61,56,Thursday,0,1,Sunny,9,1
2024-08-15,Chicken Tandoori,Starters,46,36,Thursday,0,1,Sunny,9,1
2024-08-15,Veg Spring Rolls,Starters,58,41,Thursday,0,1,Sunny,9,1
2024-08-15,Fish Amritsari,Starters,50,29,Thursday,0,1,Sunny,9,1
2024-08-15,Butter Naan,Breads,90,75,Thursday,0,1,Sunny,9,1
2024-08-15,Garlic Naan,Breads,77,55,Thursday,0,1,Sunny,9,1
2024-08-15,Tandoori Roti,Breads,75,60,Thursday,0,1,Sunny,9,1
2024-08-15,Gulab Jamun,Desserts,39,31,Thursday,0,1,Sunny,9,1
2024-08-15,Ras Malai,Desserts,48,34,Thursday,0,1,Sunny,9,1
2024-08-15,Kheer,Desserts,28,18,Thursday,0,1,Sunny,9,1
2024-08-15,Kulfi,Desserts,35,20,Thursday,0,1,Sunny,9,1
2024-08-16,Paneer Butter Masala,Main Course,35,31,Friday,0,0,Cloudy,8,0
2024-08-16,Dal Makhani,Main Course,34,30,Friday,0,0,Cloudy,8,0
2024-08-16,Chicken Biryani,Main Course,32,30,Friday,0,0,Cloudy,8,0
2024-08-16,Mutton Rogan Josh,Main Course,32,23,Friday,0,0,Cloudy,8,0
2024-08-16,Paneer Tikka,Starters,44,36,Friday,0,0,Cloudy,8,0
2024-08-16,Chicken Tandoori,Starters,40,26,Friday,0,0,Cloudy,8,0
2024-08-16,Veg Spring Rolls,Starters,42,38,Friday,0,0,Cloudy,8,0
2024-08-16,Fish Amritsari,Starters,42,27,Friday,0,0,Cloudy,8,0
2024-08-16,Butter Naan,Breads,60,51,Friday,0,0,Cloudy,8,0
2024-08-16,Garlic Naan,Breads,48,36,Friday,0,0,Cloudy,8,0
2024-08-16,Tandoori Roti,Breads,54,35,Friday,0,0,Cloudy,8,0
2024-08-16,Gulab Jamun,Desserts,26,17,Friday,0,0,Cloudy,8,0
2024-08-16,Ras Malai,Desserts,27,25,Friday,0,0,Cloudy,8,0
2024-08-16,Kheer,Desserts,21,15,Friday,0,0,Cloudy,8,0
2024-08-16,Kulfi,Desserts,19,10,Friday,0,0,Cloudy,8,0
2024-08-17,Paneer Butter Masala,Main Course,42,35,Saturday,1,0,Rainy,14,0
2024-08-17,Dal Makhani,Main Course,44,40,Saturday,1,0,Rainy,14,0
2024-08-17,Chicken Biryani,Main Course,38,36,Saturday,1,0,Rainy,14,0
2024-08-17,Mutton Rogan Josh,Main Course,38,27,Saturday,1,0,Rainy,14,0
2024-08-17,Paneer Tikka,Starters,57,37,Saturday,1,0,Rainy,14,0
2024-08-17,Chicken Tandoori,Starters,44,33,Saturday,1,0,Rainy,14,0
2024-08-17,Veg Spring Rolls,Starters,58,54,Saturday,1,0,Rainy,14,0
2024-08-17,Fish Amritsari,Starters,48,33,Saturday,1,0,Rainy,14,0
2024-08-17,Butter Naan,Breads,72,69,Saturday,1,0,Rainy,14,0
2024-08-17,Garlic Naan,Breads,70,61,Saturday,1,0,Rainy,14,0
2024-08-17,Tandoori Roti,Breads,66,46,Saturday,1,0,Rainy,14,0
2024-08-17,Gulab Jamun,Desserts,38,35,Saturday,1,0,Rainy,14,0
2024-08-17,Ras Malai,Desserts,32,29,Saturday,1,0,Rainy,14,0
2024-08-17,Kheer,Desserts,26,23,Saturday,1,0,Rainy,14,0
2024-08-17,Kulfi,Desserts,31,20,Saturday,1,0,Rainy,14,0
2024-08-18,Paneer Butter Masala,Main Course,38,34,Sunday,1,0,Rainy,14,0
2024-08-18,Dal Makhani,Main Course,44,34,Sunday,1,0,Rainy,14,0
2024-08-18,Chicken Biryani,Main Course,44,40,Sunday,1,0,Rainy,14,0
2024-08-18,Mutton Rogan Josh,Main Course,41,32,Sunday,1,0,Rainy,14,0
2024-08-18,Paneer Tikka,Starters,52,42,Sunday,1,0,Rainy,14,0
2024-08-18,Chicken Tandoori,Starters,52,40,Sunday,1,0,Rainy,14,0
2024-08-18,Veg Spring Rolls,Starters,55,40,Sunday,1,0,Rainy,14,0
2024-08-18,Fish Amritsari,Starters,53,27,Sunday,1,0,Rainy,14,0
2024-08-18,Butter Naan,Breads,80,74,Sunday,1,0,Rainy,14,0
2024-08-18,Garlic Naan,Breads,75,66,Sunday,1,0,Rainy,14,0
2024-08-18,Tandoori Roti,Breads,82,77,Sunday,1,0,Rainy,14,0
2024-08-18,Gulab Jamun,Desserts,35,29,Sunday,1,0,Rainy,14,0
2024-08-18,Ras Malai,Desserts,31,24,Sunday,1,0,Rainy,14,0
2024-08-18,Kheer,Desserts,30,20,Sunday,1,0,Rainy,14,0
2024-08-18,Kulfi,Desserts,30,18,Sunday,1,0,Rainy,14,0
2024-08-19,Paneer Butter Masala,Main Course,29,28,Monday,0,0,Sunny,8,0
2024-08-19,Dal Makhani,Main Course,36,27,Monday,0,0,Sunny,8,0
2024-08-19,Chicken Biryani,Main Course,28,25,Monday,0,0,Sunny,8,0
2024-08-19,Mutton Rogan Josh,Main Course,32,22,Monday,0,0,Sunny,8,0
2024-08-19,Paneer Tikka,Starters,40,28,Monday,0,0,Sunny,8,0
2024-08-19,Chicken Tandoori,Starters,37,28,Monday,0,0,Sunny,8,0
2024-08-19,Veg Spring Rolls,Starters,60,33,Monday,0,0,Sunny,8,0
2024-08-19,Fish Amritsari,Starters,41,30,Monday,0,0,Sunny,8,0
2024-08-19,Butter Naan,Breads,51,49,Monday,0,0,Sunny,8,0
2024-08-19,Garlic Naan,Breads,53,40,Monday,0,0,Sunny,8,0
2024-08-19,Tandoori Roti,Breads,59,52,Monday,0,0,Sunny,8,0
2024-08-19,Gulab Jamun,Desserts,29,20,Monday,0,0,Sunny,8,0
2024-08-19,Ras Malai,Desserts,29,25,Monday,0,0,Sunny,8,0
2024-08-19,Kheer,Desserts,23,21,Monday,0,0,Sunny,8,0
2024-08-19,Kulfi,Desserts,19,10,Monday,0,0,Sunny,8,0
2024-08-20,Paneer Butter Masala,Main Course,29,26,Tuesday,0,0,Cloudy,8,0
2024-08-20,Dal Makhani,Main Course,34,22,Tuesday,0,0,Cloudy,8,0
2024-08-20,Chicken Biryani,Main Course,28,25,Tuesday,0,0,Cloudy,8,0
2024-08-20,Mutton Rogan Josh,Main Course,32,19,Tuesday,0,0,Cloudy,8,0
2024-08-20,Paneer Tikka,Starters,39,25,Tuesday,0,0,Cloudy,8,0
2024-08-20,Chicken Tandoori,Starters,40,35,Tuesday,0,0,Cloudy,8,0
2024-08-20,Veg Spring Rolls,Starters,46,35,Tuesday,0,0,Cloudy,8,0
2024-08-20,Fish Amritsari,Starters,43,21,Tuesday,0,0,Cloudy,8,0
2024-08-20,Butter Naan,Breads,61,55,Tuesday,0,0,Cloudy,8,0
2024-08-20,Garlic Naan,Breads,58,44,Tuesday,0,0,Cloudy,8,0
2024-08-20,Tandoori Roti,Breads,59,45,Tuesday,0,0,Cloudy,8,0
2024-08-20,Gulab Jamun,Desserts,28,24,Tuesday,0,0,Cloudy,8,0
2024-08-20,Ras Malai,Desserts,26,22,Tuesday,0,0,Cloudy,8,0
2024-08-20,Kheer,Desserts,22,16,Tuesday,0,0,Cloudy,8,0
2024-08-20,Kulfi,Desserts,20,14,Tuesday,0,0,Cloudy,8,0
2024-08-21,Paneer Butter Masala,Main Course,37,31,Wednesday,0,0,Cloudy,9,1
2024-08-21,Dal Makhani,Main Course,43,37,Wednesday,0,0,Cloudy,9,1
2024-08-21,Chicken Biryani,Main Course,33,27,Wednesday,0,0,Cloudy,9,1
2024-08-21,Mutton Rogan Josh,Main Course,39,26,Wednesday,0,0,Cloudy,9,1
2024-08-21,Paneer Tikka,Starters,54,38,Wednesday,0,0,Cloudy,9,1
2024-08-21,Chicken Tandoori,Starters,42,27,Wednesday,0,0,Cloudy,9,1
2024-08-21,Veg Spring Rolls,Starters,51,35,Wednesday,0,0,Cloudy,9,1
2024-08-21,Fish Amritsari,Starters,47,24,Wednesday,0,0,Cloudy,9,1
2024-08-21,Butter Naan,Breads,72,63,Wednesday,0,0,Cloudy,9,1
2024-08-21,Garlic Naan,Breads,62,44,Wednesday,0,0,Cloudy,9,1
2024-08-21,Tandoori Roti,Breads,66,55,Wednesday,0,0,Cloudy,9,1
2024-08-21,Gulab Jamun,Desserts,35,26,Wednesday,0,0,Cloudy,9,1
2024-08-21,Ras Malai,Desserts,34,25,Wednesday,0,0,Cloudy,9,1
2024-08-21,Kheer,Desserts,25,21,Wednesday,0,0,Cloudy,9,1
2024-08-21,Kulfi,Desserts,25,15,Wednesday,0,0,Cloudy,9,1
2024-08-22,Paneer Butter Masala,Main Course,29,28,Thursday,0,0,Rainy,8,0
2024-08-22,Dal Makhani,Main Course,30,22,Thursday,0,0,Rainy,8,0
2024-08-22,Chicken Biryani,Main Course,31,25,Thursday,0,0,Rainy,8,0
2024-08-22,Mutton Rogan Josh,Main Course,24,17,Thursday,0,0,Rainy,8,0
2024-08-22,Paneer Tikka,Starters,38,32,Thursday,0,0,Rainy,8,0
2024-08-22,Chicken Tandoori,Starters,35,25,Thursday,0,0,Rainy,8,0
2024-08-22,Veg Spring Rolls,Starters,40,33,Thursday,0,0,Rainy,8,0
2024-08-22,Fish Amritsari,Starters,39,26,Thursday,0,0,Rainy,8,0
2024-08-22,Butter Naan,Breads,54,44,Thursday,0,0,Rainy,8,0
2024-08-22,Garlic Naan,Breads,44,39,Thursday,0,0,Rainy,8,0
2024-08-22,Tandoori Roti,Breads,52,48,Thursday,0,0,Rainy,8,0
2024-08-22,Gulab Jamun,Desserts,25,16,Thursday,0,0,Rainy,8,0
2024-08-22,Ras Malai,Desserts,22,17,Thursday,0,0,Rainy,8,0
2024-08-22,Kheer,Desserts,21,19,Thursday,0,0,Rainy,8,0
2024-08-22,Kulfi,Desserts,22,15,Thursday,0,0,Rainy,8,0
2024-08-23,Paneer Butter Masala,Main Course,31,29,Friday,0,0,Cloudy,10,0
2024-08-23,Dal Makhani,Main Course,36,24,Friday,0,0,Cloudy,10,0
2024-08-23,Chicken Biryani,Main Course,28,24,Friday,0,0,Cloudy,10,0
2024-08-23,Mutton Rogan Josh,Main Course,30,19,Friday,0,0,Cloudy,10,0
2024-08-23,Paneer Tikka,Starters,39,28,Friday,0,0,Cloudy,10,0
2024-08-23,Chicken Tandoori,Starters,37,30,Friday,0,0,Cloudy,10,0
2024-08-23,Veg Spring Rolls,Starters,45,30,Friday,0,0,Cloudy,10,0
2024-08-23,Fish Amritsari,Starters,43,21,Friday,0,0,Cloudy,10,0
2024-08-23,Butter Naan,Breads,54,47,Friday,0,0,Cloudy,10,0
2024-08-23,Garlic Naan,Breads,61,46,Friday,0,0,Cloudy,10,0
2024-08-23,Tandoori Roti,Breads,57,42,Friday,0,0,Cloudy,10,0
2024-08-23,Gulab Jamun,Desserts,26,22,Friday,0,0,Cloudy,10,0
2024-08-23,Ras Malai,Desserts,24,7,Friday,0,0,Cloudy,10,0
2024-08-23,Kheer,Desserts,24,20,Friday,0,0,Cloudy,10,0
2024-08-23,Kulfi,Desserts,24,16,Friday,0,0,Cloudy,10,0
2024-08-24,Paneer Butter Masala,Main Course,49,41,Saturday,1,0,Cloudy,11,1
2024-08-24,Dal Makhani,Main Course,59,43,Saturday,1,0,Cloudy,11,1
2024-08-24,Chicken Biryani,Main Course,48,39,Saturday,1,0,Cloudy,11,1
2024-08-24,Mutton Rogan Josh,Main Course,53,36,Saturday,1,0,Cloudy,11,1
2024-08-24,Paneer Tikka,Starters,72,58,Saturday,1,0,Cloudy,11,1
2024-08-24,Chicken Tandoori,Starters,69,59,Saturday,1,0,Cloudy,11,1
2024-08-24,Veg Spring Rolls,Starters,61,43,Saturday,1,0,Cloudy,11,1
2024-08-24,Fish Amritsari,Starters,62,34,Saturday,1,0,Cloudy,11,1
2024-08-24,Butter Naan,Breads,103,90,Saturday,1,0,Cloudy,11,1
2024-08-24,Garlic Naan,Breads,89,63,Saturday,1,0,Cloudy,11,1
2024-08-24,Tandoori Roti,Breads,100,72,Saturday,1,0,Cloudy,11,1
2024-08-24,Gulab Jamun,Desserts,44,33,Saturday,1,0,Cloudy,11,1
2024-08-24,Ras Malai,Desserts,47,42,Saturday,1,0,Cloudy,11,1
2024-08-24,Kheer,Desserts,59,26,Saturday,1,0,Cloudy,11,1
2024-08-24,Kulfi,Desserts,40,24,Saturday,1,0,Cloudy,11,1
2024-08-25,Paneer Butter Masala,Main Course,49,42,Sunday,1,0,Cloudy,15,0
2024-08-25,Dal Makhani,Main Course,43,28,Sunday,1,0,Cloudy,15,0
2024-08-25,Chicken Biryani,Main Course,82,42,Sunday,1,0,Cloudy,15,0
2024-08-25,Mutton Rogan Josh,Main Course,43,29,Sunday,1,0,Cloudy,15,0
2024-08-25,Paneer Tikka,Starters,59,45,Sunday,1,0,Cloudy,15,0
2024-08-25,Chicken Tandoori,Starters,53,44,Sunday,1,0,Cloudy,15,0
2024-08-25,Veg Spring Rolls,Starters,58,51,Sunday,1,0,Cloudy,15,0
2024-08-25,Fish Amritsari,Starters,59,44,Sunday,1,0,Cloudy,15,0
2024-08-25,Butter Naan,Breads,82,71,Sunday,1,0,Cloudy,15,0
2024-08-25,Garlic Naan,Breads,81,61,Sunday,1,0,Cloudy,15,0
2024-08-25,Tandoori Roti,Breads,73,52,Sunday,1,0,Cloudy,15,0
2024-08-25,Gulab Jamun,Desserts,36,24,Sunday,1,0,Cloudy,15,0
2024-08-25,Ras Malai,Desserts,36,25,Sunday,1,0,Cloudy,15,0
2024-08-25,Kheer,Desserts,29,24,Sunday,1,0,Cloudy,15,0
2024-08-25,Kulfi,Desserts,31,17,Sunday,1,0,Cloudy,15,0
2024-08-26,Paneer Butter Masala,Main Course,28,24,Monday,0,0,Rainy,10,0
2024-08-26,Dal Makhani,Main Course,31,22,Monday,0,0,Rainy,10,0
2024-08-26,Chicken Biryani,Main Course,26,23,Monday,0,0,Rainy,10,0
2024-08-26,Mutton Rogan Josh,Main Course,26,20,Monday,0,0,Rainy,10,0
2024-08-26,Paneer Tikka,Starters,35,24,Monday,0,0,Rainy,10,0
2024-08-26,Chicken Tandoori,Starters,36,28,Monday,0,0,Rainy,10,0
2024-08-26,Veg Spring Rolls,Starters,34,22,Monday,0,0,Rainy,10,0
2024-08-26,Fish Amritsari,Starters,32,24,Monday,0,0,Rainy,10,0
2024-08-26,Butter Naan,Breads,49,43,Monday,0,0,Rainy,10,0
2024-08-26,Garlic Naan,Breads,56,38,Monday,0,0,Rainy,10,0
2024-08-26,Tandoori Roti,Breads,56,47,Monday,0,0,Rainy,10,0
2024-08-26,Gulab Jamun,Desserts,28,20,Monday,0,0,Rainy,10,0
2024-08-26,Ras Malai,Desserts,25,19,Monday,0,0,Rainy,10,0
2024-08-26,Kheer,Desserts,18,16,Monday,0,0,Rainy,10,0
2024-08-26,Kulfi,Desserts,18,14,Monday,0,0,Rainy,10,0
2024-08-27,Paneer Butter Masala,Main Course,29,25,Tuesday,0,0,Rainy,9,0
2024-08-27,Dal Makhani,Main Course,36,29,Tuesday,0,0,Rainy,9,0
2024-08-27,Chicken Biryani,Main Course,29,23,Tuesday,0,0,Rainy,9,0
2024-08-27,Mutton Rogan Josh,Main Course,24,15,Tuesday,0,0,Rainy,9,0
2024-08-27,Paneer Tikka,Starters,40,36,Tuesday,0,0,Rainy,9,0
2024-08-27,Chicken Tandoori,Starters,37,32,Tuesday,0,0,Rainy,9,0
2024-08-27,Veg Spring Rolls,Starters,39,35,Tuesday,0,0,Rainy,9,0
2024-08-27,Fish Amritsari,Starters,32,16,Tuesday,0,0,Rainy,9,0
2024-08-27,Butter Naan,Breads,47,39,Tuesday,0,0,Rainy,9,0
2024-08-27,Garlic Naan,Breads,45,37,Tuesday,0,0,Rainy,9,0
2024-08-27,Tandoori Roti,Breads,53,19,Tuesday,0,0,Rainy,9,0
2024-08-27,Gulab Jamun,Desserts,24,19,Tuesday,0,0,Rainy,9,0
2024-08-27,Ras Malai,Desserts,23,9,Tuesday,0,0,Rainy,9,0
2024-08-27,Kheer,Desserts,21,17,Tuesday,0,0,Rainy,9,0
2024-08-27,Kulfi,Desserts,19,6,Tuesday,0,0,Rainy,9,0
2024-08-28,Paneer Butter Masala,Main Course,30,24,Wednesday,0,0,Rainy,8,0
2024-08-28,Dal Makhani,Main Course,36,27,Wednesday,0,0,Rainy,8,0
2024-08-28,Chicken Biryani,Main Course,30,27,Wednesday,0,0,Rainy,8,0
2024-08-28,Mutton Rogan Josh,Main Course,27,18,Wednesday,0,0,Rainy,8,0
2024-08-28,Paneer Tikka,Starters,34,26,Wednesday,0,0,Rainy,8,0
2024-08-28,Chicken Tandoori,Starters,37,32,Wednesday,0,0,Rainy,8,0
2024-08-28,Veg Spring Rolls,Starters,35,25,Wednesday,0,0,Rainy,8,0
2024-08-28,Fish Amritsari,Starters,40,29,Wednesday,0,0,Rainy,8,0
2024-08-28,Butter Naan,Breads,49,44,Wednesday,0,0,Rainy,8,0
2024-08-28,Garlic Naan,Breads,55,38,Wednesday,0,0,Rainy,8,0
2024-08-28,Tandoori Roti,Breads,50,47,Wednesday,0,0,Rainy,8,0
2024-08-28,Gulab Jamun,Desserts,28,18,Wednesday,0,0,Rainy,8,0
2024-08-28,Ras Malai,Desserts,22,20,Wednesday,0,0,Rainy,8,0
2024-08-28,Kheer,Desserts,18,12,Wednesday,0,0,Rainy,8,0
2024-08-28,Kulfi,Desserts,18,13,Wednesday,0,0,Rainy,8,0
2024-08-29,Paneer Butter Masala,Main Course,24,19,Thursday,0,0,Stormy,9,0
2024-08-29,Dal Makhani,Main Course,28,19,Thursday,0,0,Stormy,9,0
2024-08-29,Chicken Biryani,Main Course,26,22,Thursday,0,0,Stormy,9,0
2024-08-29,Mutton Rogan Josh,Main Course,26,15,Thursday,0,0,Stormy,9,0
2024-08-29,Paneer Tikka,Starters,31,28,Thursday,0,0,Stormy,9,0
2024-08-29,Chicken Tandoori,Starters,30,28,Thursday,0,0,Stormy,9,0
2024-08-29,Veg Spring Rolls,Starters,39,36,Thursday,0,0,Stormy,9,0
2024-08-29,Fish Amritsari,Starters,31,23,Thursday,0,0,Stormy,9,0
2024-08-29,Butter Naan,Breads,50,47,Thursday,0,0,Stormy,9,0
2024-08-29,Garlic Naan,Breads,44,38,Thursday,0,0,Stormy,9,0
2024-08-29,Tandoori Roti,Breads,52,44,Thursday,0,0,Stormy,9,0
2024-08-29,Gulab Jamun,Desserts,25,18,Thursday,0,0,Stormy,9,0
2024-08-29,Ras Malai,Desserts,24,21,Thursday,0,0,Stormy,9,0
2024-08-29,Kheer,Desserts,21,5,Thursday,0,0,Stormy,9,0
2024-08-29,Kulfi,Desserts,19,14,Thursday,0,0,Stormy,9,0
2024-08-30,Paneer Butter Masala,Main Course,35,29,Friday,0,0,Sunny,11,0
2024-08-30,Dal Makhani,Main Course,36,12,Friday,0,0,Sunny,11,0
2024-08-30,Chicken Biryani,Main Course,30,27,Friday,0,0,Sunny,11,0
2024-08-30,Mutton Rogan Josh,Main Course,30,17,Friday,0,0,Sunny,11,0
2024-08-30,Paneer Tikka,Starters,37,31,Friday,0,0,Sunny,11,0
2024-08-30,Chicken Tandoori,Starters,35,8,Friday,0,0,Sunny,11,0
2024-08-30,Veg Spring Rolls,Starters,44,36,Friday,0,0,Sunny,11,0
2024-08-30,Fish Amritsari,Starters,43,32,Friday,0,0,Sunny,11,0
2024-08-30,Butter Naan,Breads,52,48,Friday,0,0,Sunny,11,0
2024-08-30,Garlic Naan,Breads,53,37,Friday,0,0,Sunny,11,0
2024-08-30,Tandoori Roti,Breads,60,42,Friday,0,0,Sunny,11,0
2024-08-30,Gulab Jamun,Desserts,27,22,Friday,0,0,Sunny,11,0
2024-08-30,Ras Malai,Desserts,27,21,Friday,0,0,Sunny,11,0
2024-08-30,Kheer,Desserts,20,18,Friday,0,0,Sunny,11,0
2024-08-30,Kulfi,Desserts,22,11,Friday,0,0,Sunny,11,0
2024-08-31,Paneer Butter Masala,Main Course,46,37,Saturday,1,0,Rainy,10,1
2024-08-31,Dal Makhani,Main Course,59,51,Saturday,1,0,Rainy,10,1
2024-08-31,Chicken Biryani,Main Course,48,42,Saturday,1,0,Rainy,10,1
2024-08-31,Mutton Rogan Josh,Main Course,46,32,Saturday,1,0,Rainy,10,1
2024-08-31,Paneer Tikka,Starters,64,57,Saturday,1,0,Rainy,10,1
2024-08-31,Chicken Tandoori,Starters,55,40,Saturday,1,0,Rainy,10,1
2024-08-31,Veg Spring Rolls,Starters,63,53,Saturday,1,0,Rainy,10,1
2024-08-31,Fish Amritsari,Starters,56,30,Saturday,1,0,Rainy,10,1
2024-08-31,Butter Naan,Breads,89,71,Saturday,1,0,Rainy,10,1
2024-08-31,Garlic Naan,Breads,82,53,Saturday,1,0,Rainy,10,1
2024-08-31,Tandoori Roti,Breads,90,77,Saturday,1,0,Rainy,10,1
2024-08-31,Gulab Jamun,Desserts,42,27,Saturday,1,0,Rainy,10,1
2024-08-31,Ras Malai,Desserts,39,36,Saturday,1,0,Rainy,10,1
2024-08-31,Kheer,Desserts,37,27,Saturday,1,0,Rainy,10,1
2024-08-31,Kulfi,Desserts,37,19,Saturday,1,0,Rainy,10,1
2024-09-01,Paneer Butter Masala,Main Course,47,44,Sunday,1,0,Stormy,14,1
2024-09-01,Dal Makhani,Main Course,55,51,Sunday,1,0,Stormy,14,1
2024-09-01,Chicken Biryani,Main Course,46,37,Sunday,1,0,Stormy,14,1
2024-09-01,Mutton Rogan Josh,Main Course,44,31,Sunday,1,0,Stormy,14,1
2024-09-01,Paneer Tikka,Starters,59,51,Sunday,1,0,Stormy,14,1
2024-09-01,Chicken Tandoori,Starters,57,37,Sunday,1,0,Stormy,14,1
2024-09-01,Veg Spring Rolls,Starters,60,42,Sunday,1,0,Stormy,14,1
2024-09-01,Fish Amritsari,Starters,67,42,Sunday,1,0,Stormy,14,1
2024-09-01,Butter Naan,Breads,86,81,Sunday,1,0,Stormy,14,1
2024-09-01,Garlic Naan,Breads,85,67,Sunday,1,0,Stormy,14,1
2024-09-01,Tandoori Roti,Breads,85,55,Sunday,1,0,Stormy,14,1
2024-09-01,Gulab Jamun,Desserts,42,30,Sunday,1,0,Stormy,14,1
2024-09-01,Ras Malai,Desserts,38,25,Sunday,1,0,Stormy,14,1
2024-09-01,Kheer,Desserts,32,24,Sunday,1,0,Stormy,14,1
2024-09-01,Kulfi,Desserts,38,21,Sunday,1,0,Stormy,14,1
2024-09-02,Paneer Butter Masala,Main Course,32,30,Monday,0,0,Rainy,8,0
2024-09-02,Dal Makhani,Main Course,37,24,Monday,0,0,Rainy,8,0
2024-09-02,Chicken Biryani,Main Course,28,25,Monday,0,0,Rainy,8,0
2024-09-02,Mutton Rogan Josh,Main Course,30,20,Monday,0,0,Rainy,8,0
2024-09-02,Paneer Tikka,Starters,42,37,Monday,0,0,Rainy,8,0
2024-09-02,Chicken Tandoori,Starters,38,31,Monday,0,0,Rainy,8,0
2024-09-02,Veg Spring Rolls,Starters,45,38,Monday,0,0,Rainy,8,0
2024-09-02,Fish Amritsari,Starters,43,22,Monday,0,0,Rainy,8,0
2024-09-02,Butter Naan,Breads,92,48,Monday,0,0,Rainy,8,0
2024-09-02,Garlic Naan,Breads,52,40,Monday,0,0,Rainy,8,0
2024-09-02,Tandoori Roti,Breads,58,50,Monday,0,0,Rainy,8,0
2024-09-02,Gulab Jamun,Desserts,30,22,Monday,0,0,Rainy,8,0
2024-09-02,Ras Malai,Desserts,27,22,Monday,0,0,Rainy,8,0
2024-09-02,Kheer,Desserts,24,16,Monday,0,0,Rainy,8,0
2024-09-02,Kulfi,Desserts,20,15,Monday,0,0,Rainy,8,0
2024-09-03,Paneer Butter Masala,Main Course,39,36,Tuesday,0,0,Sunny,10,0
2024-09-03,Dal Makhani,Main Course,37,26,Tuesday,0,0,Sunny,10,0
2024-09-03,Chicken Biryani,Main Course,33,32,Tuesday,0,0,Sunny,10,0
2024-09-03,Mutton Rogan Josh,Main Course,30,16,Tuesday,0,0,Sunny,10,0
2024-09-03,Paneer Tikka,Starters,40,35,Tuesday,0,0,Sunny,10,0
2024-09-03,Chicken Tandoori,Starters,40,31,Tuesday,0,0,Sunny,10,0
2024-09-03,Veg Spring Rolls,Starters,43,28,Tuesday,0,0,Sunny,10,0
2024-09-03,Fish Amritsari,Starters,48,34,Tuesday,0,0,Sunny,10,0
2024-09-03,Butter Naan,Breads,61,54,Tuesday,0,0,Sunny,10,0
2024-09-03,Garlic Naan,Breads,115,44,Tuesday,0,0,Sunny,10,0
2024-09-03,Tandoori Roti,Breads,64,57,Tuesday,0,0,Sunny,10,0
2024-09-03,Gulab Jamun,Desserts,34,24,Tuesday,0,0,Sunny,10,0
2024-09-03,Ras Malai,Desserts,27,24,Tuesday,0,0,Sunny,10,0
2024-09-03,Kheer,Desserts,22,16,Tuesday,0,0,Sunny,10,0
2024-09-03,Kulfi,Desserts,25,18,Tuesday,0,0,Sunny,10,0
2024-09-04,Paneer Butter Masala,Main Course,32,29,Wednesday,0,0,Rainy,11,0
2024-09-04,Dal Makhani,Main Course,35,27,Wednesday,0,0,Rainy,11,0
2024-09-04,Chicken Biryani,Main Course,34,31,Wednesday,0,0,Rainy,11,0
2024-09-04,Mutton Rogan Josh,Main Course,30,16,Wednesday,0,0,Rainy,11,0
2024-09-04,Paneer Tikka,Starters,38,25,Wednesday,0,0,Rainy,11,0
2024-09-04,Chicken Tandoori,Starters,36,32,Wednesday,0,0,Rainy,11,0
2024-09-04,Veg Spring Rolls,Starters,43,32,Wednesday,0,0,Rainy,11,0
2024-09-04,Fish Amritsari,Starters,39,22,Wednesday,0,0,Rainy,11,0
2024-09-04,Butter Naan,Breads,52,43,Wednesday,0,0,Rainy,11,0
2024-09-04,Garlic Naan,Breads,59,44,Wednesday,0,0,Rainy,11,0
2024-09-04,Tandoori Roti,Breads,58,40,Wednesday,0,0,Rainy,11,0
2024-09-04,Gulab Jamun,Desserts,28,19,Wednesday,0,0,Rainy,11,0
2024-09-04,Ras Malai,Desserts,31,24,Wednesday,0,0,Rainy,11,0
2024-09-04,Kheer,Desserts,23,15,Wednesday,0,0,Rainy,11,0
2024-09-04,Kulfi,Desserts,22,14,Wednesday,0,0,Rainy,11,0
2024-09-05,Paneer Butter Masala,Main Course,32,28,Thursday,0,0,Rainy,11,0
2024-09-05,Dal Makhani,Main Course,33,24,Thursday,0,0,Rainy,11,0
2024-09-05,Chicken Biryani,Main Course,27,21,Thursday,0,0,Rainy,11,0
2024-09-05,Mutton Rogan Josh,Main Course,33,22,Thursday,0,0,Rainy,11,0
2024-09-05,Paneer Tikka,Starters,42,32,Thursday,0,0,Rainy,11,0
2024-09-05,Chicken Tandoori,Starters,41,33,Thursday,0,0,Rainy,11,0
2024-09-05,Veg Spring Rolls,Starters,38,27,Thursday,0,0,Rainy,11,0
2024-09-05,Fish Amritsari,Starters,40,25,Thursday,0,0,Rainy,11,0
2024-09-05,Butter Naan,Breads,57,48,Thursday,0,0,Rainy,11,0
2024-09-05,Garlic Naan,Breads,55,36,Thursday,0,0,Rainy,11,0
2024-09-05,Tandoori Roti,Breads,54,45,Thursday,0,0,Rainy,11,0
2024-09-05,Gulab Jamun,Desserts,59,23,Thursday,0,0,Rainy,11,0
2024-09-05,Ras Malai,Desserts,25,18,Thursday,0,0,Rainy,11,0
2024-09-05,Kheer,Desserts,21,14,Thursday,0,0,Rainy,11,0
2024-09-05,Kulfi,Desserts,21,14,Thursday,0,0,Rainy,11,0
2024-09-06,Paneer Butter Masala,Main Course,34,32,Friday,0,0,Cloudy,8,0
2024-09-06,Dal Makhani,Main Course,34,31,Friday,0,0,Cloudy,8,0
2024-09-06,Chicken Biryani,Main Course,34,30,Friday,0,0,Cloudy,8,0
2024-09-06,Mutton Rogan Josh,Main Course,30,23,Friday,0,0,Cloudy,8,0
2024-09-06,Paneer Tikka,Starters,47,37,Friday,0,0,Cloudy,8,0
2024-09-06,Chicken Tandoori,Starters,44,30,Friday,0,0,Cloudy,8,0
2024-09-06,Veg Spring Rolls,Starters,46,39,Friday,0,0,Cloudy,8,0
2024-09-06,Fish Amritsari,Starters,44,28,Friday,0,0,Cloudy,8,0
2024-09-06,Butter Naan,Breads,60,49,Friday,0,0,Cloudy,8,0
2024-09-06,Garlic Naan,Breads,67,61,Friday,0,0,Cloudy,8,0
2024-09-06,Tandoori Roti,Breads,62,49,Friday,0,0,Cloudy,8,0
2024-09-06,Gulab Jamun,Desserts,35,24,Friday,0,0,Cloudy,8,0
2024-09-06,Ras Malai,Desserts,29,23,Friday,0,0,Cloudy,8,0
2024-09-06,Kheer,Desserts,28,22,Friday,0,0,Cloudy,8,0
2024-09-06,Kulfi,Desserts,24,15,Friday,0,0,Cloudy,8,0
2024-09-07,Paneer Butter Masala,Main Course,65,60,Saturday,1,1,Cloudy,16,1
2024-09-07,Dal Makhani,Main Course,82,55,Saturday,1,1,Cloudy,16,1
2024-09-07,Chicken Biryani,Main Course,79,74,Saturday,1,1,Cloudy,16,1
2024-09-07,Mutton Rogan Josh,Main Course,61,19,Saturday,1,1,Cloudy,16,1
2024-09-07,Paneer Tikka,Starters,88,79,Saturday,1,1,Cloudy,16,1
2024-09-07,Chicken Tandoori,Starters,92,64,Saturday,1,1,Cloudy,16,1
2024-09-07,Veg Spring Rolls,Starters,94,85,Saturday,1,1,Cloudy,16,1
2024-09-07,Fish Amritsari,Starters,85,63,Saturday,1,1,Cloudy,16,1
2024-09-07,Butter Naan,Breads,123,115,Saturday,1,1,Cloudy,16,1
2024-09-07,Garlic Naan,Breads,138,113,Saturday,1,1,Cloudy,16,1
2024-09-07,Tandoori Roti,Breads,135,88,Saturday,1,1,Cloudy,16,1
2024-09-07,Gulab Jamun,Desserts,57,47,Saturday,1,1,Cloudy,16,1
2024-09-07,Ras Malai,Desserts,74,52,Saturday,1,1,Cloudy,16,1
2024-09-07,Kheer,Desserts,59,46,Saturday,1,1,Cloudy,16,1
2024-09-07,Kulfi,Desserts,48,25,Saturday,1,1,Cloudy,16,1
2024-09-08,Paneer Butter Masala,Main Course,47,45,Sunday,1,0,Sunny,13,0
2024-09-08,Dal Makhani,Main Course,58,43,Sunday,1,0,Sunny,13,0
2024-09-08,Chicken Biryani,Main Course,45,42,Sunday,1,0,Sunny,13,0
2024-09-08,Mutton Rogan Josh,Main Course,41,21,Sunday,1,0,Sunny,13,0
2024-09-08,Paneer Tikka,Starters,63,59,Sunday,1,0,Sunny,13,0
2024-09-08,Chicken Tandoori,Starters,52,41,Sunday,1,0,Sunny,13,0
2024-09-08,Veg Spring Rolls,Starters,65,42,Sunday,1,0,Sunny,13,0
2024-09-08,Fish Amritsari,Starters,56,37,Sunday,1,0,Sunny,13,0
2024-09-08,Butter Naan,Breads,89,79,Sunday,1,0,Sunny,13,0
2024-09-08,Garlic Naan,Breads,78,64,Sunday,1,0,Sunny,13,0
2024-09-08,Tandoori Roti,Breads,97,83,Sunday,1,0,Sunny,13,0
2024-09-08,Gulab Jamun,Desserts,42,38,Sunday,1,0,Sunny,13,0
2024-09-08,Ras Malai,Desserts,43,29,Sunday,1,0,Sunny,13,0
2024-09-08,Kheer,Desserts,38,33,Sunday,1,0,Sunny,13,0
2024-09-08,Kulfi,Desserts,36,28,Sunday,1,0,Sunny,13,0
2024-09-09,Paneer Butter Masala,Main Course,31,27,Monday,0,0,Stormy,9,0
2024-09-09,Dal Makhani,Main Course,32,23,Monday,0,0,Stormy,9,0
2024-09-09,Chicken Biryani,Main Course,32,26,Monday,0,0,Stormy,9,0
2024-09-09,Mutton Rogan Josh,Main Course,30,16,Monday,0,0,Stormy,9,0
2024-09-09,Paneer Tikka,Starters,38,31,Monday,0,0,Stormy,9,0
2024-09-09,Chicken Tandoori,Starters,36,28,Monday,0,0,Stormy,9,0
2024-09-09,Veg Spring Rolls,Starters,37,27,Monday,0,0,Stormy,9,0
2024-09-09,Fish Amritsari,Starters,39,23,Monday,0,0,Stormy,9,0
2024-09-09,Butter Naan,Breads,49,42,Monday,0,0,Stormy,9,0
2024-09-09,Garlic Naan,Breads,53,41,Monday,0,0,Stormy,9,0
2024-09-09,Tandoori Roti,Breads,57,47,Monday,0,0,Stormy,9,0
2024-09-09,Gulab Jamun,Desserts,28,25,Monday,0,0,Stormy,9,0
2024-09-09,Ras Malai,Desserts,23,5,Monday,0,0,Stormy,9,0
2024-09-09,Kheer,Desserts,20,13,Monday,0,0,Stormy,9,0
2024-09-09,Kulfi,Desserts,19,14,Monday,0,0,Stormy,9,0
2024-09-10,Paneer Butter Masala,Main Course,35,28,Tuesday,0,0,Cloudy,8,0
2024-09-10,Dal Makhani,Main Course,35,29,Tuesday,0,0,Cloudy,8,0
2024-09-10,Chicken Biryani,Main Course,37,32,Tuesday,0,0,Cloudy,8,0
2024-09-10,Mutton Rogan Josh,Main Course,29,19,Tuesday,0,0,Cloudy,8,0
2024-09-10,Paneer Tikka,Starters,51,47,Tuesday,0,0,Cloudy,8,0
2024-09-10,Chicken Tandoori,Starters,45,35,Tuesday,0,0,Cloudy,8,0
2024-09-10,Veg Spring Rolls,Starters,43,31,Tuesday,0,0,Cloudy,8,0
2024-09-10,Fish Amritsari,Starters,39,26,Tuesday,0,0,Cloudy,8,0
2024-09-10,Butter Naan,Breads,64,53,Tuesday,0,0,Cloudy,8,0
2024-09-10,Garlic Naan,Breads,64,49,Tuesday,0,0,Cloudy,8,0
2024-09-10,Tandoori Roti,Breads,59,41,Tuesday,0,0,Cloudy,8,0
2024-09-10,Gulab Jamun,Desserts,29,9,Tuesday,0,0,Cloudy,8,0
2024-09-10,Ras Malai,Desserts,28,22,Tuesday,0,0,Cloudy,8,0
2024-09-10,Kheer,Desserts,25,19,Tuesday,0,0,Cloudy,8,0
2024-09-10,Kulfi,Desserts,26,13,Tuesday,0,0,Cloudy,8,0
2024-09-11,Paneer Butter Masala,Main Course,29,28,Wednesday,0,0,Stormy,8,0
2024-09-11,Dal Makhani,Main Course,30,23,Wednesday,0,0,Stormy,8,0
2024-09-11,Chicken Biryani,Main Course,30,29,Wednesday,0,0,Stormy,8,0
2024-09-11,Mutton Rogan Josh,Main Course,30,20,Wednesday,0,0,Stormy,8,0
2024-09-11,Paneer Tikka,Starters,38,30,Wednesday,0,0,Stormy,8,0
2024-09-11,Chicken Tandoori,Starters,31,21,Wednesday,0,0,Stormy,8,0
2024-09-11,Veg Spring Rolls,Starters,35,30,Wednesday,0,0,Stormy,8,0
2024-09-11,Fish Amritsari,Starters,41,22,Wednesday,0,0,Stormy,8,0
2024-09-11,Butter Naan,Breads,56,45,Wednesday,0,0,Stormy,8,0
2024-09-11,Garlic Naan,Breads,52,48,Wednesday,0,0,Stormy,8,0
2024-09-11,Tandoori Roti,Breads,52,43,Wednesday,0,0,Stormy,8,0
2024-09-11,Gulab Jamun,Desserts,27,23,Wednesday,0,0,Stormy,8,0
2024-09-11,Ras Malai,Desserts,24,18,Wednesday,0,0,Stormy,8,0
2024-09-11,Kheer,Desserts,19,13,Wednesday,0,0,Stormy,8,0
2024-09-11,Kulfi,Desserts,19,11,Wednesday,0,0,Stormy,8,0
2024-09-12,Paneer Butter Masala,Main Course,29,27,Thursday,0,0,Rainy,10,0
2024-09-12,Dal Makhani,Main Course,34,28,Thursday,0,0,Rainy,10,0
2024-09-12,Chicken Biryani,Main Course,28,24,Thursday,0,0,Rainy,10,0
2024-09-12,Mutton Rogan Josh,Main Course,26,18,Thursday,0,0,Rainy,10,0
2024-09-12,Paneer Tikka,Starters,38,32,Thursday,0,0,Rainy,10,0
2024-09-12,Chicken Tandoori,Starters,40,36,Thursday,0,0,Rainy,10,0
2024-09-12,Veg Spring Rolls,Starters,47,32,Thursday,0,0,Rainy,10,0
2024-09-12,Fish Amritsari,Starters,43,28,Thursday,0,0,Rainy,10,0
2024-09-12,Butter Naan,Breads,63,54,Thursday,0,0,Rainy,10,0
2024-09-12,Garlic Naan,Breads,52,34,Thursday,0,0,Rainy,10,0
2024-09-12,Tandoori Roti,Breads,52,37,Thursday,0,0,Rainy,10,0
2024-09-12,Gulab Jamun,Desserts,28,18,Thursday,0,0,Rainy,10,0
2024-09-12,Ras Malai,Desserts,27,21,Thursday,0,0,Rainy,10,0
2024-09-12,Kheer,Desserts,24,16,Thursday,0,0,Rainy,10,0
2024-09-12,Kulfi,Desserts,23,14,Thursday,0,0,Rainy,10,0
2024-09-13,Paneer Butter Masala,Main Course,31,13,Friday,0,0,Sunny,12,0
2024-09-13,Dal Makhani,Main Course,43,31,Friday,0,0,Sunny,12,0
2024-09-13,Chicken Biryani,Main Course,35,28,Friday,0,0,Sunny,12,0
2024-09-13,Mutton Rogan Josh,Main Course,31,18,Friday,0,0,Sunny,12,0
2024-09-13,Paneer Tikka,Starters,45,37,Friday,0,0,Sunny,12,0
2024-09-13,Chicken Tandoori,Starters,36,26,Friday,0,0,Sunny,12,0
2024-09-13,Veg Spring Rolls,Starters,43,39,Friday,0,0,Sunny,12,0
2024-09-13,Fish Amritsari,Starters,41,32,Friday,0,0,Sunny,12,0
2024-09-13,Butter Naan,Breads,67,61,Friday,0,0,Sunny,12,0
2024-09-13,Garlic Naan,Breads,57,44,Friday,0,0,Sunny,12,0
2024-09-13,Tandoori Roti,Breads,63,57,Friday,0,0,Sunny,12,0
2024-09-13,Gulab Jamun,Desserts,29,25,Friday,0,0,Sunny,12,0
2024-09-13,Ras Malai,Desserts,33,30,Friday,0,0,Sunny,12,0
2024-09-13,Kheer,Desserts,28,24,Friday,0,0,Sunny,12,0
2024-09-13,Kulfi,Desserts,24,18,Friday,0,0,Sunny,12,0
2024-09-14,Paneer Butter Masala,Main Course,54,52,Saturday,1,0,Cloudy,16,0
2024-09-14,Dal Makhani,Main Course,51,43,Saturday,1,0,Cloudy,16,0
2024-09-14,Chicken Biryani,Main Course,52,49,Saturday,1,0,Cloudy,16,0
2024-09-14,Mutton Rogan Josh,Main Course,49,30,Saturday,1,0,Cloudy,16,0
2024-09-14,Paneer Tikka,Starters,61,48,Saturday,1,0,Cloudy,16,0
2024-09-14,Chicken Tandoori,Starters,61,47,Saturday,1,0,Cloudy,16,0
2024-09-14,Veg Spring Rolls,Starters,62,42,Saturday,1,0,Cloudy,16,0
2024-09-14,Fish Amritsari,Starters,56,37,Saturday,1,0,Cloudy,16,0
2024-09-14,Butter Naan,Breads,96,77,Saturday,1,0,Cloudy,16,0
2024-09-14,Garlic Naan,Breads,78,51,Saturday,1,0,Cloudy,16,0
2024-09-14,Tandoori Roti,Breads,81,60,Saturday,1,0,Cloudy,16,0
2024-09-14,Gulab Jamun,Desserts,44,29,Saturday,1,0,Cloudy,16,0
2024-09-14,Ras Malai,Desserts,39,26,Saturday,1,0,Cloudy,16,0
2024-09-14,Kheer,Desserts,37,33,Saturday,1,0,Cloudy,16,0
2024-09-14,Kulfi,Desserts,36,21,Saturday,1,0,Cloudy,16,0
2024-09-15,Paneer Butter Masala,Main Course,41,36,Sunday,1,0,Stormy,13,0
2024-09-15,Dal Makhani,Main Course,51,46,Sunday,1,0,Stormy,13,0
2024-09-15,Chicken Biryani,Main Course,39,36,Sunday,1,0,Stormy,13,0
2024-09-15,Mutton Rogan Josh,Main Course,37,22,Sunday,1,0,Stormy,13,0
2024-09-15,Paneer Tikka,Starters,57,52,Sunday,1,0,Stormy,13,0
2024-09-15,Chicken Tandoori,Starters,46,35,Sunday,1,0,Stormy,13,0
2024-09-15,Veg Spring Rolls,Starters,52,45,Sunday,1,0,Stormy,13,0
2024-09-15,Fish Amritsari,Starters,56,39,Sunday,1,0,Stormy,13,0
2024-09-15,Butter Naan,Breads,75,63,Sunday,1,0,Stormy,13,0
2024-09-15,Garlic Naan,Breads,67,45,Sunday,1,0,Stormy,13,0
2024-09-15,Tandoori Roti,Breads,71,54,Sunday,1,0,Stormy,13,0
2024-09-15,Gulab Jamun,Desserts,41,27,Sunday,1,0,Stormy,13,0
2024-09-15,Ras Malai,Desserts,34,23,Sunday,1,0,Stormy,13,0
2024-09-15,Kheer,Desserts,27,24,Sunday,1,0,Stormy,13,0
2024-09-15,Kulfi,Desserts,27,18,Sunday,1,0,Stormy,13,0
2024-09-16,Paneer Butter Masala,Main Course,29,25,Monday,0,0,Rainy,11,0
2024-09-16,Dal Makhani,Main Course,33,29,Monday,0,0,Rainy,11,0
2024-09-16,Chicken Biryani,Main Course,30,26,Monday,0,0,Rainy,11,0
2024-09-16,Mutton Rogan Josh,Main Course,28,14,Monday,0,0,Rainy,11,0
2024-09-16,Paneer Tikka,Starters,40,27,Monday,0,0,Rainy,11,0
2024-09-16,Chicken Tandoori,Starters,33,25,Monday,0,0,Rainy,11,0
2024-09-16,Veg Spring Rolls,Starters,40,27,Monday,0,0,Rainy,11,0
2024-09-16,Fish Amritsari,Starters,43,21,Monday,0,0,Rainy,11,0
2024-09-16,Butter Naan,Breads,51,48,Monday,0,0,Rainy,11,0
2024-09-16,Garlic Naan,Breads,55,38,Monday,0,0,Rainy,11,0
2024-09-16,Tandoori Roti,Breads,63,55,Monday,0,0,Rainy,11,0
2024-09-16,Gulab Jamun,Desserts,27,21,Monday,0,0,Rainy,11,0
2024-09-16,Ras Malai,Desserts,30,21,Monday,0,0,Rainy,11,0
2024-09-16,Kheer,Desserts,23,17,Monday,0,0,Rainy,11,0
2024-09-16,Kulfi,Desserts,25,13,Monday,0,0,Rainy,11,0
2024-09-17,Paneer Butter Masala,Main Course,35,29,Tuesday,0,0,Rainy,11,0
2024-09-17,Dal Makhani,Main Course,33,22,Tuesday,0,0,Rainy,11,0
2024-09-17,Chicken Biryani,Main Course,29,28,Tuesday,0,0,Rainy,11,0
2024-09-17,Mutton Rogan Josh,Main Course,26,13,Tuesday,0,0,Rainy,11,0
2024-09-17,Paneer Tikka,Starters,43,30,Tuesday,0,0,Rainy,11,0
2024-09-17,Chicken Tandoori,Starters,34,25,Tuesday,0,0,Rainy,11,0
2024-09-17,Veg Spring Rolls,Starters,37,13,Tuesday,0,0,Rainy,11,0
2024-09-17,Fish Amritsari,Starters,37,28,Tuesday,0,0,Rainy,11,0
2024-09-17,Butter Naan,Breads,57,50,Tuesday,0,0,Rainy,11,0
2024-09-17,Garlic Naan,Breads,61,48,Tuesday,0,0,Rainy,11,0
2024-09-17,Tandoori Roti,Breads,63,42,Tuesday,0,0,Rainy,11,0
2024-09-17,Gulab Jamun,Desserts,26,18,Tuesday,0,0,Rainy,11,0
2024-09-17,Ras Malai,Desserts,26,18,Tuesday,0,0,Rainy,11,0
2024-09-17,Kheer,Desserts,21,14,Tuesday,0,0,Rainy,11,0
2024-09-17,Kulfi,Desserts,22,13,Tuesday,0,0,Rainy,11,0
2024-09-18,Paneer Butter Masala,Main Course,32,28,Wednesday,0,0,Rainy,9,0
2024-09-18,Dal Makhani,Main Course,36,32,Wednesday,0,0,Rainy,9,0
2024-09-18,Chicken Biryani,Main Course,35,29,Wednesday,0,0,Rainy,9,0
2024-09-18,Mutton Rogan Josh,Main Course,33,22,Wednesday,0,0,Rainy,9,0
2024-09-18,Paneer Tikka,Starters,66,26,Wednesday,0,0,Rainy,9,0
2024-09-18,Chicken Tandoori,Starters,38,25,Wednesday,0,0,Rainy,9,0
2024-09-18,Veg Spring Rolls,Starters,44,30,Wednesday,0,0,Rainy,9,0
2024-09-18,Fish Amritsari,Starters,42,26,Wednesday,0,0,Rainy,9,0
2024-09-18,Butter Naan,Breads,53,16,Wednesday,0,0,Rainy,9,0
2024-09-18,Garlic Naan,Breads,57,43,Wednesday,0,0,Rainy,9,0
2024-09-18,Tandoori Roti,Breads,51,44,Wednesday,0,0,Rainy,9,0
2024-09-18,Gulab Jamun,Desserts,32,22,Wednesday,0,0,Rainy,9,0
2024-09-18,Ras Malai,Desserts,28,21,Wednesday,0,0,Rainy,9,0
2024-09-18,Kheer,Desserts,20,17,Wednesday,0,0,Rainy,9,0
2024-09-18,Kulfi,Desserts,23,11,Wednesday,0,0,Rainy,9,0
2024-09-19,Paneer Butter Masala,Main Course,31,27,Thursday,0,0,Cloudy,11,0
2024-09-19,Dal Makhani,Main Course,34,23,Thursday,0,0,Cloudy,11,0
2024-09-19,Chicken Biryani,Main Course,36,34,Thursday,0,0,Cloudy,11,0
2024-09-19,Mutton Rogan Josh,Main Course,36,19,Thursday,0,0,Cloudy,11,0
2024-09-19,Paneer Tikka,Starters,49,34,Thursday,0,0,Cloudy,11,0
2024-09-19,Chicken Tandoori,Starters,37,28,Thursday,0,0,Cloudy,11,0
2024-09-19,Veg Spring Rolls,Starters,49,35,Thursday,0,0,Cloudy,11,0
2024-09-19,Fish Amritsari,Starters,46,27,Thursday,0,0,Cloudy,11,0
2024-09-19,Butter Naan,Breads,59,20,Thursday,0,0,Cloudy,11,0
2024-09-19,Garlic Naan,Breads,67,47,Thursday,0,0,Cloudy,11,0
2024-09-19,Tandoori Roti,Breads,63,50,Thursday,0,0,Cloudy,11,0
2024-09-19,Gulab Jamun,Desserts,32,22,Thursday,0,0,Cloudy,11,0
2024-09-19,Ras Malai,Desserts,30,20,Thursday,0,0,Cloudy,11,0
2024-09-19,Kheer,Desserts,25,22,Thursday,0,0,Cloudy,11,0
2024-09-19,Kulfi,Desserts,27,18,Thursday,0,0,Cloudy,11,0
2024-09-20,Paneer Butter Masala,Main Course,57,33,Friday,0,0,Rainy,10,0
2024-09-20,Dal Makhani,Main Course,38,29,Friday,0,0,Rainy,10,0
2024-09-20,Chicken Biryani,Main Course,31,27,Friday,0,0,Rainy,10,0
2024-09-20,Mutton Rogan Josh,Main Course,27,14,Friday,0,0,Rainy,10,0
2024-09-20,Paneer Tikka,Starters,44,33,Friday,0,0,Rainy,10,0
2024-09-20,Chicken Tandoori,Starters,38,30,Friday,0,0,Rainy,10,0
2024-09-20,Veg Spring Rolls,Starters,42,33,Friday,0,0,Rainy,10,0
2024-09-20,Fish Amritsari,Starters,43,30,Friday,0,0,Rainy,10,0
2024-09-20,Butter Naan,Breads,55,47,Friday,0,0,Rainy,10,0
2024-09-20,Garlic Naan,Breads,54,49,Friday,0,0,Rainy,10,0
2024-09-20,Tandoori Roti,Breads,59,50,Friday,0,0,Rainy,10,0
2024-09-20,Gulab Jamun,Desserts,29,21,Friday,0,0,Rainy,10,0
2024-09-20,Ras Malai,Desserts,25,22,Friday,0,0,Rainy,10,0
2024-09-20,Kheer,Desserts,24,22,Friday,0,0,Rainy,10,0
2024-09-20,Kulfi,Desserts,21,13,Friday,0,0,Rainy,10,0
2024-09-21,Paneer Butter Masala,Main Course,47,42,Saturday,1,0,Sunny,12,0
2024-09-21,Dal Makhani,Main Course,51,46,Saturday,1,0,Sunny,12,0
2024-09-21,Chicken Biryani,Main Course,51,48,Saturday,1,0,Sunny,12,0
2024-09-21,Mutton Rogan Josh,Main Course,44,28,Saturday,1,0,Sunny,12,0
2024-09-21,Paneer Tikka,Starters,65,42,Saturday,1,0,Sunny,12,0
2024-09-21,Chicken Tandoori,Starters,58,48,Saturday,1,0,Sunny,12,0
2024-09-21,Veg Spring Rolls,Starters,69,50,Saturday,1,0,Sunny,12,0
2024-09-21,Fish Amritsari,Starters,61,37,Saturday,1,0,Sunny,12,0
2024-09-21,Butter Naan,Breads,86,73,Saturday,1,0,Sunny,12,0
2024-09-21,Garlic Naan,Breads,82,55,Saturday,1,0,Sunny,12,0
2024-09-21,Tandoori Roti,Breads,84,58,Saturday,1,0,Sunny,12,0
2024-09-21,Gulab Jamun,Desserts,46,35,Saturday,1,0,Sunny,12,0
2024-09-21,Ras Malai,Desserts,37,28,Saturday,1,0,Sunny,12,0
2024-09-21,Kheer,Desserts,37,31,Saturday,1,0,Sunny,12,0
2024-09-21,Kulfi,Desserts,34,17,Saturday,1,0,Sunny,12,0
2024-09-22,Paneer Butter Masala,Main Course,59,48,Sunday,1,0,Cloudy,13,1
2024-09-22,Dal Makhani,Main Course,60,45,Sunday,1,0,Cloudy,13,1
2024-09-22,Chicken Biryani,Main Course,55,47,Sunday,1,0,Cloudy,13,1
2024-09-22,Mutton Rogan Josh,Main Course,58,40,Sunday,1,0,Cloudy,13,1
2024-09-22,Paneer Tikka,Starters,68,52,Sunday,1,0,Cloudy,13,1
2024-09-22,Chicken Tandoori,Starters,60,45,Sunday,1,0,Cloudy,13,1
2024-09-22,Veg Spring Rolls,Starters,83,59,Sunday,1,0,Cloudy,13,1
2024-09-22,Fish Amritsari,Starters,122,46,Sunday,1,0,Cloudy,13,1
2024-09-22,Butter Naan,Breads,96,83,Sunday,1,0,Cloudy,13,1
2024-09-22,Garlic Naan,Breads,104,86,Sunday,1,0,Cloudy,13,1
2024-09-22,Tandoori Roti,Breads,119,89,Sunday,1,0,Cloudy,13,1
2024-09-22,Gulab Jamun,Desserts,58,41,Sunday,1,0,Cloudy,13,1
2024-09-22,Ras Malai,Desserts,56,47,Sunday,1,0,Cloudy,13,1
2024-09-22,Kheer,Desserts,45,37,Sunday,1,0,Cloudy,13,1
2024-09-22,Kulfi,Desserts,37,20,Sunday,1,0,Cloudy,13,1
2024-09-23,Paneer Butter Masala,Main Course,32,27,Monday,0,0,Rainy,10,0
2024-09-23,Dal Makhani,Main Course,34,29,Monday,0,0,Rainy,10,0
2024-09-23,Chicken Biryani,Main Course,30,24,Monday,0,0,Rainy,10,0
2024-09-23,Mutton Rogan Josh,Main Course,32,20,Monday,0,0,Rainy,10,0
2024-09-23,Paneer Tikka,Starters,47,41,Monday,0,0,Rainy,10,0
2024-09-23,Chicken Tandoori,Starters,38,24,Monday,0,0,Rainy,10,0
2024-09-23,Veg Spring Rolls,Starters,46,40,Monday,0,0,Rainy,10,0
2024-09-23,Fish Amritsari,Starters,35,17,Monday,0,0,Rainy,10,0
2024-09-23,Butter Naan,Breads,57,54,Monday,0,0,Rainy,10,0
2024-09-23,Garlic Naan,Breads,56,51,Monday,0,0,Rainy,10,0
2024-09-23,Tandoori Roti,Breads,64,49,Monday,0,0,Rainy,10,0
2024-09-23,Gulab Jamun,Desserts,58,28,Monday,0,0,Rainy,10,0
2024-09-23,Ras Malai,Desserts,29,22,Monday,0,0,Rainy,10,0
2024-09-23,Kheer,Desserts,25,20,Monday,0,0,Rainy,10,0
2024-09-23,Kulfi,Desserts,22,11,Monday,0,0,Rainy,10,0
2024-09-24,Paneer Butter Masala,Main Course,31,29,Tuesday,0,0,Rainy,12,0
2024-09-24,Dal Makhani,Main Course,37,33,Tuesday,0,0,Rainy,12,0
2024-09-24,Chicken Biryani,Main Course,33,28,Tuesday,0,0,Rainy,12,0
2024-09-24,Mutton Rogan Josh,Main Course,32,23,Tuesday,0,0,Rainy,12,0
2024-09-24,Paneer Tikka,Starters,38,33,Tuesday,0,0,Rainy,12,0
2024-09-24,Chicken Tandoori,Starters,34,31,Tuesday,0,0,Rainy,12,0
2024-09-24,Veg Spring Rolls,Starters,43,37,Tuesday,0,0,Rainy,12,0
2024-09-24,Fish Amritsari,Starters,36,25,Tuesday,0,0,Rainy,12,0
2024-09-24,Butter Naan,Breads,64,60,Tuesday,0,0,Rainy,12,0
2024-09-24,Garlic Naan,Breads,53,47,Tuesday,0,0,Rainy,12,0
2024-09-24,Tandoori Roti,Breads,52,46,Tuesday,0,0,Rainy,12,0
2024-09-24,Gulab Jamun,Desserts,27,18,Tuesday,0,0,Rainy,12,0
2024-09-24,Ras Malai,Desserts,26,17,Tuesday,0,0,Rainy,12,0
2024-09-24,Kheer,Desserts,25,18,Tuesday,0,0,Rainy,12,0
2024-09-24,Kulfi,Desserts,23,16,Tuesday,0,0,Rainy,12,0
2024-09-25,Paneer Butter Masala,Main Course,34,29,Wednesday,0,0,Rainy,11,0
2024-09-25,Dal Makhani,Main Course,38,24,Wednesday,0,0,Rainy,11,0
2024-09-25,Chicken Biryani,Main Course,33,27,Wednesday,0,0,Rainy,11,0
2024-09-25,Mutton Rogan Josh,Main Course,32,24,Wednesday,0,0,Rainy,11,0
2024-09-25,Paneer Tikka,Starters,44,37,Wednesday,0,0,Rainy,11,0
2024-09-25,Chicken Tandoori,Starters,40,26,Wednesday,0,0,Rainy,11,0
2024-09-25,Veg Spring Rolls,Starters,46,37,Wednesday,0,0,Rainy,11,0
2024-09-25,Fish Amritsari,Starters,45,26,Wednesday,0,0,Rainy,11,0
2024-09-25,Butter Naan,Breads,50,44,Wednesday,0,0,Rainy,11,0
2024-09-25,Garlic Naan,Breads,60,47,Wednesday,0,0,Rainy,11,0
2024-09-25,Tandoori Roti,Breads,60,50,Wednesday,0,0,Rainy,11,0
2024-09-25,Gulab Jamun,Desserts,30,27,Wednesday,0,0,Rainy,11,0
2024-09-25,Ras Malai,Desserts,29,20,Wednesday,0,0,Rainy,11,0
2024-09-25,Kheer,Desserts,22,17,Wednesday,0,0,Rainy,11,0
2024-09-25,Kulfi,Desserts,22,13,Wednesday,0,0,Rainy,11,0
2024-09-26,Paneer Butter Masala,Main Course,34,27,Thursday,0,0,Rainy,11,0
2024-09-26,Dal Makhani,Main Course,33,29,Thursday,0,0,Rainy,11,0
2024-09-26,Chicken Biryani,Main Course,32,29,Thursday,0,0,Rainy,11,0
2024-09-26,Mutton Rogan Josh,Main Course,30,18,Thursday,0,0,Rainy,11,0
2024-09-26,Paneer Tikka,Starters,46,37,Thursday,0,0,Rainy,11,0
2024-09-26,Chicken Tandoori,Starters,34,28,Thursday,0,0,Rainy,11,0
2024-09-26,Veg Spring Rolls,Starters,78,36,Thursday,0,0,Rainy,11,0
2024-09-26,Fish Amritsari,Starters,37,26,Thursday,0,0,Rainy,11,0
2024-09-26,Butter Naan,Breads,56,45,Thursday,0,0,Rainy,11,0
2024-09-26,Garlic Naan,Breads,55,52,Thursday,0,0,Rainy,11,0
2024-09-26,Tandoori Roti,Breads,60,48,Thursday,0,0,Rainy,11,0
2024-09-26,Gulab Jamun,Desserts,32,27,Thursday,0,0,Rainy,11,0
2024-09-26,Ras Malai,Desserts,27,24,Thursday,0,0,Rainy,11,0
2024-09-26,Kheer,Desserts,24,16,Thursday,0,0,Rainy,11,0
2024-09-26,Kulfi,Desserts,22,11,Thursday,0,0,Rainy,11,0
2024-09-27,Paneer Butter Masala,Main Course,29,24,Friday,0,0,Rainy,10,0
2024-09-27,Dal Makhani,Main Course,39,31,Friday,0,0,Rainy,10,0
2024-09-27,Chicken Biryani,Main Course,31,26,Friday,0,0,Rainy,10,0
2024-09-27,Mutton Rogan Josh,Main Course,31,24,Friday,0,0,Rainy,10,0
2024-09-27,Paneer Tikka,Starters,37,24,Friday,0,0,Rainy,10,0
2024-09-27,Chicken Tandoori,Starters,39,35,Friday,0,0,Rainy,10,0
2024-09-27,Veg Spring Rolls,Starters,45,34,Friday,0,0,Rainy,10,0
2024-09-27,Fish Amritsari,Starters,36,19,Friday,0,0,Rainy,10,0
2024-09-27,Butter Naan,Breads,54,51,Friday,0,0,Rainy,10,0
2024-09-27,Garlic Naan,Breads,58,42,Friday,0,0,Rainy,10,0
2024-09-27,Tandoori Roti,Breads,60,47,Friday,0,0,Rainy,10,0
2024-09-27,Gulab Jamun,Desserts,31,28,Friday,0,0,Rainy,10,0
2024-09-27,Ras Malai,Desserts,31,20,Friday,0,0,Rainy,10,0
2024-09-27,Kheer,Desserts,22,18,Friday,0,0,Rainy,10,0
2024-09-27,Kulfi,Desserts,24,15,Friday,0,0,Rainy,10,0
2024-09-28,Paneer Butter Masala,Main Course,54,51,Saturday,1,0,Cloudy,10,0
2024-09-28,Dal Makhani,Main Course,61,57,Saturday,1,0,Cloudy,10,0
2024-09-28,Chicken Biryani,Main Course,51,47,Saturday,1,0,Cloudy,10,0
2024-09-28,Mutton Rogan Josh,Main Course,46,26,Saturday,1,0,Cloudy,10,0
2024-09-28,Paneer Tikka,Starters,57,48,Saturday,1,0,Cloudy,10,0
2024-09-28,Chicken Tandoori,Starters,63,53,Saturday,1,0,Cloudy,10,0
2024-09-28,Veg Spring Rolls,Starters,66,50,Saturday,1,0,Cloudy,10,0
2024-09-28,Fish Amritsari,Starters,55,35,Saturday,1,0,Cloudy,10,0
2024-09-28,Butter Naan,Breads,85,78,Saturday,1,0,Cloudy,10,0
2024-09-28,Garlic Naan,Breads,85,65,Saturday,1,0,Cloudy,10,0
2024-09-28,Tandoori Roti,Breads,94,84,Saturday,1,0,Cloudy,10,0
2024-09-28,Gulab Jamun,Desserts,40,36,Saturday,1,0,Cloudy,10,0
2024-09-28,Ras Malai,Desserts,40,29,Saturday,1,0,Cloudy,10,0
2024-09-28,Kheer,Desserts,34,26,Saturday,1,0,Cloudy,10,0
2024-09-28,Kulfi,Desserts,38,22,Saturday,1,0,Cloudy,10,0
2024-09-29,Paneer Butter Masala,Main Course,53,45,Sunday,1,0,Cloudy,15,0
2024-09-29,Dal Makhani,Main Course,55,36,Sunday,1,0,Cloudy,15,0
2024-09-29,Chicken Biryani,Main Course,52,49,Sunday,1,0,Cloudy,15,0
2024-09-29,Mutton Rogan Josh,Main Course,42,26,Sunday,1,0,Cloudy,15,0
2024-09-29,Paneer Tikka,Starters,70,54,Sunday,1,0,Cloudy,15,0
2024-09-29,Chicken Tandoori,Starters,57,47,Sunday,1,0,Cloudy,15,0
2024-09-29,Veg Spring Rolls,Starters,65,60,Sunday,1,0,Cloudy,15,0
2024-09-29,Fish Amritsari,Starters,54,34,Sunday,1,0,Cloudy,15,0
2024-09-29,Butter Naan,Breads,89,76,Sunday,1,0,Cloudy,15,0
2024-09-29,Garlic Naan,Breads,89,80,Sunday,1,0,Cloudy,15,0
2024-09-29,Tandoori Roti,Breads,79,53,Sunday,1,0,Cloudy,15,0
2024-09-29,Gulab Jamun,Desserts,45,32,Sunday,1,0,Cloudy,15,0
2024-09-29,Ras Malai,Desserts,39,34,Sunday,1,0,Cloudy,15,0
2024-09-29,Kheer,Desserts,31,27,Sunday,1,0,Cloudy,15,0
2024-09-29,Kulfi,Desserts,36,22,Sunday,1,0,Cloudy,15,0
2024-09-30,Paneer Butter Masala,Main Course,34,30,Monday,0,0,Cloudy,10,0
2024-09-30,Dal Makhani,Main Course,34,29,Monday,0,0,Cloudy,10,0
2024-09-30,Chicken Biryani,Main Course,34,32,Monday,0,0,Cloudy,10,0
2024-09-30,Mutton Rogan Josh,Main Course,31,24,Monday,0,0,Cloudy,10,0
2024-09-30,Paneer Tikka,Starters,48,32,Monday,0,0,Cloudy,10,0
2024-09-30,Chicken Tandoori,Starters,43,28,Monday,0,0,Cloudy,10,0
2024-09-30,Veg Spring Rolls,Starters,46,39,Monday,0,0,Cloudy,10,0
2024-09-30,Fish Amritsari,Starters,43,28,Monday,0,0,Cloudy,10,0
2024-09-30,Butter Naan,Breads,68,59,Monday,0,0,Cloudy,10,0
2024-09-30,Garlic Naan,Breads,66,57,Monday,0,0,Cloudy,10,0
2024-09-30,Tandoori Roti,Breads,59,55,Monday,0,0,Cloudy,10,0
2024-09-30,Gulab Jamun,Desserts,33,30,Monday,0,0,Cloudy,10,0
2024-09-30,Ras Malai,Desserts,33,30,Monday,0,0,Cloudy,10,0
2024-09-30,Kheer,Desserts,26,23,Monday,0,0,Cloudy,10,0
2024-09-30,Kulfi,Desserts,21,16,Monday,0,0,Cloudy,10,0
2024-10-01,Paneer Butter Masala,Main Course,47,40,Tuesday,0,0,Cloudy,12,0
2024-10-01,Dal Makhani,Main Course,47,42,Tuesday,0,0,Cloudy,12,0
2024-10-01,Chicken Biryani,Main Course,39,38,Tuesday,0,0,Cloudy,12,0
2024-10-01,Mutton Rogan Josh,Main Course,45,22,Tuesday,0,0,Cloudy,12,0
2024-10-01,Paneer Tikka,Starters,61,48,Tuesday,0,0,Cloudy,12,0
2024-10-01,Chicken Tandoori,Starters,47,36,Tuesday,0,0,Cloudy,12,0
2024-10-01,Veg Spring Rolls,Starters,58,38,Tuesday,0,0,Cloudy,12,0
2024-10-01,Fish Amritsari,Starters,61,42,Tuesday,0,0,Cloudy,12,0
2024-10-01,Butter Naan,Breads,80,76,Tuesday,0,0,Cloudy,12,0
2024-10-01,Garlic Naan,Breads,86,76,Tuesday,0,0,Cloudy,12,0
2024-10-01,Tandoori Roti,Breads,73,58,Tuesday,0,0,Cloudy,12,0
2024-10-01,Gulab Jamun,Desserts,43,37,Tuesday,0,0,Cloudy,12,0
2024-10-01,Ras Malai,Desserts,35,30,Tuesday,0,0,Cloudy,12,0
2024-10-01,Kheer,Desserts,29,26,Tuesday,0,0,Cloudy,12,0
2024-10-01,Kulfi,Desserts,31,18,Tuesday,0,0,Cloudy,12,0
2024-10-02,Paneer Butter Masala,Main Course,78,75,Wednesday,0,1,Sunny,13,1
2024-10-02,Dal Makhani,Main Course,74,48,Wednesday,0,1,Sunny,13,1
2024-10-02,Chicken Biryani,Main Course,53,48,Wednesday,0,1,Sunny,13,1
2024-10-02,Mutton Rogan Josh,Main Course,65,43,Wednesday,0,1,Sunny,13,1
2024-10-02,Paneer Tikka,Starters,92,81,Wednesday,0,1,Sunny,13,1
2024-10-02,Chicken Tandoori,Starters,71,60,Wednesday,0,1,Sunny,13,1
2024-10-02,Veg Spring Rolls,Starters,68,52,Wednesday,0,1,Sunny,13,1
2024-10-02,Fish Amritsari,Starters,92,48,Wednesday,0,1,Sunny,13,1
2024-10-02,Butter Naan,Breads,124,107,Wednesday,0,1,Sunny,13,1
2024-10-02,Garlic Naan,Breads,112,74,Wednesday,0,1,Sunny,13,1
2024-10-02,Tandoori Roti,Breads,127,102,Wednesday,0,1,Sunny,13,1
2024-10-02,Gulab Jamun,Desserts,87,47,Wednesday,0,1,Sunny,13,1
2024-10-02,Ras Malai,Desserts,55,47,Wednesday,0,1,Sunny,13,1
2024-10-02,Kheer,Desserts,54,49,Wednesday,0,1,Sunny,13,1
2024-10-02,Kulfi,Desserts,40,27,Wednesday,0,1,Sunny,13,1
2024-10-03,Paneer Butter Masala,Main Course,46,39,Thursday,0,0,Sunny,9,0
2024-10-03,Dal Makhani,Main Course,49,36,Thursday,0,0,Sunny,9,0
2024-10-03,Chicken Biryani,Main Course,43,38,Thursday,0,0,Sunny,9,0
2024-10-03,Mutton Rogan Josh,Main Course,45,31,Thursday,0,0,Sunny,9,0
2024-10-03,Paneer Tikka,Starters,62,42,Thursday,0,0,Sunny,9,0
2024-10-03,Chicken Tandoori,Starters,45,35,Thursday,0,0,Sunny,9,0
2024-10-03,Veg Spring Rolls,Starters,63,42,Thursday,0,0,Sunny,9,0
2024-10-03,Fish Amritsari,Starters,54,11,Thursday,0,0,Sunny,9,0
2024-10-03,Butter Naan,Breads,86,78,Thursday,0,0,Sunny,9,0
2024-10-03,Garlic Naan,Breads,71,63,Thursday,0,0,Sunny,9,0
2024-10-03,Tandoori Roti,Breads,77,68,Thursday,0,0,Sunny,9,0
2024-10-03,Gulab Jamun,Desserts,38,32,Thursday,0,0,Sunny,9,0
2024-10-03,Ras Malai,Desserts,41,27,Thursday,0,0,Sunny,9,0
2024-10-03,Kheer,Desserts,33,27,Thursday,0,0,Sunny,9,0
2024-10-03,Kulfi,Desserts,32,18,Thursday,0,0,Sunny,9,0
2024-10-04,Paneer Butter Masala,Main Course,44,41,Friday,0,0,Stormy,10,1
2024-10-04,Dal Makhani,Main Course,53,39,Friday,0,0,Stormy,10,1
2024-10-04,Chicken Biryani,Main Course,49,40,Friday,0,0,Stormy,10,1
2024-10-04,Mutton Rogan Josh,Main Course,38,28,Friday,0,0,Stormy,10,1
2024-10-04,Paneer Tikka,Starters,64,52,Friday,0,0,Stormy,10,1
2024-10-04,Chicken Tandoori,Starters,52,36,Friday,0,0,Stormy,10,1
2024-10-04,Veg Spring Rolls,Starters,60,45,Friday,0,0,Stormy,10,1
2024-10-04,Fish Amritsari,Starters,61,36,Friday,0,0,Stormy,10,1
2024-10-04,Butter Naan,Breads,72,63,Friday,0,0,Stormy,10,1
2024-10-04,Garlic Naan,Breads,68,57,Friday,0,0,Stormy,10,1
2024-10-04,Tandoori Roti,Breads,153,69,Friday,0,0,Stormy,10,1
2024-10-04,Gulab Jamun,Desserts,43,37,Friday,0,0,Stormy,10,1
2024-10-04,Ras Malai,Desserts,42,34,Friday,0,0,Stormy,10,1
2024-10-04,Kheer,Desserts,31,28,Friday,0,0,Stormy,10,1
2024-10-04,Kulfi,Desserts,31,18,Friday,0,0,Stormy,10,1
2024-10-05,Paneer Butter Masala,Main Course,83,75,Saturday,1,0,Cloudy,14,1
2024-10-05,Dal Makhani,Main Course,167,72,Saturday,1,0,Cloudy,14,1
2024-10-05,Chicken Biryani,Main Course,64,58,Saturday,1,0,Cloudy,14,1
2024-10-05,Mutton Rogan Josh,Main Course,67,51,Saturday,1,0,Cloudy,14,1
2024-10-05,Paneer Tikka,Starters,90,62,Saturday,1,0,Cloudy,14,1
2024-10-05,Chicken Tandoori,Starters,95,86,Saturday,1,0,Cloudy,14,1
2024-10-05,Veg Spring Rolls,Starters,91,77,Saturday,1,0,Cloudy,14,1
2024-10-05,Fish Amritsari,Starters,86,44,Saturday,1,0,Cloudy,14,1
2024-10-05,Butter Naan,Breads,117,112,Saturday,1,0,Cloudy,14,1
2024-10-05,Garlic Naan,Breads,135,100,Saturday,1,0,Cloudy,14,1
2024-10-05,Tandoori Roti,Breads,126,115,Saturday,1,0,Cloudy,14,1
2024-10-05,Gulab Jamun,Desserts,63,56,Saturday,1,0,Cloudy,14,1
2024-10-05,Ras Malai,Desserts,59,46,Saturday,1,0,Cloudy,14,1
2024-10-05,Kheer,Desserts,55,44,Saturday,1,0,Cloudy,14,1
2024-10-05,Kulfi,Desserts,57,31,Saturday,1,0,Cloudy,14,1
2024-10-06,Paneer Butter Masala,Main Course,66,62,Sunday,1,0,Cloudy,10,0
2024-10-06,Dal Makhani,Main Course,74,52,Sunday,1,0,Cloudy,10,0
2024-10-06,Chicken Biryani,Main Course,62,56,Sunday,1,0,Cloudy,10,0
2024-10-06,Mutton Rogan Josh,Main Course,63,39,Sunday,1,0,Cloudy,10,0
2024-10-06,Paneer Tikka,Starters,73,56,Sunday,1,0,Cloudy,10,0
2024-10-06,Chicken Tandoori,Starters,78,63,Sunday,1,0,Cloudy,10,0
2024-10-06,Veg Spring Rolls,Starters,89,60,Sunday,1,0,Cloudy,10,0
2024-10-06,Fish Amritsari,Starters,70,45,Sunday,1,0,Cloudy,10,0
2024-10-06,Butter Naan,Breads,109,96,Sunday,1,0,Cloudy,10,0
2024-10-06,Garlic Naan,Breads,106,99,Sunday,1,0,Cloudy,10,0
2024-10-06,Tandoori Roti,Breads,108,89,Sunday,1,0,Cloudy,10,0
2024-10-06,Gulab Jamun,Desserts,50,35,Sunday,1,0,Cloudy,10,0
2024-10-06,Ras Malai,Desserts,55,46,Sunday,1,0,Cloudy,10,0
2024-10-06,Kheer,Desserts,43,36,Sunday,1,0,Cloudy,10,0
2024-10-06,Kulfi,Desserts,47,27,Sunday,1,0,Cloudy,10,0
2024-10-07,Paneer Butter Masala,Main Course,50,45,Monday,0,0,Sunny,9,1
2024-10-07,Dal Makhani,Main Course,54,50,Monday,0,0,Sunny,9,1
2024-10-07,Chicken Biryani,Main Course,57,52,Monday,0,0,Sunny,9,1
2024-10-07,Mutton Rogan Josh,Main Course,50,35,Monday,0,0,Sunny,9,1
2024-10-07,Paneer Tikka,Starters,63,52,Monday,0,0,Sunny,9,1
2024-10-07,Chicken Tandoori,Starters,63,50,Monday,0,0,Sunny,9,1
2024-10-07,Veg Spring Rolls,Starters,77,67,Monday,0,0,Sunny,9,1
2024-10-07,Fish Amritsari,Starters,66,42,Monday,0,0,Sunny,9,1
2024-10-07,Butter Naan,Breads,91,78,Monday,0,0,Sunny,9,1
2024-10-07,Garlic Naan,Breads,86,67,Monday,0,0,Sunny,9,1
2024-10-07,Tandoori Roti,Breads,88,63,Monday,0,0,Sunny,9,1
2024-10-07,Gulab Jamun,Desserts,47,37,Monday,0,0,Sunny,9,1
2024-10-07,Ras Malai,Desserts,41,31,Monday,0,0,Sunny,9,1
2024-10-07,Kheer,Desserts,41,28,Monday,0,0,Sunny,9,1
2024-10-07,Kulfi,Desserts,40,31,Monday,0,0,Sunny,9,1
2024-10-08,Paneer Butter Masala,Main Course,43,38,Tuesday,0,0,Sunny,12,0
2024-10-08,Dal Makhani,Main Course,51,48,Tuesday,0,0,Sunny,12,0
2024-10-08,Chicken Biryani,Main Course,41,35,Tuesday,0,0,Sunny,12,0
2024-10-08,Mutton Rogan Josh,Main Course,61,30,Tuesday,0,0,Sunny,12,0
2024-10-08,Paneer Tikka,Starters,53,43,Tuesday,0,0,Sunny,12,0
2024-10-08,Chicken Tandoori,Starters,52,40,Tuesday,0,0,Sunny,12,0
2024-10-08,Veg Spring Rolls,Starters,60,42,Tuesday,0,0,Sunny,12,0
2024-10-08,Fish Amritsari,Starters,60,43,Tuesday,0,0,Sunny,12,0
2024-10-08,Butter Naan,Breads,78,71,Tuesday,0,0,Sunny,12,0
2024-10-08,Garlic Naan,Breads,79,55,Tuesday,0,0,Sunny,12,0
2024-10-08,Tandoori Roti,Breads,84,67,Tuesday,0,0,Sunny,12,0
2024-10-08,Gulab Jamun,Desserts,38,34,Tuesday,0,0,Sunny,12,0
2024-10-08,Ras Malai,Desserts,42,28,Tuesday,0,0,Sunny,12,0
2024-10-08,Kheer,Desserts,29,24,Tuesday,0,0,Sunny,12,0
2024-10-08,Kulfi,Desserts,28,9,Tuesday,0,0,Sunny,12,0
2024-10-09,Paneer Butter Masala,Main Course,48,42,Wednesday,0,0,Cloudy,11,0
2024-10-09,Dal Makhani,Main Course,51,45,Wednesday,0,0,Cloudy,11,0
2024-10-09,Chicken Biryani,Main Course,38,33,Wednesday,0,0,Cloudy,11,0
2024-10-09,Mutton Rogan Josh,Main Course,39,28,Wednesday,0,0,Cloudy,11,0
2024-10-09,Paneer Tikka,Starters,58,45,Wednesday,0,0,Cloudy,11,0
2024-10-09,Chicken Tandoori,Starters,54,44,Wednesday,0,0,Cloudy,11,0
2024-10-09,Veg Spring Rolls,Starters,53,36,Wednesday,0,0,Cloudy,11,0
2024-10-09,Fish Amritsari,Starters,56,29,Wednesday,0,0,Cloudy,11,0
2024-10-09,Butter Naan,Breads,85,79,Wednesday,0,0,Cloudy,11,0
2024-10-09,Garlic Naan,Breads,69,62,Wednesday,0,0,Cloudy,11,0
2024-10-09,Tandoori Roti,Breads,86,71,Wednesday,0,0,Cloudy,11,0
2024-10-09,Gulab Jamun,Desserts,35,30,Wednesday,0,0,Cloudy,11,0
2024-10-09,Ras Malai,Desserts,39,26,Wednesday,0,0,Cloudy,11,0
2024-10-09,Kheer,Desserts,35,25,Wednesday,0,0,Cloudy,11,0
2024-10-09,Kulfi,Desserts,29,14,Wednesday,0,0,Cloudy,11,0
2024-10-10,Paneer Butter Masala,Main Course,37,32,Thursday,0,0,Rainy,8,0
2024-10-10,Dal Makhani,Main Course,45,31,Thursday,0,0,Rainy,8,0
2024-10-10,Chicken Biryani,Main Course,44,37,Thursday,0,0,Rainy,8,0
2024-10-10,Mutton Rogan Josh,Main Course,36,18,Thursday,0,0,Rainy,8,0
2024-10-10,Paneer Tikka,Starters,49,33,Thursday,0,0,Rainy,8,0
2024-10-10,Chicken Tandoori,Starters,43,30,Thursday,0,0,Rainy,8,0
2024-10-10,Veg Spring Rolls,Starters,47,43,Thursday,0,0,Rainy,8,0
2024-10-10,Fish Amritsari,Starters,55,41,Thursday,0,0,Rainy,8,0
2024-10-10,Butter Naan,Breads,78,66,Thursday,0,0,Rainy,8,0
2024-10-10,Garlic Naan,Breads,73,49,Thursday,0,0,Rainy,8,0
2024-10-10,Tandoori Roti,Breads,69,65,Thursday,0,0,Rainy,8,0
2024-10-10,Gulab Jamun,Desserts,33,25,Thursday,0,0,Rainy,8,0
2024-10-10,Ras Malai,Desserts,37,25,Thursday,0,0,Rainy,8,0
2024-10-10,Kheer,Desserts,26,21,Thursday,0,0,Rainy,8,0
2024-10-10,Kulfi,Desserts,28,22,Thursday,0,0,Rainy,8,0
2024-10-11,Paneer Butter Masala,Main Course,39,33,Friday,0,0,Sunny,11,0
2024-10-11,Dal Makhani,Main Course,47,42,Friday,0,0,Sunny,11,0
2024-10-11,Chicken Biryani,Main Course,45,36,Friday,0,0,Sunny,11,0
2024-10-11,Mutton Rogan Josh,Main Course,40,25,Friday,0,0,Sunny,11,0
2024-10-11,Paneer Tikka,Starters,55,50,Friday,0,0,Sunny,11,0
2024-10-11,Chicken Tandoori,Starters,47,43,Friday,0,0,Sunny,11,0
2024-10-11,Veg Spring Rolls,Starters,51,40,Friday,0,0,Sunny,11,0
2024-10-11,Fish Amritsari,Starters,49,31,Friday,0,0,Sunny,11,0
2024-10-11,Butter Naan,Breads,71,65,Friday,0,0,Sunny,11,0
2024-10-11,Garlic Naan,Breads,85,58,Friday,0,0,Sunny,11,0
2024-10-11,Tandoori Roti,Breads,78,51,Friday,0,0,Sunny,11,0
2024-10-11,Gulab Jamun,Desserts,38,34,Friday,0,0,Sunny,11,0
2024-10-11,Ras Malai,Desserts,38,27,Friday,0,0,Sunny,11,0
2024-10-11,Kheer,Desserts,30,25,Friday,0,0,Sunny,11,0
2024-10-11,Kulfi,Desserts,28,15,Friday,0,0,Sunny,11,0
2024-10-12,Paneer Butter Masala,Main Course,87,72,Saturday,1,1,Sunny,12,1
2024-10-12,Dal Makhani,Main Course,85,80,Saturday,1,1,Sunny,12,1
2024-10-12,Chicken Biryani,Main Course,89,85,Saturday,1,1,Sunny,12,1
2024-10-12,Mutton Rogan Josh,Main Course,93,68,Saturday,1,1,Sunny,12,1
2024-10-12,Paneer Tikka,Starters,140,123,Saturday,1,1,Sunny,12,1
2024-10-12,Chicken Tandoori,Starters,90,61,Saturday,1,1,Sunny,12,1
2024-10-12,Veg Spring Rolls,Starters,123,83,Saturday,1,1,Sunny,12,1
2024-10-12,Fish Amritsari,Starters,108,76,Saturday,1,1,Sunny,12,1
2024-10-12,Butter Naan,Breads,155,140,Saturday,1,1,Sunny,12,1
2024-10-12,Garlic Naan,Breads,260,105,Saturday,1,1,Sunny,12,1
2024-10-12,Tandoori Roti,Breads,179,155,Saturday,1,1,Sunny,12,1
2024-10-12,Gulab Jamun,Desserts,80,66,Saturday,1,1,Sunny,12,1
2024-10-12,Ras Malai,Desserts,74,54,Saturday,1,1,Sunny,12,1
2024-10-12,Kheer,Desserts,65,58,Saturday,1,1,Sunny,12,1
2024-10-12,Kulfi,Desserts,73,51,Saturday,1,1,Sunny,12,1
2024-10-13,Paneer Butter Masala,Main Course,71,68,Sunday,1,0,Sunny,14,1
2024-10-13,Dal Makhani,Main Course,84,59,Sunday,1,0,Sunny,14,1
2024-10-13,Chicken Biryani,Main Course,68,58,Sunday,1,0,Sunny,14,1
2024-10-13,Mutton Rogan Josh,Main Course,65,33,Sunday,1,0,Sunny,14,1
2024-10-13,Paneer Tikka,Starters,102,76,Sunday,1,0,Sunny,14,1
2024-10-13,Chicken Tandoori,Starters,85,72,Sunday,1,0,Sunny,14,1
2024-10-13,Veg Spring Rolls,Starters,106,76,Sunday,1,0,Sunny,14,1
2024-10-13,Fish Amritsari,Starters,83,47,Sunday,1,0,Sunny,14,1
2024-10-13,Butter Naan,Breads,120,109,Sunday,1,0,Sunny,14,1
2024-10-13,Garlic Naan,Breads,132,123,Sunday,1,0,Sunny,14,1
2024-10-13,Tandoori Roti,Breads,129,94,Sunday,1,0,Sunny,14,1
2024-10-13,Gulab Jamun,Desserts,66,59,Sunday,1,0,Sunny,14,1
2024-10-13,Ras Malai,Desserts,56,38,Sunday,1,0,Sunny,14,1
2024-10-13,Kheer,Desserts,58,38,Sunday,1,0,Sunny,14,1
2024-10-13,Kulfi,Desserts,57,44,Sunday,1,0,Sunny,14,1
2024-10-14,Paneer Butter Masala,Main Course,40,37,Monday,0,0,Sunny,8,0
2024-10-14,Dal Makhani,Main Course,48,34,Monday,0,0,Sunny,8,0
2024-10-14,Chicken Biryani,Main Course,45,43,Monday,0,0,Sunny,8,0
2024-10-14,Mutton Rogan Josh,Main Course,41,28,Monday,0,0,Sunny,8,0
2024-10-14,Paneer Tikka,Starters,53,48,Monday,0,0,Sunny,8,0
2024-10-14,Chicken Tandoori,Starters,46,34,Monday,0,0,Sunny,8,0
2024-10-14,Veg Spring Rolls,Starters,61,44,Monday,0,0,Sunny,8,0
2024-10-14,Fish Amritsari,Starters,56,28,Monday,0,0,Sunny,8,0
2024-10-14,Butter Naan,Breads,85,77,Monday,0,0,Sunny,8,0
2024-10-14,Garlic Naan,Breads,70,53,Monday,0,0,Sunny,8,0
2024-10-14,Tandoori Roti,Breads,86,65,Monday,0,0,Sunny,8,0
2024-10-14,Gulab Jamun,Desserts,43,35,Monday,0,0,Sunny,8,0
2024-10-14,Ras Malai,Desserts,34,23,Monday,0,0,Sunny,8,0
2024-10-14,Kheer,Desserts,29,21,Monday,0,0,Sunny,8,0
2024-10-14,Kulfi,Desserts,27,15,Monday,0,0,Sunny,8,0
2024-10-15,Paneer Butter Masala,Main Course,44,38,Tuesday,0,0,Rainy,8,0
2024-10-15,Dal Makhani,Main Course,46,42,Tuesday,0,0,Rainy,8,0
2024-10-15,Chicken Biryani,Main Course,40,35,Tuesday,0,0,Rainy,8,0
2024-10-15,Mutton Rogan Josh,Main Course,40,21,Tuesday,0,0,Rainy,8,0
2024-10-15,Paneer Tikka,Starters,57,38,Tuesday,0,0,Rainy,8,0
2024-10-15,Chicken Tandoori,Starters,46,33,Tuesday,0,0,Rainy,8,0
2024-10-15,Veg Spring Rolls,Starters,56,48,Tuesday,0,0,Rainy,8,0
2024-10-15,Fish Amritsari,Starters,45,33,Tuesday,0,0,Rainy,8,0
2024-10-15,Butter Naan,Breads,69,63,Tuesday,0,0,Rainy,8,0
2024-10-15,Garlic Naan,Breads,110,48,Tuesday,0,0,Rainy,8,0
2024-10-15,Tandoori Roti,Breads,65,54,Tuesday,0,0,Rainy,8,0
2024-10-15,Gulab Jamun,Desserts,34,27,Tuesday,0,0,Rainy,8,0
2024-10-15,Ras Malai,Desserts,32,23,Tuesday,0,0,Rainy,8,0
2024-10-15,Kheer,Desserts,25,22,Tuesday,0,0,Rainy,8,0
2024-10-15,Kulfi,Desserts,31,20,Tuesday,0,0,Rainy,8,0
2024-10-16,Paneer Butter Masala,Main Course,42,36,Wednesday,0,0,Sunny,12,0
2024-10-16,Dal Makhani,Main Course,52,44,Wednesday,0,0,Sunny,12,0
2024-10-16,Chicken Biryani,Main Course,41,35,Wednesday,0,0,Sunny,12,0
2024-10-16,Mutton Rogan Josh,Main Course,45,24,Wednesday,0,0,Sunny,12,0
2024-10-16,Paneer Tikka,Starters,58,40,Wednesday,0,0,Sunny,12,0
2024-10-16,Chicken Tandoori,Starters,56,50,Wednesday,0,0,Sunny,12,0
2024-10-16,Veg Spring Rolls,Starters,53,38,Wednesday,0,0,Sunny,12,0
2024-10-16,Fish Amritsari,Starters,56,31,Wednesday,0,0,Sunny,12,0
2024-10-16,Butter Naan,Breads,83,79,Wednesday,0,0,Sunny,12,0
2024-10-16,Garlic Naan,Breads,73,50,Wednesday,0,0,Sunny,12,0
2024-10-16,Tandoori Roti,Breads,75,48,Wednesday,0,0,Sunny,12,0
2024-10-16,Gulab Jamun,Desserts,40,34,Wednesday,0,0,Sunny,12,0
2024-10-16,Ras Malai,Desserts,35,32,Wednesday,0,0,Sunny,12,0
2024-10-16,Kheer,Desserts,28,20,Wednesday,0,0,Sunny,12,0
2024-10-16,Kulfi,Desserts,33,22,Wednesday,0,0,Sunny,12,0
2024-10-17,Paneer Butter Masala,Main Course,39,37,Thursday,0,0,Sunny,11,0
2024-10-17,Dal Makhani,Main Course,47,43,Thursday,0,0,Sunny,11,0
2024-10-17,Chicken Biryani,Main Course,42,37,Thursday,0,0,Sunny,11,0
2024-10-17,Mutton Rogan Josh,Main Course,38,25,Thursday,0,0,Sunny,11,0
2024-10-17,Paneer Tikka,Starters,53,47,Thursday,0,0,Sunny,11,0
2024-10-17,Chicken Tandoori,Starters,49,37,Thursday,0,0,Sunny,11,0
2024-10-17,Veg Spring Rolls,Starters,58,53,Thursday,0,0,Sunny,11,0
2024-10-17,Fish Amritsari,Starters,49,24,Thursday,0,0,Sunny,11,0
2024-10-17,Butter Naan,Breads,77,70,Thursday,0,0,Sunny,11,0
2024-10-17,Garlic Naan,Breads,83,58,Thursday,0,0,Sunny,11,0
2024-10-17,Tandoori Roti,Breads,75,55,Thursday,0,0,Sunny,11,0
2024-10-17,Gulab Jamun,Desserts,41,27,Thursday,0,0,Sunny,11,0
2024-10-17,Ras Malai,Desserts,41,37,Thursday,0,0,Sunny,11,0
2024-10-17,Kheer,Desserts,33,27,Thursday,0,0,Sunny,11,0
2024-10-17,Kulfi,Desserts,31,19,Thursday,0,0,Sunny,11,0
2024-10-18,Paneer Butter Masala,Main Course,45,36,Friday,0,0,Sunny,12,0
2024-10-18,Dal Makhani,Main Course,43,38,Friday,0,0,Sunny,12,0
2024-10-18,Chicken Biryani,Main Course,46,41,Friday,0,0,Sunny,12,0
2024-10-18,Mutton Rogan Josh,Main Course,43,31,Friday,0,0,Sunny,12,0
2024-10-18,Paneer Tikka,Starters,55,39,Friday,0,0,Sunny,12,0
2024-10-18,Chicken Tandoori,Starters,54,49,Friday,0,0,Sunny,12,0
2024-10-18,Veg Spring Rolls,Starters,62,41,Friday,0,0,Sunny,12,0
2024-10-18,Fish Amritsari,Starters,50,31,Friday,0,0,Sunny,12,0
2024-10-18,Butter Naan,Breads,86,69,Friday,0,0,Sunny,12,0
2024-10-18,Garlic Naan,Breads,74,62,Friday,0,0,Sunny,12,0
2024-10-18,Tandoori Roti,Breads,70,56,Friday,0,0,Sunny,12,0
2024-10-18,Gulab Jamun,Desserts,43,37,Friday,0,0,Sunny,12,0
2024-10-18,Ras Malai,Desserts,39,36,Friday,0,0,Sunny,12,0
2024-10-18,Kheer,Desserts,35,28,Friday,0,0,Sunny,12,0
2024-10-18,Kulfi,Desserts,31,20,Friday,0,0,Sunny,12,0
2024-10-19,Paneer Butter Masala,Main Course,66,58,Saturday,1,0,Sunny,12,1
2024-10-19,Dal Makhani,Main Course,90,66,Saturday,1,0,Sunny,12,1
2024-10-19,Chicken Biryani,Main Course,63,59,Saturday,1,0,Sunny,12,1
2024-10-19,Mutton Rogan Josh,Main Course,72,44,Saturday,1,0,Sunny,12,1
2024-10-19,Paneer Tikka,Starters,90,65,Saturday,1,0,Sunny,12,1
2024-10-19,Chicken Tandoori,Starters,83,78,Saturday,1,0,Sunny,12,1
2024-10-19,Veg Spring Rolls,Starters,88,72,Saturday,1,0,Sunny,12,1
2024-10-19,Fish Amritsari,Starters,91,61,Saturday,1,0,Sunny,12,1
2024-10-19,Butter Naan,Breads,116,103,Saturday,1,0,Sunny,12,1
2024-10-19,Garlic Naan,Breads,114,89,Saturday,1,0,Sunny,12,1
2024-10-19,Tandoori Roti,Breads,150,103,Saturday,1,0,Sunny,12,1
2024-10-19,Gulab Jamun,Desserts,67,58,Saturday,1,0,Sunny,12,1
2024-10-19,Ras Malai,Desserts,57,45,Saturday,1,0,Sunny,12,1
2024-10-19,Kheer,Desserts,56,39,Saturday,1,0,Sunny,12,1
2024-10-19,Kulfi,Desserts,53,32,Saturday,1,0,Sunny,12,1
2024-10-20,Paneer Butter Masala,Main Course,64,52,Sunday,1,0,Sunny,15,0
2024-10-20,Dal Makhani,Main Course,66,52,Sunday,1,0,Sunny,15,0
2024-10-20,Chicken Biryani,Main Course,58,49,Sunday,1,0,Sunny,15,0
2024-10-20,Mutton Rogan Josh,Main Course,57,43,Sunday,1,0,Sunny,15,0
2024-10-20,Paneer Tikka,Starters,78,51,Sunday,1,0,Sunny,15,0
2024-10-20,Chicken Tandoori,Starters,79,73,Sunday,1,0,Sunny,15,0
2024-10-20,Veg Spring Rolls,Starters,87,72,Sunday,1,0,Sunny,15,0
2024-10-20,Fish Amritsari,Starters,86,65,Sunday,1,0,Sunny,15,0
2024-10-20,Butter Naan,Breads,105,86,Sunday,1,0,Sunny,15,0
2024-10-20,Garlic Naan,Breads,169,71,Sunday,1,0,Sunny,15,0
2024-10-20,Tandoori Roti,Breads,120,105,Sunday,1,0,Sunny,15,0
2024-10-20,Gulab Jamun,Desserts,49,34,Sunday,1,0,Sunny,15,0
2024-10-20,Ras Malai,Desserts,59,41,Sunday,1,0,Sunny,15,0
2024-10-20,Kheer,Desserts,41,33,Sunday,1,0,Sunny,15,0
2024-10-20,Kulfi,Desserts,43,22,Sunday,1,0,Sunny,15,0
2024-10-21,Paneer Butter Masala,Main Course,40,32,Monday,0,0,Sunny,10,0
2024-10-21,Dal Makhani,Main Course,46,35,Monday,0,0,Sunny,10,0
2024-10-21,Chicken Biryani,Main Course,40,35,Monday,0,0,Sunny,10,0
2024-10-21,Mutton Rogan Josh,Main Course,41,32,Monday,0,0,Sunny,10,0
2024-10-21,Paneer Tikka,Starters,60,45,Monday,0,0,Sunny,10,0
2024-10-21,Chicken Tandoori,Starters,57,47,Monday,0,0,Sunny,10,0
2024-10-21,Veg Spring Rolls,Starters,56,51,Monday,0,0,Sunny,10,0
2024-10-21,Fish Amritsari,Starters,59,38,Monday,0,0,Sunny,10,0
2024-10-21,Butter Naan,Breads,73,65,Monday,0,0,Sunny,10,0
2024-10-21,Garlic Naan,Breads,69,53,Monday,0,0,Sunny,10,0
2024-10-21,Tandoori Roti,Breads,86,64,Monday,0,0,Sunny,10,0
2024-10-21,Gulab Jamun,Desserts,35,31,Monday,0,0,Sunny,10,0
2024-10-21,Ras Malai,Desserts,42,33,Monday,0,0,Sunny,10,0
2024-10-21,Kheer,Desserts,31,24,Monday,0,0,Sunny,10,0
2024-10-21,Kulfi,Desserts,30,17,Monday,0,0,Sunny,10,0
2024-10-22,Paneer Butter Masala,Main Course,49,40,Tuesday,0,0,Cloudy,10,0
2024-10-22,Dal Makhani,Main Course,53,43,Tuesday,0,0,Cloudy,10,0
2024-10-22,Chicken Biryani,Main Course,43,38,Tuesday,0,0,Cloudy,10,0
2024-10-22,Mutton Rogan Josh,Main Course,41,21,Tuesday,0,0,Cloudy,10,0
2024-10-22,Paneer Tikka,Starters,55,39,Tuesday,0,0,Cloudy,10,0
2024-10-22,Chicken Tandoori,Starters,52,35,Tuesday,0,0,Cloudy,10,0
2024-10-22,Veg Spring Rolls,Starters,59,40,Tuesday,0,0,Cloudy,10,0
2024-10-22,Fish Amritsari,Starters,53,37,Tuesday,0,0,Cloudy,10,0
2024-10-22,Butter Naan,Breads,69,64,Tuesday,0,0,Cloudy,10,0
2024-10-22,Garlic Naan,Breads,76,67,Tuesday,0,0,Cloudy,10,0
2024-10-22,Tandoori Roti,Breads,71,62,Tuesday,0,0,Cloudy,10,0
2024-10-22,Gulab Jamun,Desserts,42,37,Tuesday,0,0,Cloudy,10,0
2024-10-22,Ras Malai,Desserts,39,32,Tuesday,0,0,Cloudy,10,0
2024-10-22,Kheer,Desserts,27,19,Tuesday,0,0,Cloudy,10,0
2024-10-22,Kulfi,Desserts,33,21,Tuesday,0,0,Cloudy,10,0
2024-10-23,Paneer Butter Masala,Main Course,48,39,Wednesday,0,0,Cloudy,11,0
2024-10-23,Dal Makhani,Main Course,46,30,Wednesday,0,0,Cloudy,11,0
2024-10-23,Chicken Biryani,Main Course,46,44,Wednesday,0,0,Cloudy,11,0
2024-10-23,Mutton Rogan Josh,Main Course,44,22,Wednesday,0,0,Cloudy,11,0
2024-10-23,Paneer Tikka,Starters,55,47,Wednesday,0,0,Cloudy,11,0
2024-10-23,Chicken Tandoori,Starters,49,39,Wednesday,0,0,Cloudy,11,0
2024-10-23,Veg Spring Rolls,Starters,63,53,Wednesday,0,0,Cloudy,11,0
2024-10-23,Fish Amritsari,Starters,60,32,Wednesday,0,0,Cloudy,11,0
2024-10-23,Butter Naan,Breads,81,74,Wednesday,0,0,Cloudy,11,0
2024-10-23,Garlic Naan,Breads,75,69,Wednesday,0,0,Cloudy,11,0
2024-10-23,Tandoori Roti,Breads,76,66,Wednesday,0,0,Cloudy,11,0
2024-10-23,Gulab Jamun,Desserts,41,27,Wednesday,0,0,Cloudy,11,0
2024-10-23,Ras Malai,Desserts,35,31,Wednesday,0,0,Cloudy,11,0
2024-10-23,Kheer,Desserts,30,23,Wednesday,0,0,Cloudy,11,0
2024-10-23,Kulfi,Desserts,32,18,Wednesday,0,0,Cloudy,11,0
2024-10-24,Paneer Butter Masala,Main Course,63,60,Thursday,0,1,Sunny,11,1
2024-10-24,Dal Makhani,Main Course,68,62,Thursday,0,1,Sunny,11,1
2024-10-24,Chicken Biryani,Main Course,60,53,Thursday,0,1,Sunny,11,1
2024-10-24,Mutton Rogan Josh,Main Course,63,49,Thursday,0,1,Sunny,11,1
2024-10-24,Paneer Tikka,Starters,74,63,Thursday,0,1,Sunny,11,1
2024-10-24,Chicken Tandoori,Starters,66,55,Thursday,0,1,Sunny,11,1
2024-10-24,Veg Spring Rolls,Starters,78,72,Thursday,0,1,Sunny,11,1
2024-10-24,Fish Amritsari,Starters,85,52,Thursday,0,1,Sunny,11,1
2024-10-24,Butter Naan,Breads,111,101,Thursday,0,1,Sunny,11,1
2024-10-24,Garlic Naan,Breads,98,68,Thursday,0,1,Sunny,11,1
2024-10-24,Tandoori Roti,Breads,131,117,Thursday,0,1,Sunny,11,1
2024-10-24,Gulab Jamun,Desserts,61,43,Thursday,0,1,Sunny,11,1
2024-10-24,Ras Malai,Desserts,67,59,Thursday,0,1,Sunny,11,1
2024-10-24,Kheer,Desserts,52,48,Thursday,0,1,Sunny,11,1
2024-10-24,Kulfi,Desserts,43,28,Thursday,0,1,Sunny,11,1
2024-10-25,Paneer Butter Masala,Main Course,73,70,Friday,0,1,Cloudy,14,1
2024-10-25,Dal Makhani,Main Course,71,52,Friday,0,1,Cloudy,14,1
2024-10-25,Chicken Biryani,Main Course,60,57,Friday,0,1,Cloudy,14,1
2024-10-25,Mutton Rogan Josh,Main Course,62,43,Friday,0,1,Cloudy,14,1
2024-10-25,Paneer Tikka,Starters,74,51,Friday,0,1,Cloudy,14,1
2024-10-25,Chicken Tandoori,Starters,72,63,Friday,0,1,Cloudy,14,1
2024-10-25,Veg Spring Rolls,Starters,70,57,Friday,0,1,Cloudy,14,1
2024-10-25,Fish Amritsari,Starters,66,40,Friday,0,1,Cloudy,14,1
2024-10-25,Butter Naan,Breads,100,92,Friday,0,1,Cloudy,14,1
2024-10-25,Garlic Naan,Breads,113,91,Friday,0,1,Cloudy,14,1
2024-10-25,Tandoori Roti,Breads,120,99,Friday,0,1,Cloudy,14,1
2024-10-25,Gulab Jamun,Desserts,100,42,Friday,0,1,Cloudy,14,1
2024-10-25,Ras Malai,Desserts,56,44,Friday,0,1,Cloudy,14,1
2024-10-25,Kheer,Desserts,46,34,Friday,0,1,Cloudy,14,1
2024-10-25,Kulfi,Desserts,52,26,Friday,0,1,Cloudy,14,1
2024-10-26,Paneer Butter Masala,Main Course,62,53,Saturday,1,0,Cloudy,11,0
2024-10-26,Dal Makhani,Main Course,65,49,Saturday,1,0,Cloudy,11,0
2024-10-26,Chicken Biryani,Main Course,62,53,Saturday,1,0,Cloudy,11,0
2024-10-26,Mutton Rogan Josh,Main Course,53,27,Saturday,1,0,Cloudy,11,0
2024-10-26,Paneer Tikka,Starters,75,63,Saturday,1,0,Cloudy,11,0
2024-10-26,Chicken Tandoori,Starters,78,69,Saturday,1,0,Cloudy,11,0
2024-10-26,Veg Spring Rolls,Starters,77,51,Saturday,1,0,Cloudy,11,0
2024-10-26,Fish Amritsari,Starters,76,53,Saturday,1,0,Cloudy,11,0
2024-10-26,Butter Naan,Breads,108,86,Saturday,1,0,Cloudy,11,0
2024-10-26,Garlic Naan,Breads,107,90,Saturday,1,0,Cloudy,11,0
2024-10-26,Tandoori Roti,Breads,109,89,Saturday,1,0,Cloudy,11,0
2024-10-26,Gulab Jamun,Desserts,58,46,Saturday,1,0,Cloudy,11,0
2024-10-26,Ras Malai,Desserts,58,37,Saturday,1,0,Cloudy,11,0
2024-10-26,Kheer,Desserts,39,27,Saturday,1,0,Cloudy,11,0
2024-10-26,Kulfi,Desserts,40,24,Saturday,1,0,Cloudy,11,0
2024-10-27,Paneer Butter Masala,Main Course,58,50,Sunday,1,0,Cloudy,13,0
2024-10-27,Dal Makhani,Main Course,66,49,Sunday,1,0,Cloudy,13,0
2024-10-27,Chicken Biryani,Main Course,58,47,Sunday,1,0,Cloudy,13,0
2024-10-27,Mutton Rogan Josh,Main Course,50,27,Sunday,1,0,Cloudy,13,0
2024-10-27,Paneer Tikka,Starters,84,55,Sunday,1,0,Cloudy,13,0
2024-10-27,Chicken Tandoori,Starters,74,49,Sunday,1,0,Cloudy,13,0
2024-10-27,Veg Spring Rolls,Starters,171,73,Sunday,1,0,Cloudy,13,0
2024-10-27,Fish Amritsari,Starters,69,49,Sunday,1,0,Cloudy,13,0
2024-10-27,Butter Naan,Breads,104,87,Sunday,1,0,Cloudy,13,0
2024-10-27,Garlic Naan,Breads,119,97,Sunday,1,0,Cloudy,13,0
2024-10-27,Tandoori Roti,Breads,125,108,Sunday,1,0,Cloudy,13,0
2024-10-27,Gulab Jamun,Desserts,54,40,Sunday,1,0,Cloudy,13,0
2024-10-27,Ras Malai,Desserts,47,34,Sunday,1,0,Cloudy,13,0
2024-10-27,Kheer,Desserts,44,28,Sunday,1,0,Cloudy,13,0
2024-10-27,Kulfi,Desserts,41,26,Sunday,1,0,Cloudy,13,0
2024-10-28,Paneer Butter Masala,Main Course,46,36,Monday,0,0,Sunny,8,0
2024-10-28,Dal Makhani,Main Course,50,35,Monday,0,0,Sunny,8,0
2024-10-28,Chicken Biryani,Main Course,45,36,Monday,0,0,Sunny,8,0
2024-10-28,Mutton Rogan Josh,Main Course,43,29,Monday,0,0,Sunny,8,0
2024-10-28,Paneer Tikka,Starters,64,58,Monday,0,0,Sunny,8,0
2024-10-28,Chicken Tandoori,Starters,54,48,Monday,0,0,Sunny,8,0
2024-10-28,Veg Spring Rolls,Starters,63,49,Monday,0,0,Sunny,8,0
2024-10-28,Fish Amritsari,Starters,57,30,Monday,0,0,Sunny,8,0
2024-10-28,Butter Naan,Breads,82,25,Monday,0,0,Sunny,8,0
2024-10-28,Garlic Naan,Breads,82,72,Monday,0,0,Sunny,8,0
2024-10-28,Tandoori Roti,Breads,88,65,Monday,0,0,Sunny,8,0
2024-10-28,Gulab Jamun,Desserts,36,32,Monday,0,0,Sunny,8,0
2024-10-28,Ras Malai,Desserts,38,30,Monday,0,0,Sunny,8,0
2024-10-28,Kheer,Desserts,29,25,Monday,0,0,Sunny,8,0
2024-10-28,Kulfi,Desserts,33,22,Monday,0,0,Sunny,8,0
2024-10-29,Paneer Butter Masala,Main Course,49,43,Tuesday,0,0,Sunny,12,0
2024-10-29,Dal Makhani,Main Course,97,42,Tuesday,0,0,Sunny,12,0
2024-10-29,Chicken Biryani,Main Course,40,15,Tuesday,0,0,Sunny,12,0
2024-10-29,Mutton Rogan Josh,Main Course,45,27,Tuesday,0,0,Sunny,12,0
2024-10-29,Paneer Tikka,Starters,63,46,Tuesday,0,0,Sunny,12,0
2024-10-29,Chicken Tandoori,Starters,55,40,Tuesday,0,0,Sunny,12,0
2024-10-29,Veg Spring Rolls,Starters,56,43,Tuesday,0,0,Sunny,12,0
2024-10-29,Fish Amritsari,Starters,59,31,Tuesday,0,0,Sunny,12,0
2024-10-29,Butter Naan,Breads,70,66,Tuesday,0,0,Sunny,12,0
2024-10-29,Garlic Naan,Breads,86,71,Tuesday,0,0,Sunny,12,0
2024-10-29,Tandoori Roti,Breads,74,51,Tuesday,0,0,Sunny,12,0
2024-10-29,Gulab Jamun,Desserts,36,26,Tuesday,0,0,Sunny,12,0
2024-10-29,Ras Malai,Desserts,39,31,Tuesday,0,0,Sunny,12,0
2024-10-29,Kheer,Desserts,31,28,Tuesday,0,0,Sunny,12,0
2024-10-29,Kulfi,Desserts,28,18,Tuesday,0,0,Sunny,12,0
2024-10-30,Paneer Butter Masala,Main Course,44,37,Wednesday,0,0,Sunny,10,0
2024-10-30,Dal Makhani,Main Course,55,49,Wednesday,0,0,Sunny,10,0
2024-10-30,Chicken Biryani,Main Course,44,36,Wednesday,0,0,Sunny,10,0
2024-10-30,Mutton Rogan Josh,Main Course,43,22,Wednesday,0,0,Sunny,10,0
2024-10-30,Paneer Tikka,Starters,55,41,Wednesday,0,0,Sunny,10,0
2024-10-30,Chicken Tandoori,Starters,49,39,Wednesday,0,0,Sunny,10,0
2024-10-30,Veg Spring Rolls,Starters,54,43,Wednesday,0,0,Sunny,10,0
2024-10-30,Fish Amritsari,Starters,49,33,Wednesday,0,0,Sunny,10,0
2024-10-30,Butter Naan,Breads,80,66,Wednesday,0,0,Sunny,10,0
2024-10-30,Garlic Naan,Breads,78,63,Wednesday,0,0,Sunny,10,0
2024-10-30,Tandoori Roti,Breads,70,56,Wednesday,0,0,Sunny,10,0
2024-10-30,Gulab Jamun,Desserts,35,31,Wednesday,0,0,Sunny,10,0
2024-10-30,Ras Malai,Desserts,34,10,Wednesday,0,0,Sunny,10,0
2024-10-30,Kheer,Desserts,35,25,Wednesday,0,0,Sunny,10,0
2024-10-30,Kulfi,Desserts,34,26,Wednesday,0,0,Sunny,10,0
2024-10-31,Paneer Butter Masala,Main Course,46,36,Thursday,0,0,Sunny,10,0
2024-10-31,Dal Makhani,Main Course,55,37,Thursday,0,0,Sunny,10,0
2024-10-31,Chicken Biryani,Main Course,39,35,Thursday,0,0,Sunny,10,0
2024-10-31,Mutton Rogan Josh,Main Course,38,25,Thursday,0,0,Sunny,10,0
2024-10-31,Paneer Tikka,Starters,62,49,Thursday,0,0,Sunny,10,0
2024-10-31,Chicken Tandoori,Starters,48,39,Thursday,0,0,Sunny,10,0
2024-10-31,Veg Spring Rolls,Starters,53,42,Thursday,0,0,Sunny,10,0
2024-10-31,Fish Amritsari,Starters,55,32,Thursday,0,0,Sunny,10,0
2024-10-31,Butter Naan,Breads,84,80,Thursday,0,0,Sunny,10,0
2024-10-31,Garlic Naan,Breads,83,70,Thursday,0,0,Sunny,10,0
2024-10-31,Tandoori Roti,Breads,82,69,Thursday,0,0,Sunny,10,0
2024-10-31,Gulab Jamun,Desserts,41,36,Thursday,0,0,Sunny,10,0
2024-10-31,Ras Malai,Desserts,41,26,Thursday,0,0,Sunny,10,0
2024-10-31,Kheer,Desserts,31,20,Thursday,0,0,Sunny,10,0
2024-10-31,Kulfi,Desserts,34,22,Thursday,0,0,Sunny,10,0
2024-11-01,Paneer Butter Masala,Main Course,53,50,Friday,0,1,Sunny,9,1
2024-11-01,Dal Makhani,Main Course,68,46,Friday,0,1,Sunny,9,1
2024-11-01,Chicken Biryani,Main Course,72,66,Friday,0,1,Sunny,9,1
2024-11-01,Mutton Rogan Josh,Main Course,60,32,Friday,0,1,Sunny,9,1
2024-11-01,Paneer Tikka,Starters,83,75,Friday,0,1,Sunny,9,1
2024-11-01,Chicken Tandoori,Starters,64,57,Friday,0,1,Sunny,9,1
2024-11-01,Veg Spring Rolls,Starters,84,59,Friday,0,1,Sunny,9,1
2024-11-01,Fish Amritsari,Starters,76,42,Friday,0,1,Sunny,9,1
2024-11-01,Butter Naan,Breads,105,84,Friday,0,1,Sunny,9,1
2024-11-01,Garlic Naan,Breads,95,87,Friday,0,1,Sunny,9,1
2024-11-01,Tandoori Roti,Breads,103,81,Friday,0,1,Sunny,9,1
2024-11-01,Gulab Jamun,Desserts,62,42,Friday,0,1,Sunny,9,1
2024-11-01,Ras Malai,Desserts,61,49,Friday,0,1,Sunny,9,1
2024-11-01,Kheer,Desserts,45,32,Friday,0,1,Sunny,9,1
2024-11-01,Kulfi,Desserts,39,23,Friday,0,1,Sunny,9,1
2024-11-02,Paneer Butter Masala,Main Course,57,54,Saturday,1,0,Cloudy,13,0
2024-11-02,Dal Makhani,Main Course,71,47,Saturday,1,0,Cloudy,13,0
2024-11-02,Chicken Biryani,Main Course,59,53,Saturday,1,0,Cloudy,13,0
2024-11-02,Mutton Rogan Josh,Main Course,59,39,Saturday,1,0,Cloudy,13,0
2024-11-02,Paneer Tikka,Starters,82,69,Saturday,1,0,Cloudy,13,0
2024-11-02,Chicken Tandoori,Starters,73,48,Saturday,1,0,Cloudy,13,0
2024-11-02,Veg Spring Rolls,Starters,83,76,Saturday,1,0,Cloudy,13,0
2024-11-02,Fish Amritsari,Starters,86,67,Saturday,1,0,Cloudy,13,0
2024-11-02,Butter Naan,Breads,97,92,Saturday,1,0,Cloudy,13,0
2024-11-02,Garlic Naan,Breads,102,78,Saturday,1,0,Cloudy,13,0
2024-11-02,Tandoori Roti,Breads,100,90,Saturday,1,0,Cloudy,13,0
2024-11-02,Gulab Jamun,Desserts,93,35,Saturday,1,0,Cloudy,13,0
2024-11-02,Ras Malai,Desserts,56,47,Saturday,1,0,Cloudy,13,0
2024-11-02,Kheer,Desserts,48,19,Saturday,1,0,Cloudy,13,0
2024-11-02,Kulfi,Desserts,45,23,Saturday,1,0,Cloudy,13,0
2024-11-03,Paneer Butter Masala,Main Course,68,57,Sunday,1,0,Sunny,13,0
2024-11-03,Dal Makhani,Main Course,77,28,Sunday,1,0,Sunny,13,0
2024-11-03,Chicken Biryani,Main Course,59,53,Sunday,1,0,Sunny,13,0
2024-11-03,Mutton Rogan Josh,Main Course,59,35,Sunday,1,0,Sunny,13,0
2024-11-03,Paneer Tikka,Starters,85,64,Sunday,1,0,Sunny,13,0
2024-11-03,Chicken Tandoori,Starters,80,73,Sunday,1,0,Sunny,13,0
2024-11-03,Veg Spring Rolls,Starters,87,70,Sunday,1,0,Sunny,13,0
2024-11-03,Fish Amritsari,Starters,81,46,Sunday,1,0,Sunny,13,0
2024-11-03,Butter Naan,Breads,102,96,Sunday,1,0,Sunny,13,0
2024-11-03,Garlic Naan,Breads,107,78,Sunday,1,0,Sunny,13,0
2024-11-03,Tandoori Roti,Breads,115,78,Sunday,1,0,Sunny,13,0
2024-11-03,Gulab Jamun,Desserts,62,55,Sunday,1,0,Sunny,13,0
2024-11-03,Ras Malai,Desserts,49,43,Sunday,1,0,Sunny,13,0
2024-11-03,Kheer,Desserts,39,26,Sunday,1,0,Sunny,13,0
2024-11-03,Kulfi,Desserts,44,33,Sunday,1,0,Sunny,13,0
2024-11-04,Paneer Butter Masala,Main Course,43,36,Monday,0,0,Cloudy,12,0
2024-11-04,Dal Makhani,Main Course,53,37,Monday,0,0,Cloudy,12,0
2024-11-04,Chicken Biryani,Main Course,37,32,Monday,0,0,Cloudy,12,0
2024-11-04,Mutton Rogan Josh,Main Course,45,33,Monday,0,0,Cloudy,12,0
2024-11-04,Paneer Tikka,Starters,64,56,Monday,0,0,Cloudy,12,0
2024-11-04,Chicken Tandoori,Starters,45,32,Monday,0,0,Cloudy,12,0
2024-11-04,Veg Spring Rolls,Starters,56,48,Monday,0,0,Cloudy,12,0
2024-11-04,Fish Amritsari,Starters,54,40,Monday,0,0,Cloudy,12,0
2024-11-04,Butter Naan,Breads,80,68,Monday,0,0,Cloudy,12,0
2024-11-04,Garlic Naan,Breads,78,58,Monday,0,0,Cloudy,12,0
2024-11-04,Tandoori Roti,Breads,74,68,Monday,0,0,Cloudy,12,0
2024-11-04,Gulab Jamun,Desserts,40,36,Monday,0,0,Cloudy,12,0
2024-11-04,Ras Malai,Desserts,39,31,Monday,0,0,Cloudy,12,0
2024-11-04,Kheer,Desserts,29,27,Monday,0,0,Cloudy,12,0
2024-11-04,Kulfi,Desserts,61,21,Monday,0,0,Cloudy,12,0
2024-11-05,Paneer Butter Masala,Main Course,48,46,Tuesday,0,0,Sunny,8,0
2024-11-05,Dal Makhani,Main Course,50,40,Tuesday,0,0,Sunny,8,0
2024-11-05,Chicken Biryani,Main Course,44,37,Tuesday,0,0,Sunny,8,0
2024-11-05,Mutton Rogan Josh,Main Course,41,31,Tuesday,0,0,Sunny,8,0
2024-11-05,Paneer Tikka,Starters,58,45,Tuesday,0,0,Sunny,8,0
2024-11-05,Chicken Tandoori,Starters,47,9,Tuesday,0,0,Sunny,8,0
2024-11-05,Veg Spring Rolls,Starters,55,47,Tuesday,0,0,Sunny,8,0
2024-11-05,Fish Amritsari,Starters,57,37,Tuesday,0,0,Sunny,8,0
2024-11-05,Butter Naan,Breads,68,62,Tuesday,0,0,Sunny,8,0
2024-11-05,Garlic Naan,Breads,73,57,Tuesday,0,0,Sunny,8,0
2024-11-05,Tandoori Roti,Breads,75,58,Tuesday,0,0,Sunny,8,0
2024-11-05,Gulab Jamun,Desserts,35,25,Tuesday,0,0,Sunny,8,0
2024-11-05,Ras Malai,Desserts,33,28,Tuesday,0,0,Sunny,8,0
2024-11-05,Kheer,Desserts,29,20,Tuesday,0,0,Sunny,8,0
2024-11-05,Kulfi,Desserts,32,16,Tuesday,0,0,Sunny,8,0
2024-11-06,Paneer Butter Masala,Main Course,43,36,Wednesday,0,0,Rainy,11,1
2024-11-06,Dal Makhani,Main Course,49,42,Wednesday,0,0,Rainy,11,1
2024-11-06,Chicken Biryani,Main Course,49,43,Wednesday,0,0,Rainy,11,1
2024-11-06,Mutton Rogan Josh,Main Course,50,26,Wednesday,0,0,Rainy,11,1
2024-11-06,Paneer Tikka,Starters,64,54,Wednesday,0,0,Rainy,11,1
2024-11-06,Chicken Tandoori,Starters,56,37,Wednesday,0,0,Rainy,11,1
2024-11-06,Veg Spring Rolls,Starters,70,48,Wednesday,0,0,Rainy,11,1
2024-11-06,Fish Amritsari,Starters,67,36,Wednesday,0,0,Rainy,11,1
2024-11-06,Butter Naan,Breads,90,74,Wednesday,0,0,Rainy,11,1
2024-11-06,Garlic Naan,Breads,94,85,Wednesday,0,0,Rainy,11,1
2024-11-06,Tandoori Roti,Breads,79,52,Wednesday,0,0,Rainy,11,1
2024-11-06,Gulab Jamun,Desserts,44,31,Wednesday,0,0,Rainy,11,1
2024-11-06,Ras Malai,Desserts,43,36,Wednesday,0,0,Rainy,11,1
2024-11-06,Kheer,Desserts,33,29,Wednesday,0,0,Rainy,11,1
2024-11-06,Kulfi,Desserts,36,25,Wednesday,0,0,Rainy,11,1
2024-11-07,Paneer Butter Masala,Main Course,43,41,Thursday,0,0,Rainy,11,0
2024-11-07,Dal Makhani,Main Course,48,42,Thursday,0,0,Rainy,11,0
2024-11-07,Chicken Biryani,Main Course,44,36,Thursday,0,0,Rainy,11,0
2024-11-07,Mutton Rogan Josh,Main Course,37,22,Thursday,0,0,Rainy,11,0
2024-11-07,Paneer Tikka,Starters,54,41,Thursday,0,0,Rainy,11,0
2024-11-07,Chicken Tandoori,Starters,44,37,Thursday,0,0,Rainy,11,0
2024-11-07,Veg Spring Rolls,Starters,48,36,Thursday,0,0,Rainy,11,0
2024-11-07,Fish Amritsari,Starters,45,31,Thursday,0,0,Rainy,11,0
2024-11-07,Butter Naan,Breads,74,61,Thursday,0,0,Rainy,11,0
2024-11-07,Garlic Naan,Breads,73,68,Thursday,0,0,Rainy,11,0
2024-11-07,Tandoori Roti,Breads,66,60,Thursday,0,0,Rainy,11,0
2024-11-07,Gulab Jamun,Desserts,33,21,Thursday,0,0,Rainy,11,0
2024-11-07,Ras Malai,Desserts,31,21,Thursday,0,0,Rainy,11,0
2024-11-07,Kheer,Desserts,28,20,Thursday,0,0,Rainy,11,0
2024-11-07,Kulfi,Desserts,31,20,Thursday,0,0,Rainy,11,0
2024-11-08,Paneer Butter Masala,Main Course,44,42,Friday,0,0,Cloudy,12,0
2024-11-08,Dal Makhani,Main Course,46,41,Friday,0,0,Cloudy,12,0
2024-11-08,Chicken Biryani,Main Course,42,37,Friday,0,0,Cloudy,12,0
2024-11-08,Mutton Rogan Josh,Main Course,43,33,Friday,0,0,Cloudy,12,0
2024-11-08,Paneer Tikka,Starters,63,49,Friday,0,0,Cloudy,12,0
2024-11-08,Chicken Tandoori,Starters,45,35,Friday,0,0,Cloudy,12,0
2024-11-08,Veg Spring Rolls,Starters,50,44,Friday,0,0,Cloudy,12,0
2024-11-08,Fish Amritsari,Starters,61,44,Friday,0,0,Cloudy,12,0
2024-11-08,Butter Naan,Breads,76,68,Friday,0,0,Cloudy,12,0
2024-11-08,Garlic Naan,Breads,83,65,Friday,0,0,Cloudy,12,0
2024-11-08,Tandoori Roti,Breads,81,76,Friday,0,0,Cloudy,12,0
2024-11-08,Gulab Jamun,Desserts,43,32,Friday,0,0,Cloudy,12,0
2024-11-08,Ras Malai,Desserts,42,39,Friday,0,0,Cloudy,12,0
2024-11-08,Kheer,Desserts,34,25,Friday,0,0,Cloudy,12,0
2024-11-08,Kulfi,Desserts,28,16,Friday,0,0,Cloudy,12,0
2024-11-09,Paneer Butter Masala,Main Course,56,49,Saturday,1,0,Cloudy,14,0
2024-11-09,Dal Makhani,Main Course,63,58,Saturday,1,0,Cloudy,14,0
2024-11-09,Chicken Biryani,Main Course,54,52,Saturday,1,0,Cloudy,14,0
2024-11-09,Mutton Rogan Josh,Main Course,63,32,Saturday,1,0,Cloudy,14,0
2024-11-09,Paneer Tikka,Starters,87,72,Saturday,1,0,Cloudy,14,0
2024-11-09,Chicken Tandoori,Starters,70,47,Saturday,1,0,Cloudy,14,0
2024-11-09,Veg Spring Rolls,Starters,77,68,Saturday,1,0,Cloudy,14,0
2024-11-09,Fish Amritsari,Starters,85,48,Saturday,1,0,Cloudy,14,0
2024-11-09,Butter Naan,Breads,106,99,Saturday,1,0,Cloudy,14,0
2024-11-09,Garlic Naan,Breads,100,81,Saturday,1,0,Cloudy,14,0
2024-11-09,Tandoori Roti,Breads,102,75,Saturday,1,0,Cloudy,14,0
2024-11-09,Gulab Jamun,Desserts,57,45,Saturday,1,0,Cloudy,14,0
2024-11-09,Ras Malai,Desserts,59,41,Saturday,1,0,Cloudy,14,0
2024-11-09,Kheer,Desserts,48,38,Saturday,1,0,Cloudy,14,0
2024-11-09,Kulfi,Desserts,43,27,Saturday,1,0,Cloudy,14,0
2024-11-10,Paneer Butter Masala,Main Course,60,48,Sunday,1,0,Cloudy,10,0
2024-11-10,Dal Makhani,Main Course,66,48,Sunday,1,0,Cloudy,10,0
2024-11-10,Chicken Biryani,Main Course,62,55,Sunday,1,0,Cloudy,10,0
2024-11-10,Mutton Rogan Josh,Main Course,62,37,Sunday,1,0,Cloudy,10,0
2024-11-10,Paneer Tikka,Starters,85,66,Sunday,1,0,Cloudy,10,0
2024-11-10,Chicken Tandoori,Starters,79,55,Sunday,1,0,Cloudy,10,0
2024-11-10,Veg Spring Rolls,Starters,84,69,Sunday,1,0,Cloudy,10,0
2024-11-10,Fish Amritsari,Starters,75,48,Sunday,1,0,Cloudy,10,0
2024-11-10,Butter Naan,Breads,120,104,Sunday,1,0,Cloudy,10,0
2024-11-10,Garlic Naan,Breads,102,81,Sunday,1,0,Cloudy,10,0
2024-11-10,Tandoori Roti,Breads,119,100,Sunday,1,0,Cloudy,10,0
2024-11-10,Gulab Jamun,Desserts,60,42,Sunday,1,0,Cloudy,10,0
2024-11-10,Ras Malai,Desserts,51,44,Sunday,1,0,Cloudy,10,0
2024-11-10,Kheer,Desserts,43,33,Sunday,1,0,Cloudy,10,0
2024-11-10,Kulfi,Desserts,40,22,Sunday,1,0,Cloudy,10,0
2024-11-11,Paneer Butter Masala,Main Course,43,41,Monday,0,0,Cloudy,10,0
2024-11-11,Dal Makhani,Main Course,49,43,Monday,0,0,Cloudy,10,0
2024-11-11,Chicken Biryani,Main Course,42,37,Monday,0,0,Cloudy,10,0
2024-11-11,Mutton Rogan Josh,Main Course,43,27,Monday,0,0,Cloudy,10,0
2024-11-11,Paneer Tikka,Starters,51,36,Monday,0,0,Cloudy,10,0
2024-11-11,Chicken Tandoori,Starters,48,35,Monday,0,0,Cloudy,10,0
2024-11-11,Veg Spring Rolls,Starters,61,39,Monday,0,0,Cloudy,10,0
2024-11-11,Fish Amritsari,Starters,51,35,Monday,0,0,Cloudy,10,0
2024-11-11,Butter Naan,Breads,82,68,Monday,0,0,Cloudy,10,0
2024-11-11,Garlic Naan,Breads,72,63,Monday,0,0,Cloudy,10,0
2024-11-11,Tandoori Roti,Breads,80,60,Monday,0,0,Cloudy,10,0
2024-11-11,Gulab Jamun,Desserts,39,32,Monday,0,0,Cloudy,10,0
2024-11-11,Ras Malai,Desserts,37,27,Monday,0,0,Cloudy,10,0
2024-11-11,Kheer,Desserts,28,22,Monday,0,0,Cloudy,10,0
2024-11-11,Kulfi,Desserts,30,23,Monday,0,0,Cloudy,10,0
2024-11-12,Paneer Butter Masala,Main Course,45,39,Tuesday,0,0,Cloudy,8,0
2024-11-12,Dal Makhani,Main Course,49,40,Tuesday,0,0,Cloudy,8,0
2024-11-12,Chicken Biryani,Main Course,43,42,Tuesday,0,0,Cloudy,8,0
2024-11-12,Mutton Rogan Josh,Main Course,41,31,Tuesday,0,0,Cloudy,8,0
2024-11-12,Paneer Tikka,Starters,62,55,Tuesday,0,0,Cloudy,8,0
2024-11-12,Chicken Tandoori,Starters,49,33,Tuesday,0,0,Cloudy,8,0
2024-11-12,Veg Spring Rolls,Starters,52,35,Tuesday,0,0,Cloudy,8,0
2024-11-12,Fish Amritsari,Starters,58,43,Tuesday,0,0,Cloudy,8,0
2024-11-12,Butter Naan,Breads,77,66,Tuesday,0,0,Cloudy,8,0
2024-11-12,Garlic Naan,Breads,68,64,Tuesday,0,0,Cloudy,8,0
2024-11-12,Tandoori Roti,Breads,82,56,Tuesday,0,0,Cloudy,8,0
2024-11-12,Gulab Jamun,Desserts,37,32,Tuesday,0,0,Cloudy,8,0
2024-11-12,Ras Malai,Desserts,35,27,Tuesday,0,0,Cloudy,8,0
2024-11-12,Kheer,Desserts,32,26,Tuesday,0,0,Cloudy,8,0
2024-11-12,Kulfi,Desserts,30,23,Tuesday,0,0,Cloudy,8,0
2024-11-13,Paneer Butter Masala,Main Course,41,36,Wednesday,0,0,Cloudy,8,0
2024-11-13,Dal Makhani,Main Course,47,39,Wednesday,0,0,Cloudy,8,0
2024-11-13,Chicken Biryani,Main Course,41,33,Wednesday,0,0,Cloudy,8,0
2024-11-13,Mutton Rogan Josh,Main Course,37,28,Wednesday,0,0,Cloudy,8,0
2024-11-13,Paneer Tikka,Starters,54,45,Wednesday,0,0,Cloudy,8,0
2024-11-13,Chicken Tandoori,Starters,50,41,Wednesday,0,0,Cloudy,8,0
2024-11-13,Veg Spring Rolls,Starters,63,44,Wednesday,0,0,Cloudy,8,0
2024-11-13,Fish Amritsari,Starters,49,31,Wednesday,0,0,Cloudy,8,0
2024-11-13,Butter Naan,Breads,73,61,Wednesday,0,0,Cloudy,8,0
2024-11-13,Garlic Naan,Breads,80,69,Wednesday,0,0,Cloudy,8,0
2024-11-13,Tandoori Roti,Breads,138,65,Wednesday,0,0,Cloudy,8,0
2024-11-13,Gulab Jamun,Desserts,36,30,Wednesday,0,0,Cloudy,8,0
2024-11-13,Ras Malai,Desserts,33,21,Wednesday,0,0,Cloudy,8,0
2024-11-13,Kheer,Desserts,29,23,Wednesday,0,0,Cloudy,8,0
2024-11-13,Kulfi,Desserts,27,18,Wednesday,0,0,Cloudy,8,0
2024-11-14,Paneer Butter Masala,Main Course,57,51,Thursday,0,1,Cloudy,11,1
2024-11-14,Dal Makhani,Main Course,67,61,Thursday,0,1,Cloudy,11,1
2024-11-14,Chicken Biryani,Main Course,64,57,Thursday,0,1,Cloudy,11,1
2024-11-14,Mutton Rogan Josh,Main Course,67,33,Thursday,0,1,Cloudy,11,1
2024-11-14,Paneer Tikka,Starters,85,63,Thursday,0,1,Cloudy,11,1
2024-11-14,Chicken Tandoori,Starters,63,41,Thursday,0,1,Cloudy,11,1
2024-11-14,Veg Spring Rolls,Starters,87,79,Thursday,0,1,Cloudy,11,1
2024-11-14,Fish Amritsari,Starters,80,45,Thursday,0,1,Cloudy,11,1
2024-11-14,Butter Naan,Breads,131,114,Thursday,0,1,Cloudy,11,1
2024-11-14,Garlic Naan,Breads,120,87,Thursday,0,1,Cloudy,11,1
2024-11-14,Tandoori Roti,Breads,129,115,Thursday,0,1,Cloudy,11,1
2024-11-14,Gulab Jamun,Desserts,56,49,Thursday,0,1,Cloudy,11,1
2024-11-14,Ras Malai,Desserts,57,50,Thursday,0,1,Cloudy,11,1
2024-11-14,Kheer,Desserts,46,33,Thursday,0,1,Cloudy,11,1
2024-11-14,Kulfi,Desserts,43,31,Thursday,0,1,Cloudy,11,1
2024-11-15,Paneer Butter Masala,Main Course,41,39,Friday,0,0,Cloudy,11,0
2024-11-15,Dal Makhani,Main Course,46,39,Friday,0,0,Cloudy,11,0
2024-11-15,Chicken Biryani,Main Course,45,36,Friday,0,0,Cloudy,11,0
2024-11-15,Mutton Rogan Josh,Main Course,38,27,Friday,0,0,Cloudy,11,0
2024-11-15,Paneer Tikka,Starters,53,50,Friday,0,0,Cloudy,11,0
2024-11-15,Chicken Tandoori,Starters,46,34,Friday,0,0,Cloudy,11,0
2024-11-15,Veg Spring Rolls,Starters,55,40,Friday,0,0,Cloudy,11,0
2024-11-15,Fish Amritsari,Starters,56,40,Friday,0,0,Cloudy,11,0
2024-11-15,Butter Naan,Breads,69,57,Friday,0,0,Cloudy,11,0
2024-11-15,Garlic Naan,Breads,78,64,Friday,0,0,Cloudy,11,0
2024-11-15,Tandoori Roti,Breads,80,75,Friday,0,0,Cloudy,11,0
2024-11-15,Gulab Jamun,Desserts,44,41,Friday,0,0,Cloudy,11,0
2024-11-15,Ras Malai,Desserts,37,32,Friday,0,0,Cloudy,11,0
2024-11-15,Kheer,Desserts,34,28,Friday,0,0,Cloudy,11,0
2024-11-15,Kulfi,Desserts,30,23,Friday,0,0,Cloudy,11,0
2024-11-16,Paneer Butter Masala,Main Course,57,50,Saturday,1,0,Rainy,13,0
2024-11-16,Dal Makhani,Main Course,55,37,Saturday,1,0,Rainy,13,0
2024-11-16,Chicken Biryani,Main Course,55,46,Saturday,1,0,Rainy,13,0
2024-11-16,Mutton Rogan Josh,Main Course,55,34,Saturday,1,0,Rainy,13,0
2024-11-16,Paneer Tikka,Starters,81,72,Saturday,1,0,Rainy,13,0
2024-11-16,Chicken Tandoori,Starters,61,53,Saturday,1,0,Rainy,13,0
2024-11-16,Veg Spring Rolls,Starters,69,53,Saturday,1,0,Rainy,13,0
2024-11-16,Fish Amritsari,Starters,64,46,Saturday,1,0,Rainy,13,0
2024-11-16,Butter Naan,Breads,98,90,Saturday,1,0,Rainy,13,0
2024-11-16,Garlic Naan,Breads,92,65,Saturday,1,0,Rainy,13,0
2024-11-16,Tandoori Roti,Breads,115,77,Saturday,1,0,Rainy,13,0
2024-11-16,Gulab Jamun,Desserts,51,33,Saturday,1,0,Rainy,13,0
2024-11-16,Ras Malai,Desserts,49,43,Saturday,1,0,Rainy,13,0
2024-11-16,Kheer,Desserts,39,35,Saturday,1,0,Rainy,13,0
2024-11-16,Kulfi,Desserts,40,7,Saturday,1,0,Rainy,13,0
2024-11-17,Paneer Butter Masala,Main Course,55,52,Sunday,1,0,Cloudy,14,0
2024-11-17,Dal Makhani,Main Course,66,50,Sunday,1,0,Cloudy,14,0
2024-11-17,Chicken Biryani,Main Course,57,50,Sunday,1,0,Cloudy,14,0
2024-11-17,Mutton Rogan Josh,Main Course,50,25,Sunday,1,0,Cloudy,14,0
2024-11-17,Paneer Tikka,Starters,83,64,Sunday,1,0,Cloudy,14,0
2024-11-17,Chicken Tandoori,Starters,72,65,Sunday,1,0,Cloudy,14,0
2024-11-17,Veg Spring Rolls,Starters,74,55,Sunday,1,0,Cloudy,14,0
2024-11-17,Fish Amritsari,Starters,86,62,Sunday,1,0,Cloudy,14,0
2024-11-17,Butter Naan,Breads,101,96,Sunday,1,0,Cloudy,14,0
2024-11-17,Garlic Naan,Breads,119,105,Sunday,1,0,Cloudy,14,0
2024-11-17,Tandoori Roti,Breads,109,86,Sunday,1,0,Cloudy,14,0
2024-11-17,Gulab Jamun,Desserts,58,51,Sunday,1,0,Cloudy,14,0
2024-11-17,Ras Malai,Desserts,57,41,Sunday,1,0,Cloudy,14,0
2024-11-17,Kheer,Desserts,43,30,Sunday,1,0,Cloudy,14,0
2024-11-17,Kulfi,Desserts,45,33,Sunday,1,0,Cloudy,14,0
2024-11-18,Paneer Butter Masala,Main Course,39,31,Monday,0,0,Rainy,9,0
2024-11-18,Dal Makhani,Main Course,50,44,Monday,0,0,Rainy,9,0
2024-11-18,Chicken Biryani,Main Course,38,32,Monday,0,0,Rainy,9,0
2024-11-18,Mutton Rogan Josh,Main Course,41,21,Monday,0,0,Rainy,9,0
2024-11-18,Paneer Tikka,Starters,49,33,Monday,0,0,Rainy,9,0
2024-11-18,Chicken Tandoori,Starters,48,39,Monday,0,0,Rainy,9,0
2024-11-18,Veg Spring Rolls,Starters,57,42,Monday,0,0,Rainy,9,0
2024-11-18,Fish Amritsari,Starters,46,25,Monday,0,0,Rainy,9,0
2024-11-18,Butter Naan,Breads,75,67,Monday,0,0,Rainy,9,0
2024-11-18,Garlic Naan,Breads,77,65,Monday,0,0,Rainy,9,0
2024-11-18,Tandoori Roti,Breads,75,59,Monday,0,0,Rainy,9,0
2024-11-18,Gulab Jamun,Desserts,34,26,Monday,0,0,Rainy,9,0
2024-11-18,Ras Malai,Desserts,38,34,Monday,0,0,Rainy,9,0
2024-11-18,Kheer,Desserts,30,26,Monday,0,0,Rainy,9,0
2024-11-18,Kulfi,Desserts,29,22,Monday,0,0,Rainy,9,0
2024-11-19,Paneer Butter Masala,Main Course,38,36,Tuesday,0,0,Rainy,10,0
2024-11-19,Dal Makhani,Main Course,39,31,Tuesday,0,0,Rainy,10,0
2024-11-19,Chicken Biryani,Main Course,41,36,Tuesday,0,0,Rainy,10,0
2024-11-19,Mutton Rogan Josh,Main Course,37,22,Tuesday,0,0,Rainy,10,0
2024-11-19,Paneer Tikka,Starters,51,38,Tuesday,0,0,Rainy,10,0
2024-11-19,Chicken Tandoori,Starters,43,36,Tuesday,0,0,Rainy,10,0
2024-11-19,Veg Spring Rolls,Starters,48,40,Tuesday,0,0,Rainy,10,0
2024-11-19,Fish Amritsari,Starters,45,32,Tuesday,0,0,Rainy,10,0
2024-11-19,Butter Naan,Breads,72,69,Tuesday,0,0,Rainy,10,0
2024-11-19,Garlic Naan,Breads,63,47,Tuesday,0,0,Rainy,10,0
2024-11-19,Tandoori Roti,Breads,81,67,Tuesday,0,0,Rainy,10,0
2024-11-19,Gulab Jamun,Desserts,37,24,Tuesday,0,0,Rainy,10,0
2024-11-19,Ras Malai,Desserts,30,26,Tuesday,0,0,Rainy,10,0
2024-11-19,Kheer,Desserts,29,27,Tuesday,0,0,Rainy,10,0
2024-11-19,Kulfi,Desserts,28,19,Tuesday,0,0,Rainy,10,0
2024-11-20,Paneer Butter Masala,Main Course,39,35,Wednesday,0,0,Sunny,12,0
2024-11-20,Dal Makhani,Main Course,53,44,Wednesday,0,0,Sunny,12,0
2024-11-20,Chicken Biryani,Main Course,40,33,Wednesday,0,0,Sunny,12,0
2024-11-20,Mutton Rogan Josh,Main Course,43,25,Wednesday,0,0,Sunny,12,0
2024-11-20,Paneer Tikka,Starters,61,51,Wednesday,0,0,Sunny,12,0
2024-11-20,Chicken Tandoori,Starters,52,40,Wednesday,0,0,Sunny,12,0
2024-11-20,Veg Spring Rolls,Starters,54,36,Wednesday,0,0,Sunny,12,0
2024-11-20,Fish Amritsari,Starters,56,30,Wednesday,0,0,Sunny,12,0
2024-11-20,Butter Naan,Breads,81,75,Wednesday,0,0,Sunny,12,0
2024-11-20,Garlic Naan,Breads,80,69,Wednesday,0,0,Sunny,12,0
2024-11-20,Tandoori Roti,Breads,83,66,Wednesday,0,0,Sunny,12,0
2024-11-20,Gulab Jamun,Desserts,42,35,Wednesday,0,0,Sunny,12,0
2024-11-20,Ras Malai,Desserts,39,34,Wednesday,0,0,Sunny,12,0
2024-11-20,Kheer,Desserts,30,26,Wednesday,0,0,Sunny,12,0
2024-11-20,Kulfi,Desserts,29,20,Wednesday,0,0,Sunny,12,0
2024-11-21,Paneer Butter Masala,Main Course,41,36,Thursday,0,0,Rainy,11,0
2024-11-21,Dal Makhani,Main Course,43,30,Thursday,0,0,Rainy,11,0
2024-11-21,Chicken Biryani,Main Course,38,31,Thursday,0,0,Rainy,11,0
2024-11-21,Mutton Rogan Josh,Main Course,38,26,Thursday,0,0,Rainy,11,0
2024-11-21,Paneer Tikka,Starters,53,42,Thursday,0,0,Rainy,11,0
2024-11-21,Chicken Tandoori,Starters,43,32,Thursday,0,0,Rainy,11,0
2024-11-21,Veg Spring Rolls,Starters,51,39,Thursday,0,0,Rainy,11,0
2024-11-21,Fish Amritsari,Starters,53,39,Thursday,0,0,Rainy,11,0
2024-11-21,Butter Naan,Breads,68,59,Thursday,0,0,Rainy,11,0
2024-11-21,Garlic Naan,Breads,76,56,Thursday,0,0,Rainy,11,0
2024-11-21,Tandoori Roti,Breads,81,58,Thursday,0,0,Rainy,11,0
2024-11-21,Gulab Jamun,Desserts,40,28,Thursday,0,0,Rainy,11,0
2024-11-21,Ras Malai,Desserts,31,27,Thursday,0,0,Rainy,11,0
2024-11-21,Kheer,Desserts,26,18,Thursday,0,0,Rainy,11,0
2024-11-21,Kulfi,Desserts,26,14,Thursday,0,0,Rainy,11,0
2024-11-22,Paneer Butter Masala,Main Course,49,41,Friday,0,0,Cloudy,11,0
2024-11-22,Dal Makhani,Main Course,51,45,Friday,0,0,Cloudy,11,0
2024-11-22,Chicken Biryani,Main Course,38,32,Friday,0,0,Cloudy,11,0
2024-11-22,Mutton Rogan Josh,Main Course,44,14,Friday,0,0,Cloudy,11,0
2024-11-22,Paneer Tikka,Starters,53,48,Friday,0,0,Cloudy,11,0
2024-11-22,Chicken Tandoori,Starters,47,39,Friday,0,0,Cloudy,11,0
2024-11-22,Veg Spring Rolls,Starters,63,48,Friday,0,0,Cloudy,11,0
2024-11-22,Fish Amritsari,Starters,50,32,Friday,0,0,Cloudy,11,0
2024-11-22,Butter Naan,Breads,78,75,Friday,0,0,Cloudy,11,0
2024-11-22,Garlic Naan,Breads,82,53,Friday,0,0,Cloudy,11,0
2024-11-22,Tandoori Roti,Breads,81,57,Friday,0,0,Cloudy,11,0
2024-11-22,Gulab Jamun,Desserts,38,35,Friday,0,0,Cloudy,11,0
2024-11-22,Ras Malai,Desserts,38,32,Friday,0,0,Cloudy,11,0
2024-11-22,Kheer,Desserts,28,20,Friday,0,0,Cloudy,11,0
2024-11-22,Kulfi,Desserts,53,21,Friday,0,0,Cloudy,11,0
2024-11-23,Paneer Butter Masala,Main Course,66,53,Saturday,1,0,Cloudy,14,0
2024-11-23,Dal Makhani,Main Course,62,49,Saturday,1,0,Cloudy,14,0
2024-11-23,Chicken Biryani,Main Course,65,59,Saturday,1,0,Cloudy,14,0
2024-11-23,Mutton Rogan Josh,Main Course,62,40,Saturday,1,0,Cloudy,14,0
2024-11-23,Paneer Tikka,Starters,89,58,Saturday,1,0,Cloudy,14,0
2024-11-23,Chicken Tandoori,Starters,65,45,Saturday,1,0,Cloudy,14,0
2024-11-23,Veg Spring Rolls,Starters,83,77,Saturday,1,0,Cloudy,14,0
2024-11-23,Fish Amritsari,Starters,80,50,Saturday,1,0,Cloudy,14,0
2024-11-23,Butter Naan,Breads,112,102,Saturday,1,0,Cloudy,14,0
2024-11-23,Garlic Naan,Breads,115,96,Saturday,1,0,Cloudy,14,0
2024-11-23,Tandoori Roti,Breads,104,75,Saturday,1,0,Cloudy,14,0
2024-11-23,Gulab Jamun,Desserts,55,41,Saturday,1,0,Cloudy,14,0
2024-11-23,Ras Malai,Desserts,57,46,Saturday,1,0,Cloudy,14,0
2024-11-23,Kheer,Desserts,80,32,Saturday,1,0,Cloudy,14,0
2024-11-23,Kulfi,Desserts,40,30,Saturday,1,0,Cloudy,14,0
2024-11-24,Paneer Butter Masala,Main Course,58,46,Sunday,1,0,Cloudy,13,0
2024-11-24,Dal Makhani,Main Course,72,48,Sunday,1,0,Cloudy,13,0
2024-11-24,Chicken Biryani,Main Course,58,53,Sunday,1,0,Cloudy,13,0
2024-11-24,Mutton Rogan Josh,Main Course,55,39,Sunday,1,0,Cloudy,13,0
2024-11-24,Paneer Tikka,Starters,74,63,Sunday,1,0,Cloudy,13,0
2024-11-24,Chicken Tandoori,Starters,65,54,Sunday,1,0,Cloudy,13,0
2024-11-24,Veg Spring Rolls,Starters,76,58,Sunday,1,0,Cloudy,13,0
2024-11-24,Fish Amritsari,Starters,74,44,Sunday,1,0,Cloudy,13,0
2024-11-24,Butter Naan,Breads,96,85,Sunday,1,0,Cloudy,13,0
2024-11-24,Garlic Naan,Breads,113,75,Sunday,1,0,Cloudy,13,0
2024-11-24,Tandoori Roti,Breads,112,77,Sunday,1,0,Cloudy,13,0
2024-11-24,Gulab Jamun,Desserts,49,34,Sunday,1,0,Cloudy,13,0
2024-11-24,Ras Malai,Desserts,50,47,Sunday,1,0,Cloudy,13,0
2024-11-24,Kheer,Desserts,43,37,Sunday,1,0,Cloudy,13,0
2024-11-24,Kulfi,Desserts,43,34,Sunday,1,0,Cloudy,13,0
2024-11-25,Paneer Butter Masala,Main Course,43,35,Monday,0,0,Cloudy,10,0
2024-11-25,Dal Makhani,Main Course,47,33,Monday,0,0,Cloudy,10,0
2024-11-25,Chicken Biryani,Main Course,44,40,Monday,0,0,Cloudy,10,0
2024-11-25,Mutton Rogan Josh,Main Course,38,27,Monday,0,0,Cloudy,10,0
2024-11-25,Paneer Tikka,Starters,57,48,Monday,0,0,Cloudy,10,0
2024-11-25,Chicken Tandoori,Starters,52,38,Monday,0,0,Cloudy,10,0
2024-11-25,Veg Spring Rolls,Starters,117,46,Monday,0,0,Cloudy,10,0
2024-11-25,Fish Amritsari,Starters,61,33,Monday,0,0,Cloudy,10,0
2024-11-25,Butter Naan,Breads,83,76,Monday,0,0,Cloudy,10,0
2024-11-25,Garlic Naan,Breads,78,68,Monday,0,0,Cloudy,10,0
2024-11-25,Tandoori Roti,Breads,88,80,Monday,0,0,Cloudy,10,0
2024-11-25,Gulab Jamun,Desserts,35,32,Monday,0,0,Cloudy,10,0
2024-11-25,Ras Malai,Desserts,36,32,Monday,0,0,Cloudy,10,0
2024-11-25,Kheer,Desserts,35,31,Monday,0,0,Cloudy,10,0
2024-11-25,Kulfi,Desserts,28,18,Monday,0,0,Cloudy,10,0
2024-11-26,Paneer Butter Masala,Main Course,42,34,Tuesday,0,0,Rainy,12,0
2024-11-26,Dal Makhani,Main Course,47,32,Tuesday,0,0,Rainy,12,0
2024-11-26,Chicken Biryani,Main Course,40,35,Tuesday,0,0,Rainy,12,0
2024-11-26,Mutton Rogan Josh,Main Course,40,20,Tuesday,0,0,Rainy,12,0
2024-11-26,Paneer Tikka,Starters,53,43,Tuesday,0,0,Rainy,12,0
2024-11-26,Chicken Tandoori,Starters,52,37,Tuesday,0,0,Rainy,12,0
2024-11-26,Veg Spring Rolls,Starters,47,37,Tuesday,0,0,Rainy,12,0
2024-11-26,Fish Amritsari,Starters,55,36,Tuesday,0,0,Rainy,12,0
2024-11-26,Butter Naan,Breads,71,56,Tuesday,0,0,Rainy,12,0
2024-11-26,Garlic Naan,Breads,63,46,Tuesday,0,0,Rainy,12,0
2024-11-26,Tandoori Roti,Breads,76,59,Tuesday,0,0,Rainy,12,0
2024-11-26,Gulab Jamun,Desserts,36,30,Tuesday,0,0,Rainy,12,0
2024-11-26,Ras Malai,Desserts,31,21,Tuesday,0,0,Rainy,12,0
2024-11-26,Kheer,Desserts,30,25,Tuesday,0,0,Rainy,12,0
2024-11-26,Kulfi,Desserts,29,15,Tuesday,0,0,Rainy,12,0
2024-11-27,Paneer Butter Masala,Main Course,47,42,Wednesday,0,0,Sunny,10,0
2024-11-27,Dal Makhani,Main Course,44,39,Wednesday,0,0,Sunny,10,0
2024-11-27,Chicken Biryani,Main Course,38,33,Wednesday,0,0,Sunny,10,0
2024-11-27,Mutton Rogan Josh,Main Course,41,30,Wednesday,0,0,Sunny,10,0
2024-11-27,Paneer Tikka,Starters,55,36,Wednesday,0,0,Sunny,10,0
2024-11-27,Chicken Tandoori,Starters,53,36,Wednesday,0,0,Sunny,10,0
2024-11-27,Veg Spring Rolls,Starters,52,41,Wednesday,0,0,Sunny,10,0
2024-11-27,Fish Amritsari,Starters,50,33,Wednesday,0,0,Sunny,10,0
2024-11-27,Butter Naan,Breads,84,71,Wednesday,0,0,Sunny,10,0
2024-11-27,Garlic Naan,Breads,76,51,Wednesday,0,0,Sunny,10,0
2024-11-27,Tandoori Roti,Breads,79,60,Wednesday,0,0,Sunny,10,0
2024-11-27,Gulab Jamun,Desserts,44,28,Wednesday,0,0,Sunny,10,0
2024-11-27,Ras Malai,Desserts,36,30,Wednesday,0,0,Sunny,10,0
2024-11-27,Kheer,Desserts,28,25,Wednesday,0,0,Sunny,10,0
2024-11-27,Kulfi,Desserts,30,23,Wednesday,0,0,Sunny,10,0
2024-11-28,Paneer Butter Masala,Main Course,43,35,Thursday,0,0,Cloudy,11,0
2024-11-28,Dal Makhani,Main Course,49,43,Thursday,0,0,Cloudy,11,0
2024-11-28,Chicken Biryani,Main Course,44,37,Thursday,0,0,Cloudy,11,0
2024-11-28,Mutton Rogan Josh,Main Course,39,30,Thursday,0,0,Cloudy,11,0
2024-11-28,Paneer Tikka,Starters,62,58,Thursday,0,0,Cloudy,11,0
2024-11-28,Chicken Tandoori,Starters,50,33,Thursday,0,0,Cloudy,11,0
2024-11-28,Veg Spring Rolls,Starters,61,55,Thursday,0,0,Cloudy,11,0
2024-11-28,Fish Amritsari,Starters,50,38,Thursday,0,0,Cloudy,11,0
2024-11-28,Butter Naan,Breads,69,63,Thursday,0,0,Cloudy,11,0
2024-11-28,Garlic Naan,Breads,68,57,Thursday,0,0,Cloudy,11,0
2024-11-28,Tandoori Roti,Breads,89,80,Thursday,0,0,Cloudy,11,0
2024-11-28,Gulab Jamun,Desserts,40,30,Thursday,0,0,Cloudy,11,0
2024-11-28,Ras Malai,Desserts,33,10,Thursday,0,0,Cloudy,11,0
2024-11-28,Kheer,Desserts,32,29,Thursday,0,0,Cloudy,11,0
2024-11-28,Kulfi,Desserts,44,21,Thursday,0,0,Cloudy,11,0
2024-11-29,Paneer Butter Masala,Main Course,39,34,Friday,0,0,Cloudy,8,0
2024-11-29,Dal Makhani,Main Course,47,43,Friday,0,0,Cloudy,8,0
2024-11-29,Chicken Biryani,Main Course,43,41,Friday,0,0,Cloudy,8,0
2024-11-29,Mutton Rogan Josh,Main Course,45,34,Friday,0,0,Cloudy,8,0
2024-11-29,Paneer Tikka,Starters,52,44,Friday,0,0,Cloudy,8,0
2024-11-29,Chicken Tandoori,Starters,45,37,Friday,0,0,Cloudy,8,0
2024-11-29,Veg Spring Rolls,Starters,55,52,Friday,0,0,Cloudy,8,0
2024-11-29,Fish Amritsari,Starters,49,32,Friday,0,0,Cloudy,8,0
2024-11-29,Butter Naan,Breads,82,71,Friday,0,0,Cloudy,8,0
2024-11-29,Garlic Naan,Breads,68,62,Friday,0,0,Cloudy,8,0
2024-11-29,Tandoori Roti,Breads,88,77,Friday,0,0,Cloudy,8,0
2024-11-29,Gulab Jamun,Desserts,44,38,Friday,0,0,Cloudy,8,0
2024-11-29,Ras Malai,Desserts,38,30,Friday,0,0,Cloudy,8,0
2024-11-29,Kheer,Desserts,32,29,Friday,0,0,Cloudy,8,0
2024-11-29,Kulfi,Desserts,33,19,Friday,0,0,Cloudy,8,0
2024-11-30,Paneer Butter Masala,Main Course,66,64,Saturday,1,0,Sunny,14,0
2024-11-30,Dal Makhani,Main Course,66,54,Saturday,1,0,Sunny,14,0
2024-11-30,Chicken Biryani,Main Course,55,44,Saturday,1,0,Sunny,14,0
2024-11-30,Mutton Rogan Josh,Main Course,51,37,Saturday,1,0,Sunny,14,0
2024-11-30,Paneer Tikka,Starters,74,54,Saturday,1,0,Sunny,14,0
2024-11-30,Chicken Tandoori,Starters,69,61,Saturday,1,0,Sunny,14,0
2024-11-30,Veg Spring Rolls,Starters,81,60,Saturday,1,0,Sunny,14,0
2024-11-30,Fish Amritsari,Starters,79,46,Saturday,1,0,Sunny,14,0
2024-11-30,Butter Naan,Breads,118,100,Saturday,1,0,Sunny,14,0
2024-11-30,Garlic Naan,Breads,110,99,Saturday,1,0,Sunny,14,0
2024-11-30,Tandoori Roti,Breads,108,78,Saturday,1,0,Sunny,14,0
2024-11-30,Gulab Jamun,Desserts,62,49,Saturday,1,0,Sunny,14,0
2024-11-30,Ras Malai,Desserts,48,35,Saturday,1,0,Sunny,14,0
2024-11-30,Kheer,Desserts,44,32,Saturday,1,0,Sunny,14,0
2024-11-30,Kulfi,Desserts,39,30,Saturday,1,0,Sunny,14,0
2024-12-01,Paneer Butter Masala,Main Course,62,51,Sunday,1,0,Cloudy,13,0
2024-12-01,Dal Makhani,Main Course,78,67,Sunday,1,0,Cloudy,13,0
2024-12-01,Chicken Biryani,Main Course,64,53,Sunday,1,0,Cloudy,13,0
2024-12-01,Mutton Rogan Josh,Main Course,73,40,Sunday,1,0,Cloudy,13,0
2024-12-01,Paneer Tikka,Starters,95,73,Sunday,1,0,Cloudy,13,0
2024-12-01,Chicken Tandoori,Starters,91,85,Sunday,1,0,Cloudy,13,0
2024-12-01,Veg Spring Rolls,Starters,83,74,Sunday,1,0,Cloudy,13,0
2024-12-01,Fish Amritsari,Starters,90,67,Sunday,1,0,Cloudy,13,0
2024-12-01,Butter Naan,Breads,113,109,Sunday,1,0,Cloudy,13,0
2024-12-01,Garlic Naan,Breads,118,105,Sunday,1,0,Cloudy,13,0
2024-12-01,Tandoori Roti,Breads,227,104,Sunday,1,0,Cloudy,13,0
2024-12-01,Gulab Jamun,Desserts,64,23,Sunday,1,0,Cloudy,13,0
2024-12-01,Ras Malai,Desserts,55,45,Sunday,1,0,Cloudy,13,0
2024-12-01,Kheer,Desserts,50,46,Sunday,1,0,Cloudy,13,0
2024-12-01,Kulfi,Desserts,52,34,Sunday,1,0,Cloudy,13,0
2024-12-02,Paneer Butter Masala,Main Course,67,60,Monday,0,0,Sunny,11,1
2024-12-02,Dal Makhani,Main Course,64,42,Monday,0,0,Sunny,11,1
2024-12-02,Chicken Biryani,Main Course,62,51,Monday,0,0,Sunny,11,1
2024-12-02,Mutton Rogan Josh,Main Course,59,43,Monday,0,0,Sunny,11,1
2024-12-02,Paneer Tikka,Starters,73,66,Monday,0,0,Sunny,11,1
2024-12-02,Chicken Tandoori,Starters,66,61,Monday,0,0,Sunny,11,1
2024-12-02,Veg Spring Rolls,Starters,88,59,Monday,0,0,Sunny,11,1
2024-12-02,Fish Amritsari,Starters,85,56,Monday,0,0,Sunny,11,1
2024-12-02,Butter Naan,Breads,114,97,Monday,0,0,Sunny,11,1
2024-12-02,Garlic Naan,Breads,97,70,Monday,0,0,Sunny,11,1
2024-12-02,Tandoori Roti,Breads,112,86,Monday,0,0,Sunny,11,1
2024-12-02,Gulab Jamun,Desserts,53,48,Monday,0,0,Sunny,11,1
2024-12-02,Ras Malai,Desserts,55,48,Monday,0,0,Sunny,11,1
2024-12-02,Kheer,Desserts,47,36,Monday,0,0,Sunny,11,1
2024-12-02,Kulfi,Desserts,40,22,Monday,0,0,Sunny,11,1
2024-12-03,Paneer Butter Masala,Main Course,56,51,Tuesday,0,0,Sunny,12,0
2024-12-03,Dal Makhani,Main Course,50,43,Tuesday,0,0,Sunny,12,0
2024-12-03,Chicken Biryani,Main Course,49,44,Tuesday,0,0,Sunny,12,0
2024-12-03,Mutton Rogan Josh,Main Course,50,36,Tuesday,0,0,Sunny,12,0
2024-12-03,Paneer Tikka,Starters,59,42,Tuesday,0,0,Sunny,12,0
2024-12-03,Chicken Tandoori,Starters,52,34,Tuesday,0,0,Sunny,12,0
2024-12-03,Veg Spring Rolls,Starters,64,52,Tuesday,0,0,Sunny,12,0
2024-12-03,Fish Amritsari,Starters,64,38,Tuesday,0,0,Sunny,12,0
2024-12-03,Butter Naan,Breads,96,89,Tuesday,0,0,Sunny,12,0
2024-12-03,Garlic Naan,Breads,87,60,Tuesday,0,0,Sunny,12,0
2024-12-03,Tandoori Roti,Breads,88,70,Tuesday,0,0,Sunny,12,0
2024-12-03,Gulab Jamun,Desserts,48,45,Tuesday,0,0,Sunny,12,0
2024-12-03,Ras Malai,Desserts,39,30,Tuesday,0,0,Sunny,12,0
2024-12-03,Kheer,Desserts,39,27,Tuesday,0,0,Sunny,12,0
2024-12-03,Kulfi,Desserts,35,25,Tuesday,0,0,Sunny,12,0
2024-12-04,Paneer Butter Masala,Main Course,48,45,Wednesday,0,0,Cloudy,11,0
2024-12-04,Dal Makhani,Main Course,61,53,Wednesday,0,0,Cloudy,11,0
2024-12-04,Chicken Biryani,Main Course,52,48,Wednesday,0,0,Cloudy,11,0
2024-12-04,Mutton Rogan Josh,Main Course,42,21,Wednesday,0,0,Cloudy,11,0
2024-12-04,Paneer Tikka,Starters,62,53,Wednesday,0,0,Cloudy,11,0
2024-12-04,Chicken Tandoori,Starters,64,43,Wednesday,0,0,Cloudy,11,0
2024-12-04,Veg Spring Rolls,Starters,63,46,Wednesday,0,0,Cloudy,11,0
2024-12-04,Fish Amritsari,Starters,68,46,Wednesday,0,0,Cloudy,11,0
2024-12-04,Butter Naan,Breads,100,97,Wednesday,0,0,Cloudy,11,0
2024-12-04,Garlic Naan,Breads,154,57,Wednesday,0,0,Cloudy,11,0
2024-12-04,Tandoori Roti,Breads,93,82,Wednesday,0,0,Cloudy,11,0
2024-12-04,Gulab Jamun,Desserts,49,37,Wednesday,0,0,Cloudy,11,0
2024-12-04,Ras Malai,Desserts,39,29,Wednesday,0,0,Cloudy,11,0
2024-12-04,Kheer,Desserts,33,25,Wednesday,0,0,Cloudy,11,0
2024-12-04,Kulfi,Desserts,34,6,Wednesday,0,0,Cloudy,11,0
2024-12-05,Paneer Butter Masala,Main Course,53,47,Thursday,0,0,Sunny,11,0
2024-12-05,Dal Makhani,Main Course,63,57,Thursday,0,0,Sunny,11,0
2024-12-05,Chicken Biryani,Main Course,52,48,Thursday,0,0,Sunny,11,0
2024-12-05,Mutton Rogan Josh,Main Course,46,27,Thursday,0,0,Sunny,11,0
2024-12-05,Paneer Tikka,Starters,133,48,Thursday,0,0,Sunny,11,0
2024-12-05,Chicken Tandoori,Starters,56,40,Thursday,0,0,Sunny,11,0
2024-12-05,Veg Spring Rolls,Starters,66,47,Thursday,0,0,Sunny,11,0
2024-12-05,Fish Amritsari,Starters,56,42,Thursday,0,0,Sunny,11,0
2024-12-05,Butter Naan,Breads,84,68,Thursday,0,0,Sunny,11,0
2024-12-05,Garlic Naan,Breads,83,55,Thursday,0,0,Sunny,11,0
2024-12-05,Tandoori Roti,Breads,87,71,Thursday,0,0,Sunny,11,0
2024-12-05,Gulab Jamun,Desserts,43,38,Thursday,0,0,Sunny,11,0
2024-12-05,Ras Malai,Desserts,38,25,Thursday,0,0,Sunny,11,0
2024-12-05,Kheer,Desserts,39,33,Thursday,0,0,Sunny,11,0
2024-12-05,Kulfi,Desserts,37,21,Thursday,0,0,Sunny,11,0
2024-12-06,Paneer Butter Masala,Main Course,50,42,Friday,0,0,Cloudy,12,0
2024-12-06,Dal Makhani,Main Course,61,48,Friday,0,0,Cloudy,12,0
2024-12-06,Chicken Biryani,Main Course,51,49,Friday,0,0,Cloudy,12,0
2024-12-06,Mutton Rogan Josh,Main Course,48,35,Friday,0,0,Cloudy,12,0
2024-12-06,Paneer Tikka,Starters,67,60,Friday,0,0,Cloudy,12,0
2024-12-06,Chicken Tandoori,Starters,62,52,Friday,0,0,Cloudy,12,0
2024-12-06,Veg Spring Rolls,Starters,62,51,Friday,0,0,Cloudy,12,0
2024-12-06,Fish Amritsari,Starters,59,32,Friday,0,0,Cloudy,12,0
2024-12-06,Butter Naan,Breads,98,85,Friday,0,0,Cloudy,12,0
2024-12-06,Garlic Naan,Breads,92,72,Friday,0,0,Cloudy,12,0
2024-12-06,Tandoori Roti,Breads,102,79,Friday,0,0,Cloudy,12,0
2024-12-06,Gulab Jamun,Desserts,43,28,Friday,0,0,Cloudy,12,0
2024-12-06,Ras Malai,Desserts,38,31,Friday,0,0,Cloudy,12,0
2024-12-06,Kheer,Desserts,33,29,Friday,0,0,Cloudy,12,0
2024-12-06,Kulfi,Desserts,34,25,Friday,0,0,Cloudy,12,0
2024-12-07,Paneer Butter Masala,Main Course,64,54,Saturday,1,0,Cloudy,10,0
2024-12-07,Dal Makhani,Main Course,74,51,Saturday,1,0,Cloudy,10,0
2024-12-07,Chicken Biryani,Main Course,64,61,Saturday,1,0,Cloudy,10,0
2024-12-07,Mutton Rogan Josh,Main Course,62,43,Saturday,1,0,Cloudy,10,0
2024-12-07,Paneer Tikka,Starters,99,77,Saturday,1,0,Cloudy,10,0
2024-12-07,Chicken Tandoori,Starters,82,60,Saturday,1,0,Cloudy,10,0
2024-12-07,Veg Spring Rolls,Starters,100,76,Saturday,1,0,Cloudy,10,0
2024-12-07,Fish Amritsari,Starters,78,59,Saturday,1,0,Cloudy,10,0
2024-12-07,Butter Naan,Breads,247,111,Saturday,1,0,Cloudy,10,0
2024-12-07,Garlic Naan,Breads,123,82,Saturday,1,0,Cloudy,10,0
2024-12-07,Tandoori Roti,Breads,118,85,Saturday,1,0,Cloudy,10,0
2024-12-07,Gulab Jamun,Desserts,69,47,Saturday,1,0,Cloudy,10,0
2024-12-07,Ras Malai,Desserts,68,46,Saturday,1,0,Cloudy,10,0
2024-12-07,Kheer,Desserts,48,41,Saturday,1,0,Cloudy,10,0
2024-12-07,Kulfi,Desserts,46,33,Saturday,1,0,Cloudy,10,0
2024-12-08,Paneer Butter Masala,Main Course,80,64,Sunday,1,0,Rainy,12,1
2024-12-08,Dal Makhani,Main Course,92,82,Sunday,1,0,Rainy,12,1
2024-12-08,Chicken Biryani,Main Course,79,66,Sunday,1,0,Rainy,12,1
2024-12-08,Mutton Rogan Josh,Main Course,69,38,Sunday,1,0,Rainy,12,1
2024-12-08,Paneer Tikka,Starters,104,77,Sunday,1,0,Rainy,12,1
2024-12-08,Chicken Tandoori,Starters,93,64,Sunday,1,0,Rainy,12,1
2024-12-08,Veg Spring Rolls,Starters,90,73,Sunday,1,0,Rainy,12,1
2024-12-08,Fish Amritsari,Starters,109,78,Sunday,1,0,Rainy,12,1
2024-12-08,Butter Naan,Breads,140,131,Sunday,1,0,Rainy,12,1
2024-12-08,Garlic Naan,Breads,150,117,Sunday,1,0,Rainy,12,1
2024-12-08,Tandoori Roti,Breads,138,119,Sunday,1,0,Rainy,12,1
2024-12-08,Gulab Jamun,Desserts,64,52,Sunday,1,0,Rainy,12,1
2024-12-08,Ras Malai,Desserts,68,59,Sunday,1,0,Rainy,12,1
2024-12-08,Kheer,Desserts,50,46,Sunday,1,0,Rainy,12,1
2024-12-08,Kulfi,Desserts,61,30,Sunday,1,0,Rainy,12,1
2024-12-09,Paneer Butter Masala,Main Course,43,37,Monday,0,0,Rainy,8,0
2024-12-09,Dal Makhani,Main Course,57,41,Monday,0,0,Rainy,8,0
2024-12-09,Chicken Biryani,Main Course,44,42,Monday,0,0,Rainy,8,0
2024-12-09,Mutton Rogan Josh,Main Course,46,24,Monday,0,0,Rainy,8,0
2024-12-09,Paneer Tikka,Starters,54,48,Monday,0,0,Rainy,8,0
2024-12-09,Chicken Tandoori,Starters,51,44,Monday,0,0,Rainy,8,0
2024-12-09,Veg Spring Rolls,Starters,55,46,Monday,0,0,Rainy,8,0
2024-12-09,Fish Amritsari,Starters,53,36,Monday,0,0,Rainy,8,0
2024-12-09,Butter Naan,Breads,88,85,Monday,0,0,Rainy,8,0
2024-12-09,Garlic Naan,Breads,138,71,Monday,0,0,Rainy,8,0
2024-12-09,Tandoori Roti,Breads,86,71,Monday,0,0,Rainy,8,0
2024-12-09,Gulab Jamun,Desserts,46,40,Monday,0,0,Rainy,8,0
2024-12-09,Ras Malai,Desserts,43,34,Monday,0,0,Rainy,8,0
2024-12-09,Kheer,Desserts,53,25,Monday,0,0,Rainy,8,0
2024-12-09,Kulfi,Desserts,30,21,Monday,0,0,Rainy,8,0
2024-12-10,Paneer Butter Masala,Main Course,49,47,Tuesday,0,0,Rainy,8,0
2024-12-10,Dal Makhani,Main Course,49,36,Tuesday,0,0,Rainy,8,0
2024-12-10,Chicken Biryani,Main Course,41,35,Tuesday,0,0,Rainy,8,0
2024-12-10,Mutton Rogan Josh,Main Course,43,33,Tuesday,0,0,Rainy,8,0
2024-12-10,Paneer Tikka,Starters,53,49,Tuesday,0,0,Rainy,8,0
2024-12-10,Chicken Tandoori,Starters,47,40,Tuesday,0,0,Rainy,8,0
2024-12-10,Veg Spring Rolls,Starters,59,53,Tuesday,0,0,Rainy,8,0
2024-12-10,Fish Amritsari,Starters,51,39,Tuesday,0,0,Rainy,8,0
2024-12-10,Butter Naan,Breads,82,30,Tuesday,0,0,Rainy,8,0
2024-12-10,Garlic Naan,Breads,79,61,Tuesday,0,0,Rainy,8,0
2024-12-10,Tandoori Roti,Breads,81,62,Tuesday,0,0,Rainy,8,0
2024-12-10,Gulab Jamun,Desserts,43,34,Tuesday,0,0,Rainy,8,0
2024-12-10,Ras Malai,Desserts,40,31,Tuesday,0,0,Rainy,8,0
2024-12-10,Kheer,Desserts,37,31,Tuesday,0,0,Rainy,8,0
2024-12-10,Kulfi,Desserts,32,16,Tuesday,0,0,Rainy,8,0
2024-12-11,Paneer Butter Masala,Main Course,52,49,Wednesday,0,0,Cloudy,11,0
2024-12-11,Dal Makhani,Main Course,59,55,Wednesday,0,0,Cloudy,11,0
2024-12-11,Chicken Biryani,Main Course,52,47,Wednesday,0,0,Cloudy,11,0
2024-12-11,Mutton Rogan Josh,Main Course,41,22,Wednesday,0,0,Cloudy,11,0
2024-12-11,Paneer Tikka,Starters,67,62,Wednesday,0,0,Cloudy,11,0
2024-12-11,Chicken Tandoori,Starters,65,42,Wednesday,0,0,Cloudy,11,0
2024-12-11,Veg Spring Rolls,Starters,70,46,Wednesday,0,0,Cloudy,11,0
2024-12-11,Fish Amritsari,Starters,56,29,Wednesday,0,0,Cloudy,11,0
2024-12-11,Butter Naan,Breads,91,87,Wednesday,0,0,Cloudy,11,0
2024-12-11,Garlic Naan,Breads,82,60,Wednesday,0,0,Cloudy,11,0
2024-12-11,Tandoori Roti,Breads,100,88,Wednesday,0,0,Cloudy,11,0
2024-12-11,Gulab Jamun,Desserts,43,37,Wednesday,0,0,Cloudy,11,0
2024-12-11,Ras Malai,Desserts,38,31,Wednesday,0,0,Cloudy,11,0
2024-12-11,Kheer,Desserts,38,27,Wednesday,0,0,Cloudy,11,0
2024-12-11,Kulfi,Desserts,35,21,Wednesday,0,0,Cloudy,11,0
2024-12-12,Paneer Butter Masala,Main Course,45,39,Thursday,0,0,Rainy,10,0
2024-12-12,Dal Makhani,Main Course,49,42,Thursday,0,0,Rainy,10,0
2024-12-12,Chicken Biryani,Main Course,40,38,Thursday,0,0,Rainy,10,0
2024-12-12,Mutton Rogan Josh,Main Course,40,27,Thursday,0,0,Rainy,10,0
2024-12-12,Paneer Tikka,Starters,67,45,Thursday,0,0,Rainy,10,0
2024-12-12,Chicken Tandoori,Starters,53,43,Thursday,0,0,Rainy,10,0
2024-12-12,Veg Spring Rolls,Starters,65,54,Thursday,0,0,Rainy,10,0
2024-12-12,Fish Amritsari,Starters,61,44,Thursday,0,0,Rainy,10,0
2024-12-12,Butter Naan,Breads,73,59,Thursday,0,0,Rainy,10,0
2024-12-12,Garlic Naan,Breads,91,68,Thursday,0,0,Rainy,10,0
2024-12-12,Tandoori Roti,Breads,83,58,Thursday,0,0,Rainy,10,0
2024-12-12,Gulab Jamun,Desserts,41,27,Thursday,0,0,Rainy,10,0
2024-12-12,Ras Malai,Desserts,43,40,Thursday,0,0,Rainy,10,0
2024-12-12,Kheer,Desserts,30,26,Thursday,0,0,Rainy,10,0
2024-12-12,Kulfi,Desserts,33,25,Thursday,0,0,Rainy,10,0
2024-12-13,Paneer Butter Masala,Main Course,54,47,Friday,0,0,Cloudy,9,0
2024-12-13,Dal Makhani,Main Course,62,51,Friday,0,0,Cloudy,9,0
2024-12-13,Chicken Biryani,Main Course,44,40,Friday,0,0,Cloudy,9,0
2024-12-13,Mutton Rogan Josh,Main Course,49,34,Friday,0,0,Cloudy,9,0
2024-12-13,Paneer Tikka,Starters,67,52,Friday,0,0,Cloudy,9,0
2024-12-13,Chicken Tandoori,Starters,64,49,Friday,0,0,Cloudy,9,0
2024-12-13,Veg Spring Rolls,Starters,68,55,Friday,0,0,Cloudy,9,0
2024-12-13,Fish Amritsari,Starters,98,47,Friday,0,0,Cloudy,9,0
2024-12-13,Butter Naan,Breads,84,25,Friday,0,0,Cloudy,9,0
2024-12-13,Garlic Naan,Breads,79,66,Friday,0,0,Cloudy,9,0
2024-12-13,Tandoori Roti,Breads,82,70,Friday,0,0,Cloudy,9,0
2024-12-13,Gulab Jamun,Desserts,48,45,Friday,0,0,Cloudy,9,0
2024-12-13,Ras Malai,Desserts,44,30,Friday,0,0,Cloudy,9,0
2024-12-13,Kheer,Desserts,40,37,Friday,0,0,Cloudy,9,0
2024-12-13,Kulfi,Desserts,39,23,Friday,0,0,Cloudy,9,0
2024-12-14,Paneer Butter Masala,Main Course,78,65,Saturday,1,0,Cloudy,13,0
2024-12-14,Dal Makhani,Main Course,88,69,Saturday,1,0,Cloudy,13,0
2024-12-14,Chicken Biryani,Main Course,72,60,Saturday,1,0,Cloudy,13,0
2024-12-14,Mutton Rogan Josh,Main Course,60,36,Saturday,1,0,Cloudy,13,0
2024-12-14,Paneer Tikka,Starters,96,70,Saturday,1,0,Cloudy,13,0
2024-12-14,Chicken Tandoori,Starters,85,27,Saturday,1,0,Cloudy,13,0
2024-12-14,Veg Spring Rolls,Starters,98,76,Saturday,1,0,Cloudy,13,0
2024-12-14,Fish Amritsari,Starters,98,66,Saturday,1,0,Cloudy,13,0
2024-12-14,Butter Naan,Breads,134,128,Saturday,1,0,Cloudy,13,0
2024-12-14,Garlic Naan,Breads,120,92,Saturday,1,0,Cloudy,13,0
2024-12-14,Tandoori Roti,Breads,129,89,Saturday,1,0,Cloudy,13,0
2024-12-14,Gulab Jamun,Desserts,66,58,Saturday,1,0,Cloudy,13,0
2024-12-14,Ras Malai,Desserts,59,55,Saturday,1,0,Cloudy,13,0
2024-12-14,Kheer,Desserts,49,37,Saturday,1,0,Cloudy,13,0
2024-12-14,Kulfi,Desserts,55,28,Saturday,1,0,Cloudy,13,0
2024-12-15,Paneer Butter Masala,Main Course,82,76,Sunday,1,0,Rainy,16,1
2024-12-15,Dal Makhani,Main Course,88,70,Sunday,1,0,Rainy,16,1
2024-12-15,Chicken Biryani,Main Course,83,73,Sunday,1,0,Rainy,16,1
2024-12-15,Mutton Rogan Josh,Main Course,80,46,Sunday,1,0,Rainy,16,1
2024-12-15,Paneer Tikka,Starters,105,86,Sunday,1,0,Rainy,16,1
2024-12-15,Chicken Tandoori,Starters,87,67,Sunday,1,0,Rainy,16,1
2024-12-15,Veg Spring Rolls,Starters,98,90,Sunday,1,0,Rainy,16,1
2024-12-15,Fish Amritsari,Starters,160,75,Sunday,1,0,Rainy,16,1
2024-12-15,Butter Naan,Breads,132,106,Sunday,1,0,Rainy,16,1
2024-12-15,Garlic Naan,Breads,121,99,Sunday,1,0,Rainy,16,1
2024-12-15,Tandoori Roti,Breads,129,105,Sunday,1,0,Rainy,16,1
2024-12-15,Gulab Jamun,Desserts,75,68,Sunday,1,0,Rainy,16,1
2024-12-15,Ras Malai,Desserts,72,49,Sunday,1,0,Rainy,16,1
2024-12-15,Kheer,Desserts,61,43,Sunday,1,0,Rainy,16,1
2024-12-15,Kulfi,Desserts,58,38,Sunday,1,0,Rainy,16,1
2024-12-16,Paneer Butter Masala,Main Course,53,46,Monday,0,0,Sunny,8,0
2024-12-16,Dal Makhani,Main Course,62,42,Monday,0,0,Sunny,8,0
2024-12-16,Chicken Biryani,Main Course,53,51,Monday,0,0,Sunny,8,0
2024-12-16,Mutton Rogan Josh,Main Course,47,29,Monday,0,0,Sunny,8,0
2024-12-16,Paneer Tikka,Starters,73,64,Monday,0,0,Sunny,8,0
2024-12-16,Chicken Tandoori,Starters,60,50,Monday,0,0,Sunny,8,0
2024-12-16,Veg Spring Rolls,Starters,67,62,Monday,0,0,Sunny,8,0
2024-12-16,Fish Amritsari,Starters,64,38,Monday,0,0,Sunny,8,0
2024-12-16,Butter Naan,Breads,99,92,Monday,0,0,Sunny,8,0
2024-12-16,Garlic Naan,Breads,95,77,Monday,0,0,Sunny,8,0
2024-12-16,Tandoori Roti,Breads,92,74,Monday,0,0,Sunny,8,0
2024-12-16,Gulab Jamun,Desserts,50,18,Monday,0,0,Sunny,8,0
2024-12-16,Ras Malai,Desserts,43,31,Monday,0,0,Sunny,8,0
2024-12-16,Kheer,Desserts,40,26,Monday,0,0,Sunny,8,0
2024-12-16,Kulfi,Desserts,39,25,Monday,0,0,Sunny,8,0
2024-12-17,Paneer Butter Masala,Main Course,44,38,Tuesday,0,0,Sunny,8,0
2024-12-17,Dal Makhani,Main Course,51,37,Tuesday,0,0,Sunny,8,0
2024-12-17,Chicken Biryani,Main Course,55,48,Tuesday,0,0,Sunny,8,0
2024-12-17,Mutton Rogan Josh,Main Course,52,31,Tuesday,0,0,Sunny,8,0
2024-12-17,Paneer Tikka,Starters,59,43,Tuesday,0,0,Sunny,8,0
2024-12-17,Chicken Tandoori,Starters,54,40,Tuesday,0,0,Sunny,8,0
2024-12-17,Veg Spring Rolls,Starters,70,54,Tuesday,0,0,Sunny,8,0
2024-12-17,Fish Amritsari,Starters,60,42,Tuesday,0,0,Sunny,8,0
2024-12-17,Butter Naan,Breads,83,76,Tuesday,0,0,Sunny,8,0
2024-12-17,Garlic Naan,Breads,82,73,Tuesday,0,0,Sunny,8,0
2024-12-17,Tandoori Roti,Breads,98,80,Tuesday,0,0,Sunny,8,0
2024-12-17,Gulab Jamun,Desserts,40,29,Tuesday,0,0,Sunny,8,0
2024-12-17,Ras Malai,Desserts,40,36,Tuesday,0,0,Sunny,8,0
2024-12-17,Kheer,Desserts,36,28,Tuesday,0,0,Sunny,8,0
2024-12-17,Kulfi,Desserts,31,21,Tuesday,0,0,Sunny,8,0
2024-12-18,Paneer Butter Masala,Main Course,52,46,Wednesday,0,0,Cloudy,8,0
2024-12-18,Dal Makhani,Main Course,62,41,Wednesday,0,0,Cloudy,8,0
2024-12-18,Chicken Biryani,Main Course,48,45,Wednesday,0,0,Cloudy,8,0
2024-12-18,Mutton Rogan Josh,Main Course,46,27,Wednesday,0,0,Cloudy,8,0
2024-12-18,Paneer Tikka,Starters,62,52,Wednesday,0,0,Cloudy,8,0
2024-12-18,Chicken Tandoori,Starters,52,49,Wednesday,0,0,Cloudy,8,0
2024-12-18,Veg Spring Rolls,Starters,66,60,Wednesday,0,0,Cloudy,8,0
2024-12-18,Fish Amritsari,Starters,58,42,Wednesday,0,0,Cloudy,8,0
2024-12-18,Butter Naan,Breads,84,80,Wednesday,0,0,Cloudy,8,0
2024-12-18,Garlic Naan,Breads,85,31,Wednesday,0,0,Cloudy,8,0
2024-12-18,Tandoori Roti,Breads,88,79,Wednesday,0,0,Cloudy,8,0
2024-12-18,Gulab Jamun,Desserts,51,33,Wednesday,0,0,Cloudy,8,0
2024-12-18,Ras Malai,Desserts,42,15,Wednesday,0,0,Cloudy,8,0
2024-12-18,Kheer,Desserts,34,25,Wednesday,0,0,Cloudy,8,0
2024-12-18,Kulfi,Desserts,32,22,Wednesday,0,0,Cloudy,8,0
2024-12-19,Paneer Butter Masala,Main Course,50,42,Thursday,0,0,Sunny,11,0
2024-12-19,Dal Makhani,Main Course,54,37,Thursday,0,0,Sunny,11,0
2024-12-19,Chicken Biryani,Main Course,53,50,Thursday,0,0,Sunny,11,0
2024-12-19,Mutton Rogan Josh,Main Course,42,24,Thursday,0,0,Sunny,11,0
2024-12-19,Paneer Tikka,Starters,67,48,Thursday,0,0,Sunny,11,0
2024-12-19,Chicken Tandoori,Starters,61,15,Thursday,0,0,Sunny,11,0
2024-12-19,Veg Spring Rolls,Starters,72,63,Thursday,0,0,Sunny,11,0
2024-12-19,Fish Amritsari,Starters,63,43,Thursday,0,0,Sunny,11,0
2024-12-19,Butter Naan,Breads,80,71,Thursday,0,0,Sunny,11,0
2024-12-19,Garlic Naan,Breads,93,73,Thursday,0,0,Sunny,11,0
2024-12-19,Tandoori Roti,Breads,83,23,Thursday,0,0,Sunny,11,0
2024-12-19,Gulab Jamun,Desserts,47,31,Thursday,0,0,Sunny,11,0
2024-12-19,Ras Malai,Desserts,45,40,Thursday,0,0,Sunny,11,0
2024-12-19,Kheer,Desserts,39,33,Thursday,0,0,Sunny,11,0
2024-12-19,Kulfi,Desserts,38,28,Thursday,0,0,Sunny,11,0
2024-12-20,Paneer Butter Masala,Main Course,57,54,Friday,0,0,Stormy,9,1
2024-12-20,Dal Makhani,Main Course,53,39,Friday,0,0,Stormy,9,1
2024-12-20,Chicken Biryani,Main Course,52,47,Friday,0,0,Stormy,9,1
2024-12-20,Mutton Rogan Josh,Main Course,49,37,Friday,0,0,Stormy,9,1
2024-12-20,Paneer Tikka,Starters,62,45,Friday,0,0,Stormy,9,1
2024-12-20,Chicken Tandoori,Starters,56,37,Friday,0,0,Stormy,9,1
2024-12-20,Veg Spring Rolls,Starters,73,50,Friday,0,0,Stormy,9,1
2024-12-20,Fish Amritsari,Starters,64,43,Friday,0,0,Stormy,9,1
2024-12-20,Butter Naan,Breads,91,86,Friday,0,0,Stormy,9,1
2024-12-20,Garlic Naan,Breads,97,89,Friday,0,0,Stormy,9,1
2024-12-20,Tandoori Roti,Breads,103,72,Friday,0,0,Stormy,9,1
2024-12-20,Gulab Jamun,Desserts,49,45,Friday,0,0,Stormy,9,1
2024-12-20,Ras Malai,Desserts,40,26,Friday,0,0,Stormy,9,1
2024-12-20,Kheer,Desserts,37,24,Friday,0,0,Stormy,9,1
2024-12-20,Kulfi,Desserts,34,26,Friday,0,0,Stormy,9,1
2024-12-21,Paneer Butter Masala,Main Course,71,67,Saturday,1,0,Sunny,10,0
2024-12-21,Dal Makhani,Main Course,82,64,Saturday,1,0,Sunny,10,0
2024-12-21,Chicken Biryani,Main Course,68,55,Saturday,1,0,Sunny,10,0
2024-12-21,Mutton Rogan Josh,Main Course,69,53,Saturday,1,0,Sunny,10,0
2024-12-21,Paneer Tikka,Starters,85,66,Saturday,1,0,Sunny,10,0
2024-12-21,Chicken Tandoori,Starters,91,75,Saturday,1,0,Sunny,10,0
2024-12-21,Veg Spring Rolls,Starters,82,57,Saturday,1,0,Sunny,10,0
2024-12-21,Fish Amritsari,Starters,85,56,Saturday,1,0,Sunny,10,0
2024-12-21,Butter Naan,Breads,118,96,Saturday,1,0,Sunny,10,0
2024-12-21,Garlic Naan,Breads,124,84,Saturday,1,0,Sunny,10,0
2024-12-21,Tandoori Roti,Breads,136,99,Saturday,1,0,Sunny,10,0
2024-12-21,Gulab Jamun,Desserts,62,57,Saturday,1,0,Sunny,10,0
2024-12-21,Ras Malai,Desserts,57,40,Saturday,1,0,Sunny,10,0
2024-12-21,Kheer,Desserts,55,41,Saturday,1,0,Sunny,10,0
2024-12-21,Kulfi,Desserts,47,37,Saturday,1,0,Sunny,10,0
2024-12-22,Paneer Butter Masala,Main Course,70,62,Sunday,1,0,Cloudy,12,0
2024-12-22,Dal Makhani,Main Course,76,54,Sunday,1,0,Cloudy,12,0
2024-12-22,Chicken Biryani,Main Course,69,62,Sunday,1,0,Cloudy,12,0
2024-12-22,Mutton Rogan Josh,Main Course,72,36,Sunday,1,0,Cloudy,12,0
2024-12-22,Paneer Tikka,Starters,82,67,Sunday,1,0,Cloudy,12,0
2024-12-22,Chicken Tandoori,Starters,85,67,Sunday,1,0,Cloudy,12,0
2024-12-22,Veg Spring Rolls,Starters,130,71,Sunday,1,0,Cloudy,12,0
2024-12-22,Fish Amritsari,Starters,97,65,Sunday,1,0,Cloudy,12,0
2024-12-22,Butter Naan,Breads,136,110,Sunday,1,0,Cloudy,12,0
2024-12-22,Garlic Naan,Breads,128,88,Sunday,1,0,Cloudy,12,0
2024-12-22,Tandoori Roti,Breads,131,110,Sunday,1,0,Cloudy,12,0
2024-12-22,Gulab Jamun,Desserts,57,52,Sunday,1,0,Cloudy,12,0
2024-12-22,Ras Malai,Desserts,63,44,Sunday,1,0,Cloudy,12,0
2024-12-22,Kheer,Desserts,55,15,Sunday,1,0,Cloudy,12,0
2024-12-22,Kulfi,Desserts,49,38,Sunday,1,0,Cloudy,12,0
2024-12-23,Paneer Butter Masala,Main Course,50,42,Monday,0,0,Cloudy,12,0
2024-12-23,Dal Makhani,Main Course,62,57,Monday,0,0,Cloudy,12,0
2024-12-23,Chicken Biryani,Main Course,45,43,Monday,0,0,Cloudy,12,0
2024-12-23,Mutton Rogan Josh,Main Course,52,28,Monday,0,0,Cloudy,12,0
2024-12-23,Paneer Tikka,Starters,62,47,Monday,0,0,Cloudy,12,0
2024-12-23,Chicken Tandoori,Starters,62,49,Monday,0,0,Cloudy,12,0
2024-12-23,Veg Spring Rolls,Starters,73,54,Monday,0,0,Cloudy,12,0
2024-12-23,Fish Amritsari,Starters,57,33,Monday,0,0,Cloudy,12,0
2024-12-23,Butter Naan,Breads,84,70,Monday,0,0,Cloudy,12,0
2024-12-23,Garlic Naan,Breads,95,83,Monday,0,0,Cloudy,12,0
2024-12-23,Tandoori Roti,Breads,81,56,Monday,0,0,Cloudy,12,0
2024-12-23,Gulab Jamun,Desserts,50,35,Monday,0,0,Cloudy,12,0
2024-12-23,Ras Malai,Desserts,38,28,Monday,0,0,Cloudy,12,0
2024-12-23,Kheer,Desserts,34,31,Monday,0,0,Cloudy,12,0
2024-12-23,Kulfi,Desserts,33,22,Monday,0,0,Cloudy,12,0
2024-12-24,Paneer Butter Masala,Main Course,53,45,Tuesday,0,0,Sunny,12,0
2024-12-24,Dal Makhani,Main Course,60,54,Tuesday,0,0,Sunny,12,0
2024-12-24,Chicken Biryani,Main Course,46,37,Tuesday,0,0,Sunny,12,0
2024-12-24,Mutton Rogan Josh,Main Course,49,39,Tuesday,0,0,Sunny,12,0
2024-12-24,Paneer Tikka,Starters,58,44,Tuesday,0,0,Sunny,12,0
2024-12-24,Chicken Tandoori,Starters,59,53,Tuesday,0,0,Sunny,12,0
2024-12-24,Veg Spring Rolls,Starters,60,45,Tuesday,0,0,Sunny,12,0
2024-12-24,Fish Amritsari,Starters,64,39,Tuesday,0,0,Sunny,12,0
2024-12-24,Butter Naan,Breads,81,65,Tuesday,0,0,Sunny,12,0
2024-12-24,Garlic Naan,Breads,97,91,Tuesday,0,0,Sunny,12,0
2024-12-24,Tandoori Roti,Breads,87,79,Tuesday,0,0,Sunny,12,0
2024-12-24,Gulab Jamun,Desserts,43,30,Tuesday,0,0,Sunny,12,0
2024-12-24,Ras Malai,Desserts,45,42,Tuesday,0,0,Sunny,12,0
2024-12-24,Kheer,Desserts,34,23,Tuesday,0,0,Sunny,12,0
2024-12-24,Kulfi,Desserts,32,16,Tuesday,0,0,Sunny,12,0
2024-12-25,Paneer Butter Masala,Main Course,80,74,Wednesday,0,1,Sunny,11,1
2024-12-25,Dal Makhani,Main Course,77,52,Wednesday,0,1,Sunny,11,1
2024-12-25,Chicken Biryani,Main Course,69,57,Wednesday,0,1,Sunny,11,1
2024-12-25,Mutton Rogan Josh,Main Course,62,45,Wednesday,0,1,Sunny,11,1
2024-12-25,Paneer Tikka,Starters,110,76,Wednesday,0,1,Sunny,11,1
2024-12-25,Chicken Tandoori,Starters,70,48,Wednesday,0,1,Sunny,11,1
2024-12-25,Veg Spring Rolls,Starters,96,64,Wednesday,0,1,Sunny,11,1
2024-12-25,Fish Amritsari,Starters,110,86,Wednesday,0,1,Sunny,11,1
2024-12-25,Butter Naan,Breads,127,115,Wednesday,0,1,Sunny,11,1
2024-12-25,Garlic Naan,Breads,130,90,Wednesday,0,1,Sunny,11,1
2024-12-25,Tandoori Roti,Breads,130,104,Wednesday,0,1,Sunny,11,1
2024-12-25,Gulab Jamun,Desserts,64,56,Wednesday,0,1,Sunny,11,1
2024-12-25,Ras Malai,Desserts,59,47,Wednesday,0,1,Sunny,11,1
2024-12-25,Kheer,Desserts,59,52,Wednesday,0,1,Sunny,11,1
2024-12-25,Kulfi,Desserts,52,38,Wednesday,0,1,Sunny,11,1
2024-12-26,Paneer Butter Masala,Main Course,43,41,Thursday,0,0,Rainy,11,0
2024-12-26,Dal Makhani,Main Course,52,40,Thursday,0,0,Rainy,11,0
2024-12-26,Chicken Biryani,Main Course,47,39,Thursday,0,0,Rainy,11,0
2024-12-26,Mutton Rogan Josh,Main Course,48,29,Thursday,0,0,Rainy,11,0
2024-12-26,Paneer Tikka,Starters,67,61,Thursday,0,0,Rainy,11,0
2024-12-26,Chicken Tandoori,Starters,48,41,Thursday,0,0,Rainy,11,0
2024-12-26,Veg Spring Rolls,Starters,56,51,Thursday,0,0,Rainy,11,0
2024-12-26,Fish Amritsari,Starters,51,38,Thursday,0,0,Rainy,11,0
2024-12-26,Butter Naan,Breads,76,73,Thursday,0,0,Rainy,11,0
2024-12-26,Garlic Naan,Breads,89,83,Thursday,0,0,Rainy,11,0
2024-12-26,Tandoori Roti,Breads,93,64,Thursday,0,0,Rainy,11,0
2024-12-26,Gulab Jamun,Desserts,40,33,Thursday,0,0,Rainy,11,0
2024-12-26,Ras Malai,Desserts,39,30,Thursday,0,0,Rainy,11,0
2024-12-26,Kheer,Desserts,31,22,Thursday,0,0,Rainy,11,0
2024-12-26,Kulfi,Desserts,32,19,Thursday,0,0,Rainy,11,0
2024-12-27,Paneer Butter Masala,Main Course,51,45,Friday,0,0,Sunny,10,0
2024-12-27,Dal Makhani,Main Course,54,37,Friday,0,0,Sunny,10,0
2024-12-27,Chicken Biryani,Main Course,50,46,Friday,0,0,Sunny,10,0
2024-12-27,Mutton Rogan Josh,Main Course,47,32,Friday,0,0,Sunny,10,0
2024-12-27,Paneer Tikka,Starters,65,54,Friday,0,0,Sunny,10,0
2024-12-27,Chicken Tandoori,Starters,60,45,Friday,0,0,Sunny,10,0
2024-12-27,Veg Spring Rolls,Starters,62,56,Friday,0,0,Sunny,10,0
2024-12-27,Fish Amritsari,Starters,64,40,Friday,0,0,Sunny,10,0
2024-12-27,Butter Naan,Breads,81,68,Friday,0,0,Sunny,10,0
2024-12-27,Garlic Naan,Breads,80,62,Friday,0,0,Sunny,10,0
2024-12-27,Tandoori Roti,Breads,88,29,Friday,0,0,Sunny,10,0
2024-12-27,Gulab Jamun,Desserts,49,41,Friday,0,0,Sunny,10,0
2024-12-27,Ras Malai,Desserts,48,35,Friday,0,0,Sunny,10,0
2024-12-27,Kheer,Desserts,38,25,Friday,0,0,Sunny,10,0
2024-12-27,Kulfi,Desserts,34,23,Friday,0,0,Sunny,10,0
2024-12-28,Paneer Butter Masala,Main Course,76,64,Saturday,1,0,Sunny,11,0
2024-12-28,Dal Makhani,Main Course,86,57,Saturday,1,0,Sunny,11,0
2024-12-28,Chicken Biryani,Main Course,62,51,Saturday,1,0,Sunny,11,0
2024-12-28,Mutton Rogan Josh,Main Course,59,41,Saturday,1,0,Sunny,11,0
2024-12-28,Paneer Tikka,Starters,92,74,Saturday,1,0,Sunny,11,0
2024-12-28,Chicken Tandoori,Starters,85,70,Saturday,1,0,Sunny,11,0
2024-12-28,Veg Spring Rolls,Starters,87,80,Saturday,1,0,Sunny,11,0
2024-12-28,Fish Amritsari,Starters,83,63,Saturday,1,0,Sunny,11,0
2024-12-28,Butter Naan,Breads,134,115,Saturday,1,0,Sunny,11,0
2024-12-28,Garlic Naan,Breads,132,88,Saturday,1,0,Sunny,11,0
2024-12-28,Tandoori Roti,Breads,123,98,Saturday,1,0,Sunny,11,0
2024-12-28,Gulab Jamun,Desserts,62,53,Saturday,1,0,Sunny,11,0
2024-12-28,Ras Malai,Desserts,56,20,Saturday,1,0,Sunny,11,0
2024-12-28,Kheer,Desserts,56,46,Saturday,1,0,Sunny,11,0
2024-12-28,Kulfi,Desserts,47,31,Saturday,1,0,Sunny,11,0
2024-12-29,Paneer Butter Masala,Main Course,75,67,Sunday,1,0,Sunny,13,0
2024-12-29,Dal Makhani,Main Course,72,64,Sunday,1,0,Sunny,13,0
2024-12-29,Chicken Biryani,Main Course,62,56,Sunday,1,0,Sunny,13,0
2024-12-29,Mutton Rogan Josh,Main Course,70,47,Sunday,1,0,Sunny,13,0
2024-12-29,Paneer Tikka,Starters,86,63,Sunday,1,0,Sunny,13,0
2024-12-29,Chicken Tandoori,Starters,78,61,Sunday,1,0,Sunny,13,0
2024-12-29,Veg Spring Rolls,Starters,91,79,Sunday,1,0,Sunny,13,0
2024-12-29,Fish Amritsari,Starters,88,49,Sunday,1,0,Sunny,13,0
2024-12-29,Butter Naan,Breads,124,114,Sunday,1,0,Sunny,13,0
2024-12-29,Garlic Naan,Breads,122,94,Sunday,1,0,Sunny,13,0
2024-12-29,Tandoori Roti,Breads,138,45,Sunday,1,0,Sunny,13,0
2024-12-29,Gulab Jamun,Desserts,63,46,Sunday,1,0,Sunny,13,0
2024-12-29,Ras Malai,Desserts,53,41,Sunday,1,0,Sunny,13,0
2024-12-29,Kheer,Desserts,54,46,Sunday,1,0,Sunny,13,0
2024-12-29,Kulfi,Desserts,49,9,Sunday,1,0,Sunny,13,0
2024-12-30,Paneer Butter Masala,Main Course,50,48,Monday,0,0,Sunny,12,0
2024-12-30,Dal Makhani,Main Course,56,44,Monday,0,0,Sunny,12,0
2024-12-30,Chicken Biryani,Main Course,46,38,Monday,0,0,Sunny,12,0
2024-12-30,Mutton Rogan Josh,Main Course,44,27,Monday,0,0,Sunny,12,0
2024-12-30,Paneer Tikka,Starters,65,21,Monday,0,0,Sunny,12,0
2024-12-30,Chicken Tandoori,Starters,55,36,Monday,0,0,Sunny,12,0
2024-12-30,Veg Spring Rolls,Starters,65,61,Monday,0,0,Sunny,12,0
2024-12-30,Fish Amritsari,Starters,58,38,Monday,0,0,Sunny,12,0
2024-12-30,Butter Naan,Breads,94,88,Monday,0,0,Sunny,12,0
2024-12-30,Garlic Naan,Breads,89,74,Monday,0,0,Sunny,12,0
2024-12-30,Tandoori Roti,Breads,88,66,Monday,0,0,Sunny,12,0
2024-12-30,Gulab Jamun,Desserts,42,32,Monday,0,0,Sunny,12,0
2024-12-30,Ras Malai,Desserts,42,31,Monday,0,0,Sunny,12,0
2024-12-30,Kheer,Desserts,33,23,Monday,0,0,Sunny,12,0
2024-12-30,Kulfi,Desserts,32,17,Monday,0,0,Sunny,12,0
2024-12-31,Paneer Butter Masala,Main Course,51,43,Tuesday,0,0,Cloudy,10,0
2024-12-31,Dal Makhani,Main Course,58,52,Tuesday,0,0,Cloudy,10,0
2024-12-31,Chicken Biryani,Main Course,44,40,Tuesday,0,0,Cloudy,10,0
2024-12-31,Mutton Rogan Josh,Main Course,50,27,Tuesday,0,0,Cloudy,10,0
2024-12-31,Paneer Tikka,Starters,73,51,Tuesday,0,0,Cloudy,10,0
2024-12-31,Chicken Tandoori,Starters,64,54,Tuesday,0,0,Cloudy,10,0
2024-12-31,Veg Spring Rolls,Starters,71,58,Tuesday,0,0,Cloudy,10,0
2024-12-31,Fish Amritsari,Starters,68,35,Tuesday,0,0,Cloudy,10,0
2024-12-31,Butter Naan,Breads,86,82,Tuesday,0,0,Cloudy,10,0
2024-12-31,Garlic Naan,Breads,96,63,Tuesday,0,0,Cloudy,10,0
2024-12-31,Tandoori Roti,Breads,95,72,Tuesday,0,0,Cloudy,10,0
2024-12-31,Gulab Jamun,Desserts,40,13,Tuesday,0,0,Cloudy,10,0
2024-12-31,Ras Malai,Desserts,48,32,Tuesday,0,0,Cloudy,10,0
2024-12-31,Kheer,Desserts,40,36,Tuesday,0,0,Cloudy,10,0
2024-12-31,Kulfi,Desserts,35,20,Tuesday,0,0,Cloudy,10,0
2025-01-01,Paneer Butter Masala,Main Course,53,46,Wednesday,0,0,Sunny,8,0
2025-01-01,Dal Makhani,Main Course,57,52,Wednesday,0,0,Sunny,8,0
2025-01-01,Chicken Biryani,Main Course,47,44,Wednesday,0,0,Sunny,8,0
2025-01-01,Mutton Rogan Josh,Main Course,43,28,Wednesday,0,0,Sunny,8,0
2025-01-01,Paneer Tikka,Starters,69,45,Wednesday,0,0,Sunny,8,0
2025-01-01,Chicken Tandoori,Starters,54,47,Wednesday,0,0,Sunny,8,0
2025-01-01,Veg Spring Rolls,Starters,65,55,Wednesday,0,0,Sunny,8,0
2025-01-01,Fish Amritsari,Starters,62,45,Wednesday,0,0,Sunny,8,0
2025-01-01,Butter Naan,Breads,85,76,Wednesday,0,0,Sunny,8,0
2025-01-01,Garlic Naan,Breads,88,77,Wednesday,0,0,Sunny,8,0
2025-01-01,Tandoori Roti,Breads,102,75,Wednesday,0,0,Sunny,8,0
2025-01-01,Gulab Jamun,Desserts,46,40,Wednesday,0,0,Sunny,8,0
2025-01-01,Ras Malai,Desserts,43,33,Wednesday,0,0,Sunny,8,0
2025-01-01,Kheer,Desserts,36,23,Wednesday,0,0,Sunny,8,0
2025-01-01,Kulfi,Desserts,33,18,Wednesday,0,0,Sunny,8,0
2025-01-02,Paneer Butter Masala,Main Course,48,44,Thursday,0,0,Stormy,11,0
2025-01-02,Dal Makhani,Main Course,46,37,Thursday,0,0,Stormy,11,0
2025-01-02,Chicken Biryani,Main Course,44,35,Thursday,0,0,Stormy,11,0
2025-01-02,Mutton Rogan Josh,Main Course,38,20,Thursday,0,0,Stormy,11,0
2025-01-02,Paneer Tikka,Starters,53,42,Thursday,0,0,Stormy,11,0
2025-01-02,Chicken Tandoori,Starters,54,41,Thursday,0,0,Stormy,11,0
2025-01-02,Veg Spring Rolls,Starters,51,38,Thursday,0,0,Stormy,11,0
2025-01-02,Fish Amritsari,Starters,47,25,Thursday,0,0,Stormy,11,0
2025-01-02,Butter Naan,Breads,76,69,Thursday,0,0,Stormy,11,0
2025-01-02,Garlic Naan,Breads,77,72,Thursday,0,0,Stormy,11,0
2025-01-02,Tandoori Roti,Breads,78,74,Thursday,0,0,Stormy,11,0
2025-01-02,Gulab Jamun,Desserts,42,30,Thursday,0,0,Stormy,11,0
2025-01-02,Ras Malai,Desserts,33,25,Thursday,0,0,Stormy,11,0
2025-01-02,Kheer,Desserts,34,24,Thursday,0,0,Stormy,11,0
2025-01-02,Kulfi,Desserts,30,19,Thursday,0,0,Stormy,11,0
2025-01-03,Paneer Butter Masala,Main Course,49,45,Friday,0,0,Cloudy,11,0
2025-01-03,Dal Makhani,Main Course,56,38,Friday,0,0,Cloudy,11,0
2025-01-03,Chicken Biryani,Main Course,50,42,Friday,0,0,Cloudy,11,0
2025-01-03,Mutton Rogan Josh,Main Course,45,25,Friday,0,0,Cloudy,11,0
2025-01-03,Paneer Tikka,Starters,58,50,Friday,0,0,Cloudy,11,0
2025-01-03,Chicken Tandoori,Starters,57,25,Friday,0,0,Cloudy,11,0
2025-01-03,Veg Spring Rolls,Starters,71,52,Friday,0,0,Cloudy,11,0
2025-01-03,Fish Amritsari,Starters,71,55,Friday,0,0,Cloudy,11,0
2025-01-03,Butter Naan,Breads,88,73,Friday,0,0,Cloudy,11,0
2025-01-03,Garlic Naan,Breads,93,68,Friday,0,0,Cloudy,11,0
2025-01-03,Tandoori Roti,Breads,82,74,Friday,0,0,Cloudy,11,0
2025-01-03,Gulab Jamun,Desserts,49,33,Friday,0,0,Cloudy,11,0
2025-01-03,Ras Malai,Desserts,45,39,Friday,0,0,Cloudy,11,0
2025-01-03,Kheer,Desserts,33,26,Friday,0,0,Cloudy,11,0
2025-01-03,Kulfi,Desserts,37,7,Friday,0,0,Cloudy,11,0
2025-01-04,Paneer Butter Masala,Main Course,71,63,Saturday,1,0,Cloudy,15,0
2025-01-04,Dal Makhani,Main Course,80,52,Saturday,1,0,Cloudy,15,0
2025-01-04,Chicken Biryani,Main Course,63,55,Saturday,1,0,Cloudy,15,0
2025-01-04,Mutton Rogan Josh,Main Course,67,44,Saturday,1,0,Cloudy,15,0
2025-01-04,Paneer Tikka,Starters,99,70,Saturday,1,0,Cloudy,15,0
2025-01-04,Chicken Tandoori,Starters,80,59,Saturday,1,0,Cloudy,15,0
2025-01-04,Veg Spring Rolls,Starters,96,73,Saturday,1,0,Cloudy,15,0
2025-01-04,Fish Amritsari,Starters,90,19,Saturday,1,0,Cloudy,15,0
2025-01-04,Butter Naan,Breads,134,124,Saturday,1,0,Cloudy,15,0
2025-01-04,Garlic Naan,Breads,137,94,Saturday,1,0,Cloudy,15,0
2025-01-04,Tandoori Roti,Breads,137,91,Saturday,1,0,Cloudy,15,0
2025-01-04,Gulab Jamun,Desserts,58,50,Saturday,1,0,Cloudy,15,0
2025-01-04,Ras Malai,Desserts,61,47,Saturday,1,0,Cloudy,15,0
2025-01-04,Kheer,Desserts,56,43,Saturday,1,0,Cloudy,15,0
2025-01-04,Kulfi,Desserts,53,27,Saturday,1,0,Cloudy,15,0
2025-01-05,Paneer Butter Masala,Main Course,71,58,Sunday,1,0,Cloudy,13,0
2025-01-05,Dal Makhani,Main Course,75,56,Sunday,1,0,Cloudy,13,0
2025-01-05,Chicken Biryani,Main Course,70,63,Sunday,1,0,Cloudy,13,0
2025-01-05,Mutton Rogan Josh,Main Course,63,43,Sunday,1,0,Cloudy,13,0
2025-01-05,Paneer Tikka,Starters,84,78,Sunday,1,0,Cloudy,13,0
2025-01-05,Chicken Tandoori,Starters,90,68,Sunday,1,0,Cloudy,13,0
2025-01-05,Veg Spring Rolls,Starters,102,71,Sunday,1,0,Cloudy,13,0
2025-01-05,Fish Amritsari,Starters,97,52,Sunday,1,0,Cloudy,13,0
2025-01-05,Butter Naan,Breads,138,133,Sunday,1,0,Cloudy,13,0
2025-01-05,Garlic Naan,Breads,109,81,Sunday,1,0,Cloudy,13,0
2025-01-05,Tandoori Roti,Breads,114,79,Sunday,1,0,Cloudy,13,0
2025-01-05,Gulab Jamun,Desserts,59,51,Sunday,1,0,Cloudy,13,0
2025-01-05,Ras Malai,Desserts,64,55,Sunday,1,0,Cloudy,13,0
2025-01-05,Kheer,Desserts,48,32,Sunday,1,0,Cloudy,13,0
2025-01-05,Kulfi,Desserts,49,34,Sunday,1,0,Cloudy,13,0
2025-01-06,Paneer Butter Masala,Main Course,47,38,Monday,0,0,Cloudy,11,0
2025-01-06,Dal Makhani,Main Course,62,41,Monday,0,0,Cloudy,11,0
2025-01-06,Chicken Biryani,Main Course,50,40,Monday,0,0,Cloudy,11,0
2025-01-06,Mutton Rogan Josh,Main Course,48,37,Monday,0,0,Cloudy,11,0
2025-01-06,Paneer Tikka,Starters,62,41,Monday,0,0,Cloudy,11,0
2025-01-06,Chicken Tandoori,Starters,58,53,Monday,0,0,Cloudy,11,0
2025-01-06,Veg Spring Rolls,Starters,73,62,Monday,0,0,Cloudy,11,0
2025-01-06,Fish Amritsari,Starters,66,47,Monday,0,0,Cloudy,11,0
2025-01-06,Butter Naan,Breads,85,75,Monday,0,0,Cloudy,11,0
2025-01-06,Garlic Naan,Breads,78,69,Monday,0,0,Cloudy,11,0
2025-01-06,Tandoori Roti,Breads,97,67,Monday,0,0,Cloudy,11,0
2025-01-06,Gulab Jamun,Desserts,41,27,Monday,0,0,Cloudy,11,0
2025-01-06,Ras Malai,Desserts,41,30,Monday,0,0,Cloudy,11,0
2025-01-06,Kheer,Desserts,38,26,Monday,0,0,Cloudy,11,0
2025-01-06,Kulfi,Desserts,36,19,Monday,0,0,Cloudy,11,0
2025-01-07,Paneer Butter Masala,Main Course,52,42,Tuesday,0,0,Cloudy,10,0
2025-01-07,Dal Makhani,Main Course,61,57,Tuesday,0,0,Cloudy,10,0
2025-01-07,Chicken Biryani,Main Course,43,34,Tuesday,0,0,Cloudy,10,0
2025-01-07,Mutton Rogan Josh,Main Course,48,35,Tuesday,0,0,Cloudy,10,0
2025-01-07,Paneer Tikka,Starters,71,21,Tuesday,0,0,Cloudy,10,0
2025-01-07,Chicken Tandoori,Starters,53,36,Tuesday,0,0,Cloudy,10,0
2025-01-07,Veg Spring Rolls,Starters,65,54,Tuesday,0,0,Cloudy,10,0
2025-01-07,Fish Amritsari,Starters,61,37,Tuesday,0,0,Cloudy,10,0
2025-01-07,Butter Naan,Breads,90,83,Tuesday,0,0,Cloudy,10,0
2025-01-07,Garlic Naan,Breads,80,69,Tuesday,0,0,Cloudy,10,0
2025-01-07,Tandoori Roti,Breads,91,60,Tuesday,0,0,Cloudy,10,0
2025-01-07,Gulab Jamun,Desserts,45,31,Tuesday,0,0,Cloudy,10,0
2025-01-07,Ras Malai,Desserts,42,35,Tuesday,0,0,Cloudy,10,0
2025-01-07,Kheer,Desserts,38,33,Tuesday,0,0,Cloudy,10,0
2025-01-07,Kulfi,Desserts,32,16,Tuesday,0,0,Cloudy,10,0
2025-01-08,Paneer Butter Masala,Main Course,72,42,Wednesday,0,0,Sunny,8,0
2025-01-08,Dal Makhani,Main Course,51,33,Wednesday,0,0,Sunny,8,0
2025-01-08,Chicken Biryani,Main Course,46,37,Wednesday,0,0,Sunny,8,0
2025-01-08,Mutton Rogan Josh,Main Course,44,35,Wednesday,0,0,Sunny,8,0
2025-01-08,Paneer Tikka,Starters,68,61,Wednesday,0,0,Sunny,8,0
2025-01-08,Chicken Tandoori,Starters,56,41,Wednesday,0,0,Sunny,8,0
2025-01-08,Veg Spring Rolls,Starters,63,52,Wednesday,0,0,Sunny,8,0
2025-01-08,Fish Amritsari,Starters,63,37,Wednesday,0,0,Sunny,8,0
2025-01-08,Butter Naan,Breads,96,80,Wednesday,0,0,Sunny,8,0
2025-01-08,Garlic Naan,Breads,86,79,Wednesday,0,0,Sunny,8,0
2025-01-08,Tandoori Roti,Breads,86,60,Wednesday,0,0,Sunny,8,0
2025-01-08,Gulab Jamun,Desserts,50,33,Wednesday,0,0,Sunny,8,0
2025-01-08,Ras Malai,Desserts,42,35,Wednesday,0,0,Sunny,8,0
2025-01-08,Kheer,Desserts,33,21,Wednesday,0,0,Sunny,8,0
2025-01-08,Kulfi,Desserts,34,24,Wednesday,0,0,Sunny,8,0
2025-01-09,Paneer Butter Masala,Main Course,48,43,Thursday,0,0,Rainy,8,0
2025-01-09,Dal Makhani,Main Course,54,37,Thursday,0,0,Rainy,8,0
2025-01-09,Chicken Biryani,Main Course,43,40,Thursday,0,0,Rainy,8,0
2025-01-09,Mutton Rogan Josh,Main Course,46,33,Thursday,0,0,Rainy,8,0
2025-01-09,Paneer Tikka,Starters,92,44,Thursday,0,0,Rainy,8,0
2025-01-09,Chicken Tandoori,Starters,56,39,Thursday,0,0,Rainy,8,0
2025-01-09,Veg Spring Rolls,Starters,62,50,Thursday,0,0,Rainy,8,0
2025-01-09,Fish Amritsari,Starters,58,38,Thursday,0,0,Rainy,8,0
2025-01-09,Butter Naan,Breads,86,78,Thursday,0,0,Rainy,8,0
2025-01-09,Garlic Naan,Breads,91,60,Thursday,0,0,Rainy,8,0
2025-01-09,Tandoori Roti,Breads,76,67,Thursday,0,0,Rainy,8,0
2025-01-09,Gulab Jamun,Desserts,39,28,Thursday,0,0,Rainy,8,0
2025-01-09,Ras Malai,Desserts,43,33,Thursday,0,0,Rainy,8,0
2025-01-09,Kheer,Desserts,30,23,Thursday,0,0,Rainy,8,0
2025-01-09,Kulfi,Desserts,30,22,Thursday,0,0,Rainy,8,0
2025-01-10,Paneer Butter Masala,Main Course,52,50,Friday,0,0,Cloudy,10,0
2025-01-10,Dal Makhani,Main Course,52,44,Friday,0,0,Cloudy,10,0
2025-01-10,Chicken Biryani,Main Course,46,41,Friday,0,0,Cloudy,10,0
2025-01-10,Mutton Rogan Josh,Main Course,44,34,Friday,0,0,Cloudy,10,0
2025-01-10,Paneer Tikka,Starters,66,56,Friday,0,0,Cloudy,10,0
2025-01-10,Chicken Tandoori,Starters,57,44,Friday,0,0,Cloudy,10,0
2025-01-10,Veg Spring Rolls,Starters,70,52,Friday,0,0,Cloudy,10,0
2025-01-10,Fish Amritsari,Starters,61,35,Friday,0,0,Cloudy,10,0
2025-01-10,Butter Naan,Breads,85,79,Friday,0,0,Cloudy,10,0
2025-01-10,Garlic Naan,Breads,81,61,Friday,0,0,Cloudy,10,0
2025-01-10,Tandoori Roti,Breads,97,76,Friday,0,0,Cloudy,10,0
2025-01-10,Gulab Jamun,Desserts,42,39,Friday,0,0,Cloudy,10,0
2025-01-10,Ras Malai,Desserts,43,39,Friday,0,0,Cloudy,10,0
2025-01-10,Kheer,Desserts,36,25,Friday,0,0,Cloudy,10,0
2025-01-10,Kulfi,Desserts,36,24,Friday,0,0,Cloudy,10,0
2025-01-11,Paneer Butter Masala,Main Course,74,67,Saturday,1,0,Cloudy,10,0
2025-01-11,Dal Makhani,Main Course,76,65,Saturday,1,0,Cloudy,10,0
2025-01-11,Chicken Biryani,Main Course,63,54,Saturday,1,0,Cloudy,10,0
2025-01-11,Mutton Rogan Josh,Main Course,58,34,Saturday,1,0,Cloudy,10,0
2025-01-11,Paneer Tikka,Starters,100,75,Saturday,1,0,Cloudy,10,0
2025-01-11,Chicken Tandoori,Starters,91,72,Saturday,1,0,Cloudy,10,0
2025-01-11,Veg Spring Rolls,Starters,87,65,Saturday,1,0,Cloudy,10,0
2025-01-11,Fish Amritsari,Starters,93,62,Saturday,1,0,Cloudy,10,0
2025-01-11,Butter Naan,Breads,117,108,Saturday,1,0,Cloudy,10,0
2025-01-11,Garlic Naan,Breads,109,79,Saturday,1,0,Cloudy,10,0
2025-01-11,Tandoori Roti,Breads,127,106,Saturday,1,0,Cloudy,10,0
2025-01-11,Gulab Jamun,Desserts,70,58,Saturday,1,0,Cloudy,10,0
2025-01-11,Ras Malai,Desserts,60,54,Saturday,1,0,Cloudy,10,0
2025-01-11,Kheer,Desserts,49,37,Saturday,1,0,Cloudy,10,0
2025-01-11,Kulfi,Desserts,45,34,Saturday,1,0,Cloudy,10,0
2025-01-12,Paneer Butter Masala,Main Course,70,65,Sunday,1,0,Cloudy,10,0
2025-01-12,Dal Makhani,Main Course,80,67,Sunday,1,0,Cloudy,10,0
2025-01-12,Chicken Biryani,Main Course,72,63,Sunday,1,0,Cloudy,10,0
2025-01-12,Mutton Rogan Josh,Main Course,64,45,Sunday,1,0,Cloudy,10,0
2025-01-12,Paneer Tikka,Starters,91,63,Sunday,1,0,Cloudy,10,0
2025-01-12,Chicken Tandoori,Starters,88,65,Sunday,1,0,Cloudy,10,0
2025-01-12,Veg Spring Rolls,Starters,91,61,Sunday,1,0,Cloudy,10,0
2025-01-12,Fish Amritsari,Starters,80,46,Sunday,1,0,Cloudy,10,0
2025-01-12,Butter Naan,Breads,121,102,Sunday,1,0,Cloudy,10,0
2025-01-12,Garlic Naan,Breads,132,89,Sunday,1,0,Cloudy,10,0
2025-01-12,Tandoori Roti,Breads,124,98,Sunday,1,0,Cloudy,10,0
2025-01-12,Gulab Jamun,Desserts,58,40,Sunday,1,0,Cloudy,10,0
2025-01-12,Ras Malai,Desserts,67,49,Sunday,1,0,Cloudy,10,0
2025-01-12,Kheer,Desserts,54,47,Sunday,1,0,Cloudy,10,0
2025-01-12,Kulfi,Desserts,52,36,Sunday,1,0,Cloudy,10,0
2025-01-13,Paneer Butter Masala,Main Course,44,40,Monday,0,0,Rainy,10,0
2025-01-13,Dal Makhani,Main Course,56,47,Monday,0,0,Rainy,10,0
2025-01-13,Chicken Biryani,Main Course,48,40,Monday,0,0,Rainy,10,0
2025-01-13,Mutton Rogan Josh,Main Course,44,27,Monday,0,0,Rainy,10,0
2025-01-13,Paneer Tikka,Starters,62,49,Monday,0,0,Rainy,10,0
2025-01-13,Chicken Tandoori,Starters,49,45,Monday,0,0,Rainy,10,0
2025-01-13,Veg Spring Rolls,Starters,53,45,Monday,0,0,Rainy,10,0
2025-01-13,Fish Amritsari,Starters,56,37,Monday,0,0,Rainy,10,0
2025-01-13,Butter Naan,Breads,85,83,Monday,0,0,Rainy,10,0
2025-01-13,Garlic Naan,Breads,87,71,Monday,0,0,Rainy,10,0
2025-01-13,Tandoori Roti,Breads,75,52,Monday,0,0,Rainy,10,0
2025-01-13,Gulab Jamun,Desserts,37,24,Monday,0,0,Rainy,10,0
2025-01-13,Ras Malai,Desserts,36,30,Monday,0,0,Rainy,10,0
2025-01-13,Kheer,Desserts,32,23,Monday,0,0,Rainy,10,0
2025-01-13,Kulfi,Desserts,33,25,Monday,0,0,Rainy,10,0
2025-01-14,Paneer Butter Masala,Main Course,49,47,Tuesday,0,0,Sunny,9,0
2025-01-14,Dal Makhani,Main Course,53,47,Tuesday,0,0,Sunny,9,0
2025-01-14,Chicken Biryani,Main Course,52,50,Tuesday,0,0,Sunny,9,0
2025-01-14,Mutton Rogan Josh,Main Course,47,32,Tuesday,0,0,Sunny,9,0
2025-01-14,Paneer Tikka,Starters,67,51,Tuesday,0,0,Sunny,9,0
2025-01-14,Chicken Tandoori,Starters,51,40,Tuesday,0,0,Sunny,9,0
2025-01-14,Veg Spring Rolls,Starters,70,54,Tuesday,0,0,Sunny,9,0
2025-01-14,Fish Amritsari,Starters,57,37,Tuesday,0,0,Sunny,9,0
2025-01-14,Butter Naan,Breads,93,84,Tuesday,0,0,Sunny,9,0
2025-01-14,Garlic Naan,Breads,85,69,Tuesday,0,0,Sunny,9,0
2025-01-14,Tandoori Roti,Breads,100,75,Tuesday,0,0,Sunny,9,0
2025-01-14,Gulab Jamun,Desserts,44,36,Tuesday,0,0,Sunny,9,0
2025-01-14,Ras Malai,Desserts,45,41,Tuesday,0,0,Sunny,9,0
2025-01-14,Kheer,Desserts,37,30,Tuesday,0,0,Sunny,9,0
2025-01-14,Kulfi,Desserts,34,22,Tuesday,0,0,Sunny,9,0
2025-01-15,Paneer Butter Masala,Main Course,65,56,Wednesday,0,0,Cloudy,11,1
2025-01-15,Dal Makhani,Main Course,59,48,Wednesday,0,0,Cloudy,11,1
2025-01-15,Chicken Biryani,Main Course,56,46,Wednesday,0,0,Cloudy,11,1
2025-01-15,Mutton Rogan Josh,Main Course,120,41,Wednesday,0,0,Cloudy,11,1
2025-01-15,Paneer Tikka,Starters,78,52,Wednesday,0,0,Cloudy,11,1
2025-01-15,Chicken Tandoori,Starters,65,57,Wednesday,0,0,Cloudy,11,1
2025-01-15,Veg Spring Rolls,Starters,70,59,Wednesday,0,0,Cloudy,11,1
2025-01-15,Fish Amritsari,Starters,80,52,Wednesday,0,0,Cloudy,11,1
2025-01-15,Butter Naan,Breads,115,94,Wednesday,0,0,Cloudy,11,1
2025-01-15,Garlic Naan,Breads,97,89,Wednesday,0,0,Cloudy,11,1
2025-01-15,Tandoori Roti,Breads,113,99,Wednesday,0,0,Cloudy,11,1
2025-01-15,Gulab Jamun,Desserts,54,47,Wednesday,0,0,Cloudy,11,1
2025-01-15,Ras Malai,Desserts,48,44,Wednesday,0,0,Cloudy,11,1
2025-01-15,Kheer,Desserts,38,34,Wednesday,0,0,Cloudy,11,1
2025-01-15,Kulfi,Desserts,38,22,Wednesday,0,0,Cloudy,11,1
2025-01-16,Paneer Butter Masala,Main Course,52,47,Thursday,0,0,Sunny,9,0
2025-01-16,Dal Makhani,Main Course,52,33,Thursday,0,0,Sunny,9,0
2025-01-16,Chicken Biryani,Main Course,51,46,Thursday,0,0,Sunny,9,0
2025-01-16,Mutton Rogan Josh,Main Course,43,32,Thursday,0,0,Sunny,9,0
2025-01-16,Paneer Tikka,Starters,68,56,Thursday,0,0,Sunny,9,0
2025-01-16,Chicken Tandoori,Starters,53,38,Thursday,0,0,Sunny,9,0
2025-01-16,Veg Spring Rolls,Starters,68,57,Thursday,0,0,Sunny,9,0
2025-01-16,Fish Amritsari,Starters,64,40,Thursday,0,0,Sunny,9,0
2025-01-16,Butter Naan,Breads,92,74,Thursday,0,0,Sunny,9,0
2025-01-16,Garlic Naan,Breads,85,61,Thursday,0,0,Sunny,9,0
2025-01-16,Tandoori Roti,Breads,86,67,Thursday,0,0,Sunny,9,0
2025-01-16,Gulab Jamun,Desserts,44,33,Thursday,0,0,Sunny,9,0
2025-01-16,Ras Malai,Desserts,47,42,Thursday,0,0,Sunny,9,0
2025-01-16,Kheer,Desserts,37,32,Thursday,0,0,Sunny,9,0
2025-01-16,Kulfi,Desserts,38,28,Thursday,0,0,Sunny,9,0
2025-01-17,Paneer Butter Masala,Main Course,45,40,Friday,0,0,Sunny,11,0
2025-01-17,Dal Makhani,Main Course,53,40,Friday,0,0,Sunny,11,0
2025-01-17,Chicken Biryani,Main Course,55,51,Friday,0,0,Sunny,11,0
2025-01-17,Mutton Rogan Josh,Main Course,50,35,Friday,0,0,Sunny,11,0
2025-01-17,Paneer Tikka,Starters,71,60,Friday,0,0,Sunny,11,0
2025-01-17,Chicken Tandoori,Starters,54,40,Friday,0,0,Sunny,11,0
2025-01-17,Veg Spring Rolls,Starters,65,48,Friday,0,0,Sunny,11,0
2025-01-17,Fish Amritsari,Starters,68,34,Friday,0,0,Sunny,11,0
2025-01-17,Butter Naan,Breads,96,91,Friday,0,0,Sunny,11,0
2025-01-17,Garlic Naan,Breads,90,67,Friday,0,0,Sunny,11,0
2025-01-17,Tandoori Roti,Breads,100,66,Friday,0,0,Sunny,11,0
2025-01-17,Gulab Jamun,Desserts,48,41,Friday,0,0,Sunny,11,0
2025-01-17,Ras Malai,Desserts,45,37,Friday,0,0,Sunny,11,0
2025-01-17,Kheer,Desserts,36,33,Friday,0,0,Sunny,11,0
2025-01-17,Kulfi,Desserts,37,18,Friday,0,0,Sunny,11,0
2025-01-18,Paneer Butter Masala,Main Course,74,67,Saturday,1,0,Rainy,15,1
2025-01-18,Dal Makhani,Main Course,84,67,Saturday,1,0,Rainy,15,1
2025-01-18,Chicken Biryani,Main Course,73,68,Saturday,1,0,Rainy,15,1
2025-01-18,Mutton Rogan Josh,Main Course,66,34,Saturday,1,0,Rainy,15,1
2025-01-18,Paneer Tikka,Starters,105,92,Saturday,1,0,Rainy,15,1
2025-01-18,Chicken Tandoori,Starters,86,71,Saturday,1,0,Rainy,15,1
2025-01-18,Veg Spring Rolls,Starters,107,98,Saturday,1,0,Rainy,15,1
2025-01-18,Fish Amritsari,Starters,96,74,Saturday,1,0,Rainy,15,1
2025-01-18,Butter Naan,Breads,125,107,Saturday,1,0,Rainy,15,1
2025-01-18,Garlic Naan,Breads,127,103,Saturday,1,0,Rainy,15,1
2025-01-18,Tandoori Roti,Breads,133,125,Saturday,1,0,Rainy,15,1
2025-01-18,Gulab Jamun,Desserts,78,73,Saturday,1,0,Rainy,15,1
2025-01-18,Ras Malai,Desserts,64,42,Saturday,1,0,Rainy,15,1
2025-01-18,Kheer,Desserts,50,45,Saturday,1,0,Rainy,15,1
2025-01-18,Kulfi,Desserts,58,34,Saturday,1,0,Rainy,15,1
2025-01-19,Paneer Butter Masala,Main Course,70,65,Sunday,1,0,Sunny,13,0
2025-01-19,Dal Makhani,Main Course,83,54,Sunday,1,0,Sunny,13,0
2025-01-19,Chicken Biryani,Main Course,65,59,Sunday,1,0,Sunny,13,0
2025-01-19,Mutton Rogan Josh,Main Course,58,29,Sunday,1,0,Sunny,13,0
2025-01-19,Paneer Tikka,Starters,98,90,Sunday,1,0,Sunny,13,0
2025-01-19,Chicken Tandoori,Starters,83,73,Sunday,1,0,Sunny,13,0
2025-01-19,Veg Spring Rolls,Starters,87,58,Sunday,1,0,Sunny,13,0
2025-01-19,Fish Amritsari,Starters,91,70,Sunday,1,0,Sunny,13,0
2025-01-19,Butter Naan,Breads,111,108,Sunday,1,0,Sunny,13,0
2025-01-19,Garlic Naan,Breads,115,78,Sunday,1,0,Sunny,13,0
2025-01-19,Tandoori Roti,Breads,244,111,Sunday,1,0,Sunny,13,0
2025-01-19,Gulab Jamun,Desserts,62,56,Sunday,1,0,Sunny,13,0
2025-01-19,Ras Malai,Desserts,65,50,Sunday,1,0,Sunny,13,0
2025-01-19,Kheer,Desserts,54,38,Sunday,1,0,Sunny,13,0
2025-01-19,Kulfi,Desserts,50,34,Sunday,1,0,Sunny,13,0
2025-01-20,Paneer Butter Masala,Main Course,43,39,Monday,0,0,Rainy,8,0
2025-01-20,Dal Makhani,Main Course,49,40,Monday,0,0,Rainy,8,0
2025-01-20,Chicken Biryani,Main Course,47,38,Monday,0,0,Rainy,8,0
2025-01-20,Mutton Rogan Josh,Main Course,38,19,Monday,0,0,Rainy,8,0
2025-01-20,Paneer Tikka,Starters,65,48,Monday,0,0,Rainy,8,0
2025-01-20,Chicken Tandoori,Starters,56,48,Monday,0,0,Rainy,8,0
2025-01-20,Veg Spring Rolls,Starters,58,49,Monday,0,0,Rainy,8,0
2025-01-20,Fish Amritsari,Starters,61,40,Monday,0,0,Rainy,8,0
2025-01-20,Butter Naan,Breads,77,64,Monday,0,0,Rainy,8,0
2025-01-20,Garlic Naan,Breads,81,61,Monday,0,0,Rainy,8,0
2025-01-20,Tandoori Roti,Breads,74,58,Monday,0,0,Rainy,8,0
2025-01-20,Gulab Jamun,Desserts,38,33,Monday,0,0,Rainy,8,0
2025-01-20,Ras Malai,Desserts,40,26,Monday,0,0,Rainy,8,0
2025-01-20,Kheer,Desserts,37,30,Monday,0,0,Rainy,8,0
2025-01-20,Kulfi,Desserts,33,18,Monday,0,0,Rainy,8,0
2025-01-21,Paneer Butter Masala,Main Course,47,40,Tuesday,0,0,Sunny,9,0
2025-01-21,Dal Makhani,Main Course,51,44,Tuesday,0,0,Sunny,9,0
2025-01-21,Chicken Biryani,Main Course,50,40,Tuesday,0,0,Sunny,9,0
2025-01-21,Mutton Rogan Josh,Main Course,52,41,Tuesday,0,0,Sunny,9,0
2025-01-21,Paneer Tikka,Starters,69,60,Tuesday,0,0,Sunny,9,0
2025-01-21,Chicken Tandoori,Starters,59,53,Tuesday,0,0,Sunny,9,0
2025-01-21,Veg Spring Rolls,Starters,68,56,Tuesday,0,0,Sunny,9,0
2025-01-21,Fish Amritsari,Starters,62,47,Tuesday,0,0,Sunny,9,0
2025-01-21,Butter Naan,Breads,94,83,Tuesday,0,0,Sunny,9,0
2025-01-21,Garlic Naan,Breads,85,65,Tuesday,0,0,Sunny,9,0
2025-01-21,Tandoori Roti,Breads,95,82,Tuesday,0,0,Sunny,9,0
2025-01-21,Gulab Jamun,Desserts,49,33,Tuesday,0,0,Sunny,9,0
2025-01-21,Ras Malai,Desserts,43,33,Tuesday,0,0,Sunny,9,0
2025-01-21,Kheer,Desserts,33,22,Tuesday,0,0,Sunny,9,0
2025-01-21,Kulfi,Desserts,33,17,Tuesday,0,0,Sunny,9,0
2025-01-22,Paneer Butter Masala,Main Course,41,33,Wednesday,0,0,Rainy,8,0
2025-01-22,Dal Makhani,Main Course,57,38,Wednesday,0,0,Rainy,8,0
2025-01-22,Chicken Biryani,Main Course,49,39,Wednesday,0,0,Rainy,8,0
2025-01-22,Mutton Rogan Josh,Main Course,44,23,Wednesday,0,0,Rainy,8,0
2025-01-22,Paneer Tikka,Starters,67,58,Wednesday,0,0,Rainy,8,0
2025-01-22,Chicken Tandoori,Starters,56,48,Wednesday,0,0,Rainy,8,0
2025-01-22,Veg Spring Rolls,Starters,54,45,Wednesday,0,0,Rainy,8,0
2025-01-22,Fish Amritsari,Starters,65,50,Wednesday,0,0,Rainy,8,0
2025-01-22,Butter Naan,Breads,88,70,Wednesday,0,0,Rainy,8,0
2025-01-22,Garlic Naan,Breads,71,48,Wednesday,0,0,Rainy,8,0
2025-01-22,Tandoori Roti,Breads,80,71,Wednesday,0,0,Rainy,8,0
2025-01-22,Gulab Jamun,Desserts,46,34,Wednesday,0,0,Rainy,8,0
2025-01-22,Ras Malai,Desserts,40,35,Wednesday,0,0,Rainy,8,0
2025-01-22,Kheer,Desserts,30,24,Wednesday,0,0,Rainy,8,0
2025-01-22,Kulfi,Desserts,30,21,Wednesday,0,0,Rainy,8,0
2025-01-23,Paneer Butter Masala,Main Course,48,43,Thursday,0,0,Cloudy,8,0
2025-01-23,Dal Makhani,Main Course,50,36,Thursday,0,0,Cloudy,8,0
2025-01-23,Chicken Biryani,Main Course,48,46,Thursday,0,0,Cloudy,8,0
2025-01-23,Mutton Rogan Josh,Main Course,50,33,Thursday,0,0,Cloudy,8,0
2025-01-23,Paneer Tikka,Starters,72,53,Thursday,0,0,Cloudy,8,0
2025-01-23,Chicken Tandoori,Starters,57,48,Thursday,0,0,Cloudy,8,0
2025-01-23,Veg Spring Rolls,Starters,66,60,Thursday,0,0,Cloudy,8,0
2025-01-23,Fish Amritsari,Starters,67,48,Thursday,0,0,Cloudy,8,0
2025-01-23,Butter Naan,Breads,87,71,Thursday,0,0,Cloudy,8,0
2025-01-23,Garlic Naan,Breads,95,80,Thursday,0,0,Cloudy,8,0
2025-01-23,Tandoori Roti,Breads,102,68,Thursday,0,0,Cloudy,8,0
2025-01-23,Gulab Jamun,Desserts,43,30,Thursday,0,0,Cloudy,8,0
2025-01-23,Ras Malai,Desserts,45,38,Thursday,0,0,Cloudy,8,0
2025-01-23,Kheer,Desserts,39,30,Thursday,0,0,Cloudy,8,0
2025-01-23,Kulfi,Desserts,32,18,Thursday,0,0,Cloudy,8,0
2025-01-24,Paneer Butter Masala,Main Course,45,40,Friday,0,0,Cloudy,11,0
2025-01-24,Dal Makhani,Main Course,60,48,Friday,0,0,Cloudy,11,0
2025-01-24,Chicken Biryani,Main Course,45,38,Friday,0,0,Cloudy,11,0
2025-01-24,Mutton Rogan Josh,Main Course,42,28,Friday,0,0,Cloudy,11,0
2025-01-24,Paneer Tikka,Starters,62,52,Friday,0,0,Cloudy,11,0
2025-01-24,Chicken Tandoori,Starters,52,39,Friday,0,0,Cloudy,11,0
2025-01-24,Veg Spring Rolls,Starters,68,61,Friday,0,0,Cloudy,11,0
2025-01-24,Fish Amritsari,Starters,71,48,Friday,0,0,Cloudy,11,0
2025-01-24,Butter Naan,Breads,85,71,Friday,0,0,Cloudy,11,0
2025-01-24,Garlic Naan,Breads,95,80,Friday,0,0,Cloudy,11,0
2025-01-24,Tandoori Roti,Breads,92,73,Friday,0,0,Cloudy,11,0
2025-01-24,Gulab Jamun,Desserts,43,29,Friday,0,0,Cloudy,11,0
2025-01-24,Ras Malai,Desserts,45,31,Friday,0,0,Cloudy,11,0
2025-01-24,Kheer,Desserts,38,28,Friday,0,0,Cloudy,11,0
2025-01-24,Kulfi,Desserts,32,16,Friday,0,0,Cloudy,11,0
2025-01-25,Paneer Butter Masala,Main Course,75,60,Saturday,1,0,Sunny,14,1
2025-01-25,Dal Makhani,Main Course,90,65,Saturday,1,0,Sunny,14,1
2025-01-25,Chicken Biryani,Main Course,83,73,Saturday,1,0,Sunny,14,1
2025-01-25,Mutton Rogan Josh,Main Course,80,47,Saturday,1,0,Sunny,14,1
2025-01-25,Paneer Tikka,Starters,106,70,Saturday,1,0,Sunny,14,1
2025-01-25,Chicken Tandoori,Starters,109,91,Saturday,1,0,Sunny,14,1
2025-01-25,Veg Spring Rolls,Starters,100,78,Saturday,1,0,Sunny,14,1
2025-01-25,Fish Amritsari,Starters,115,65,Saturday,1,0,Sunny,14,1
2025-01-25,Butter Naan,Breads,140,120,Saturday,1,0,Sunny,14,1
2025-01-25,Garlic Naan,Breads,151,132,Saturday,1,0,Sunny,14,1
2025-01-25,Tandoori Roti,Breads,154,122,Saturday,1,0,Sunny,14,1
2025-01-25,Gulab Jamun,Desserts,70,46,Saturday,1,0,Sunny,14,1
2025-01-25,Ras Malai,Desserts,65,55,Saturday,1,0,Sunny,14,1
2025-01-25,Kheer,Desserts,62,43,Saturday,1,0,Sunny,14,1
2025-01-25,Kulfi,Desserts,55,35,Saturday,1,0,Sunny,14,1
2025-01-26,Paneer Butter Masala,Main Course,92,79,Sunday,1,1,Cloudy,16,1
2025-01-26,Dal Makhani,Main Course,121,101,Sunday,1,1,Cloudy,16,1
2025-01-26,Chicken Biryani,Main Course,95,78,Sunday,1,1,Cloudy,16,1
2025-01-26,Mutton Rogan Josh,Main Course,89,51,Sunday,1,1,Cloudy,16,1
2025-01-26,Paneer Tikka,Starters,151,138,Sunday,1,1,Cloudy,16,1
2025-01-26,Chicken Tandoori,Starters,108,75,Sunday,1,1,Cloudy,16,1
2025-01-26,Veg Spring Rolls,Starters,131,123,Sunday,1,1,Cloudy,16,1
2025-01-26,Fish Amritsari,Starters,136,104,Sunday,1,1,Cloudy,16,1
2025-01-26,Butter Naan,Breads,207,174,Sunday,1,1,Cloudy,16,1
2025-01-26,Garlic Naan,Breads,171,135,Sunday,1,1,Cloudy,16,1
2025-01-26,Tandoori Roti,Breads,161,149,Sunday,1,1,Cloudy,16,1
2025-01-26,Gulab Jamun,Desserts,97,89,Sunday,1,1,Cloudy,16,1
2025-01-26,Ras Malai,Desserts,83,71,Sunday,1,1,Cloudy,16,1
2025-01-26,Kheer,Desserts,75,66,Sunday,1,1,Cloudy,16,1
2025-01-26,Kulfi,Desserts,73,53,Sunday,1,1,Cloudy,16,1
2025-01-27,Paneer Butter Masala,Main Course,51,41,Monday,0,0,Cloudy,11,0
2025-01-27,Dal Makhani,Main Course,61,46,Monday,0,0,Cloudy,11,0
2025-01-27,Chicken Biryani,Main Course,47,39,Monday,0,0,Cloudy,11,0
2025-01-27,Mutton Rogan Josh,Main Course,46,30,Monday,0,0,Cloudy,11,0
2025-01-27,Paneer Tikka,Starters,69,46,Monday,0,0,Cloudy,11,0
2025-01-27,Chicken Tandoori,Starters,54,50,Monday,0,0,Cloudy,11,0
2025-01-27,Veg Spring Rolls,Starters,69,52,Monday,0,0,Cloudy,11,0
2025-01-27,Fish Amritsari,Starters,65,37,Monday,0,0,Cloudy,11,0
2025-01-27,Butter Naan,Breads,93,86,Monday,0,0,Cloudy,11,0
2025-01-27,Garlic Naan,Breads,78,54,Monday,0,0,Cloudy,11,0
2025-01-27,Tandoori Roti,Breads,90,64,Monday,0,0,Cloudy,11,0
2025-01-27,Gulab Jamun,Desserts,50,38,Monday,0,0,Cloudy,11,0
2025-01-27,Ras Malai,Desserts,41,29,Monday,0,0,Cloudy,11,0
2025-01-27,Kheer,Desserts,39,32,Monday,0,0,Cloudy,11,0
2025-01-27,Kulfi,Desserts,57,22,Monday,0,0,Cloudy,11,0
2025-01-28,Paneer Butter Masala,Main Course,53,44,Tuesday,0,0,Sunny,9,0
2025-01-28,Dal Makhani,Main Course,50,42,Tuesday,0,0,Sunny,9,0
2025-01-28,Chicken Biryani,Main Course,47,38,Tuesday,0,0,Sunny,9,0
2025-01-28,Mutton Rogan Josh,Main Course,42,27,Tuesday,0,0,Sunny,9,0
2025-01-28,Paneer Tikka,Starters,62,55,Tuesday,0,0,Sunny,9,0
2025-01-28,Chicken Tandoori,Starters,52,34,Tuesday,0,0,Sunny,9,0
2025-01-28,Veg Spring Rolls,Starters,62,55,Tuesday,0,0,Sunny,9,0
2025-01-28,Fish Amritsari,Starters,66,43,Tuesday,0,0,Sunny,9,0
2025-01-28,Butter Naan,Breads,98,93,Tuesday,0,0,Sunny,9,0
2025-01-28,Garlic Naan,Breads,82,56,Tuesday,0,0,Sunny,9,0
2025-01-28,Tandoori Roti,Breads,92,62,Tuesday,0,0,Sunny,9,0
2025-01-28,Gulab Jamun,Desserts,75,35,Tuesday,0,0,Sunny,9,0
2025-01-28,Ras Malai,Desserts,39,30,Tuesday,0,0,Sunny,9,0
2025-01-28,Kheer,Desserts,40,33,Tuesday,0,0,Sunny,9,0
2025-01-28,Kulfi,Desserts,37,22,Tuesday,0,0,Sunny,9,0
2025-01-29,Paneer Butter Masala,Main Course,43,35,Wednesday,0,0,Stormy,12,0
2025-01-29,Dal Makhani,Main Course,43,36,Wednesday,0,0,Stormy,12,0
2025-01-29,Chicken Biryani,Main Course,46,42,Wednesday,0,0,Stormy,12,0
2025-01-29,Mutton Rogan Josh,Main Course,42,28,Wednesday,0,0,Stormy,12,0
2025-01-29,Paneer Tikka,Starters,50,42,Wednesday,0,0,Stormy,12,0
2025-01-29,Chicken Tandoori,Starters,51,45,Wednesday,0,0,Stormy,12,0
2025-01-29,Veg Spring Rolls,Starters,59,41,Wednesday,0,0,Stormy,12,0
2025-01-29,Fish Amritsari,Starters,51,28,Wednesday,0,0,Stormy,12,0
2025-01-29,Butter Naan,Breads,75,71,Wednesday,0,0,Stormy,12,0
2025-01-29,Garlic Naan,Breads,79,58,Wednesday,0,0,Stormy,12,0
2025-01-29,Tandoori Roti,Breads,80,71,Wednesday,0,0,Stormy,12,0
2025-01-29,Gulab Jamun,Desserts,42,35,Wednesday,0,0,Stormy,12,0
2025-01-29,Ras Malai,Desserts,35,23,Wednesday,0,0,Stormy,12,0
2025-01-29,Kheer,Desserts,29,22,Wednesday,0,0,Stormy,12,0
2025-01-29,Kulfi,Desserts,31,18,Wednesday,0,0,Stormy,12,0
2025-01-30,Paneer Butter Masala,Main Course,44,42,Thursday,0,0,Rainy,10,0
2025-01-30,Dal Makhani,Main Course,46,42,Thursday,0,0,Rainy,10,0
2025-01-30,Chicken Biryani,Main Course,48,39,Thursday,0,0,Rainy,10,0
2025-01-30,Mutton Rogan Josh,Main Course,43,32,Thursday,0,0,Rainy,10,0
2025-01-30,Paneer Tikka,Starters,67,62,Thursday,0,0,Rainy,10,0
2025-01-30,Chicken Tandoori,Starters,49,44,Thursday,0,0,Rainy,10,0
2025-01-30,Veg Spring Rolls,Starters,56,47,Thursday,0,0,Rainy,10,0
2025-01-30,Fish Amritsari,Starters,52,32,Thursday,0,0,Rainy,10,0
2025-01-30,Butter Naan,Breads,91,88,Thursday,0,0,Rainy,10,0
2025-01-30,Garlic Naan,Breads,86,79,Thursday,0,0,Rainy,10,0
2025-01-30,Tandoori Roti,Breads,82,57,Thursday,0,0,Rainy,10,0
2025-01-30,Gulab Jamun,Desserts,45,33,Thursday,0,0,Rainy,10,0
2025-01-30,Ras Malai,Desserts,38,34,Thursday,0,0,Rainy,10,0
2025-01-30,Kheer,Desserts,34,25,Thursday,0,0,Rainy,10,0
2025-01-30,Kulfi,Desserts,36,18,Thursday,0,0,Rainy,10,0
2025-01-31,Paneer Butter Masala,Main Course,49,44,Friday,0,0,Sunny,8,0
2025-01-31,Dal Makhani,Main Course,57,48,Friday,0,0,Sunny,8,0
2025-01-31,Chicken Biryani,Main Course,45,42,Friday,0,0,Sunny,8,0
2025-01-31,Mutton Rogan Josh,Main Course,43,26,Friday,0,0,Sunny,8,0
2025-01-31,Paneer Tikka,Starters,65,45,Friday,0,0,Sunny,8,0
2025-01-31,Chicken Tandoori,Starters,56,50,Friday,0,0,Sunny,8,0
2025-01-31,Veg Spring Rolls,Starters,70,50,Friday,0,0,Sunny,8,0
2025-01-31,Fish Amritsari,Starters,66,33,Friday,0,0,Sunny,8,0
2025-01-31,Butter Naan,Breads,84,67,Friday,0,0,Sunny,8,0
2025-01-31,Garlic Naan,Breads,88,62,Friday,0,0,Sunny,8,0
2025-01-31,Tandoori Roti,Breads,93,68,Friday,0,0,Sunny,8,0
2025-01-31,Gulab Jamun,Desserts,47,14,Friday,0,0,Sunny,8,0
2025-01-31,Ras Malai,Desserts,44,35,Friday,0,0,Sunny,8,0
2025-01-31,Kheer,Desserts,35,30,Friday,0,0,Sunny,8,0
2025-01-31,Kulfi,Desserts,37,22,Friday,0,0,Sunny,8,0
2025-02-01,Paneer Butter Masala,Main Course,64,55,Saturday,1,0,Cloudy,11,0
2025-02-01,Dal Makhani,Main Course,73,52,Saturday,1,0,Cloudy,11,0
2025-02-01,Chicken Biryani,Main Course,65,61,Saturday,1,0,Cloudy,11,0
2025-02-01,Mutton Rogan Josh,Main Course,62,46,Saturday,1,0,Cloudy,11,0
2025-02-01,Paneer Tikka,Starters,77,54,Saturday,1,0,Cloudy,11,0
2025-02-01,Chicken Tandoori,Starters,70,56,Saturday,1,0,Cloudy,11,0
2025-02-01,Veg Spring Rolls,Starters,74,64,Saturday,1,0,Cloudy,11,0
2025-02-01,Fish Amritsari,Starters,75,41,Saturday,1,0,Cloudy,11,0
2025-02-01,Butter Naan,Breads,107,95,Saturday,1,0,Cloudy,11,0
2025-02-01,Garlic Naan,Breads,167,89,Saturday,1,0,Cloudy,11,0
2025-02-01,Tandoori Roti,Breads,123,116,Saturday,1,0,Cloudy,11,0
2025-02-01,Gulab Jamun,Desserts,49,42,Saturday,1,0,Cloudy,11,0
2025-02-01,Ras Malai,Desserts,54,42,Saturday,1,0,Cloudy,11,0
2025-02-01,Kheer,Desserts,46,35,Saturday,1,0,Cloudy,11,0
2025-02-01,Kulfi,Desserts,37,20,Saturday,1,0,Cloudy,11,0
2025-02-02,Paneer Butter Masala,Main Course,75,64,Sunday,1,0,Sunny,11,1
2025-02-02,Dal Makhani,Main Course,74,63,Sunday,1,0,Sunny,11,1
2025-02-02,Chicken Biryani,Main Course,73,69,Sunday,1,0,Sunny,11,1
2025-02-02,Mutton Rogan Josh,Main Course,69,49,Sunday,1,0,Sunny,11,1
2025-02-02,Paneer Tikka,Starters,107,85,Sunday,1,0,Sunny,11,1
2025-02-02,Chicken Tandoori,Starters,77,57,Sunday,1,0,Sunny,11,1
2025-02-02,Veg Spring Rolls,Starters,90,75,Sunday,1,0,Sunny,11,1
2025-02-02,Fish Amritsari,Starters,86,45,Sunday,1,0,Sunny,11,1
2025-02-02,Butter Naan,Breads,136,113,Sunday,1,0,Sunny,11,1
2025-02-02,Garlic Naan,Breads,118,95,Sunday,1,0,Sunny,11,1
2025-02-02,Tandoori Roti,Breads,136,103,Sunday,1,0,Sunny,11,1
2025-02-02,Gulab Jamun,Desserts,65,56,Sunday,1,0,Sunny,11,1
2025-02-02,Ras Malai,Desserts,62,47,Sunday,1,0,Sunny,11,1
2025-02-02,Kheer,Desserts,57,42,Sunday,1,0,Sunny,11,1
2025-02-02,Kulfi,Desserts,52,30,Sunday,1,0,Sunny,11,1
2025-02-03,Paneer Butter Masala,Main Course,46,41,Monday,0,0,Cloudy,11,0
2025-02-03,Dal Makhani,Main Course,52,35,Monday,0,0,Cloudy,11,0
2025-02-03,Chicken Biryani,Main Course,41,40,Monday,0,0,Cloudy,11,0
2025-02-03,Mutton Rogan Josh,Main Course,42,22,Monday,0,0,Cloudy,11,0
2025-02-03,Paneer Tikka,Starters,56,43,Monday,0,0,Cloudy,11,0
2025-02-03,Chicken Tandoori,Starters,46,42,Monday,0,0,Cloudy,11,0
2025-02-03,Veg Spring Rolls,Starters,63,46,Monday,0,0,Cloudy,11,0
2025-02-03,Fish Amritsari,Starters,58,31,Monday,0,0,Cloudy,11,0
2025-02-03,Butter Naan,Breads,72,64,Monday,0,0,Cloudy,11,0
2025-02-03,Garlic Naan,Breads,72,64,Monday,0,0,Cloudy,11,0
2025-02-03,Tandoori Roti,Breads,88,79,Monday,0,0,Cloudy,11,0
2025-02-03,Gulab Jamun,Desserts,36,33,Monday,0,0,Cloudy,11,0
2025-02-03,Ras Malai,Desserts,39,35,Monday,0,0,Cloudy,11,0
2025-02-03,Kheer,Desserts,27,20,Monday,0,0,Cloudy,11,0
2025-02-03,Kulfi,Desserts,27,16,Monday,0,0,Cloudy,11,0
2025-02-04,Paneer Butter Masala,Main Course,42,39,Tuesday,0,0,Cloudy,9,0
2025-02-04,Dal Makhani,Main Course,45,29,Tuesday,0,0,Cloudy,9,0
2025-02-04,Chicken Biryani,Main Course,47,42,Tuesday,0,0,Cloudy,9,0
2025-02-04,Mutton Rogan Josh,Main Course,41,23,Tuesday,0,0,Cloudy,9,0
2025-02-04,Paneer Tikka,Starters,60,50,Tuesday,0,0,Cloudy,9,0
2025-02-04,Chicken Tandoori,Starters,57,52,Tuesday,0,0,Cloudy,9,0
2025-02-04,Veg Spring Rolls,Starters,56,46,Tuesday,0,0,Cloudy,9,0
2025-02-04,Fish Amritsari,Starters,60,46,Tuesday,0,0,Cloudy,9,0
2025-02-04,Butter Naan,Breads,71,57,Tuesday,0,0,Cloudy,9,0
2025-02-04,Garlic Naan,Breads,83,60,Tuesday,0,0,Cloudy,9,0
2025-02-04,Tandoori Roti,Breads,79,65,Tuesday,0,0,Cloudy,9,0
2025-02-04,Gulab Jamun,Desserts,63,30,Tuesday,0,0,Cloudy,9,0
2025-02-04,Ras Malai,Desserts,42,29,Tuesday,0,0,Cloudy,9,0
2025-02-04,Kheer,Desserts,29,20,Tuesday,0,0,Cloudy,9,0
2025-02-04,Kulfi,Desserts,27,15,Tuesday,0,0,Cloudy,9,0
2025-02-05,Paneer Butter Masala,Main Course,48,44,Wednesday,0,0,Cloudy,12,0
2025-02-05,Dal Makhani,Main Course,46,39,Wednesday,0,0,Cloudy,12,0
2025-02-05,Chicken Biryani,Main Course,40,33,Wednesday,0,0,Cloudy,12,0
2025-02-05,Mutton Rogan Josh,Main Course,42,22,Wednesday,0,0,Cloudy,12,0
2025-02-05,Paneer Tikka,Starters,53,40,Wednesday,0,0,Cloudy,12,0
2025-02-05,Chicken Tandoori,Starters,56,47,Wednesday,0,0,Cloudy,12,0
2025-02-05,Veg Spring Rolls,Starters,54,44,Wednesday,0,0,Cloudy,12,0
2025-02-05,Fish Amritsari,Starters,58,33,Wednesday,0,0,Cloudy,12,0
2025-02-05,Butter Naan,Breads,71,65,Wednesday,0,0,Cloudy,12,0
2025-02-05,Garlic Naan,Breads,71,63,Wednesday,0,0,Cloudy,12,0
2025-02-05,Tandoori Roti,Breads,70,60,Wednesday,0,0,Cloudy,12,0
2025-02-05,Gulab Jamun,Desserts,40,33,Wednesday,0,0,Cloudy,12,0
2025-02-05,Ras Malai,Desserts,37,31,Wednesday,0,0,Cloudy,12,0
2025-02-05,Kheer,Desserts,32,27,Wednesday,0,0,Cloudy,12,0
2025-02-05,Kulfi,Desserts,27,18,Wednesday,0,0,Cloudy,12,0
2025-02-06,Paneer Butter Masala,Main Course,45,39,Thursday,0,0,Sunny,8,0
2025-02-06,Dal Makhani,Main Course,49,43,Thursday,0,0,Sunny,8,0
2025-02-06,Chicken Biryani,Main Course,38,32,Thursday,0,0,Sunny,8,0
2025-02-06,Mutton Rogan Josh,Main Course,43,34,Thursday,0,0,Sunny,8,0
2025-02-06,Paneer Tikka,Starters,58,51,Thursday,0,0,Sunny,8,0
2025-02-06,Chicken Tandoori,Starters,50,44,Thursday,0,0,Sunny,8,0
2025-02-06,Veg Spring Rolls,Starters,57,41,Thursday,0,0,Sunny,8,0
2025-02-06,Fish Amritsari,Starters,57,29,Thursday,0,0,Sunny,8,0
2025-02-06,Butter Naan,Breads,75,64,Thursday,0,0,Sunny,8,0
2025-02-06,Garlic Naan,Breads,70,54,Thursday,0,0,Sunny,8,0
2025-02-06,Tandoori Roti,Breads,73,64,Thursday,0,0,Sunny,8,0
2025-02-06,Gulab Jamun,Desserts,39,36,Thursday,0,0,Sunny,8,0
2025-02-06,Ras Malai,Desserts,39,33,Thursday,0,0,Sunny,8,0
2025-02-06,Kheer,Desserts,28,21,Thursday,0,0,Sunny,8,0
2025-02-06,Kulfi,Desserts,31,22,Thursday,0,0,Sunny,8,0
2025-02-07,Paneer Butter Masala,Main Course,39,31,Friday,0,0,Cloudy,10,0
2025-02-07,Dal Makhani,Main Course,51,44,Friday,0,0,Cloudy,10,0
2025-02-07,Chicken Biryani,Main Course,47,43,Friday,0,0,Cloudy,10,0
2025-02-07,Mutton Rogan Josh,Main Course,42,22,Friday,0,0,Cloudy,10,0
2025-02-07,Paneer Tikka,Starters,54,49,Friday,0,0,Cloudy,10,0
2025-02-07,Chicken Tandoori,Starters,49,43,Friday,0,0,Cloudy,10,0
2025-02-07,Veg Spring Rolls,Starters,51,33,Friday,0,0,Cloudy,10,0
2025-02-07,Fish Amritsari,Starters,57,37,Friday,0,0,Cloudy,10,0
2025-02-07,Butter Naan,Breads,81,72,Friday,0,0,Cloudy,10,0
2025-02-07,Garlic Naan,Breads,86,61,Friday,0,0,Cloudy,10,0
2025-02-07,Tandoori Roti,Breads,88,65,Friday,0,0,Cloudy,10,0
2025-02-07,Gulab Jamun,Desserts,40,32,Friday,0,0,Cloudy,10,0
2025-02-07,Ras Malai,Desserts,37,30,Friday,0,0,Cloudy,10,0
2025-02-07,Kheer,Desserts,33,30,Friday,0,0,Cloudy,10,0
2025-02-07,Kulfi,Desserts,30,18,Friday,0,0,Cloudy,10,0
2025-02-08,Paneer Butter Masala,Main Course,55,52,Saturday,1,0,Sunny,13,0
2025-02-08,Dal Makhani,Main Course,75,53,Saturday,1,0,Sunny,13,0
2025-02-08,Chicken Biryani,Main Course,65,52,Saturday,1,0,Sunny,13,0
2025-02-08,Mutton Rogan Josh,Main Course,52,30,Saturday,1,0,Sunny,13,0
2025-02-08,Paneer Tikka,Starters,82,63,Saturday,1,0,Sunny,13,0
2025-02-08,Chicken Tandoori,Starters,69,62,Saturday,1,0,Sunny,13,0
2025-02-08,Veg Spring Rolls,Starters,86,67,Saturday,1,0,Sunny,13,0
2025-02-08,Fish Amritsari,Starters,73,45,Saturday,1,0,Sunny,13,0
2025-02-08,Butter Naan,Breads,120,108,Saturday,1,0,Sunny,13,0
2025-02-08,Garlic Naan,Breads,109,88,Saturday,1,0,Sunny,13,0
2025-02-08,Tandoori Roti,Breads,107,76,Saturday,1,0,Sunny,13,0
2025-02-08,Gulab Jamun,Desserts,49,44,Saturday,1,0,Sunny,13,0
2025-02-08,Ras Malai,Desserts,57,54,Saturday,1,0,Sunny,13,0
2025-02-08,Kheer,Desserts,40,27,Saturday,1,0,Sunny,13,0
2025-02-08,Kulfi,Desserts,46,28,Saturday,1,0,Sunny,13,0
2025-02-09,Paneer Butter Masala,Main Course,56,49,Sunday,1,0,Sunny,16,0
2025-02-09,Dal Makhani,Main Course,66,43,Sunday,1,0,Sunny,16,0
2025-02-09,Chicken Biryani,Main Course,59,57,Sunday,1,0,Sunny,16,0
2025-02-09,Mutton Rogan Josh,Main Course,62,44,Sunday,1,0,Sunny,16,0
2025-02-09,Paneer Tikka,Starters,83,63,Sunday,1,0,Sunny,16,0
2025-02-09,Chicken Tandoori,Starters,79,24,Sunday,1,0,Sunny,16,0
2025-02-09,Veg Spring Rolls,Starters,78,67,Sunday,1,0,Sunny,16,0
2025-02-09,Fish Amritsari,Starters,71,41,Sunday,1,0,Sunny,16,0
2025-02-09,Butter Naan,Breads,105,88,Sunday,1,0,Sunny,16,0
2025-02-09,Garlic Naan,Breads,109,86,Sunday,1,0,Sunny,16,0
2025-02-09,Tandoori Roti,Breads,115,85,Sunday,1,0,Sunny,16,0
2025-02-09,Gulab Jamun,Desserts,53,47,Sunday,1,0,Sunny,16,0
2025-02-09,Ras Malai,Desserts,47,40,Sunday,1,0,Sunny,16,0
2025-02-09,Kheer,Desserts,46,31,Sunday,1,0,Sunny,16,0
2025-02-09,Kulfi,Desserts,46,26,Sunday,1,0,Sunny,16,0
2025-02-10,Paneer Butter Masala,Main Course,41,34,Monday,0,0,Sunny,11,0
2025-02-10,Dal Makhani,Main Course,53,41,Monday,0,0,Sunny,11,0
2025-02-10,Chicken Biryani,Main Course,42,36,Monday,0,0,Sunny,11,0
2025-02-10,Mutton Rogan Josh,Main Course,42,32,Monday,0,0,Sunny,11,0
2025-02-10,Paneer Tikka,Starters,56,42,Monday,0,0,Sunny,11,0
2025-02-10,Chicken Tandoori,Starters,55,48,Monday,0,0,Sunny,11,0
2025-02-10,Veg Spring Rolls,Starters,51,42,Monday,0,0,Sunny,11,0
2025-02-10,Fish Amritsari,Starters,53,33,Monday,0,0,Sunny,11,0
2025-02-10,Butter Naan,Breads,82,74,Monday,0,0,Sunny,11,0
2025-02-10,Garlic Naan,Breads,80,74,Monday,0,0,Sunny,11,0
2025-02-10,Tandoori Roti,Breads,86,59,Monday,0,0,Sunny,11,0
2025-02-10,Gulab Jamun,Desserts,36,32,Monday,0,0,Sunny,11,0
2025-02-10,Ras Malai,Desserts,36,27,Monday,0,0,Sunny,11,0
2025-02-10,Kheer,Desserts,32,21,Monday,0,0,Sunny,11,0
2025-02-10,Kulfi,Desserts,29,18,Monday,0,0,Sunny,11,0
2025-02-11,Paneer Butter Masala,Main Course,36,32,Tuesday,0,0,Stormy,11,0
2025-02-11,Dal Makhani,Main Course,41,36,Tuesday,0,0,Stormy,11,0
2025-02-11,Chicken Biryani,Main Course,34,27,Tuesday,0,0,Stormy,11,0
2025-02-11,Mutton Rogan Josh,Main Course,31,24,Tuesday,0,0,Stormy,11,0
2025-02-11,Paneer Tikka,Starters,46,30,Tuesday,0,0,Stormy,11,0
2025-02-11,Chicken Tandoori,Starters,40,32,Tuesday,0,0,Stormy,11,0
2025-02-11,Veg Spring Rolls,Starters,52,45,Tuesday,0,0,Stormy,11,0
2025-02-11,Fish Amritsari,Starters,49,34,Tuesday,0,0,Stormy,11,0
2025-02-11,Butter Naan,Breads,73,59,Tuesday,0,0,Stormy,11,0
2025-02-11,Garlic Naan,Breads,62,55,Tuesday,0,0,Stormy,11,0
2025-02-11,Tandoori Roti,Breads,71,53,Tuesday,0,0,Stormy,11,0
2025-02-11,Gulab Jamun,Desserts,36,23,Tuesday,0,0,Stormy,11,0
2025-02-11,Ras Malai,Desserts,31,22,Tuesday,0,0,Stormy,11,0
2025-02-11,Kheer,Desserts,24,19,Tuesday,0,0,Stormy,11,0
2025-02-11,Kulfi,Desserts,26,14,Tuesday,0,0,Stormy,11,0
2025-02-12,Paneer Butter Masala,Main Course,49,41,Wednesday,0,0,Sunny,9,0
2025-02-12,Dal Makhani,Main Course,49,38,Wednesday,0,0,Sunny,9,0
2025-02-12,Chicken Biryani,Main Course,40,37,Wednesday,0,0,Sunny,9,0
2025-02-12,Mutton Rogan Josh,Main Course,38,25,Wednesday,0,0,Sunny,9,0
2025-02-12,Paneer Tikka,Starters,51,37,Wednesday,0,0,Sunny,9,0
2025-02-12,Chicken Tandoori,Starters,55,45,Wednesday,0,0,Sunny,9,0
2025-02-12,Veg Spring Rolls,Starters,61,53,Wednesday,0,0,Sunny,9,0
2025-02-12,Fish Amritsari,Starters,55,31,Wednesday,0,0,Sunny,9,0
2025-02-12,Butter Naan,Breads,79,68,Wednesday,0,0,Sunny,9,0
2025-02-12,Garlic Naan,Breads,80,67,Wednesday,0,0,Sunny,9,0
2025-02-12,Tandoori Roti,Breads,89,59,Wednesday,0,0,Sunny,9,0
2025-02-12,Gulab Jamun,Desserts,38,33,Wednesday,0,0,Sunny,9,0
2025-02-12,Ras Malai,Desserts,36,29,Wednesday,0,0,Sunny,9,0
2025-02-12,Kheer,Desserts,35,30,Wednesday,0,0,Sunny,9,0
2025-02-12,Kulfi,Desserts,33,23,Wednesday,0,0,Sunny,9,0
2025-02-13,Paneer Butter Masala,Main Course,40,38,Thursday,0,0,Sunny,9,0
2025-02-13,Dal Makhani,Main Course,44,30,Thursday,0,0,Sunny,9,0
2025-02-13,Chicken Biryani,Main Course,40,37,Thursday,0,0,Sunny,9,0
2025-02-13,Mutton Rogan Josh,Main Course,44,8,Thursday,0,0,Sunny,9,0
2025-02-13,Paneer Tikka,Starters,59,41,Thursday,0,0,Sunny,9,0
2025-02-13,Chicken Tandoori,Starters,50,46,Thursday,0,0,Sunny,9,0
2025-02-13,Veg Spring Rolls,Starters,59,48,Thursday,0,0,Sunny,9,0
2025-02-13,Fish Amritsari,Starters,53,37,Thursday,0,0,Sunny,9,0
2025-02-13,Butter Naan,Breads,75,63,Thursday,0,0,Sunny,9,0
2025-02-13,Garlic Naan,Breads,73,59,Thursday,0,0,Sunny,9,0
2025-02-13,Tandoori Roti,Breads,88,79,Thursday,0,0,Sunny,9,0
2025-02-13,Gulab Jamun,Desserts,41,34,Thursday,0,0,Sunny,9,0
2025-02-13,Ras Malai,Desserts,38,30,Thursday,0,0,Sunny,9,0
2025-02-13,Kheer,Desserts,31,23,Thursday,0,0,Sunny,9,0
2025-02-13,Kulfi,Desserts,33,16,Thursday,0,0,Sunny,9,0
2025-02-14,Paneer Butter Masala,Main Course,44,37,Friday,0,0,Rainy,11,0
2025-02-14,Dal Makhani,Main Course,40,33,Friday,0,0,Rainy,11,0
2025-02-14,Chicken Biryani,Main Course,42,41,Friday,0,0,Rainy,11,0
2025-02-14,Mutton Rogan Josh,Main Course,39,21,Friday,0,0,Rainy,11,0
2025-02-14,Paneer Tikka,Starters,55,48,Friday,0,0,Rainy,11,0
2025-02-14,Chicken Tandoori,Starters,41,37,Friday,0,0,Rainy,11,0
2025-02-14,Veg Spring Rolls,Starters,47,33,Friday,0,0,Rainy,11,0
2025-02-14,Fish Amritsari,Starters,55,36,Friday,0,0,Rainy,11,0
2025-02-14,Butter Naan,Breads,67,58,Friday,0,0,Rainy,11,0
2025-02-14,Garlic Naan,Breads,76,54,Friday,0,0,Rainy,11,0
2025-02-14,Tandoori Roti,Breads,67,44,Friday,0,0,Rainy,11,0
2025-02-14,Gulab Jamun,Desserts,38,32,Friday,0,0,Rainy,11,0
2025-02-14,Ras Malai,Desserts,32,26,Friday,0,0,Rainy,11,0
2025-02-14,Kheer,Desserts,30,26,Friday,0,0,Rainy,11,0
2025-02-14,Kulfi,Desserts,26,18,Friday,0,0,Rainy,11,0
2025-02-15,Paneer Butter Masala,Main Course,66,60,Saturday,1,0,Cloudy,14,1
2025-02-15,Dal Makhani,Main Course,91,77,Saturday,1,0,Cloudy,14,1
2025-02-15,Chicken Biryani,Main Course,78,71,Saturday,1,0,Cloudy,14,1
2025-02-15,Mutton Rogan Josh,Main Course,69,38,Saturday,1,0,Cloudy,14,1
2025-02-15,Paneer Tikka,Starters,98,73,Saturday,1,0,Cloudy,14,1
2025-02-15,Chicken Tandoori,Starters,84,76,Saturday,1,0,Cloudy,14,1
2025-02-15,Veg Spring Rolls,Starters,95,64,Saturday,1,0,Cloudy,14,1
2025-02-15,Fish Amritsari,Starters,93,61,Saturday,1,0,Cloudy,14,1
2025-02-15,Butter Naan,Breads,142,138,Saturday,1,0,Cloudy,14,1
2025-02-15,Garlic Naan,Breads,133,88,Saturday,1,0,Cloudy,14,1
2025-02-15,Tandoori Roti,Breads,141,129,Saturday,1,0,Cloudy,14,1
2025-02-15,Gulab Jamun,Desserts,68,58,Saturday,1,0,Cloudy,14,1
2025-02-15,Ras Malai,Desserts,61,54,Saturday,1,0,Cloudy,14,1
2025-02-15,Kheer,Desserts,47,36,Saturday,1,0,Cloudy,14,1
2025-02-15,Kulfi,Desserts,56,28,Saturday,1,0,Cloudy,14,1
2025-02-16,Paneer Butter Masala,Main Course,68,61,Sunday,1,0,Sunny,11,0
2025-02-16,Dal Makhani,Main Course,68,58,Sunday,1,0,Sunny,11,0
2025-02-16,Chicken Biryani,Main Course,60,48,Sunday,1,0,Sunny,11,0
2025-02-16,Mutton Rogan Josh,Main Course,50,25,Sunday,1,0,Sunny,11,0
2025-02-16,Paneer Tikka,Starters,71,47,Sunday,1,0,Sunny,11,0
2025-02-16,Chicken Tandoori,Starters,73,53,Sunday,1,0,Sunny,11,0
2025-02-16,Veg Spring Rolls,Starters,75,58,Sunday,1,0,Sunny,11,0
2025-02-16,Fish Amritsari,Starters,79,47,Sunday,1,0,Sunny,11,0
2025-02-16,Butter Naan,Breads,113,99,Sunday,1,0,Sunny,11,0
2025-02-16,Garlic Naan,Breads,117,106,Sunday,1,0,Sunny,11,0
2025-02-16,Tandoori Roti,Breads,114,90,Sunday,1,0,Sunny,11,0
2025-02-16,Gulab Jamun,Desserts,58,46,Sunday,1,0,Sunny,11,0
2025-02-16,Ras Malai,Desserts,50,35,Sunday,1,0,Sunny,11,0
2025-02-16,Kheer,Desserts,48,42,Sunday,1,0,Sunny,11,0
2025-02-16,Kulfi,Desserts,42,33,Sunday,1,0,Sunny,11,0
2025-02-17,Paneer Butter Masala,Main Course,43,40,Monday,0,0,Sunny,11,0
2025-02-17,Dal Makhani,Main Course,53,42,Monday,0,0,Sunny,11,0
2025-02-17,Chicken Biryani,Main Course,42,36,Monday,0,0,Sunny,11,0
2025-02-17,Mutton Rogan Josh,Main Course,37,18,Monday,0,0,Sunny,11,0
2025-02-17,Paneer Tikka,Starters,52,44,Monday,0,0,Sunny,11,0
2025-02-17,Chicken Tandoori,Starters,47,43,Monday,0,0,Sunny,11,0
2025-02-17,Veg Spring Rolls,Starters,54,38,Monday,0,0,Sunny,11,0
2025-02-17,Fish Amritsari,Starters,60,47,Monday,0,0,Sunny,11,0
2025-02-17,Butter Naan,Breads,80,67,Monday,0,0,Sunny,11,0
2025-02-17,Garlic Naan,Breads,83,70,Monday,0,0,Sunny,11,0
2025-02-17,Tandoori Roti,Breads,84,79,Monday,0,0,Sunny,11,0
2025-02-17,Gulab Jamun,Desserts,40,33,Monday,0,0,Sunny,11,0
2025-02-17,Ras Malai,Desserts,37,10,Monday,0,0,Sunny,11,0
2025-02-17,Kheer,Desserts,28,22,Monday,0,0,Sunny,11,0
2025-02-17,Kulfi,Desserts,28,17,Monday,0,0,Sunny,11,0
2025-02-18,Paneer Butter Masala,Main Course,41,39,Tuesday,0,0,Cloudy,8,0
2025-02-18,Dal Makhani,Main Course,46,33,Tuesday,0,0,Cloudy,8,0
2025-02-18,Chicken Biryani,Main Course,40,37,Tuesday,0,0,Cloudy,8,0
2025-02-18,Mutton Rogan Josh,Main Course,37,19,Tuesday,0,0,Cloudy,8,0
2025-02-18,Paneer Tikka,Starters,59,47,Tuesday,0,0,Cloudy,8,0
2025-02-18,Chicken Tandoori,Starters,55,40,Tuesday,0,0,Cloudy,8,0
2025-02-18,Veg Spring Rolls,Starters,51,47,Tuesday,0,0,Cloudy,8,0
2025-02-18,Fish Amritsari,Starters,55,41,Tuesday,0,0,Cloudy,8,0
2025-02-18,Butter Naan,Breads,70,61,Tuesday,0,0,Cloudy,8,0
2025-02-18,Garlic Naan,Breads,81,62,Tuesday,0,0,Cloudy,8,0
2025-02-18,Tandoori Roti,Breads,84,65,Tuesday,0,0,Cloudy,8,0
2025-02-18,Gulab Jamun,Desserts,39,28,Tuesday,0,0,Cloudy,8,0
2025-02-18,Ras Malai,Desserts,39,35,Tuesday,0,0,Cloudy,8,0
2025-02-18,Kheer,Desserts,31,24,Tuesday,0,0,Cloudy,8,0
2025-02-18,Kulfi,Desserts,29,18,Tuesday,0,0,Cloudy,8,0
2025-02-19,Paneer Butter Masala,Main Course,43,38,Wednesday,0,0,Sunny,11,0
2025-02-19,Dal Makhani,Main Course,50,33,Wednesday,0,0,Sunny,11,0
2025-02-19,Chicken Biryani,Main Course,41,37,Wednesday,0,0,Sunny,11,0
2025-02-19,Mutton Rogan Josh,Main Course,36,28,Wednesday,0,0,Sunny,11,0
2025-02-19,Paneer Tikka,Starters,60,42,Wednesday,0,0,Sunny,11,0
2025-02-19,Chicken Tandoori,Starters,46,11,Wednesday,0,0,Sunny,11,0
2025-02-19,Veg Spring Rolls,Starters,60,49,Wednesday,0,0,Sunny,11,0
2025-02-19,Fish Amritsari,Starters,60,38,Wednesday,0,0,Sunny,11,0
2025-02-19,Butter Naan,Breads,79,70,Wednesday,0,0,Sunny,11,0
2025-02-19,Garlic Naan,Breads,85,56,Wednesday,0,0,Sunny,11,0
2025-02-19,Tandoori Roti,Breads,78,56,Wednesday,0,0,Sunny,11,0
2025-02-19,Gulab Jamun,Desserts,38,33,Wednesday,0,0,Sunny,11,0
2025-02-19,Ras Malai,Desserts,41,35,Wednesday,0,0,Sunny,11,0
2025-02-19,Kheer,Desserts,29,20,Wednesday,0,0,Sunny,11,0
2025-02-19,Kulfi,Desserts,30,17,Wednesday,0,0,Sunny,11,0
2025-02-20,Paneer Butter Masala,Main Course,42,33,Thursday,0,0,Rainy,10,0
2025-02-20,Dal Makhani,Main Course,49,42,Thursday,0,0,Rainy,10,0
2025-02-20,Chicken Biryani,Main Course,38,34,Thursday,0,0,Rainy,10,0
2025-02-20,Mutton Rogan Josh,Main Course,38,26,Thursday,0,0,Rainy,10,0
2025-02-20,Paneer Tikka,Starters,48,31,Thursday,0,0,Rainy,10,0
2025-02-20,Chicken Tandoori,Starters,46,33,Thursday,0,0,Rainy,10,0
2025-02-20,Veg Spring Rolls,Starters,50,39,Thursday,0,0,Rainy,10,0
2025-02-20,Fish Amritsari,Starters,56,44,Thursday,0,0,Rainy,10,0
2025-02-20,Butter Naan,Breads,70,58,Thursday,0,0,Rainy,10,0
2025-02-20,Garlic Naan,Breads,66,59,Thursday,0,0,Rainy,10,0
2025-02-20,Tandoori Roti,Breads,76,53,Thursday,0,0,Rainy,10,0
2025-02-20,Gulab Jamun,Desserts,39,31,Thursday,0,0,Rainy,10,0
2025-02-20,Ras Malai,Desserts,34,26,Thursday,0,0,Rainy,10,0
2025-02-20,Kheer,Desserts,31,23,Thursday,0,0,Rainy,10,0
2025-02-20,Kulfi,Desserts,25,19,Thursday,0,0,Rainy,10,0
2025-02-21,Paneer Butter Masala,Main Course,45,42,Friday,0,0,Sunny,10,0
2025-02-21,Dal Makhani,Main Course,54,50,Friday,0,0,Sunny,10,0
2025-02-21,Chicken Biryani,Main Course,41,36,Friday,0,0,Sunny,10,0
2025-02-21,Mutton Rogan Josh,Main Course,39,28,Friday,0,0,Sunny,10,0
2025-02-21,Paneer Tikka,Starters,56,37,Friday,0,0,Sunny,10,0
2025-02-21,Chicken Tandoori,Starters,45,36,Friday,0,0,Sunny,10,0
2025-02-21,Veg Spring Rolls,Starters,57,45,Friday,0,0,Sunny,10,0
2025-02-21,Fish Amritsari,Starters,52,26,Friday,0,0,Sunny,10,0
2025-02-21,Butter Naan,Breads,82,74,Friday,0,0,Sunny,10,0
2025-02-21,Garlic Naan,Breads,67,50,Friday,0,0,Sunny,10,0
2025-02-21,Tandoori Roti,Breads,74,60,Friday,0,0,Sunny,10,0
2025-02-21,Gulab Jamun,Desserts,35,27,Friday,0,0,Sunny,10,0
2025-02-21,Ras Malai,Desserts,34,32,Friday,0,0,Sunny,10,0
2025-02-21,Kheer,Desserts,29,26,Friday,0,0,Sunny,10,0
2025-02-21,Kulfi,Desserts,31,19,Friday,0,0,Sunny,10,0
2025-02-22,Paneer Butter Masala,Main Course,61,57,Saturday,1,0,Cloudy,16,0
2025-02-22,Dal Makhani,Main Course,73,53,Saturday,1,0,Cloudy,16,0
2025-02-22,Chicken Biryani,Main Course,64,53,Saturday,1,0,Cloudy,16,0
2025-02-22,Mutton Rogan Josh,Main Course,55,36,Saturday,1,0,Cloudy,16,0
2025-02-22,Paneer Tikka,Starters,72,64,Saturday,1,0,Cloudy,16,0
2025-02-22,Chicken Tandoori,Starters,75,55,Saturday,1,0,Cloudy,16,0
2025-02-22,Veg Spring Rolls,Starters,81,67,Saturday,1,0,Cloudy,16,0
2025-02-22,Fish Amritsari,Starters,73,36,Saturday,1,0,Cloudy,16,0
2025-02-22,Butter Naan,Breads,98,81,Saturday,1,0,Cloudy,16,0
2025-02-22,Garlic Naan,Breads,107,74,Saturday,1,0,Cloudy,16,0
2025-02-22,Tandoori Roti,Breads,111,86,Saturday,1,0,Cloudy,16,0
2025-02-22,Gulab Jamun,Desserts,55,49,Saturday,1,0,Cloudy,16,0
2025-02-22,Ras Malai,Desserts,51,43,Saturday,1,0,Cloudy,16,0
2025-02-22,Kheer,Desserts,43,29,Saturday,1,0,Cloudy,16,0
2025-02-22,Kulfi,Desserts,40,28,Saturday,1,0,Cloudy,16,0
2025-02-23,Paneer Butter Masala,Main Course,67,60,Sunday,1,0,Sunny,14,0
2025-02-23,Dal Makhani,Main Course,72,51,Sunday,1,0,Sunny,14,0
2025-02-23,Chicken Biryani,Main Course,61,57,Sunday,1,0,Sunny,14,0
2025-02-23,Mutton Rogan Josh,Main Course,54,34,Sunday,1,0,Sunny,14,0
2025-02-23,Paneer Tikka,Starters,76,65,Sunday,1,0,Sunny,14,0
2025-02-23,Chicken Tandoori,Starters,70,64,Sunday,1,0,Sunny,14,0
2025-02-23,Veg Spring Rolls,Starters,77,55,Sunday,1,0,Sunny,14,0
2025-02-23,Fish Amritsari,Starters,83,56,Sunday,1,0,Sunny,14,0
2025-02-23,Butter Naan,Breads,107,100,Sunday,1,0,Sunny,14,0
2025-02-23,Garlic Naan,Breads,97,82,Sunday,1,0,Sunny,14,0
2025-02-23,Tandoori Roti,Breads,124,114,Sunday,1,0,Sunny,14,0
2025-02-23,Gulab Jamun,Desserts,54,37,Sunday,1,0,Sunny,14,0
2025-02-23,Ras Malai,Desserts,59,48,Sunday,1,0,Sunny,14,0
2025-02-23,Kheer,Desserts,46,43,Sunday,1,0,Sunny,14,0
2025-02-23,Kulfi,Desserts,42,25,Sunday,1,0,Sunny,14,0
2025-02-24,Paneer Butter Masala,Main Course,45,40,Monday,0,0,Sunny,12,0
2025-02-24,Dal Makhani,Main Course,50,34,Monday,0,0,Sunny,12,0
2025-02-24,Chicken Biryani,Main Course,44,37,Monday,0,0,Sunny,12,0
2025-02-24,Mutton Rogan Josh,Main Course,38,27,Monday,0,0,Sunny,12,0
2025-02-24,Paneer Tikka,Starters,60,47,Monday,0,0,Sunny,12,0
2025-02-24,Chicken Tandoori,Starters,56,45,Monday,0,0,Sunny,12,0
2025-02-24,Veg Spring Rolls,Starters,55,47,Monday,0,0,Sunny,12,0
2025-02-24,Fish Amritsari,Starters,57,31,Monday,0,0,Sunny,12,0
2025-02-24,Butter Naan,Breads,80,78,Monday,0,0,Sunny,12,0
2025-02-24,Garlic Naan,Breads,74,63,Monday,0,0,Sunny,12,0
2025-02-24,Tandoori Roti,Breads,86,66,Monday,0,0,Sunny,12,0
2025-02-24,Gulab Jamun,Desserts,43,29,Monday,0,0,Sunny,12,0
2025-02-24,Ras Malai,Desserts,40,29,Monday,0,0,Sunny,12,0
2025-02-24,Kheer,Desserts,31,27,Monday,0,0,Sunny,12,0
2025-02-24,Kulfi,Desserts,34,21,Monday,0,0,Sunny,12,0
2025-02-25,Paneer Butter Masala,Main Course,58,47,Tuesday,0,0,Sunny,11,1
2025-02-25,Dal Makhani,Main Course,58,40,Tuesday,0,0,Sunny,11,1
2025-02-25,Chicken Biryani,Main Course,52,42,Tuesday,0,0,Sunny,11,1
2025-02-25,Mutton Rogan Josh,Main Course,54,28,Tuesday,0,0,Sunny,11,1
2025-02-25,Paneer Tikka,Starters,66,62,Tuesday,0,0,Sunny,11,1
2025-02-25,Chicken Tandoori,Starters,57,39,Tuesday,0,0,Sunny,11,1
2025-02-25,Veg Spring Rolls,Starters,60,44,Tuesday,0,0,Sunny,11,1
2025-02-25,Fish Amritsari,Starters,63,36,Tuesday,0,0,Sunny,11,1
2025-02-25,Butter Naan,Breads,85,73,Tuesday,0,0,Sunny,11,1
2025-02-25,Garlic Naan,Breads,91,80,Tuesday,0,0,Sunny,11,1
2025-02-25,Tandoori Roti,Breads,86,61,Tuesday,0,0,Sunny,11,1
2025-02-25,Gulab Jamun,Desserts,53,43,Tuesday,0,0,Sunny,11,1
2025-02-25,Ras Malai,Desserts,43,31,Tuesday,0,0,Sunny,11,1
2025-02-25,Kheer,Desserts,40,34,Tuesday,0,0,Sunny,11,1
2025-02-25,Kulfi,Desserts,39,21,Tuesday,0,0,Sunny,11,1
2025-02-26,Paneer Butter Masala,Main Course,90,53,Wednesday,0,0,Cloudy,9,1
2025-02-26,Dal Makhani,Main Course,60,52,Wednesday,0,0,Cloudy,9,1
2025-02-26,Chicken Biryani,Main Course,51,45,Wednesday,0,0,Cloudy,9,1
2025-02-26,Mutton Rogan Josh,Main Course,49,27,Wednesday,0,0,Cloudy,9,1
2025-02-26,Paneer Tikka,Starters,76,59,Wednesday,0,0,Cloudy,9,1
2025-02-26,Chicken Tandoori,Starters,57,44,Wednesday,0,0,Cloudy,9,1
2025-02-26,Veg Spring Rolls,Starters,60,50,Wednesday,0,0,Cloudy,9,1
2025-02-26,Fish Amritsari,Starters,66,49,Wednesday,0,0,Cloudy,9,1
2025-02-26,Butter Naan,Breads,82,74,Wednesday,0,0,Cloudy,9,1
2025-02-26,Garlic Naan,Breads,84,66,Wednesday,0,0,Cloudy,9,1
2025-02-26,Tandoori Roti,Breads,103,87,Wednesday,0,0,Cloudy,9,1
2025-02-26,Gulab Jamun,Desserts,49,40,Wednesday,0,0,Cloudy,9,1
2025-02-26,Ras Malai,Desserts,45,37,Wednesday,0,0,Cloudy,9,1
2025-02-26,Kheer,Desserts,38,29,Wednesday,0,0,Cloudy,9,1
2025-02-26,Kulfi,Desserts,35,22,Wednesday,0,0,Cloudy,9,1
2025-02-27,Paneer Butter Masala,Main Course,44,39,Thursday,0,0,Cloudy,10,0
2025-02-27,Dal Makhani,Main Course,54,41,Thursday,0,0,Cloudy,10,0
2025-02-27,Chicken Biryani,Main Course,47,45,Thursday,0,0,Cloudy,10,0
2025-02-27,Mutton Rogan Josh,Main Course,39,21,Thursday,0,0,Cloudy,10,0
2025-02-27,Paneer Tikka,Starters,53,49,Thursday,0,0,Cloudy,10,0
2025-02-27,Chicken Tandoori,Starters,53,47,Thursday,0,0,Cloudy,10,0
2025-02-27,Veg Spring Rolls,Starters,53,40,Thursday,0,0,Cloudy,10,0
2025-02-27,Fish Amritsari,Starters,59,36,Thursday,0,0,Cloudy,10,0
2025-02-27,Butter Naan,Breads,76,73,Thursday,0,0,Cloudy,10,0
2025-02-27,Garlic Naan,Breads,84,57,Thursday,0,0,Cloudy,10,0
2025-02-27,Tandoori Roti,Breads,81,55,Thursday,0,0,Cloudy,10,0
2025-02-27,Gulab Jamun,Desserts,36,27,Thursday,0,0,Cloudy,10,0
2025-02-27,Ras Malai,Desserts,36,25,Thursday,0,0,Cloudy,10,0
2025-02-27,Kheer,Desserts,35,24,Thursday,0,0,Cloudy,10,0
2025-02-27,Kulfi,Desserts,33,20,Thursday,0,0,Cloudy,10,0
2025-02-28,Paneer Butter Masala,Main Course,42,34,Friday,0,0,Cloudy,12,0
2025-02-28,Dal Makhani,Main Course,46,31,Friday,0,0,Cloudy,12,0
2025-02-28,Chicken Biryani,Main Course,39,34,Friday,0,0,Cloudy,12,0
2025-02-28,Mutton Rogan Josh,Main Course,44,27,Friday,0,0,Cloudy,12,0
2025-02-28,Paneer Tikka,Starters,62,49,Friday,0,0,Cloudy,12,0
2025-02-28,Chicken Tandoori,Starters,51,47,Friday,0,0,Cloudy,12,0
2025-02-28,Veg Spring Rolls,Starters,53,40,Friday,0,0,Cloudy,12,0
2025-02-28,Fish Amritsari,Starters,58,30,Friday,0,0,Cloudy,12,0
2025-02-28,Butter Naan,Breads,80,69,Friday,0,0,Cloudy,12,0
2025-02-28,Garlic Naan,Breads,78,52,Friday,0,0,Cloudy,12,0
2025-02-28,Tandoori Roti,Breads,78,63,Friday,0,0,Cloudy,12,0
2025-02-28,Gulab Jamun,Desserts,43,35,Friday,0,0,Cloudy,12,0
2025-02-28,Ras Malai,Desserts,40,32,Friday,0,0,Cloudy,12,0
2025-02-28,Kheer,Desserts,30,20,Friday,0,0,Cloudy,12,0
2025-02-28,Kulfi,Desserts,27,19,Friday,0,0,Cloudy,12,0
2025-03-01,Paneer Butter Masala,Main Course,60,56,Saturday,1,0,Sunny,14,0
2025-03-01,Dal Makhani,Main Course,71,51,Saturday,1,0,Sunny,14,0
2025-03-01,Chicken Biryani,Main Course,58,46,Saturday,1,0,Sunny,14,0
2025-03-01,Mutton Rogan Josh,Main Course,63,39,Saturday,1,0,Sunny,14,0
2025-03-01,Paneer Tikka,Starters,74,58,Saturday,1,0,Sunny,14,0
2025-03-01,Chicken Tandoori,Starters,75,52,Saturday,1,0,Sunny,14,0
2025-03-01,Veg Spring Rolls,Starters,86,79,Saturday,1,0,Sunny,14,0
2025-03-01,Fish Amritsari,Starters,81,63,Saturday,1,0,Sunny,14,0
2025-03-01,Butter Naan,Breads,116,94,Saturday,1,0,Sunny,14,0
2025-03-01,Garlic Naan,Breads,118,87,Saturday,1,0,Sunny,14,0
2025-03-01,Tandoori Roti,Breads,121,89,Saturday,1,0,Sunny,14,0
2025-03-01,Gulab Jamun,Desserts,57,43,Saturday,1,0,Sunny,14,0
2025-03-01,Ras Malai,Desserts,56,46,Saturday,1,0,Sunny,14,0
2025-03-01,Kheer,Desserts,49,39,Saturday,1,0,Sunny,14,0
2025-03-01,Kulfi,Desserts,41,29,Saturday,1,0,Sunny,14,0
2025-03-02,Paneer Butter Masala,Main Course,62,50,Sunday,1,0,Sunny,11,0
2025-03-02,Dal Makhani,Main Course,70,60,Sunday,1,0,Sunny,11,0
2025-03-02,Chicken Biryani,Main Course,55,47,Sunday,1,0,Sunny,11,0
2025-03-02,Mutton Rogan Josh,Main Course,53,37,Sunday,1,0,Sunny,11,0
2025-03-02,Paneer Tikka,Starters,75,60,Sunday,1,0,Sunny,11,0
2025-03-02,Chicken Tandoori,Starters,64,46,Sunday,1,0,Sunny,11,0
2025-03-02,Veg Spring Rolls,Starters,83,20,Sunday,1,0,Sunny,11,0
2025-03-02,Fish Amritsari,Starters,70,35,Sunday,1,0,Sunny,11,0
2025-03-02,Butter Naan,Breads,109,93,Sunday,1,0,Sunny,11,0
2025-03-02,Garlic Naan,Breads,114,94,Sunday,1,0,Sunny,11,0
2025-03-02,Tandoori Roti,Breads,125,102,Sunday,1,0,Sunny,11,0
2025-03-02,Gulab Jamun,Desserts,59,52,Sunday,1,0,Sunny,11,0
2025-03-02,Ras Malai,Desserts,57,46,Sunday,1,0,Sunny,11,0
2025-03-02,Kheer,Desserts,39,34,Sunday,1,0,Sunny,11,0
2025-03-02,Kulfi,Desserts,40,31,Sunday,1,0,Sunny,11,0
2025-03-03,Paneer Butter Masala,Main Course,42,35,Monday,0,0,Sunny,8,0
2025-03-03,Dal Makhani,Main Course,52,48,Monday,0,0,Sunny,8,0
2025-03-03,Chicken Biryani,Main Course,43,40,Monday,0,0,Sunny,8,0
2025-03-03,Mutton Rogan Josh,Main Course,38,26,Monday,0,0,Sunny,8,0
2025-03-03,Paneer Tikka,Starters,63,58,Monday,0,0,Sunny,8,0
2025-03-03,Chicken Tandoori,Starters,55,46,Monday,0,0,Sunny,8,0
2025-03-03,Veg Spring Rolls,Starters,52,34,Monday,0,0,Sunny,8,0
2025-03-03,Fish Amritsari,Starters,48,30,Monday,0,0,Sunny,8,0
2025-03-03,Butter Naan,Breads,71,57,Monday,0,0,Sunny,8,0
2025-03-03,Garlic Naan,Breads,71,54,Monday,0,0,Sunny,8,0
2025-03-03,Tandoori Roti,Breads,77,57,Monday,0,0,Sunny,8,0
2025-03-03,Gulab Jamun,Desserts,43,38,Monday,0,0,Sunny,8,0
2025-03-03,Ras Malai,Desserts,40,28,Monday,0,0,Sunny,8,0
2025-03-03,Kheer,Desserts,35,25,Monday,0,0,Sunny,8,0
2025-03-03,Kulfi,Desserts,33,25,Monday,0,0,Sunny,8,0
2025-03-04,Paneer Butter Masala,Main Course,33,31,Tuesday,0,0,Stormy,12,0
2025-03-04,Dal Makhani,Main Course,44,40,Tuesday,0,0,Stormy,12,0
2025-03-04,Chicken Biryani,Main Course,39,31,Tuesday,0,0,Stormy,12,0
2025-03-04,Mutton Rogan Josh,Main Course,34,25,Tuesday,0,0,Stormy,12,0
2025-03-04,Paneer Tikka,Starters,45,31,Tuesday,0,0,Stormy,12,0
2025-03-04,Chicken Tandoori,Starters,43,29,Tuesday,0,0,Stormy,12,0
2025-03-04,Veg Spring Rolls,Starters,50,35,Tuesday,0,0,Stormy,12,0
2025-03-04,Fish Amritsari,Starters,45,31,Tuesday,0,0,Stormy,12,0
2025-03-04,Butter Naan,Breads,62,51,Tuesday,0,0,Stormy,12,0
2025-03-04,Garlic Naan,Breads,58,45,Tuesday,0,0,Stormy,12,0
2025-03-04,Tandoori Roti,Breads,66,52,Tuesday,0,0,Stormy,12,0
2025-03-04,Gulab Jamun,Desserts,36,33,Tuesday,0,0,Stormy,12,0
2025-03-04,Ras Malai,Desserts,32,27,Tuesday,0,0,Stormy,12,0
2025-03-04,Kheer,Desserts,26,23,Tuesday,0,0,Stormy,12,0
2025-03-04,Kulfi,Desserts,26,13,Tuesday,0,0,Stormy,12,0
2025-03-05,Paneer Butter Masala,Main Course,43,38,Wednesday,0,0,Cloudy,11,0
2025-03-05,Dal Makhani,Main Course,44,32,Wednesday,0,0,Cloudy,11,0
2025-03-05,Chicken Biryani,Main Course,43,34,Wednesday,0,0,Cloudy,11,0
2025-03-05,Mutton Rogan Josh,Main Course,44,33,Wednesday,0,0,Cloudy,11,0
2025-03-05,Paneer Tikka,Starters,57,51,Wednesday,0,0,Cloudy,11,0
2025-03-05,Chicken Tandoori,Starters,45,38,Wednesday,0,0,Cloudy,11,0
2025-03-05,Veg Spring Rolls,Starters,51,47,Wednesday,0,0,Cloudy,11,0
2025-03-05,Fish Amritsari,Starters,61,46,Wednesday,0,0,Cloudy,11,0
2025-03-05,Butter Naan,Breads,71,63,Wednesday,0,0,Cloudy,11,0
2025-03-05,Garlic Naan,Breads,78,70,Wednesday,0,0,Cloudy,11,0
2025-03-05,Tandoori Roti,Breads,78,61,Wednesday,0,0,Cloudy,11,0
2025-03-05,Gulab Jamun,Desserts,39,33,Wednesday,0,0,Cloudy,11,0
2025-03-05,Ras Malai,Desserts,35,25,Wednesday,0,0,Cloudy,11,0
2025-03-05,Kheer,Desserts,31,22,Wednesday,0,0,Cloudy,11,0
2025-03-05,Kulfi,Desserts,33,26,Wednesday,0,0,Cloudy,11,0
2025-03-06,Paneer Butter Masala,Main Course,38,35,Thursday,0,0,Sunny,12,0
2025-03-06,Dal Makhani,Main Course,45,31,Thursday,0,0,Sunny,12,0
2025-03-06,Chicken Biryani,Main Course,41,34,Thursday,0,0,Sunny,12,0
2025-03-06,Mutton Rogan Josh,Main Course,41,27,Thursday,0,0,Sunny,12,0
2025-03-06,Paneer Tikka,Starters,62,40,Thursday,0,0,Sunny,12,0
2025-03-06,Chicken Tandoori,Starters,57,42,Thursday,0,0,Sunny,12,0
2025-03-06,Veg Spring Rolls,Starters,57,44,Thursday,0,0,Sunny,12,0
2025-03-06,Fish Amritsari,Starters,52,36,Thursday,0,0,Sunny,12,0
2025-03-06,Butter Naan,Breads,86,84,Thursday,0,0,Sunny,12,0
2025-03-06,Garlic Naan,Breads,82,69,Thursday,0,0,Sunny,12,0
2025-03-06,Tandoori Roti,Breads,88,78,Thursday,0,0,Sunny,12,0
2025-03-06,Gulab Jamun,Desserts,44,34,Thursday,0,0,Sunny,12,0
2025-03-06,Ras Malai,Desserts,40,26,Thursday,0,0,Sunny,12,0
2025-03-06,Kheer,Desserts,29,25,Thursday,0,0,Sunny,12,0
2025-03-06,Kulfi,Desserts,27,16,Thursday,0,0,Sunny,12,0
2025-03-07,Paneer Butter Masala,Main Course,46,41,Friday,0,0,Sunny,9,0
2025-03-07,Dal Makhani,Main Course,53,42,Friday,0,0,Sunny,9,0
2025-03-07,Chicken Biryani,Main Course,42,33,Friday,0,0,Sunny,9,0
2025-03-07,Mutton Rogan Josh,Main Course,39,26,Friday,0,0,Sunny,9,0
2025-03-07,Paneer Tikka,Starters,57,49,Friday,0,0,Sunny,9,0
2025-03-07,Chicken Tandoori,Starters,50,45,Friday,0,0,Sunny,9,0
2025-03-07,Veg Spring Rolls,Starters,52,41,Friday,0,0,Sunny,9,0
2025-03-07,Fish Amritsari,Starters,55,29,Friday,0,0,Sunny,9,0
2025-03-07,Butter Naan,Breads,85,82,Friday,0,0,Sunny,9,0
2025-03-07,Garlic Naan,Breads,84,78,Friday,0,0,Sunny,9,0
2025-03-07,Tandoori Roti,Breads,83,53,Friday,0,0,Sunny,9,0
2025-03-07,Gulab Jamun,Desserts,40,35,Friday,0,0,Sunny,9,0
2025-03-07,Ras Malai,Desserts,33,25,Friday,0,0,Sunny,9,0
2025-03-07,Kheer,Desserts,32,7,Friday,0,0,Sunny,9,0
2025-03-07,Kulfi,Desserts,34,18,Friday,0,0,Sunny,9,0
2025-03-08,Paneer Butter Masala,Main Course,55,52,Saturday,1,0,Cloudy,12,0
2025-03-08,Dal Makhani,Main Course,73,62,Saturday,1,0,Cloudy,12,0
2025-03-08,Chicken Biryani,Main Course,64,51,Saturday,1,0,Cloudy,12,0
2025-03-08,Mutton Rogan Josh,Main Course,53,27,Saturday,1,0,Cloudy,12,0
2025-03-08,Paneer Tikka,Starters,85,55,Saturday,1,0,Cloudy,12,0
2025-03-08,Chicken Tandoori,Starters,80,68,Saturday,1,0,Cloudy,12,0
2025-03-08,Veg Spring Rolls,Starters,82,69,Saturday,1,0,Cloudy,12,0
2025-03-08,Fish Amritsari,Starters,86,50,Saturday,1,0,Cloudy,12,0
2025-03-08,Butter Naan,Breads,120,108,Saturday,1,0,Cloudy,12,0
2025-03-08,Garlic Naan,Breads,107,92,Saturday,1,0,Cloudy,12,0
2025-03-08,Tandoori Roti,Breads,101,77,Saturday,1,0,Cloudy,12,0
2025-03-08,Gulab Jamun,Desserts,53,39,Saturday,1,0,Cloudy,12,0
2025-03-08,Ras Malai,Desserts,56,52,Saturday,1,0,Cloudy,12,0
2025-03-08,Kheer,Desserts,46,40,Saturday,1,0,Cloudy,12,0
2025-03-08,Kulfi,Desserts,46,30,Saturday,1,0,Cloudy,12,0
2025-03-09,Paneer Butter Masala,Main Course,56,49,Sunday,1,0,Sunny,12,0
2025-03-09,Dal Makhani,Main Course,74,68,Sunday,1,0,Sunny,12,0
2025-03-09,Chicken Biryani,Main Course,57,48,Sunday,1,0,Sunny,12,0
2025-03-09,Mutton Rogan Josh,Main Course,50,37,Sunday,1,0,Sunny,12,0
2025-03-09,Paneer Tikka,Starters,76,54,Sunday,1,0,Sunny,12,0
2025-03-09,Chicken Tandoori,Starters,74,56,Sunday,1,0,Sunny,12,0
2025-03-09,Veg Spring Rolls,Starters,72,51,Sunday,1,0,Sunny,12,0
2025-03-09,Fish Amritsari,Starters,83,42,Sunday,1,0,Sunny,12,0
2025-03-09,Butter Naan,Breads,117,112,Sunday,1,0,Sunny,12,0
2025-03-09,Garlic Naan,Breads,95,75,Sunday,1,0,Sunny,12,0
2025-03-09,Tandoori Roti,Breads,123,106,Sunday,1,0,Sunny,12,0
2025-03-09,Gulab Jamun,Desserts,58,44,Sunday,1,0,Sunny,12,0
2025-03-09,Ras Malai,Desserts,55,41,Sunday,1,0,Sunny,12,0
2025-03-09,Kheer,Desserts,41,36,Sunday,1,0,Sunny,12,0
2025-03-09,Kulfi,Desserts,45,28,Sunday,1,0,Sunny,12,0
2025-03-10,Paneer Butter Masala,Main Course,43,38,Monday,0,0,Sunny,9,0
2025-03-10,Dal Makhani,Main Course,54,47,Monday,0,0,Sunny,9,0
2025-03-10,Chicken Biryani,Main Course,38,36,Monday,0,0,Sunny,9,0
2025-03-10,Mutton Rogan Josh,Main Course,37,22,Monday,0,0,Sunny,9,0
2025-03-10,Paneer Tikka,Starters,58,47,Monday,0,0,Sunny,9,0
2025-03-10,Chicken Tandoori,Starters,56,43,Monday,0,0,Sunny,9,0
2025-03-10,Veg Spring Rolls,Starters,60,54,Monday,0,0,Sunny,9,0
2025-03-10,Fish Amritsari,Starters,61,46,Monday,0,0,Sunny,9,0
2025-03-10,Butter Naan,Breads,84,74,Monday,0,0,Sunny,9,0
2025-03-10,Garlic Naan,Breads,76,68,Monday,0,0,Sunny,9,0
2025-03-10,Tandoori Roti,Breads,86,74,Monday,0,0,Sunny,9,0
2025-03-10,Gulab Jamun,Desserts,40,31,Monday,0,0,Sunny,9,0
2025-03-10,Ras Malai,Desserts,33,24,Monday,0,0,Sunny,9,0
2025-03-10,Kheer,Desserts,33,25,Monday,0,0,Sunny,9,0
2025-03-10,Kulfi,Desserts,31,20,Monday,0,0,Sunny,9,0
2025-03-11,Paneer Butter Masala,Main Course,45,41,Tuesday,0,0,Cloudy,12,0
2025-03-11,Dal Makhani,Main Course,53,36,Tuesday,0,0,Cloudy,12,0
2025-03-11,Chicken Biryani,Main Course,48,44,Tuesday,0,0,Cloudy,12,0
2025-03-11,Mutton Rogan Josh,Main Course,38,23,Tuesday,0,0,Cloudy,12,0
2025-03-11,Paneer Tikka,Starters,51,41,Tuesday,0,0,Cloudy,12,0
2025-03-11,Chicken Tandoori,Starters,48,34,Tuesday,0,0,Cloudy,12,0
2025-03-11,Veg Spring Rolls,Starters,60,41,Tuesday,0,0,Cloudy,12,0
2025-03-11,Fish Amritsari,Starters,61,42,Tuesday,0,0,Cloudy,12,0
2025-03-11,Butter Naan,Breads,71,59,Tuesday,0,0,Cloudy,12,0
2025-03-11,Garlic Naan,Breads,68,51,Tuesday,0,0,Cloudy,12,0
2025-03-11,Tandoori Roti,Breads,89,71,Tuesday,0,0,Cloudy,12,0
2025-03-11,Gulab Jamun,Desserts,42,28,Tuesday,0,0,Cloudy,12,0
2025-03-11,Ras Malai,Desserts,36,33,Tuesday,0,0,Cloudy,12,0
2025-03-11,Kheer,Desserts,28,24,Tuesday,0,0,Cloudy,12,0
2025-03-11,Kulfi,Desserts,28,20,Tuesday,0,0,Cloudy,12,0
2025-03-12,Paneer Butter Masala,Main Course,77,37,Wednesday,0,0,Sunny,9,0
2025-03-12,Dal Makhani,Main Course,45,36,Wednesday,0,0,Sunny,9,0
2025-03-12,Chicken Biryani,Main Course,48,43,Wednesday,0,0,Sunny,9,0
2025-03-12,Mutton Rogan Josh,Main Course,43,26,Wednesday,0,0,Sunny,9,0
2025-03-12,Paneer Tikka,Starters,58,41,Wednesday,0,0,Sunny,9,0
2025-03-12,Chicken Tandoori,Starters,55,39,Wednesday,0,0,Sunny,9,0
2025-03-12,Veg Spring Rolls,Starters,50,40,Wednesday,0,0,Sunny,9,0
2025-03-12,Fish Amritsari,Starters,58,42,Wednesday,0,0,Sunny,9,0
2025-03-12,Butter Naan,Breads,74,67,Wednesday,0,0,Sunny,9,0
2025-03-12,Garlic Naan,Breads,77,55,Wednesday,0,0,Sunny,9,0
2025-03-12,Tandoori Roti,Breads,71,48,Wednesday,0,0,Sunny,9,0
2025-03-12,Gulab Jamun,Desserts,35,26,Wednesday,0,0,Sunny,9,0
2025-03-12,Ras Malai,Desserts,37,34,Wednesday,0,0,Sunny,9,0
2025-03-12,Kheer,Desserts,31,20,Wednesday,0,0,Sunny,9,0
2025-03-12,Kulfi,Desserts,32,23,Wednesday,0,0,Sunny,9,0
2025-03-13,Paneer Butter Masala,Main Course,55,49,Thursday,0,0,Sunny,10,1
2025-03-13,Dal Makhani,Main Course,63,47,Thursday,0,0,Sunny,10,1
2025-03-13,Chicken Biryani,Main Course,49,40,Thursday,0,0,Sunny,10,1
2025-03-13,Mutton Rogan Josh,Main Course,44,31,Thursday,0,0,Sunny,10,1
2025-03-13,Paneer Tikka,Starters,73,65,Thursday,0,0,Sunny,10,1
2025-03-13,Chicken Tandoori,Starters,59,51,Thursday,0,0,Sunny,10,1
2025-03-13,Veg Spring Rolls,Starters,73,68,Thursday,0,0,Sunny,10,1
2025-03-13,Fish Amritsari,Starters,66,40,Thursday,0,0,Sunny,10,1
2025-03-13,Butter Naan,Breads,90,83,Thursday,0,0,Sunny,10,1
2025-03-13,Garlic Naan,Breads,83,77,Thursday,0,0,Sunny,10,1
2025-03-13,Tandoori Roti,Breads,103,83,Thursday,0,0,Sunny,10,1
2025-03-13,Gulab Jamun,Desserts,43,30,Thursday,0,0,Sunny,10,1
2025-03-13,Ras Malai,Desserts,43,40,Thursday,0,0,Sunny,10,1
2025-03-13,Kheer,Desserts,34,25,Thursday,0,0,Sunny,10,1
2025-03-13,Kulfi,Desserts,32,18,Thursday,0,0,Sunny,10,1
2025-03-14,Paneer Butter Masala,Main Course,43,35,Friday,0,0,Sunny,9,0
2025-03-14,Dal Makhani,Main Course,54,39,Friday,0,0,Sunny,9,0
2025-03-14,Chicken Biryani,Main Course,68,35,Friday,0,0,Sunny,9,0
2025-03-14,Mutton Rogan Josh,Main Course,38,26,Friday,0,0,Sunny,9,0
2025-03-14,Paneer Tikka,Starters,54,40,Friday,0,0,Sunny,9,0
2025-03-14,Chicken Tandoori,Starters,50,42,Friday,0,0,Sunny,9,0
2025-03-14,Veg Spring Rolls,Starters,63,41,Friday,0,0,Sunny,9,0
2025-03-14,Fish Amritsari,Starters,51,30,Friday,0,0,Sunny,9,0
2025-03-14,Butter Naan,Breads,73,62,Friday,0,0,Sunny,9,0
2025-03-14,Garlic Naan,Breads,71,63,Friday,0,0,Sunny,9,0
2025-03-14,Tandoori Roti,Breads,71,61,Friday,0,0,Sunny,9,0
2025-03-14,Gulab Jamun,Desserts,37,35,Friday,0,0,Sunny,9,0
2025-03-14,Ras Malai,Desserts,38,29,Friday,0,0,Sunny,9,0
2025-03-14,Kheer,Desserts,33,25,Friday,0,0,Sunny,9,0
2025-03-14,Kulfi,Desserts,27,17,Friday,0,0,Sunny,9,0
2025-03-15,Paneer Butter Masala,Main Course,62,58,Saturday,1,0,Sunny,11,0
2025-03-15,Dal Makhani,Main Course,67,54,Saturday,1,0,Sunny,11,0
2025-03-15,Chicken Biryani,Main Course,63,53,Saturday,1,0,Sunny,11,0
2025-03-15,Mutton Rogan Josh,Main Course,62,46,Saturday,1,0,Sunny,11,0
2025-03-15,Paneer Tikka,Starters,82,62,Saturday,1,0,Sunny,11,0
2025-03-15,Chicken Tandoori,Starters,79,72,Saturday,1,0,Sunny,11,0
2025-03-15,Veg Spring Rolls,Starters,83,55,Saturday,1,0,Sunny,11,0
2025-03-15,Fish Amritsari,Starters,74,48,Saturday,1,0,Sunny,11,0
2025-03-15,Butter Naan,Breads,102,85,Saturday,1,0,Sunny,11,0
2025-03-15,Garlic Naan,Breads,120,93,Saturday,1,0,Sunny,11,0
2025-03-15,Tandoori Roti,Breads,123,103,Saturday,1,0,Sunny,11,0
2025-03-15,Gulab Jamun,Desserts,59,54,Saturday,1,0,Sunny,11,0
2025-03-15,Ras Malai,Desserts,47,35,Saturday,1,0,Sunny,11,0
2025-03-15,Kheer,Desserts,44,37,Saturday,1,0,Sunny,11,0
2025-03-15,Kulfi,Desserts,39,20,Saturday,1,0,Sunny,11,0
2025-03-16,Paneer Butter Masala,Main Course,63,51,Sunday,1,0,Sunny,13,0
2025-03-16,Dal Makhani,Main Course,75,60,Sunday,1,0,Sunny,13,0
2025-03-16,Chicken Biryani,Main Course,57,54,Sunday,1,0,Sunny,13,0
2025-03-16,Mutton Rogan Josh,Main Course,58,44,Sunday,1,0,Sunny,13,0
2025-03-16,Paneer Tikka,Starters,77,51,Sunday,1,0,Sunny,13,0
2025-03-16,Chicken Tandoori,Starters,63,46,Sunday,1,0,Sunny,13,0
2025-03-16,Veg Spring Rolls,Starters,80,64,Sunday,1,0,Sunny,13,0
2025-03-16,Fish Amritsari,Starters,77,53,Sunday,1,0,Sunny,13,0
2025-03-16,Butter Naan,Breads,100,90,Sunday,1,0,Sunny,13,0
2025-03-16,Garlic Naan,Breads,120,97,Sunday,1,0,Sunny,13,0
2025-03-16,Tandoori Roti,Breads,106,77,Sunday,1,0,Sunny,13,0
2025-03-16,Gulab Jamun,Desserts,57,48,Sunday,1,0,Sunny,13,0
2025-03-16,Ras Malai,Desserts,48,37,Sunday,1,0,Sunny,13,0
2025-03-16,Kheer,Desserts,42,30,Sunday,1,0,Sunny,13,0
2025-03-16,Kulfi,Desserts,48,37,Sunday,1,0,Sunny,13,0
2025-03-17,Paneer Butter Masala,Main Course,44,37,Monday,0,0,Sunny,12,0
2025-03-17,Dal Makhani,Main Course,45,42,Monday,0,0,Sunny,12,0
2025-03-17,Chicken Biryani,Main Course,40,34,Monday,0,0,Sunny,12,0
2025-03-17,Mutton Rogan Josh,Main Course,41,32,Monday,0,0,Sunny,12,0
2025-03-17,Paneer Tikka,Starters,55,45,Monday,0,0,Sunny,12,0
2025-03-17,Chicken Tandoori,Starters,46,37,Monday,0,0,Sunny,12,0
2025-03-17,Veg Spring Rolls,Starters,57,53,Monday,0,0,Sunny,12,0
2025-03-17,Fish Amritsari,Starters,60,32,Monday,0,0,Sunny,12,0
2025-03-17,Butter Naan,Breads,82,70,Monday,0,0,Sunny,12,0
2025-03-17,Garlic Naan,Breads,72,63,Monday,0,0,Sunny,12,0
2025-03-17,Tandoori Roti,Breads,86,60,Monday,0,0,Sunny,12,0
2025-03-17,Gulab Jamun,Desserts,41,27,Monday,0,0,Sunny,12,0
2025-03-17,Ras Malai,Desserts,37,34,Monday,0,0,Sunny,12,0
2025-03-17,Kheer,Desserts,35,27,Monday,0,0,Sunny,12,0
2025-03-17,Kulfi,Desserts,28,18,Monday,0,0,Sunny,12,0
2025-03-18,Paneer Butter Masala,Main Course,41,38,Tuesday,0,0,Cloudy,12,0
2025-03-18,Dal Makhani,Main Course,50,41,Tuesday,0,0,Cloudy,12,0
2025-03-18,Chicken Biryani,Main Course,40,35,Tuesday,0,0,Cloudy,12,0
2025-03-18,Mutton Rogan Josh,Main Course,45,32,Tuesday,0,0,Cloudy,12,0
2025-03-18,Paneer Tikka,Starters,58,49,Tuesday,0,0,Cloudy,12,0
2025-03-18,Chicken Tandoori,Starters,55,38,Tuesday,0,0,Cloudy,12,0
2025-03-18,Veg Spring Rolls,Starters,63,59,Tuesday,0,0,Cloudy,12,0
2025-03-18,Fish Amritsari,Starters,57,36,Tuesday,0,0,Cloudy,12,0
2025-03-18,Butter Naan,Breads,68,54,Tuesday,0,0,Cloudy,12,0
2025-03-18,Garlic Naan,Breads,71,59,Tuesday,0,0,Cloudy,12,0
2025-03-18,Tandoori Roti,Breads,86,72,Tuesday,0,0,Cloudy,12,0
2025-03-18,Gulab Jamun,Desserts,40,34,Tuesday,0,0,Cloudy,12,0
2025-03-18,Ras Malai,Desserts,39,29,Tuesday,0,0,Cloudy,12,0
2025-03-18,Kheer,Desserts,31,24,Tuesday,0,0,Cloudy,12,0
2025-03-18,Kulfi,Desserts,28,14,Tuesday,0,0,Cloudy,12,0
2025-03-19,Paneer Butter Masala,Main Course,41,37,Wednesday,0,0,Sunny,12,0
2025-03-19,Dal Makhani,Main Course,44,36,Wednesday,0,0,Sunny,12,0
2025-03-19,Chicken Biryani,Main Course,45,36,Wednesday,0,0,Sunny,12,0
2025-03-19,Mutton Rogan Josh,Main Course,45,23,Wednesday,0,0,Sunny,12,0
2025-03-19,Paneer Tikka,Starters,52,40,Wednesday,0,0,Sunny,12,0
2025-03-19,Chicken Tandoori,Starters,45,38,Wednesday,0,0,Sunny,12,0
2025-03-19,Veg Spring Rolls,Starters,55,42,Wednesday,0,0,Sunny,12,0
2025-03-19,Fish Amritsari,Starters,57,34,Wednesday,0,0,Sunny,12,0
2025-03-19,Butter Naan,Breads,70,66,Wednesday,0,0,Sunny,12,0
2025-03-19,Garlic Naan,Breads,74,51,Wednesday,0,0,Sunny,12,0
2025-03-19,Tandoori Roti,Breads,75,64,Wednesday,0,0,Sunny,12,0
2025-03-19,Gulab Jamun,Desserts,42,28,Wednesday,0,0,Sunny,12,0
2025-03-19,Ras Malai,Desserts,40,31,Wednesday,0,0,Sunny,12,0
2025-03-19,Kheer,Desserts,29,19,Wednesday,0,0,Sunny,12,0
2025-03-19,Kulfi,Desserts,32,21,Wednesday,0,0,Sunny,12,0
2025-03-20,Paneer Butter Masala,Main Course,57,49,Thursday,0,0,Sunny,11,1
2025-03-20,Dal Makhani,Main Course,61,52,Thursday,0,0,Sunny,11,1
2025-03-20,Chicken Biryani,Main Course,57,50,Thursday,0,0,Sunny,11,1
2025-03-20,Mutton Rogan Josh,Main Course,49,32,Thursday,0,0,Sunny,11,1
2025-03-20,Paneer Tikka,Starters,77,57,Thursday,0,0,Sunny,11,1
2025-03-20,Chicken Tandoori,Starters,68,51,Thursday,0,0,Sunny,11,1
2025-03-20,Veg Spring Rolls,Starters,70,60,Thursday,0,0,Sunny,11,1
2025-03-20,Fish Amritsari,Starters,72,40,Thursday,0,0,Sunny,11,1
2025-03-20,Butter Naan,Breads,104,83,Thursday,0,0,Sunny,11,1
2025-03-20,Garlic Naan,Breads,83,63,Thursday,0,0,Sunny,11,1
2025-03-20,Tandoori Roti,Breads,104,86,Thursday,0,0,Sunny,11,1
2025-03-20,Gulab Jamun,Desserts,46,34,Thursday,0,0,Sunny,11,1
2025-03-20,Ras Malai,Desserts,45,40,Thursday,0,0,Sunny,11,1
2025-03-20,Kheer,Desserts,35,32,Thursday,0,0,Sunny,11,1
2025-03-20,Kulfi,Desserts,39,20,Thursday,0,0,Sunny,11,1
2025-03-21,Paneer Butter Masala,Main Course,43,34,Friday,0,0,Sunny,11,0
2025-03-21,Dal Makhani,Main Course,48,37,Friday,0,0,Sunny,11,0
2025-03-21,Chicken Biryani,Main Course,46,40,Friday,0,0,Sunny,11,0
2025-03-21,Mutton Rogan Josh,Main Course,38,29,Friday,0,0,Sunny,11,0
2025-03-21,Paneer Tikka,Starters,59,55,Friday,0,0,Sunny,11,0
2025-03-21,Chicken Tandoori,Starters,55,38,Friday,0,0,Sunny,11,0
2025-03-21,Veg Spring Rolls,Starters,50,42,Friday,0,0,Sunny,11,0
2025-03-21,Fish Amritsari,Starters,59,31,Friday,0,0,Sunny,11,0
2025-03-21,Butter Naan,Breads,84,81,Friday,0,0,Sunny,11,0
2025-03-21,Garlic Naan,Breads,70,53,Friday,0,0,Sunny,11,0
2025-03-21,Tandoori Roti,Breads,86,72,Friday,0,0,Sunny,11,0
2025-03-21,Gulab Jamun,Desserts,35,28,Friday,0,0,Sunny,11,0
2025-03-21,Ras Malai,Desserts,36,33,Friday,0,0,Sunny,11,0
2025-03-21,Kheer,Desserts,31,29,Friday,0,0,Sunny,11,0
2025-03-21,Kulfi,Desserts,29,21,Friday,0,0,Sunny,11,0
2025-03-22,Paneer Butter Masala,Main Course,66,53,Saturday,1,0,Sunny,12,0
2025-03-22,Dal Makhani,Main Course,68,44,Saturday,1,0,Sunny,12,0
2025-03-22,Chicken Biryani,Main Course,65,53,Saturday,1,0,Sunny,12,0
2025-03-22,Mutton Rogan Josh,Main Course,50,28,Saturday,1,0,Sunny,12,0
2025-03-22,Paneer Tikka,Starters,88,70,Saturday,1,0,Sunny,12,0
2025-03-22,Chicken Tandoori,Starters,63,14,Saturday,1,0,Sunny,12,0
2025-03-22,Veg Spring Rolls,Starters,78,64,Saturday,1,0,Sunny,12,0
2025-03-22,Fish Amritsari,Starters,68,39,Saturday,1,0,Sunny,12,0
2025-03-22,Butter Naan,Breads,105,90,Saturday,1,0,Sunny,12,0
2025-03-22,Garlic Naan,Breads,94,79,Saturday,1,0,Sunny,12,0
2025-03-22,Tandoori Roti,Breads,108,76,Saturday,1,0,Sunny,12,0
2025-03-22,Gulab Jamun,Desserts,59,54,Saturday,1,0,Sunny,12,0
2025-03-22,Ras Malai,Desserts,58,53,Saturday,1,0,Sunny,12,0
2025-03-22,Kheer,Desserts,39,36,Saturday,1,0,Sunny,12,0
2025-03-22,Kulfi,Desserts,42,26,Saturday,1,0,Sunny,12,0
2025-03-23,Paneer Butter Masala,Main Course,61,55,Sunday,1,0,Sunny,10,0
2025-03-23,Dal Makhani,Main Course,74,52,Sunday,1,0,Sunny,10,0
2025-03-23,Chicken Biryani,Main Course,56,54,Sunday,1,0,Sunny,10,0
2025-03-23,Mutton Rogan Josh,Main Course,60,40,Sunday,1,0,Sunny,10,0
2025-03-23,Paneer Tikka,Starters,75,71,Sunday,1,0,Sunny,10,0
2025-03-23,Chicken Tandoori,Starters,145,58,Sunday,1,0,Sunny,10,0
2025-03-23,Veg Spring Rolls,Starters,75,57,Sunday,1,0,Sunny,10,0
2025-03-23,Fish Amritsari,Starters,85,54,Sunday,1,0,Sunny,10,0
2025-03-23,Butter Naan,Breads,118,95,Sunday,1,0,Sunny,10,0
2025-03-23,Garlic Naan,Breads,104,94,Sunday,1,0,Sunny,10,0
2025-03-23,Tandoori Roti,Breads,110,83,Sunday,1,0,Sunny,10,0
2025-03-23,Gulab Jamun,Desserts,50,41,Sunday,1,0,Sunny,10,0
2025-03-23,Ras Malai,Desserts,56,52,Sunday,1,0,Sunny,10,0
2025-03-23,Kheer,Desserts,41,30,Sunday,1,0,Sunny,10,0
2025-03-23,Kulfi,Desserts,45,30,Sunday,1,0,Sunny,10,0
2025-03-24,Paneer Butter Masala,Main Course,41,35,Monday,0,0,Cloudy,8,0
2025-03-24,Dal Makhani,Main Course,55,41,Monday,0,0,Cloudy,8,0
2025-03-24,Chicken Biryani,Main Course,47,39,Monday,0,0,Cloudy,8,0
2025-03-24,Mutton Rogan Josh,Main Course,36,22,Monday,0,0,Cloudy,8,0
2025-03-24,Paneer Tikka,Starters,51,37,Monday,0,0,Cloudy,8,0
2025-03-24,Chicken Tandoori,Starters,45,30,Monday,0,0,Cloudy,8,0
2025-03-24,Veg Spring Rolls,Starters,52,37,Monday,0,0,Cloudy,8,0
2025-03-24,Fish Amritsari,Starters,52,33,Monday,0,0,Cloudy,8,0
2025-03-24,Butter Naan,Breads,86,83,Monday,0,0,Cloudy,8,0
2025-03-24,Garlic Naan,Breads,82,71,Monday,0,0,Cloudy,8,0
2025-03-24,Tandoori Roti,Breads,138,79,Monday,0,0,Cloudy,8,0
2025-03-24,Gulab Jamun,Desserts,43,34,Monday,0,0,Cloudy,8,0
2025-03-24,Ras Malai,Desserts,38,31,Monday,0,0,Cloudy,8,0
2025-03-24,Kheer,Desserts,33,29,Monday,0,0,Cloudy,8,0
2025-03-24,Kulfi,Desserts,27,13,Monday,0,0,Cloudy,8,0
2025-03-25,Paneer Butter Masala,Main Course,43,39,Tuesday,0,0,Sunny,10,0
2025-03-25,Dal Makhani,Main Course,48,11,Tuesday,0,0,Sunny,10,0
2025-03-25,Chicken Biryani,Main Course,45,43,Tuesday,0,0,Sunny,10,0
2025-03-25,Mutton Rogan Josh,Main Course,38,22,Tuesday,0,0,Sunny,10,0
2025-03-25,Paneer Tikka,Starters,61,52,Tuesday,0,0,Sunny,10,0
2025-03-25,Chicken Tandoori,Starters,47,41,Tuesday,0,0,Sunny,10,0
2025-03-25,Veg Spring Rolls,Starters,60,46,Tuesday,0,0,Sunny,10,0
2025-03-25,Fish Amritsari,Starters,59,39,Tuesday,0,0,Sunny,10,0
2025-03-25,Butter Naan,Breads,71,66,Tuesday,0,0,Sunny,10,0
2025-03-25,Garlic Naan,Breads,72,67,Tuesday,0,0,Sunny,10,0
2025-03-25,Tandoori Roti,Breads,73,60,Tuesday,0,0,Sunny,10,0
2025-03-25,Gulab Jamun,Desserts,41,28,Tuesday,0,0,Sunny,10,0
2025-03-25,Ras Malai,Desserts,34,29,Tuesday,0,0,Sunny,10,0
2025-03-25,Kheer,Desserts,34,24,Tuesday,0,0,Sunny,10,0
2025-03-25,Kulfi,Desserts,27,16,Tuesday,0,0,Sunny,10,0
2025-03-26,Paneer Butter Masala,Main Course,40,33,Wednesday,0,0,Sunny,9,0
2025-03-26,Dal Makhani,Main Course,47,30,Wednesday,0,0,Sunny,9,0
2025-03-26,Chicken Biryani,Main Course,44,41,Wednesday,0,0,Sunny,9,0
2025-03-26,Mutton Rogan Josh,Main Course,38,20,Wednesday,0,0,Sunny,9,0
2025-03-26,Paneer Tikka,Starters,62,41,Wednesday,0,0,Sunny,9,0
2025-03-26,Chicken Tandoori,Starters,46,32,Wednesday,0,0,Sunny,9,0
2025-03-26,Veg Spring Rolls,Starters,64,42,Wednesday,0,0,Sunny,9,0
2025-03-26,Fish Amritsari,Starters,103,40,Wednesday,0,0,Sunny,9,0
2025-03-26,Butter Naan,Breads,80,73,Wednesday,0,0,Sunny,9,0
2025-03-26,Garlic Naan,Breads,69,64,Wednesday,0,0,Sunny,9,0
2025-03-26,Tandoori Roti,Breads,85,64,Wednesday,0,0,Sunny,9,0
2025-03-26,Gulab Jamun,Desserts,37,33,Wednesday,0,0,Sunny,9,0
2025-03-26,Ras Malai,Desserts,36,24,Wednesday,0,0,Sunny,9,0
2025-03-26,Kheer,Desserts,31,27,Wednesday,0,0,Sunny,9,0
2025-03-26,Kulfi,Desserts,28,17,Wednesday,0,0,Sunny,9,0
2025-03-27,Paneer Butter Masala,Main Course,47,40,Thursday,0,0,Cloudy,10,0
2025-03-27,Dal Makhani,Main Course,52,33,Thursday,0,0,Cloudy,10,0
2025-03-27,Chicken Biryani,Main Course,42,40,Thursday,0,0,Cloudy,10,0
2025-03-27,Mutton Rogan Josh,Main Course,38,27,Thursday,0,0,Cloudy,10,0
2025-03-27,Paneer Tikka,Starters,50,43,Thursday,0,0,Cloudy,10,0
2025-03-27,Chicken Tandoori,Starters,47,39,Thursday,0,0,Cloudy,10,0
2025-03-27,Veg Spring Rolls,Starters,59,40,Thursday,0,0,Cloudy,10,0
2025-03-27,Fish Amritsari,Starters,55,32,Thursday,0,0,Cloudy,10,0
2025-03-27,Butter Naan,Breads,78,71,Thursday,0,0,Cloudy,10,0
2025-03-27,Garlic Naan,Breads,70,60,Thursday,0,0,Cloudy,10,0
2025-03-27,Tandoori Roti,Breads,73,51,Thursday,0,0,Cloudy,10,0
2025-03-27,Gulab Jamun,Desserts,39,26,Thursday,0,0,Cloudy,10,0
2025-03-27,Ras Malai,Desserts,37,28,Thursday,0,0,Cloudy,10,0
2025-03-27,Kheer,Desserts,32,25,Thursday,0,0,Cloudy,10,0
2025-03-27,Kulfi,Desserts,31,22,Thursday,0,0,Cloudy,10,0
2025-03-28,Paneer Butter Masala,Main Course,49,40,Friday,0,0,Cloudy,8,0
2025-03-28,Dal Makhani,Main Course,47,40,Friday,0,0,Cloudy,8,0
2025-03-28,Chicken Biryani,Main Course,46,41,Friday,0,0,Cloudy,8,0
2025-03-28,Mutton Rogan Josh,Main Course,38,26,Friday,0,0,Cloudy,8,0
2025-03-28,Paneer Tikka,Starters,57,52,Friday,0,0,Cloudy,8,0
2025-03-28,Chicken Tandoori,Starters,49,41,Friday,0,0,Cloudy,8,0
2025-03-28,Veg Spring Rolls,Starters,57,39,Friday,0,0,Cloudy,8,0
2025-03-28,Fish Amritsari,Starters,49,37,Friday,0,0,Cloudy,8,0
2025-03-28,Butter Naan,Breads,82,66,Friday,0,0,Cloudy,8,0
2025-03-28,Garlic Naan,Breads,71,66,Friday,0,0,Cloudy,8,0
2025-03-28,Tandoori Roti,Breads,78,58,Friday,0,0,Cloudy,8,0
2025-03-28,Gulab Jamun,Desserts,39,30,Friday,0,0,Cloudy,8,0
2025-03-28,Ras Malai,Desserts,37,33,Friday,0,0,Cloudy,8,0
2025-03-28,Kheer,Desserts,27,24,Friday,0,0,Cloudy,8,0
2025-03-28,Kulfi,Desserts,32,16,Friday,0,0,Cloudy,8,0
2025-03-29,Paneer Butter Masala,Main Course,118,55,Saturday,1,1,Stormy,17,1
2025-03-29,Dal Makhani,Main Course,94,79,Saturday,1,1,Stormy,17,1
2025-03-29,Chicken Biryani,Main Course,84,75,Saturday,1,1,Stormy,17,1
2025-03-29,Mutton Rogan Josh,Main Course,73,45,Saturday,1,1,Stormy,17,1
2025-03-29,Paneer Tikka,Starters,103,67,Saturday,1,1,Stormy,17,1
2025-03-29,Chicken Tandoori,Starters,79,53,Saturday,1,1,Stormy,17,1
2025-03-29,Veg Spring Rolls,Starters,89,76,Saturday,1,1,Stormy,17,1
2025-03-29,Fish Amritsari,Starters,111,58,Saturday,1,1,Stormy,17,1
2025-03-29,Butter Naan,Breads,124,117,Saturday,1,1,Stormy,17,1
2025-03-29,Garlic Naan,Breads,144,109,Saturday,1,1,Stormy,17,1
2025-03-29,Tandoori Roti,Breads,133,90,Saturday,1,1,Stormy,17,1
2025-03-29,Gulab Jamun,Desserts,71,57,Saturday,1,1,Stormy,17,1
2025-03-29,Ras Malai,Desserts,66,51,Saturday,1,1,Stormy,17,1
2025-03-29,Kheer,Desserts,51,46,Saturday,1,1,Stormy,17,1
2025-03-29,Kulfi,Desserts,55,39,Saturday,1,1,Stormy,17,1
2025-03-30,Paneer Butter Masala,Main Course,66,60,Sunday,1,0,Sunny,16,1
2025-03-30,Dal Makhani,Main Course,74,61,Sunday,1,0,Sunny,16,1
2025-03-30,Chicken Biryani,Main Course,70,64,Sunday,1,0,Sunny,16,1
2025-03-30,Mutton Rogan Josh,Main Course,77,50,Sunday,1,0,Sunny,16,1
2025-03-30,Paneer Tikka,Starters,98,82,Sunday,1,0,Sunny,16,1
2025-03-30,Chicken Tandoori,Starters,87,78,Sunday,1,0,Sunny,16,1
2025-03-30,Veg Spring Rolls,Starters,90,26,Sunday,1,0,Sunny,16,1
2025-03-30,Fish Amritsari,Starters,83,42,Sunday,1,0,Sunny,16,1
2025-03-30,Butter Naan,Breads,137,125,Sunday,1,0,Sunny,16,1
2025-03-30,Garlic Naan,Breads,135,95,Sunday,1,0,Sunny,16,1
2025-03-30,Tandoori Roti,Breads,138,124,Sunday,1,0,Sunny,16,1
2025-03-30,Gulab Jamun,Desserts,72,58,Sunday,1,0,Sunny,16,1
2025-03-30,Ras Malai,Desserts,57,41,Sunday,1,0,Sunny,16,1
2025-03-30,Kheer,Desserts,58,39,Sunday,1,0,Sunny,16,1
2025-03-30,Kulfi,Desserts,50,29,Sunday,1,0,Sunny,16,1
2025-03-31,Paneer Butter Masala,Main Course,45,43,Monday,0,0,Cloudy,11,0
2025-03-31,Dal Makhani,Main Course,54,48,Monday,0,0,Cloudy,11,0
2025-03-31,Chicken Biryani,Main Course,42,35,Monday,0,0,Cloudy,11,0
2025-03-31,Mutton Rogan Josh,Main Course,61,27,Monday,0,0,Cloudy,11,0
2025-03-31,Paneer Tikka,Starters,62,46,Monday,0,0,Cloudy,11,0
2025-03-31,Chicken Tandoori,Starters,52,41,Monday,0,0,Cloudy,11,0
2025-03-31,Veg Spring Rolls,Starters,82,37,Monday,0,0,Cloudy,11,0
2025-03-31,Fish Amritsari,Starters,53,27,Monday,0,0,Cloudy,11,0
2025-03-31,Butter Naan,Breads,87,75,Monday,0,0,Cloudy,11,0
2025-03-31,Garlic Naan,Breads,78,68,Monday,0,0,Cloudy,11,0
2025-03-31,Tandoori Roti,Breads,84,77,Monday,0,0,Cloudy,11,0
2025-03-31,Gulab Jamun,Desserts,41,33,Monday,0,0,Cloudy,11,0
2025-03-31,Ras Malai,Desserts,37,25,Monday,0,0,Cloudy,11,0
2025-03-31,Kheer,Desserts,31,20,Monday,0,0,Cloudy,11,0
2025-03-31,Kulfi,Desserts,28,16,Monday,0,0,Cloudy,11,0
2025-04-01,Paneer Butter Masala,Main Course,44,36,Tuesday,0,0,Cloudy,9,0
2025-04-01,Dal Makhani,Main Course,46,32,Tuesday,0,0,Cloudy,9,0
2025-04-01,Chicken Biryani,Main Course,44,40,Tuesday,0,0,Cloudy,9,0
2025-04-01,Mutton Rogan Josh,Main Course,41,23,Tuesday,0,0,Cloudy,9,0
2025-04-01,Paneer Tikka,Starters,63,57,Tuesday,0,0,Cloudy,9,0
2025-04-01,Chicken Tandoori,Starters,50,42,Tuesday,0,0,Cloudy,9,0
2025-04-01,Veg Spring Rolls,Starters,59,49,Tuesday,0,0,Cloudy,9,0
2025-04-01,Fish Amritsari,Starters,115,41,Tuesday,0,0,Cloudy,9,0
2025-04-01,Butter Naan,Breads,81,78,Tuesday,0,0,Cloudy,9,0
2025-04-01,Garlic Naan,Breads,75,53,Tuesday,0,0,Cloudy,9,0
2025-04-01,Tandoori Roti,Breads,79,64,Tuesday,0,0,Cloudy,9,0
2025-04-01,Gulab Jamun,Desserts,44,35,Tuesday,0,0,Cloudy,9,0
2025-04-01,Ras Malai,Desserts,36,32,Tuesday,0,0,Cloudy,9,0
2025-04-01,Kheer,Desserts,28,18,Tuesday,0,0,Cloudy,9,0
2025-04-01,Kulfi,Desserts,33,19,Tuesday,0,0,Cloudy,9,0
2025-04-02,Paneer Butter Masala,Main Course,42,38,Wednesday,0,0,Cloudy,10,0
2025-04-02,Dal Makhani,Main Course,48,42,Wednesday,0,0,Cloudy,10,0
2025-04-02,Chicken Biryani,Main Course,37,29,Wednesday,0,0,Cloudy,10,0
2025-04-02,Mutton Rogan Josh,Main Course,39,29,Wednesday,0,0,Cloudy,10,0
2025-04-02,Paneer Tikka,Starters,64,42,Wednesday,0,0,Cloudy,10,0
2025-04-02,Chicken Tandoori,Starters,55,51,Wednesday,0,0,Cloudy,10,0
2025-04-02,Veg Spring Rolls,Starters,62,42,Wednesday,0,0,Cloudy,10,0
2025-04-02,Fish Amritsari,Starters,53,27,Wednesday,0,0,Cloudy,10,0
2025-04-02,Butter Naan,Breads,84,78,Wednesday,0,0,Cloudy,10,0
2025-04-02,Garlic Naan,Breads,73,49,Wednesday,0,0,Cloudy,10,0
2025-04-02,Tandoori Roti,Breads,74,57,Wednesday,0,0,Cloudy,10,0
2025-04-02,Gulab Jamun,Desserts,41,34,Wednesday,0,0,Cloudy,10,0
2025-04-02,Ras Malai,Desserts,37,28,Wednesday,0,0,Cloudy,10,0
2025-04-02,Kheer,Desserts,31,7,Wednesday,0,0,Cloudy,10,0
2025-04-02,Kulfi,Desserts,33,18,Wednesday,0,0,Cloudy,10,0
2025-04-03,Paneer Butter Masala,Main Course,46,42,Thursday,0,0,Cloudy,12,0
2025-04-03,Dal Makhani,Main Course,51,39,Thursday,0,0,Cloudy,12,0
2025-04-03,Chicken Biryani,Main Course,46,38,Thursday,0,0,Cloudy,12,0
2025-04-03,Mutton Rogan Josh,Main Course,45,27,Thursday,0,0,Cloudy,12,0
2025-04-03,Paneer Tikka,Starters,55,47,Thursday,0,0,Cloudy,12,0
2025-04-03,Chicken Tandoori,Starters,49,33,Thursday,0,0,Cloudy,12,0
2025-04-03,Veg Spring Rolls,Starters,57,38,Thursday,0,0,Cloudy,12,0
2025-04-03,Fish Amritsari,Starters,55,32,Thursday,0,0,Cloudy,12,0
2025-04-03,Butter Naan,Breads,76,67,Thursday,0,0,Cloudy,12,0
2025-04-03,Garlic Naan,Breads,80,73,Thursday,0,0,Cloudy,12,0
2025-04-03,Tandoori Roti,Breads,84,70,Thursday,0,0,Cloudy,12,0
2025-04-03,Gulab Jamun,Desserts,43,30,Thursday,0,0,Cloudy,12,0
2025-04-03,Ras Malai,Desserts,38,32,Thursday,0,0,Cloudy,12,0
2025-04-03,Kheer,Desserts,28,23,Thursday,0,0,Cloudy,12,0
2025-04-03,Kulfi,Desserts,55,18,Thursday,0,0,Cloudy,12,0
2025-04-04,Paneer Butter Masala,Main Course,46,38,Friday,0,0,Sunny,11,0
2025-04-04,Dal Makhani,Main Course,45,36,Friday,0,0,Sunny,11,0
2025-04-04,Chicken Biryani,Main Course,40,33,Friday,0,0,Sunny,11,0
2025-04-04,Mutton Rogan Josh,Main Course,60,20,Friday,0,0,Sunny,11,0
2025-04-04,Paneer Tikka,Starters,60,47,Friday,0,0,Sunny,11,0
2025-04-04,Chicken Tandoori,Starters,54,40,Friday,0,0,Sunny,11,0
2025-04-04,Veg Spring Rolls,Starters,60,42,Friday,0,0,Sunny,11,0
2025-04-04,Fish Amritsari,Starters,58,35,Friday,0,0,Sunny,11,0
2025-04-04,Butter Naan,Breads,77,65,Friday,0,0,Sunny,11,0
2025-04-04,Garlic Naan,Breads,76,62,Friday,0,0,Sunny,11,0
2025-04-04,Tandoori Roti,Breads,82,67,Friday,0,0,Sunny,11,0
2025-04-04,Gulab Jamun,Desserts,44,32,Friday,0,0,Sunny,11,0
2025-04-04,Ras Malai,Desserts,38,27,Friday,0,0,Sunny,11,0
2025-04-04,Kheer,Desserts,33,25,Friday,0,0,Sunny,11,0
2025-04-04,Kulfi,Desserts,34,27,Friday,0,0,Sunny,11,0
2025-04-05,Paneer Butter Masala,Main Course,62,56,Saturday,1,0,Sunny,13,0
2025-04-05,Dal Makhani,Main Course,74,62,Saturday,1,0,Sunny,13,0
2025-04-05,Chicken Biryani,Main Course,57,53,Saturday,1,0,Sunny,13,0
2025-04-05,Mutton Rogan Josh,Main Course,60,46,Saturday,1,0,Sunny,13,0
2025-04-05,Paneer Tikka,Starters,72,54,Saturday,1,0,Sunny,13,0
2025-04-05,Chicken Tandoori,Starters,66,50,Saturday,1,0,Sunny,13,0
2025-04-05,Veg Spring Rolls,Starters,85,73,Saturday,1,0,Sunny,13,0
2025-04-05,Fish Amritsari,Starters,78,46,Saturday,1,0,Sunny,13,0
2025-04-05,Butter Naan,Breads,109,89,Saturday,1,0,Sunny,13,0
2025-04-05,Garlic Naan,Breads,102,86,Saturday,1,0,Sunny,13,0
2025-04-05,Tandoori Roti,Breads,123,89,Saturday,1,0,Sunny,13,0
2025-04-05,Gulab Jamun,Desserts,60,42,Saturday,1,0,Sunny,13,0
2025-04-05,Ras Malai,Desserts,51,34,Saturday,1,0,Sunny,13,0
2025-04-05,Kheer,Desserts,43,30,Saturday,1,0,Sunny,13,0
2025-04-05,Kulfi,Desserts,38,30,Saturday,1,0,Sunny,13,0
2025-04-06,Paneer Butter Masala,Main Course,64,53,Sunday,1,0,Sunny,15,0
2025-04-06,Dal Makhani,Main Course,65,56,Sunday,1,0,Sunny,15,0
2025-04-06,Chicken Biryani,Main Course,59,51,Sunday,1,0,Sunny,15,0
2025-04-06,Mutton Rogan Josh,Main Course,50,25,Sunday,1,0,Sunny,15,0
2025-04-06,Paneer Tikka,Starters,85,68,Sunday,1,0,Sunny,15,0
2025-04-06,Chicken Tandoori,Starters,67,59,Sunday,1,0,Sunny,15,0
2025-04-06,Veg Spring Rolls,Starters,77,51,Sunday,1,0,Sunny,15,0
2025-04-06,Fish Amritsari,Starters,69,17,Sunday,1,0,Sunny,15,0
2025-04-06,Butter Naan,Breads,113,103,Sunday,1,0,Sunny,15,0
2025-04-06,Garlic Naan,Breads,118,92,Sunday,1,0,Sunny,15,0
2025-04-06,Tandoori Roti,Breads,99,79,Sunday,1,0,Sunny,15,0
2025-04-06,Gulab Jamun,Desserts,51,36,Sunday,1,0,Sunny,15,0
2025-04-06,Ras Malai,Desserts,52,15,Sunday,1,0,Sunny,15,0
2025-04-06,Kheer,Desserts,45,13,Sunday,1,0,Sunny,15,0
2025-04-06,Kulfi,Desserts,46,27,Sunday,1,0,Sunny,15,0
2025-04-07,Paneer Butter Masala,Main Course,46,42,Monday,0,0,Cloudy,9,0
2025-04-07,Dal Makhani,Main Course,52,47,Monday,0,0,Cloudy,9,0
2025-04-07,Chicken Biryani,Main Course,42,33,Monday,0,0,Cloudy,9,0
2025-04-07,Mutton Rogan Josh,Main Course,37,29,Monday,0,0,Cloudy,9,0
2025-04-07,Paneer Tikka,Starters,55,47,Monday,0,0,Cloudy,9,0
2025-04-07,Chicken Tandoori,Starters,56,47,Monday,0,0,Cloudy,9,0
2025-04-07,Veg Spring Rolls,Starters,60,54,Monday,0,0,Cloudy,9,0
2025-04-07,Fish Amritsari,Starters,57,30,Monday,0,0,Cloudy,9,0
2025-04-07,Butter Naan,Breads,78,69,Monday,0,0,Cloudy,9,0
2025-04-07,Garlic Naan,Breads,79,52,Monday,0,0,Cloudy,9,0
2025-04-07,Tandoori Roti,Breads,77,62,Monday,0,0,Cloudy,9,0
2025-04-07,Gulab Jamun,Desserts,39,26,Monday,0,0,Cloudy,9,0
2025-04-07,Ras Malai,Desserts,41,37,Monday,0,0,Cloudy,9,0
2025-04-07,Kheer,Desserts,32,28,Monday,0,0,Cloudy,9,0
2025-04-07,Kulfi,Desserts,29,15,Monday,0,0,Cloudy,9,0
2025-04-08,Paneer Butter Masala,Main Course,40,32,Tuesday,0,0,Rainy,10,0
2025-04-08,Dal Makhani,Main Course,43,29,Tuesday,0,0,Rainy,10,0
2025-04-08,Chicken Biryani,Main Course,36,32,Tuesday,0,0,Rainy,10,0
2025-04-08,Mutton Rogan Josh,Main Course,38,28,Tuesday,0,0,Rainy,10,0
2025-04-08,Paneer Tikka,Starters,53,44,Tuesday,0,0,Rainy,10,0
2025-04-08,Chicken Tandoori,Starters,42,38,Tuesday,0,0,Rainy,10,0
2025-04-08,Veg Spring Rolls,Starters,54,37,Tuesday,0,0,Rainy,10,0
2025-04-08,Fish Amritsari,Starters,48,25,Tuesday,0,0,Rainy,10,0
2025-04-08,Butter Naan,Breads,73,63,Tuesday,0,0,Rainy,10,0
2025-04-08,Garlic Naan,Breads,72,67,Tuesday,0,0,Rainy,10,0
2025-04-08,Tandoori Roti,Breads,80,73,Tuesday,0,0,Rainy,10,0
2025-04-08,Gulab Jamun,Desserts,40,26,Tuesday,0,0,Rainy,10,0
2025-04-08,Ras Malai,Desserts,33,27,Tuesday,0,0,Rainy,10,0
2025-04-08,Kheer,Desserts,31,22,Tuesday,0,0,Rainy,10,0
2025-04-08,Kulfi,Desserts,30,15,Tuesday,0,0,Rainy,10,0
2025-04-09,Paneer Butter Masala,Main Course,48,44,Wednesday,0,0,Sunny,11,0
2025-04-09,Dal Makhani,Main Course,45,39,Wednesday,0,0,Sunny,11,0
2025-04-09,Chicken Biryani,Main Course,41,38,Wednesday,0,0,Sunny,11,0
2025-04-09,Mutton Rogan Josh,Main Course,45,31,Wednesday,0,0,Sunny,11,0
2025-04-09,Paneer Tikka,Starters,58,43,Wednesday,0,0,Sunny,11,0
2025-04-09,Chicken Tandoori,Starters,50,43,Wednesday,0,0,Sunny,11,0
2025-04-09,Veg Spring Rolls,Starters,56,52,Wednesday,0,0,Sunny,11,0
2025-04-09,Fish Amritsari,Starters,53,28,Wednesday,0,0,Sunny,11,0
2025-04-09,Butter Naan,Breads,79,64,Wednesday,0,0,Sunny,11,0
2025-04-09,Garlic Naan,Breads,78,62,Wednesday,0,0,Sunny,11,0
2025-04-09,Tandoori Roti,Breads,82,63,Wednesday,0,0,Sunny,11,0
2025-04-09,Gulab Jamun,Desserts,41,26,Wednesday,0,0,Sunny,11,0
2025-04-09,Ras Malai,Desserts,39,32,Wednesday,0,0,Sunny,11,0
2025-04-09,Kheer,Desserts,34,25,Wednesday,0,0,Sunny,11,0
2025-04-09,Kulfi,Desserts,28,15,Wednesday,0,0,Sunny,11,0
2025-04-10,Paneer Butter Masala,Main Course,49,41,Thursday,0,0,Sunny,10,0
2025-04-10,Dal Makhani,Main Course,49,32,Thursday,0,0,Sunny,10,0
2025-04-10,Chicken Biryani,Main Course,42,35,Thursday,0,0,Sunny,10,0
2025-04-10,Mutton Rogan Josh,Main Course,44,27,Thursday,0,0,Sunny,10,0
2025-04-10,Paneer Tikka,Starters,51,35,Thursday,0,0,Sunny,10,0
2025-04-10,Chicken Tandoori,Starters,50,40,Thursday,0,0,Sunny,10,0
2025-04-10,Veg Spring Rolls,Starters,56,43,Thursday,0,0,Sunny,10,0
2025-04-10,Fish Amritsari,Starters,50,32,Thursday,0,0,Sunny,10,0
2025-04-10,Butter Naan,Breads,74,64,Thursday,0,0,Sunny,10,0
2025-04-10,Garlic Naan,Breads,83,63,Thursday,0,0,Sunny,10,0
2025-04-10,Tandoori Roti,Breads,74,53,Thursday,0,0,Sunny,10,0
2025-04-10,Gulab Jamun,Desserts,38,29,Thursday,0,0,Sunny,10,0
2025-04-10,Ras Malai,Desserts,38,26,Thursday,0,0,Sunny,10,0
2025-04-10,Kheer,Desserts,33,26,Thursday,0,0,Sunny,10,0
2025-04-10,Kulfi,Desserts,29,19,Thursday,0,0,Sunny,10,0
2025-04-11,Paneer Butter Masala,Main Course,40,36,Friday,0,0,Sunny,9,0
2025-04-11,Dal Makhani,Main Course,49,34,Friday,0,0,Sunny,9,0
2025-04-11,Chicken Biryani,Main Course,44,37,Friday,0,0,Sunny,9,0
2025-04-11,Mutton Rogan Josh,Main Course,39,29,Friday,0,0,Sunny,9,0
2025-04-11,Paneer Tikka,Starters,109,47,Friday,0,0,Sunny,9,0
2025-04-11,Chicken Tandoori,Starters,53,36,Friday,0,0,Sunny,9,0
2025-04-11,Veg Spring Rolls,Starters,57,40,Friday,0,0,Sunny,9,0
2025-04-11,Fish Amritsari,Starters,60,36,Friday,0,0,Sunny,9,0
2025-04-11,Butter Naan,Breads,84,72,Friday,0,0,Sunny,9,0
2025-04-11,Garlic Naan,Breads,71,48,Friday,0,0,Sunny,9,0
2025-04-11,Tandoori Roti,Breads,77,71,Friday,0,0,Sunny,9,0
2025-04-11,Gulab Jamun,Desserts,40,33,Friday,0,0,Sunny,9,0
2025-04-11,Ras Malai,Desserts,34,28,Friday,0,0,Sunny,9,0
2025-04-11,Kheer,Desserts,30,23,Friday,0,0,Sunny,9,0
2025-04-11,Kulfi,Desserts,29,17,Friday,0,0,Sunny,9,0
2025-04-12,Paneer Butter Masala,Main Course,81,74,Saturday,1,0,Sunny,14,1
2025-04-12,Dal Makhani,Main Course,80,72,Saturday,1,0,Sunny,14,1
2025-04-12,Chicken Biryani,Main Course,66,60,Saturday,1,0,Sunny,14,1
2025-04-12,Mutton Rogan Josh,Main Course,60,46,Saturday,1,0,Sunny,14,1
2025-04-12,Paneer Tikka,Starters,88,62,Saturday,1,0,Sunny,14,1
2025-04-12,Chicken Tandoori,Starters,77,58,Saturday,1,0,Sunny,14,1
2025-04-12,Veg Spring Rolls,Starters,98,80,Saturday,1,0,Sunny,14,1
2025-04-12,Fish Amritsari,Starters,93,47,Saturday,1,0,Sunny,14,1
2025-04-12,Butter Naan,Breads,125,113,Saturday,1,0,Sunny,14,1
2025-04-12,Garlic Naan,Breads,136,101,Saturday,1,0,Sunny,14,1
2025-04-12,Tandoori Roti,Breads,145,131,Saturday,1,0,Sunny,14,1
2025-04-12,Gulab Jamun,Desserts,71,64,Saturday,1,0,Sunny,14,1
2025-04-12,Ras Malai,Desserts,66,60,Saturday,1,0,Sunny,14,1
2025-04-12,Kheer,Desserts,59,47,Saturday,1,0,Sunny,14,1
2025-04-12,Kulfi,Desserts,56,43,Saturday,1,0,Sunny,14,1
2025-04-13,Paneer Butter Masala,Main Course,55,51,Sunday,1,0,Rainy,15,0
2025-04-13,Dal Makhani,Main Course,67,60,Sunday,1,0,Rainy,15,0
2025-04-13,Chicken Biryani,Main Course,56,51,Sunday,1,0,Rainy,15,0
2025-04-13,Mutton Rogan Josh,Main Course,49,29,Sunday,1,0,Rainy,15,0
2025-04-13,Paneer Tikka,Starters,66,58,Sunday,1,0,Rainy,15,0
2025-04-13,Chicken Tandoori,Starters,69,52,Sunday,1,0,Rainy,15,0
2025-04-13,Veg Spring Rolls,Starters,72,51,Sunday,1,0,Rainy,15,0
2025-04-13,Fish Amritsari,Starters,66,52,Sunday,1,0,Rainy,15,0
2025-04-13,Butter Naan,Breads,106,40,Sunday,1,0,Rainy,15,0
2025-04-13,Garlic Naan,Breads,99,73,Sunday,1,0,Rainy,15,0
2025-04-13,Tandoori Roti,Breads,100,93,Sunday,1,0,Rainy,15,0
2025-04-13,Gulab Jamun,Desserts,49,33,Sunday,1,0,Rainy,15,0
2025-04-13,Ras Malai,Desserts,48,40,Sunday,1,0,Rainy,15,0
2025-04-13,Kheer,Desserts,42,30,Sunday,1,0,Rainy,15,0
2025-04-13,Kulfi,Desserts,43,29,Sunday,1,0,Rainy,15,0
2025-04-14,Paneer Butter Masala,Main Course,60,49,Monday,0,1,Cloudy,13,1
2025-04-14,Dal Makhani,Main Course,82,71,Monday,0,1,Cloudy,13,1
2025-04-14,Chicken Biryani,Main Course,54,43,Monday,0,1,Cloudy,13,1
2025-04-14,Mutton Rogan Josh,Main Course,64,37,Monday,0,1,Cloudy,13,1
2025-04-14,Paneer Tikka,Starters,82,61,Monday,0,1,Cloudy,13,1
2025-04-14,Chicken Tandoori,Starters,72,49,Monday,0,1,Cloudy,13,1
2025-04-14,Veg Spring Rolls,Starters,82,69,Monday,0,1,Cloudy,13,1
2025-04-14,Fish Amritsari,Starters,78,45,Monday,0,1,Cloudy,13,1
2025-04-14,Butter Naan,Breads,104,86,Monday,0,1,Cloudy,13,1
2025-04-14,Garlic Naan,Breads,93,78,Monday,0,1,Cloudy,13,1
2025-04-14,Tandoori Roti,Breads,96,63,Monday,0,1,Cloudy,13,1
2025-04-14,Gulab Jamun,Desserts,60,51,Monday,0,1,Cloudy,13,1
2025-04-14,Ras Malai,Desserts,47,30,Monday,0,1,Cloudy,13,1
2025-04-14,Kheer,Desserts,44,31,Monday,0,1,Cloudy,13,1
2025-04-14,Kulfi,Desserts,50,32,Monday,0,1,Cloudy,13,1
2025-04-15,Paneer Butter Masala,Main Course,40,39,Tuesday,0,0,Sunny,11,0
2025-04-15,Dal Makhani,Main Course,44,36,Tuesday,0,0,Sunny,11,0
2025-04-15,Chicken Biryani,Main Course,47,38,Tuesday,0,0,Sunny,11,0
2025-04-15,Mutton Rogan Josh,Main Course,41,27,Tuesday,0,0,Sunny,11,0
2025-04-15,Paneer Tikka,Starters,85,45,Tuesday,0,0,Sunny,11,0
2025-04-15,Chicken Tandoori,Starters,55,37,Tuesday,0,0,Sunny,11,0
2025-04-15,Veg Spring Rolls,Starters,53,43,Tuesday,0,0,Sunny,11,0
2025-04-15,Fish Amritsari,Starters,53,27,Tuesday,0,0,Sunny,11,0
2025-04-15,Butter Naan,Breads,84,78,Tuesday,0,0,Sunny,11,0
2025-04-15,Garlic Naan,Breads,78,63,Tuesday,0,0,Sunny,11,0
2025-04-15,Tandoori Roti,Breads,86,57,Tuesday,0,0,Sunny,11,0
2025-04-15,Gulab Jamun,Desserts,43,38,Tuesday,0,0,Sunny,11,0
2025-04-15,Ras Malai,Desserts,34,23,Tuesday,0,0,Sunny,11,0
2025-04-15,Kheer,Desserts,30,26,Tuesday,0,0,Sunny,11,0
2025-04-15,Kulfi,Desserts,31,17,Tuesday,0,0,Sunny,11,0
2025-04-16,Paneer Butter Masala,Main Course,41,36,Wednesday,0,0,Sunny,10,0
2025-04-16,Dal Makhani,Main Course,50,40,Wednesday,0,0,Sunny,10,0
2025-04-16,Chicken Biryani,Main Course,39,33,Wednesday,0,0,Sunny,10,0
2025-04-16,Mutton Rogan Josh,Main Course,45,22,Wednesday,0,0,Sunny,10,0
2025-04-16,Paneer Tikka,Starters,59,39,Wednesday,0,0,Sunny,10,0
2025-04-16,Chicken Tandoori,Starters,45,31,Wednesday,0,0,Sunny,10,0
2025-04-16,Veg Spring Rolls,Starters,60,56,Wednesday,0,0,Sunny,10,0
2025-04-16,Fish Amritsari,Starters,57,42,Wednesday,0,0,Sunny,10,0
2025-04-16,Butter Naan,Breads,69,63,Wednesday,0,0,Sunny,10,0
2025-04-16,Garlic Naan,Breads,71,46,Wednesday,0,0,Sunny,10,0
2025-04-16,Tandoori Roti,Breads,77,67,Wednesday,0,0,Sunny,10,0
2025-04-16,Gulab Jamun,Desserts,35,30,Wednesday,0,0,Sunny,10,0
2025-04-16,Ras Malai,Desserts,38,28,Wednesday,0,0,Sunny,10,0
2025-04-16,Kheer,Desserts,32,26,Wednesday,0,0,Sunny,10,0
2025-04-16,Kulfi,Desserts,29,17,Wednesday,0,0,Sunny,10,0
2025-04-17,Paneer Butter Masala,Main Course,41,35,Thursday,0,0,Cloudy,9,0
2025-04-17,Dal Makhani,Main Course,50,40,Thursday,0,0,Cloudy,9,0
2025-04-17,Chicken Biryani,Main Course,38,32,Thursday,0,0,Cloudy,9,0
2025-04-17,Mutton Rogan Josh,Main Course,44,34,Thursday,0,0,Cloudy,9,0
2025-04-17,Paneer Tikka,Starters,63,55,Thursday,0,0,Cloudy,9,0
2025-04-17,Chicken Tandoori,Starters,48,32,Thursday,0,0,Cloudy,9,0
2025-04-17,Veg Spring Rolls,Starters,51,41,Thursday,0,0,Cloudy,9,0
2025-04-17,Fish Amritsari,Starters,48,25,Thursday,0,0,Cloudy,9,0
2025-04-17,Butter Naan,Breads,78,67,Thursday,0,0,Cloudy,9,0
2025-04-17,Garlic Naan,Breads,78,51,Thursday,0,0,Cloudy,9,0
2025-04-17,Tandoori Roti,Breads,83,68,Thursday,0,0,Cloudy,9,0
2025-04-17,Gulab Jamun,Desserts,40,36,Thursday,0,0,Cloudy,9,0
2025-04-17,Ras Malai,Desserts,37,32,Thursday,0,0,Cloudy,9,0
2025-04-17,Kheer,Desserts,30,25,Thursday,0,0,Cloudy,9,0
2025-04-17,Kulfi,Desserts,27,14,Thursday,0,0,Cloudy,9,0
2025-04-18,Paneer Butter Masala,Main Course,49,44,Friday,0,0,Sunny,8,0
2025-04-18,Dal Makhani,Main Course,49,46,Friday,0,0,Sunny,8,0
2025-04-18,Chicken Biryani,Main Course,43,39,Friday,0,0,Sunny,8,0
2025-04-18,Mutton Rogan Josh,Main Course,36,18,Friday,0,0,Sunny,8,0
2025-04-18,Paneer Tikka,Starters,57,38,Friday,0,0,Sunny,8,0
2025-04-18,Chicken Tandoori,Starters,46,35,Friday,0,0,Sunny,8,0
2025-04-18,Veg Spring Rolls,Starters,51,43,Friday,0,0,Sunny,8,0
2025-04-18,Fish Amritsari,Starters,51,35,Friday,0,0,Sunny,8,0
2025-04-18,Butter Naan,Breads,84,76,Friday,0,0,Sunny,8,0
2025-04-18,Garlic Naan,Breads,73,68,Friday,0,0,Sunny,8,0
2025-04-18,Tandoori Roti,Breads,83,54,Friday,0,0,Sunny,8,0
2025-04-18,Gulab Jamun,Desserts,40,27,Friday,0,0,Sunny,8,0
2025-04-18,Ras Malai,Desserts,40,28,Friday,0,0,Sunny,8,0
2025-04-18,Kheer,Desserts,34,25,Friday,0,0,Sunny,8,0
2025-04-18,Kulfi,Desserts,28,14,Friday,0,0,Sunny,8,0
2025-04-19,Paneer Butter Masala,Main Course,76,70,Saturday,1,0,Sunny,13,1
2025-04-19,Dal Makhani,Main Course,78,70,Saturday,1,0,Sunny,13,1
2025-04-19,Chicken Biryani,Main Course,63,54,Saturday,1,0,Sunny,13,1
2025-04-19,Mutton Rogan Josh,Main Course,67,44,Saturday,1,0,Sunny,13,1
2025-04-19,Paneer Tikka,Starters,106,98,Saturday,1,0,Sunny,13,1
2025-04-19,Chicken Tandoori,Starters,80,53,Saturday,1,0,Sunny,13,1
2025-04-19,Veg Spring Rolls,Starters,96,91,Saturday,1,0,Sunny,13,1
2025-04-19,Fish Amritsari,Starters,97,75,Saturday,1,0,Sunny,13,1
2025-04-19,Butter Naan,Breads,144,127,Saturday,1,0,Sunny,13,1
2025-04-19,Garlic Naan,Breads,118,107,Saturday,1,0,Sunny,13,1
2025-04-19,Tandoori Roti,Breads,140,127,Saturday,1,0,Sunny,13,1
2025-04-19,Gulab Jamun,Desserts,70,54,Saturday,1,0,Sunny,13,1
2025-04-19,Ras Malai,Desserts,57,50,Saturday,1,0,Sunny,13,1
2025-04-19,Kheer,Desserts,48,38,Saturday,1,0,Sunny,13,1
2025-04-19,Kulfi,Desserts,56,32,Saturday,1,0,Sunny,13,1
2025-04-20,Paneer Butter Masala,Main Course,56,50,Sunday,1,0,Sunny,15,0
2025-04-20,Dal Makhani,Main Course,69,48,Sunday,1,0,Sunny,15,0
2025-04-20,Chicken Biryani,Main Course,58,49,Sunday,1,0,Sunny,15,0
2025-04-20,Mutton Rogan Josh,Main Course,52,38,Sunday,1,0,Sunny,15,0
2025-04-20,Paneer Tikka,Starters,78,72,Sunday,1,0,Sunny,15,0
2025-04-20,Chicken Tandoori,Starters,63,44,Sunday,1,0,Sunny,15,0
2025-04-20,Veg Spring Rolls,Starters,86,64,Sunday,1,0,Sunny,15,0
2025-04-20,Fish Amritsari,Starters,68,36,Sunday,1,0,Sunny,15,0
2025-04-20,Butter Naan,Breads,108,88,Sunday,1,0,Sunny,15,0
2025-04-20,Garlic Naan,Breads,114,96,Sunday,1,0,Sunny,15,0
2025-04-20,Tandoori Roti,Breads,123,95,Sunday,1,0,Sunny,15,0
2025-04-20,Gulab Jamun,Desserts,56,39,Sunday,1,0,Sunny,15,0
2025-04-20,Ras Malai,Desserts,52,43,Sunday,1,0,Sunny,15,0
2025-04-20,Kheer,Desserts,48,36,Sunday,1,0,Sunny,15,0
2025-04-20,Kulfi,Desserts,45,28,Sunday,1,0,Sunny,15,0
2025-04-21,Paneer Butter Masala,Main Course,41,38,Monday,0,0,Cloudy,11,0
2025-04-21,Dal Makhani,Main Course,49,41,Monday,0,0,Cloudy,11,0
2025-04-21,Chicken Biryani,Main Course,40,38,Monday,0,0,Cloudy,11,0
2025-04-21,Mutton Rogan Josh,Main Course,43,28,Monday,0,0,Cloudy,11,0
2025-04-21,Paneer Tikka,Starters,52,41,Monday,0,0,Cloudy,11,0
2025-04-21,Chicken Tandoori,Starters,48,31,Monday,0,0,Cloudy,11,0
2025-04-21,Veg Spring Rolls,Starters,52,39,Monday,0,0,Cloudy,11,0
2025-04-21,Fish Amritsari,Starters,56,30,Monday,0,0,Cloudy,11,0
2025-04-21,Butter Naan,Breads,71,65,Monday,0,0,Cloudy,11,0
2025-04-21,Garlic Naan,Breads,71,62,Monday,0,0,Cloudy,11,0
2025-04-21,Tandoori Roti,Breads,88,80,Monday,0,0,Cloudy,11,0
2025-04-21,Gulab Jamun,Desserts,44,33,Monday,0,0,Cloudy,11,0
2025-04-21,Ras Malai,Desserts,35,30,Monday,0,0,Cloudy,11,0
2025-04-21,Kheer,Desserts,33,24,Monday,0,0,Cloudy,11,0
2025-04-21,Kulfi,Desserts,27,18,Monday,0,0,Cloudy,11,0
2025-04-22,Paneer Butter Masala,Main Course,39,37,Tuesday,0,0,Stormy,8,0
2025-04-22,Dal Makhani,Main Course,39,30,Tuesday,0,0,Stormy,8,0
2025-04-22,Chicken Biryani,Main Course,34,28,Tuesday,0,0,Stormy,8,0
2025-04-22,Mutton Rogan Josh,Main Course,33,20,Tuesday,0,0,Stormy,8,0
2025-04-22,Paneer Tikka,Starters,53,42,Tuesday,0,0,Stormy,8,0
2025-04-22,Chicken Tandoori,Starters,44,41,Tuesday,0,0,Stormy,8,0
2025-04-22,Veg Spring Rolls,Starters,53,50,Tuesday,0,0,Stormy,8,0
2025-04-22,Fish Amritsari,Starters,43,23,Tuesday,0,0,Stormy,8,0
2025-04-22,Butter Naan,Breads,64,57,Tuesday,0,0,Stormy,8,0
2025-04-22,Garlic Naan,Breads,69,58,Tuesday,0,0,Stormy,8,0
2025-04-22,Tandoori Roti,Breads,61,53,Tuesday,0,0,Stormy,8,0
2025-04-22,Gulab Jamun,Desserts,32,26,Tuesday,0,0,Stormy,8,0
2025-04-22,Ras Malai,Desserts,34,29,Tuesday,0,0,Stormy,8,0
2025-04-22,Kheer,Desserts,27,23,Tuesday,0,0,Stormy,8,0
2025-04-22,Kulfi,Desserts,23,15,Tuesday,0,0,Stormy,8,0
2025-04-23,Paneer Butter Masala,Main Course,42,36,Wednesday,0,0,Sunny,9,0
2025-04-23,Dal Makhani,Main Course,44,36,Wednesday,0,0,Sunny,9,0
2025-04-23,Chicken Biryani,Main Course,42,40,Wednesday,0,0,Sunny,9,0
2025-04-23,Mutton Rogan Josh,Main Course,37,19,Wednesday,0,0,Sunny,9,0
2025-04-23,Paneer Tikka,Starters,60,54,Wednesday,0,0,Sunny,9,0
2025-04-23,Chicken Tandoori,Starters,55,47,Wednesday,0,0,Sunny,9,0
2025-04-23,Veg Spring Rolls,Starters,62,49,Wednesday,0,0,Sunny,9,0
2025-04-23,Fish Amritsari,Starters,57,41,Wednesday,0,0,Sunny,9,0
2025-04-23,Butter Naan,Breads,69,65,Wednesday,0,0,Sunny,9,0
2025-04-23,Garlic Naan,Breads,70,64,Wednesday,0,0,Sunny,9,0
2025-04-23,Tandoori Roti,Breads,87,75,Wednesday,0,0,Sunny,9,0
2025-04-23,Gulab Jamun,Desserts,39,32,Wednesday,0,0,Sunny,9,0
2025-04-23,Ras Malai,Desserts,34,27,Wednesday,0,0,Sunny,9,0
2025-04-23,Kheer,Desserts,32,27,Wednesday,0,0,Sunny,9,0
2025-04-23,Kulfi,Desserts,27,19,Wednesday,0,0,Sunny,9,0
2025-04-24,Paneer Butter Masala,Main Course,45,14,Thursday,0,0,Sunny,12,0
2025-04-24,Dal Makhani,Main Course,54,40,Thursday,0,0,Sunny,12,0
2025-04-24,Chicken Biryani,Main Course,45,40,Thursday,0,0,Sunny,12,0
2025-04-24,Mutton Rogan Josh,Main Course,36,21,Thursday,0,0,Sunny,12,0
2025-04-24,Paneer Tikka,Starters,55,38,Thursday,0,0,Sunny,12,0
2025-04-24,Chicken Tandoori,Starters,46,34,Thursday,0,0,Sunny,12,0
2025-04-24,Veg Spring Rolls,Starters,55,45,Thursday,0,0,Sunny,12,0
2025-04-24,Fish Amritsari,Starters,53,38,Thursday,0,0,Sunny,12,0
2025-04-24,Butter Naan,Breads,68,61,Thursday,0,0,Sunny,12,0
2025-04-24,Garlic Naan,Breads,84,79,Thursday,0,0,Sunny,12,0
2025-04-24,Tandoori Roti,Breads,72,55,Thursday,0,0,Sunny,12,0
2025-04-24,Gulab Jamun,Desserts,36,31,Thursday,0,0,Sunny,12,0
2025-04-24,Ras Malai,Desserts,40,11,Thursday,0,0,Sunny,12,0
2025-04-24,Kheer,Desserts,33,26,Thursday,0,0,Sunny,12,0
2025-04-24,Kulfi,Desserts,29,20,Thursday,0,0,Sunny,12,0
2025-04-25,Paneer Butter Masala,Main Course,45,42,Friday,0,0,Sunny,11,0
2025-04-25,Dal Makhani,Main Course,53,47,Friday,0,0,Sunny,11,0
2025-04-25,Chicken Biryani,Main Course,43,38,Friday,0,0,Sunny,11,0
2025-04-25,Mutton Rogan Josh,Main Course,42,22,Friday,0,0,Sunny,11,0
2025-04-25,Paneer Tikka,Starters,56,49,Friday,0,0,Sunny,11,0
2025-04-25,Chicken Tandoori,Starters,51,40,Friday,0,0,Sunny,11,0
2025-04-25,Veg Spring Rolls,Starters,50,33,Friday,0,0,Sunny,11,0
2025-04-25,Fish Amritsari,Starters,60,30,Friday,0,0,Sunny,11,0
2025-04-25,Butter Naan,Breads,71,58,Friday,0,0,Sunny,11,0
2025-04-25,Garlic Naan,Breads,85,72,Friday,0,0,Sunny,11,0
2025-04-25,Tandoori Roti,Breads,87,61,Friday,0,0,Sunny,11,0
2025-04-25,Gulab Jamun,Desserts,38,28,Friday,0,0,Sunny,11,0
2025-04-25,Ras Malai,Desserts,38,28,Friday,0,0,Sunny,11,0
2025-04-25,Kheer,Desserts,32,21,Friday,0,0,Sunny,11,0
2025-04-25,Kulfi,Desserts,28,16,Friday,0,0,Sunny,11,0
2025-04-26,Paneer Butter Masala,Main Course,67,61,Saturday,1,0,Sunny,15,0
2025-04-26,Dal Makhani,Main Course,76,57,Saturday,1,0,Sunny,15,0
2025-04-26,Chicken Biryani,Main Course,122,56,Saturday,1,0,Sunny,15,0
2025-04-26,Mutton Rogan Josh,Main Course,59,44,Saturday,1,0,Sunny,15,0
2025-04-26,Paneer Tikka,Starters,71,47,Saturday,1,0,Sunny,15,0
2025-04-26,Chicken Tandoori,Starters,76,68,Saturday,1,0,Sunny,15,0
2025-04-26,Veg Spring Rolls,Starters,83,71,Saturday,1,0,Sunny,15,0
2025-04-26,Fish Amritsari,Starters,74,57,Saturday,1,0,Sunny,15,0
2025-04-26,Butter Naan,Breads,118,112,Saturday,1,0,Sunny,15,0
2025-04-26,Garlic Naan,Breads,96,81,Saturday,1,0,Sunny,15,0
2025-04-26,Tandoori Roti,Breads,117,108,Saturday,1,0,Sunny,15,0
2025-04-26,Gulab Jamun,Desserts,55,44,Saturday,1,0,Sunny,15,0
2025-04-26,Ras Malai,Desserts,47,35,Saturday,1,0,Sunny,15,0
2025-04-26,Kheer,Desserts,49,37,Saturday,1,0,Sunny,15,0
2025-04-26,Kulfi,Desserts,46,27,Saturday,1,0,Sunny,15,0
2025-04-27,Paneer Butter Masala,Main Course,59,57,Sunday,1,0,Sunny,16,0
2025-04-27,Dal Makhani,Main Course,63,48,Sunday,1,0,Sunny,16,0
2025-04-27,Chicken Biryani,Main Course,55,52,Sunday,1,0,Sunny,16,0
2025-04-27,Mutton Rogan Josh,Main Course,63,32,Sunday,1,0,Sunny,16,0
2025-04-27,Paneer Tikka,Starters,80,55,Sunday,1,0,Sunny,16,0
2025-04-27,Chicken Tandoori,Starters,77,71,Sunday,1,0,Sunny,16,0
2025-04-27,Veg Spring Rolls,Starters,72,65,Sunday,1,0,Sunny,16,0
2025-04-27,Fish Amritsari,Starters,73,47,Sunday,1,0,Sunny,16,0
2025-04-27,Butter Naan,Breads,121,114,Sunday,1,0,Sunny,16,0
2025-04-27,Garlic Naan,Breads,113,104,Sunday,1,0,Sunny,16,0
2025-04-27,Tandoori Roti,Breads,118,88,Sunday,1,0,Sunny,16,0
2025-04-27,Gulab Jamun,Desserts,56,45,Sunday,1,0,Sunny,16,0
2025-04-27,Ras Malai,Desserts,50,44,Sunday,1,0,Sunny,16,0
2025-04-27,Kheer,Desserts,46,32,Sunday,1,0,Sunny,16,0
2025-04-27,Kulfi,Desserts,47,35,Sunday,1,0,Sunny,16,0
2025-04-28,Paneer Butter Masala,Main Course,44,37,Monday,0,0,Cloudy,10,0
2025-04-28,Dal Makhani,Main Course,48,31,Monday,0,0,Cloudy,10,0
2025-04-28,Chicken Biryani,Main Course,45,39,Monday,0,0,Cloudy,10,0
2025-04-28,Mutton Rogan Josh,Main Course,39,21,Monday,0,0,Cloudy,10,0
2025-04-28,Paneer Tikka,Starters,60,53,Monday,0,0,Cloudy,10,0
2025-04-28,Chicken Tandoori,Starters,47,44,Monday,0,0,Cloudy,10,0
2025-04-28,Veg Spring Rolls,Starters,54,35,Monday,0,0,Cloudy,10,0
2025-04-28,Fish Amritsari,Starters,50,27,Monday,0,0,Cloudy,10,0
2025-04-28,Butter Naan,Breads,81,73,Monday,0,0,Cloudy,10,0
2025-04-28,Garlic Naan,Breads,85,77,Monday,0,0,Cloudy,10,0
2025-04-28,Tandoori Roti,Breads,88,59,Monday,0,0,Cloudy,10,0
2025-04-28,Gulab Jamun,Desserts,35,30,Monday,0,0,Cloudy,10,0
2025-04-28,Ras Malai,Desserts,38,30,Monday,0,0,Cloudy,10,0
2025-04-28,Kheer,Desserts,31,26,Monday,0,0,Cloudy,10,0
2025-04-28,Kulfi,Desserts,32,19,Monday,0,0,Cloudy,10,0
2025-04-29,Paneer Butter Masala,Main Course,42,40,Tuesday,0,0,Sunny,10,0
2025-04-29,Dal Makhani,Main Course,45,41,Tuesday,0,0,Sunny,10,0
2025-04-29,Chicken Biryani,Main Course,41,37,Tuesday,0,0,Sunny,10,0
2025-04-29,Mutton Rogan Josh,Main Course,36,28,Tuesday,0,0,Sunny,10,0
2025-04-29,Paneer Tikka,Starters,61,49,Tuesday,0,0,Sunny,10,0
2025-04-29,Chicken Tandoori,Starters,46,38,Tuesday,0,0,Sunny,10,0
2025-04-29,Veg Spring Rolls,Starters,54,38,Tuesday,0,0,Sunny,10,0
2025-04-29,Fish Amritsari,Starters,57,38,Tuesday,0,0,Sunny,10,0
2025-04-29,Butter Naan,Breads,86,74,Tuesday,0,0,Sunny,10,0
2025-04-29,Garlic Naan,Breads,75,50,Tuesday,0,0,Sunny,10,0
2025-04-29,Tandoori Roti,Breads,76,59,Tuesday,0,0,Sunny,10,0
2025-04-29,Gulab Jamun,Desserts,36,25,Tuesday,0,0,Sunny,10,0
2025-04-29,Ras Malai,Desserts,39,13,Tuesday,0,0,Sunny,10,0
2025-04-29,Kheer,Desserts,32,23,Tuesday,0,0,Sunny,10,0
2025-04-29,Kulfi,Desserts,31,16,Tuesday,0,0,Sunny,10,0
2025-04-30,Paneer Butter Masala,Main Course,48,43,Wednesday,0,0,Sunny,9,0
2025-04-30,Dal Makhani,Main Course,45,32,Wednesday,0,0,Sunny,9,0
2025-04-30,Chicken Biryani,Main Course,42,36,Wednesday,0,0,Sunny,9,0
2025-04-30,Mutton Rogan Josh,Main Course,37,26,Wednesday,0,0,Sunny,9,0
2025-04-30,Paneer Tikka,Starters,58,38,Wednesday,0,0,Sunny,9,0
2025-04-30,Chicken Tandoori,Starters,49,39,Wednesday,0,0,Sunny,9,0
2025-04-30,Veg Spring Rolls,Starters,64,44,Wednesday,0,0,Sunny,9,0
2025-04-30,Fish Amritsari,Starters,60,35,Wednesday,0,0,Sunny,9,0
2025-04-30,Butter Naan,Breads,76,64,Wednesday,0,0,Sunny,9,0
2025-04-30,Garlic Naan,Breads,78,70,Wednesday,0,0,Sunny,9,0
2025-04-30,Tandoori Roti,Breads,74,63,Wednesday,0,0,Sunny,9,0
2025-04-30,Gulab Jamun,Desserts,35,26,Wednesday,0,0,Sunny,9,0
2025-04-30,Ras Malai,Desserts,42,36,Wednesday,0,0,Sunny,9,0
2025-04-30,Kheer,Desserts,28,24,Wednesday,0,0,Sunny,9,0
2025-04-30,Kulfi,Desserts,32,17,Wednesday,0,0,Sunny,9,0
2025-05-01,Paneer Butter Masala,Main Course,55,49,Thursday,0,1,Cloudy,10,1
2025-05-01,Dal Makhani,Main Course,67,51,Thursday,0,1,Cloudy,10,1
2025-05-01,Chicken Biryani,Main Course,57,49,Thursday,0,1,Cloudy,10,1
2025-05-01,Mutton Rogan Josh,Main Course,56,42,Thursday,0,1,Cloudy,10,1
2025-05-01,Paneer Tikka,Starters,83,57,Thursday,0,1,Cloudy,10,1
2025-05-01,Chicken Tandoori,Starters,70,54,Thursday,0,1,Cloudy,10,1
2025-05-01,Veg Spring Rolls,Starters,74,58,Thursday,0,1,Cloudy,10,1
2025-05-01,Fish Amritsari,Starters,122,41,Thursday,0,1,Cloudy,10,1
2025-05-01,Butter Naan,Breads,117,110,Thursday,0,1,Cloudy,10,1
2025-05-01,Garlic Naan,Breads,106,71,Thursday,0,1,Cloudy,10,1
2025-05-01,Tandoori Roti,Breads,135,89,Thursday,0,1,Cloudy,10,1
2025-05-01,Gulab Jamun,Desserts,56,48,Thursday,0,1,Cloudy,10,1
2025-05-01,Ras Malai,Desserts,60,43,Thursday,0,1,Cloudy,10,1
2025-05-01,Kheer,Desserts,89,30,Thursday,0,1,Cloudy,10,1
2025-05-01,Kulfi,Desserts,43,26,Thursday,0,1,Cloudy,10,1
2025-05-02,Paneer Butter Masala,Main Course,44,36,Friday,0,0,Sunny,10,0
2025-05-02,Dal Makhani,Main Course,50,35,Friday,0,0,Sunny,10,0
2025-05-02,Chicken Biryani,Main Course,40,38,Friday,0,0,Sunny,10,0
2025-05-02,Mutton Rogan Josh,Main Course,41,31,Friday,0,0,Sunny,10,0
2025-05-02,Paneer Tikka,Starters,62,41,Friday,0,0,Sunny,10,0
2025-05-02,Chicken Tandoori,Starters,56,52,Friday,0,0,Sunny,10,0
2025-05-02,Veg Spring Rolls,Starters,54,36,Friday,0,0,Sunny,10,0
2025-05-02,Fish Amritsari,Starters,56,29,Friday,0,0,Sunny,10,0
2025-05-02,Butter Naan,Breads,77,62,Friday,0,0,Sunny,10,0
2025-05-02,Garlic Naan,Breads,72,64,Friday,0,0,Sunny,10,0
2025-05-02,Tandoori Roti,Breads,76,63,Friday,0,0,Sunny,10,0
2025-05-02,Gulab Jamun,Desserts,44,37,Friday,0,0,Sunny,10,0
2025-05-02,Ras Malai,Desserts,36,27,Friday,0,0,Sunny,10,0
2025-05-02,Kheer,Desserts,29,20,Friday,0,0,Sunny,10,0
2025-05-02,Kulfi,Desserts,32,16,Friday,0,0,Sunny,10,0
2025-05-03,Paneer Butter Masala,Main Course,54,49,Saturday,1,0,Sunny,12,0
2025-05-03,Dal Makhani,Main Course,66,59,Saturday,1,0,Sunny,12,0
2025-05-03,Chicken Biryani,Main Course,53,51,Saturday,1,0,Sunny,12,0
2025-05-03,Mutton Rogan Josh,Main Course,55,29,Saturday,1,0,Sunny,12,0
2025-05-03,Paneer Tikka,Starters,82,61,Saturday,1,0,Sunny,12,0
2025-05-03,Chicken Tandoori,Starters,79,53,Saturday,1,0,Sunny,12,0
2025-05-03,Veg Spring Rolls,Starters,139,70,Saturday,1,0,Sunny,12,0
2025-05-03,Fish Amritsari,Starters,74,45,Saturday,1,0,Sunny,12,0
2025-05-03,Butter Naan,Breads,103,88,Saturday,1,0,Sunny,12,0
2025-05-03,Garlic Naan,Breads,189,99,Saturday,1,0,Sunny,12,0
2025-05-03,Tandoori Roti,Breads,98,69,Saturday,1,0,Sunny,12,0
2025-05-03,Gulab Jamun,Desserts,51,46,Saturday,1,0,Sunny,12,0
2025-05-03,Ras Malai,Desserts,49,40,Saturday,1,0,Sunny,12,0
2025-05-03,Kheer,Desserts,39,32,Saturday,1,0,Sunny,12,0
2025-05-03,Kulfi,Desserts,39,21,Saturday,1,0,Sunny,12,0
2025-05-04,Paneer Butter Masala,Main Course,67,54,Sunday,1,0,Sunny,15,0
2025-05-04,Dal Makhani,Main Course,65,56,Sunday,1,0,Sunny,15,0
2025-05-04,Chicken Biryani,Main Course,64,54,Sunday,1,0,Sunny,15,0
2025-05-04,Mutton Rogan Josh,Main Course,53,37,Sunday,1,0,Sunny,15,0
2025-05-04,Paneer Tikka,Starters,71,52,Sunday,1,0,Sunny,15,0
2025-05-04,Chicken Tandoori,Starters,66,60,Sunday,1,0,Sunny,15,0
2025-05-04,Veg Spring Rolls,Starters,74,55,Sunday,1,0,Sunny,15,0
2025-05-04,Fish Amritsari,Starters,77,49,Sunday,1,0,Sunny,15,0
2025-05-04,Butter Naan,Breads,121,106,Sunday,1,0,Sunny,15,0
2025-05-04,Garlic Naan,Breads,97,71,Sunday,1,0,Sunny,15,0
2025-05-04,Tandoori Roti,Breads,114,105,Sunday,1,0,Sunny,15,0
2025-05-04,Gulab Jamun,Desserts,61,54,Sunday,1,0,Sunny,15,0
2025-05-04,Ras Malai,Desserts,54,46,Sunday,1,0,Sunny,15,0
2025-05-04,Kheer,Desserts,49,40,Sunday,1,0,Sunny,15,0
2025-05-04,Kulfi,Desserts,38,28,Sunday,1,0,Sunny,15,0
2025-05-05,Paneer Butter Masala,Main Course,43,40,Monday,0,0,Rainy,12,0
2025-05-05,Dal Makhani,Main Course,50,38,Monday,0,0,Rainy,12,0
2025-05-05,Chicken Biryani,Main Course,39,36,Monday,0,0,Rainy,12,0
2025-05-05,Mutton Rogan Josh,Main Course,35,24,Monday,0,0,Rainy,12,0
2025-05-05,Paneer Tikka,Starters,52,48,Monday,0,0,Rainy,12,0
2025-05-05,Chicken Tandoori,Starters,43,30,Monday,0,0,Rainy,12,0
2025-05-05,Veg Spring Rolls,Starters,46,33,Monday,0,0,Rainy,12,0
2025-05-05,Fish Amritsari,Starters,53,33,Monday,0,0,Rainy,12,0
2025-05-05,Butter Naan,Breads,69,67,Monday,0,0,Rainy,12,0
2025-05-05,Garlic Naan,Breads,66,43,Monday,0,0,Rainy,12,0
2025-05-05,Tandoori Roti,Breads,79,55,Monday,0,0,Rainy,12,0
2025-05-05,Gulab Jamun,Desserts,33,27,Monday,0,0,Rainy,12,0
2025-05-05,Ras Malai,Desserts,37,30,Monday,0,0,Rainy,12,0
2025-05-05,Kheer,Desserts,26,21,Monday,0,0,Rainy,12,0
2025-05-05,Kulfi,Desserts,30,19,Monday,0,0,Rainy,12,0
2025-05-06,Paneer Butter Masala,Main Course,48,46,Tuesday,0,0,Sunny,12,0
2025-05-06,Dal Makhani,Main Course,52,39,Tuesday,0,0,Sunny,12,0
2025-05-06,Chicken Biryani,Main Course,39,34,Tuesday,0,0,Sunny,12,0
2025-05-06,Mutton Rogan Josh,Main Course,41,24,Tuesday,0,0,Sunny,12,0
2025-05-06,Paneer Tikka,Starters,62,47,Tuesday,0,0,Sunny,12,0
2025-05-06,Chicken Tandoori,Starters,55,51,Tuesday,0,0,Sunny,12,0
2025-05-06,Veg Spring Rolls,Starters,60,55,Tuesday,0,0,Sunny,12,0
2025-05-06,Fish Amritsari,Starters,53,33,Tuesday,0,0,Sunny,12,0
2025-05-06,Butter Naan,Breads,81,78,Tuesday,0,0,Sunny,12,0
2025-05-06,Garlic Naan,Breads,72,60,Tuesday,0,0,Sunny,12,0
2025-05-06,Tandoori Roti,Breads,89,80,Tuesday,0,0,Sunny,12,0
2025-05-06,Gulab Jamun,Desserts,44,31,Tuesday,0,0,Sunny,12,0
2025-05-06,Ras Malai,Desserts,41,27,Tuesday,0,0,Sunny,12,0
2025-05-06,Kheer,Desserts,29,20,Tuesday,0,0,Sunny,12,0
2025-05-06,Kulfi,Desserts,29,21,Tuesday,0,0,Sunny,12,0
2025-05-07,Paneer Butter Masala,Main Course,41,39,Wednesday,0,0,Sunny,8,0
2025-05-07,Dal Makhani,Main Course,54,45,Wednesday,0,0,Sunny,8,0
2025-05-07,Chicken Biryani,Main Course,44,41,Wednesday,0,0,Sunny,8,0
2025-05-07,Mutton Rogan Josh,Main Course,42,30,Wednesday,0,0,Sunny,8,0
2025-05-07,Paneer Tikka,Starters,61,46,Wednesday,0,0,Sunny,8,0
2025-05-07,Chicken Tandoori,Starters,56,50,Wednesday,0,0,Sunny,8,0
2025-05-07,Veg Spring Rolls,Starters,64,53,Wednesday,0,0,Sunny,8,0
2025-05-07,Fish Amritsari,Starters,48,33,Wednesday,0,0,Sunny,8,0
2025-05-07,Butter Naan,Breads,78,69,Wednesday,0,0,Sunny,8,0
2025-05-07,Garlic Naan,Breads,77,60,Wednesday,0,0,Sunny,8,0
2025-05-07,Tandoori Roti,Breads,75,57,Wednesday,0,0,Sunny,8,0
2025-05-07,Gulab Jamun,Desserts,37,24,Wednesday,0,0,Sunny,8,0
2025-05-07,Ras Malai,Desserts,37,25,Wednesday,0,0,Sunny,8,0
2025-05-07,Kheer,Desserts,32,21,Wednesday,0,0,Sunny,8,0
2025-05-07,Kulfi,Desserts,31,23,Wednesday,0,0,Sunny,8,0
2025-05-08,Paneer Butter Masala,Main Course,44,39,Thursday,0,0,Sunny,8,0
2025-05-08,Dal Makhani,Main Course,44,36,Thursday,0,0,Sunny,8,0
2025-05-08,Chicken Biryani,Main Course,47,42,Thursday,0,0,Sunny,8,0
2025-05-08,Mutton Rogan Josh,Main Course,40,30,Thursday,0,0,Sunny,8,0
2025-05-08,Paneer Tikka,Starters,59,39,Thursday,0,0,Sunny,8,0
2025-05-08,Chicken Tandoori,Starters,53,46,Thursday,0,0,Sunny,8,0
2025-05-08,Veg Spring Rolls,Starters,61,44,Thursday,0,0,Sunny,8,0
2025-05-08,Fish Amritsari,Starters,48,28,Thursday,0,0,Sunny,8,0
2025-05-08,Butter Naan,Breads,74,59,Thursday,0,0,Sunny,8,0
2025-05-08,Garlic Naan,Breads,74,51,Thursday,0,0,Sunny,8,0
2025-05-08,Tandoori Roti,Breads,84,60,Thursday,0,0,Sunny,8,0
2025-05-08,Gulab Jamun,Desserts,43,13,Thursday,0,0,Sunny,8,0
2025-05-08,Ras Malai,Desserts,40,37,Thursday,0,0,Sunny,8,0
2025-05-08,Kheer,Desserts,33,23,Thursday,0,0,Sunny,8,0
2025-05-08,Kulfi,Desserts,30,23,Thursday,0,0,Sunny,8,0
2025-05-09,Paneer Butter Masala,Main Course,47,38,Friday,0,0,Sunny,10,0
2025-05-09,Dal Makhani,Main Course,44,36,Friday,0,0,Sunny,10,0
2025-05-09,Chicken Biryani,Main Course,46,40,Friday,0,0,Sunny,10,0
2025-05-09,Mutton Rogan Josh,Main Course,43,28,Friday,0,0,Sunny,10,0
2025-05-09,Paneer Tikka,Starters,57,45,Friday,0,0,Sunny,10,0
2025-05-09,Chicken Tandoori,Starters,50,32,Friday,0,0,Sunny,10,0
2025-05-09,Veg Spring Rolls,Starters,53,47,Friday,0,0,Sunny,10,0
2025-05-09,Fish Amritsari,Starters,109,45,Friday,0,0,Sunny,10,0
2025-05-09,Butter Naan,Breads,82,76,Friday,0,0,Sunny,10,0
2025-05-09,Garlic Naan,Breads,82,68,Friday,0,0,Sunny,10,0
2025-05-09,Tandoori Roti,Breads,84,59,Friday,0,0,Sunny,10,0
2025-05-09,Gulab Jamun,Desserts,40,27,Friday,0,0,Sunny,10,0
2025-05-09,Ras Malai,Desserts,38,30,Friday,0,0,Sunny,10,0
2025-05-09,Kheer,Desserts,35,26,Friday,0,0,Sunny,10,0
2025-05-09,Kulfi,Desserts,27,15,Friday,0,0,Sunny,10,0
2025-05-10,Paneer Butter Masala,Main Course,55,48,Saturday,1,0,Sunny,15,0
2025-05-10,Dal Makhani,Main Course,63,45,Saturday,1,0,Sunny,15,0
2025-05-10,Chicken Biryani,Main Course,60,55,Saturday,1,0,Sunny,15,0
2025-05-10,Mutton Rogan Josh,Main Course,55,42,Saturday,1,0,Sunny,15,0
2025-05-10,Paneer Tikka,Starters,78,64,Saturday,1,0,Sunny,15,0
2025-05-10,Chicken Tandoori,Starters,68,62,Saturday,1,0,Sunny,15,0
2025-05-10,Veg Spring Rolls,Starters,76,57,Saturday,1,0,Sunny,15,0
2025-05-10,Fish Amritsari,Starters,76,57,Saturday,1,0,Sunny,15,0
2025-05-10,Butter Naan,Breads,107,94,Saturday,1,0,Sunny,15,0
2025-05-10,Garlic Naan,Breads,115,92,Saturday,1,0,Sunny,15,0
2025-05-10,Tandoori Roti,Breads,103,70,Saturday,1,0,Sunny,15,0
2025-05-10,Gulab Jamun,Desserts,89,47,Saturday,1,0,Sunny,15,0
2025-05-10,Ras Malai,Desserts,55,47,Saturday,1,0,Sunny,15,0
2025-05-10,Kheer,Desserts,46,40,Saturday,1,0,Sunny,15,0
2025-05-10,Kulfi,Desserts,46,32,Saturday,1,0,Sunny,15,0
2025-05-11,Paneer Butter Masala,Main Course,66,58,Sunday,1,0,Rainy,16,1
2025-05-11,Dal Makhani,Main Course,67,49,Sunday,1,0,Rainy,16,1
2025-05-11,Chicken Biryani,Main Course,64,54,Sunday,1,0,Rainy,16,1
2025-05-11,Mutton Rogan Josh,Main Course,57,44,Sunday,1,0,Rainy,16,1
2025-05-11,Paneer Tikka,Starters,79,68,Sunday,1,0,Rainy,16,1
2025-05-11,Chicken Tandoori,Starters,82,62,Sunday,1,0,Rainy,16,1
2025-05-11,Veg Spring Rolls,Starters,98,82,Sunday,1,0,Rainy,16,1
2025-05-11,Fish Amritsari,Starters,94,68,Sunday,1,0,Rainy,16,1
2025-05-11,Butter Naan,Breads,111,98,Sunday,1,0,Rainy,16,1
2025-05-11,Garlic Naan,Breads,119,101,Sunday,1,0,Rainy,16,1
2025-05-11,Tandoori Roti,Breads,128,114,Sunday,1,0,Rainy,16,1
2025-05-11,Gulab Jamun,Desserts,61,51,Sunday,1,0,Rainy,16,1
2025-05-11,Ras Malai,Desserts,51,39,Sunday,1,0,Rainy,16,1
2025-05-11,Kheer,Desserts,51,45,Sunday,1,0,Rainy,16,1
2025-05-11,Kulfi,Desserts,51,31,Sunday,1,0,Rainy,16,1
2025-05-12,Paneer Butter Masala,Main Course,34,30,Monday,0,0,Stormy,12,0
2025-05-12,Dal Makhani,Main Course,43,29,Monday,0,0,Stormy,12,0
2025-05-12,Chicken Biryani,Main Course,40,34,Monday,0,0,Stormy,12,0
2025-05-12,Mutton Rogan Josh,Main Course,37,24,Monday,0,0,Stormy,12,0
2025-05-12,Paneer Tikka,Starters,43,30,Monday,0,0,Stormy,12,0
2025-05-12,Chicken Tandoori,Starters,45,40,Monday,0,0,Stormy,12,0
2025-05-12,Veg Spring Rolls,Starters,53,36,Monday,0,0,Stormy,12,0
2025-05-12,Fish Amritsari,Starters,42,26,Monday,0,0,Stormy,12,0
2025-05-12,Butter Naan,Breads,65,54,Monday,0,0,Stormy,12,0
2025-05-12,Garlic Naan,Breads,58,49,Monday,0,0,Stormy,12,0
2025-05-12,Tandoori Roti,Breads,72,63,Monday,0,0,Stormy,12,0
2025-05-12,Gulab Jamun,Desserts,37,31,Monday,0,0,Stormy,12,0
2025-05-12,Ras Malai,Desserts,31,26,Monday,0,0,Stormy,12,0
2025-05-12,Kheer,Desserts,28,23,Monday,0,0,Stormy,12,0
2025-05-12,Kulfi,Desserts,24,13,Monday,0,0,Stormy,12,0
2025-05-13,Paneer Butter Masala,Main Course,38,32,Tuesday,0,0,Cloudy,11,0
2025-05-13,Dal Makhani,Main Course,52,41,Tuesday,0,0,Cloudy,11,0
2025-05-13,Chicken Biryani,Main Course,42,35,Tuesday,0,0,Cloudy,11,0
2025-05-13,Mutton Rogan Josh,Main Course,37,24,Tuesday,0,0,Cloudy,11,0
2025-05-13,Paneer Tikka,Starters,58,42,Tuesday,0,0,Cloudy,11,0
2025-05-13,Chicken Tandoori,Starters,50,47,Tuesday,0,0,Cloudy,11,0
2025-05-13,Veg Spring Rolls,Starters,59,52,Tuesday,0,0,Cloudy,11,0
2025-05-13,Fish Amritsari,Starters,52,34,Tuesday,0,0,Cloudy,11,0
2025-05-13,Butter Naan,Breads,73,65,Tuesday,0,0,Cloudy,11,0
2025-05-13,Garlic Naan,Breads,68,45,Tuesday,0,0,Cloudy,11,0
2025-05-13,Tandoori Roti,Breads,72,52,Tuesday,0,0,Cloudy,11,0
2025-05-13,Gulab Jamun,Desserts,39,35,Tuesday,0,0,Cloudy,11,0
2025-05-13,Ras Malai,Desserts,41,34,Tuesday,0,0,Cloudy,11,0
2025-05-13,Kheer,Desserts,35,24,Tuesday,0,0,Cloudy,11,0
2025-05-13,Kulfi,Desserts,31,22,Tuesday,0,0,Cloudy,11,0
2025-05-14,Paneer Butter Masala,Main Course,41,39,Wednesday,0,0,Rainy,9,0
2025-05-14,Dal Makhani,Main Course,45,36,Wednesday,0,0,Rainy,9,0
2025-05-14,Chicken Biryani,Main Course,43,39,Wednesday,0,0,Rainy,9,0
2025-05-14,Mutton Rogan Josh,Main Course,61,28,Wednesday,0,0,Rainy,9,0
2025-05-14,Paneer Tikka,Starters,103,53,Wednesday,0,0,Rainy,9,0
2025-05-14,Chicken Tandoori,Starters,51,42,Wednesday,0,0,Rainy,9,0
2025-05-14,Veg Spring Rolls,Starters,56,48,Wednesday,0,0,Rainy,9,0
2025-05-14,Fish Amritsari,Starters,54,39,Wednesday,0,0,Rainy,9,0
2025-05-14,Butter Naan,Breads,66,55,Wednesday,0,0,Rainy,9,0
2025-05-14,Garlic Naan,Breads,72,59,Wednesday,0,0,Rainy,9,0
2025-05-14,Tandoori Roti,Breads,80,57,Wednesday,0,0,Rainy,9,0
2025-05-14,Gulab Jamun,Desserts,33,27,Wednesday,0,0,Rainy,9,0
2025-05-14,Ras Malai,Desserts,34,23,Wednesday,0,0,Rainy,9,0
2025-05-14,Kheer,Desserts,27,19,Wednesday,0,0,Rainy,9,0
2025-05-14,Kulfi,Desserts,28,19,Wednesday,0,0,Rainy,9,0
2025-05-15,Paneer Butter Masala,Main Course,37,36,Thursday,0,0,Stormy,8,0
2025-05-15,Dal Makhani,Main Course,40,28,Thursday,0,0,Stormy,8,0
2025-05-15,Chicken Biryani,Main Course,40,38,Thursday,0,0,Stormy,8,0
2025-05-15,Mutton Rogan Josh,Main Course,35,19,Thursday,0,0,Stormy,8,0
2025-05-15,Paneer Tikka,Starters,47,34,Thursday,0,0,Stormy,8,0
2025-05-15,Chicken Tandoori,Starters,39,29,Thursday,0,0,Stormy,8,0
2025-05-15,Veg Spring Rolls,Starters,47,36,Thursday,0,0,Stormy,8,0
2025-05-15,Fish Amritsari,Starters,41,26,Thursday,0,0,Stormy,8,0
2025-05-15,Butter Naan,Breads,69,58,Thursday,0,0,Stormy,8,0
2025-05-15,Garlic Naan,Breads,61,50,Thursday,0,0,Stormy,8,0
2025-05-15,Tandoori Roti,Breads,68,48,Thursday,0,0,Stormy,8,0
2025-05-15,Gulab Jamun,Desserts,37,33,Thursday,0,0,Stormy,8,0
2025-05-15,Ras Malai,Desserts,30,25,Thursday,0,0,Stormy,8,0
2025-05-15,Kheer,Desserts,25,21,Thursday,0,0,Stormy,8,0
2025-05-15,Kulfi,Desserts,26,14,Thursday,0,0,Stormy,8,0
2025-05-16,Paneer Butter Masala,Main Course,38,32,Friday,0,0,Sunny,8,0
2025-05-16,Dal Makhani,Main Course,47,38,Friday,0,0,Sunny,8,0
2025-05-16,Chicken Biryani,Main Course,46,37,Friday,0,0,Sunny,8,0
2025-05-16,Mutton Rogan Josh,Main Course,38,22,Friday,0,0,Sunny,8,0
2025-05-16,Paneer Tikka,Starters,61,47,Friday,0,0,Sunny,8,0
2025-05-16,Chicken Tandoori,Starters,47,39,Friday,0,0,Sunny,8,0
2025-05-16,Veg Spring Rolls,Starters,59,52,Friday,0,0,Sunny,8,0
2025-05-16,Fish Amritsari,Starters,60,45,Friday,0,0,Sunny,8,0
2025-05-16,Butter Naan,Breads,73,70,Friday,0,0,Sunny,8,0
2025-05-16,Garlic Naan,Breads,74,48,Friday,0,0,Sunny,8,0
2025-05-16,Tandoori Roti,Breads,85,65,Friday,0,0,Sunny,8,0
2025-05-16,Gulab Jamun,Desserts,41,38,Friday,0,0,Sunny,8,0
2025-05-16,Ras Malai,Desserts,39,29,Friday,0,0,Sunny,8,0
2025-05-16,Kheer,Desserts,33,23,Friday,0,0,Sunny,8,0
2025-05-16,Kulfi,Desserts,29,19,Friday,0,0,Sunny,8,0
2025-05-17,Paneer Butter Masala,Main Course,61,50,Saturday,1,0,Cloudy,14,0
2025-05-17,Dal Makhani,Main Course,75,63,Saturday,1,0,Cloudy,14,0
2025-05-17,Chicken Biryani,Main Course,58,56,Saturday,1,0,Cloudy,14,0
2025-05-17,Mutton Rogan Josh,Main Course,64,48,Saturday,1,0,Cloudy,14,0
2025-05-17,Paneer Tikka,Starters,72,67,Saturday,1,0,Cloudy,14,0
2025-05-17,Chicken Tandoori,Starters,71,59,Saturday,1,0,Cloudy,14,0
2025-05-17,Veg Spring Rolls,Starters,88,82,Saturday,1,0,Cloudy,14,0
2025-05-17,Fish Amritsari,Starters,72,53,Saturday,1,0,Cloudy,14,0
2025-05-17,Butter Naan,Breads,96,79,Saturday,1,0,Cloudy,14,0
2025-05-17,Garlic Naan,Breads,104,82,Saturday,1,0,Cloudy,14,0
2025-05-17,Tandoori Roti,Breads,106,74,Saturday,1,0,Cloudy,14,0
2025-05-17,Gulab Jamun,Desserts,57,41,Saturday,1,0,Cloudy,14,0
2025-05-17,Ras Malai,Desserts,53,44,Saturday,1,0,Cloudy,14,0
2025-05-17,Kheer,Desserts,45,37,Saturday,1,0,Cloudy,14,0
2025-05-17,Kulfi,Desserts,45,25,Saturday,1,0,Cloudy,14,0
2025-05-18,Paneer Butter Masala,Main Course,61,49,Sunday,1,0,Stormy,15,1
2025-05-18,Dal Makhani,Main Course,77,69,Sunday,1,0,Stormy,15,1
2025-05-18,Chicken Biryani,Main Course,57,55,Sunday,1,0,Stormy,15,1
2025-05-18,Mutton Rogan Josh,Main Course,59,33,Sunday,1,0,Stormy,15,1
2025-05-18,Paneer Tikka,Starters,84,62,Sunday,1,0,Stormy,15,1
2025-05-18,Chicken Tandoori,Starters,74,55,Sunday,1,0,Stormy,15,1
2025-05-18,Veg Spring Rolls,Starters,81,76,Sunday,1,0,Stormy,15,1
2025-05-18,Fish Amritsari,Starters,79,44,Sunday,1,0,Stormy,15,1
2025-05-18,Butter Naan,Breads,117,95,Sunday,1,0,Stormy,15,1
2025-05-18,Garlic Naan,Breads,103,75,Sunday,1,0,Stormy,15,1
2025-05-18,Tandoori Roti,Breads,103,71,Sunday,1,0,Stormy,15,1
2025-05-18,Gulab Jamun,Desserts,60,43,Sunday,1,0,Stormy,15,1
2025-05-18,Ras Malai,Desserts,50,47,Sunday,1,0,Stormy,15,1
2025-05-18,Kheer,Desserts,47,31,Sunday,1,0,Stormy,15,1
2025-05-18,Kulfi,Desserts,48,30,Sunday,1,0,Stormy,15,1
2025-05-19,Paneer Butter Masala,Main Course,40,34,Monday,0,0,Sunny,8,0
2025-05-19,Dal Makhani,Main Course,49,35,Monday,0,0,Sunny,8,0
2025-05-19,Chicken Biryani,Main Course,40,35,Monday,0,0,Sunny,8,0
2025-05-19,Mutton Rogan Josh,Main Course,41,28,Monday,0,0,Sunny,8,0
2025-05-19,Paneer Tikka,Starters,54,41,Monday,0,0,Sunny,8,0
2025-05-19,Chicken Tandoori,Starters,50,33,Monday,0,0,Sunny,8,0
2025-05-19,Veg Spring Rolls,Starters,52,35,Monday,0,0,Sunny,8,0
2025-05-19,Fish Amritsari,Starters,57,41,Monday,0,0,Sunny,8,0
2025-05-19,Butter Naan,Breads,75,70,Monday,0,0,Sunny,8,0
2025-05-19,Garlic Naan,Breads,77,62,Monday,0,0,Sunny,8,0
2025-05-19,Tandoori Roti,Breads,85,78,Monday,0,0,Sunny,8,0
2025-05-19,Gulab Jamun,Desserts,41,28,Monday,0,0,Sunny,8,0
2025-05-19,Ras Malai,Desserts,33,26,Monday,0,0,Sunny,8,0
2025-05-19,Kheer,Desserts,28,22,Monday,0,0,Sunny,8,0
2025-05-19,Kulfi,Desserts,32,16,Monday,0,0,Sunny,8,0
2025-05-20,Paneer Butter Masala,Main Course,35,31,Tuesday,0,0,Rainy,12,0
2025-05-20,Dal Makhani,Main Course,50,36,Tuesday,0,0,Rainy,12,0
2025-05-20,Chicken Biryani,Main Course,40,33,Tuesday,0,0,Rainy,12,0
2025-05-20,Mutton Rogan Josh,Main Course,40,25,Tuesday,0,0,Rainy,12,0
2025-05-20,Paneer Tikka,Starters,47,36,Tuesday,0,0,Rainy,12,0
2025-05-20,Chicken Tandoori,Starters,44,36,Tuesday,0,0,Rainy,12,0
2025-05-20,Veg Spring Rolls,Starters,52,48,Tuesday,0,0,Rainy,12,0
2025-05-20,Fish Amritsari,Starters,53,32,Tuesday,0,0,Rainy,12,0
2025-05-20,Butter Naan,Breads,67,63,Tuesday,0,0,Rainy,12,0
2025-05-20,Garlic Naan,Breads,66,44,Tuesday,0,0,Rainy,12,0
2025-05-20,Tandoori Roti,Breads,70,50,Tuesday,0,0,Rainy,12,0
2025-05-20,Gulab Jamun,Desserts,37,34,Tuesday,0,0,Rainy,12,0
2025-05-20,Ras Malai,Desserts,52,29,Tuesday,0,0,Rainy,12,0
2025-05-20,Kheer,Desserts,25,20,Tuesday,0,0,Rainy,12,0
2025-05-20,Kulfi,Desserts,25,15,Tuesday,0,0,Rainy,12,0
2025-05-21,Paneer Butter Masala,Main Course,38,36,Wednesday,0,0,Sunny,10,0
2025-05-21,Dal Makhani,Main Course,50,33,Wednesday,0,0,Sunny,10,0
2025-05-21,Chicken Biryani,Main Course,42,34,Wednesday,0,0,Sunny,10,0
2025-05-21,Mutton Rogan Josh,Main Course,44,24,Wednesday,0,0,Sunny,10,0
2025-05-21,Paneer Tikka,Starters,61,47,Wednesday,0,0,Sunny,10,0
2025-05-21,Chicken Tandoori,Starters,57,45,Wednesday,0,0,Sunny,10,0
2025-05-21,Veg Spring Rolls,Starters,58,42,Wednesday,0,0,Sunny,10,0
2025-05-21,Fish Amritsari,Starters,60,35,Wednesday,0,0,Sunny,10,0
2025-05-21,Butter Naan,Breads,82,69,Wednesday,0,0,Sunny,10,0
2025-05-21,Garlic Naan,Breads,73,56,Wednesday,0,0,Sunny,10,0
2025-05-21,Tandoori Roti,Breads,71,49,Wednesday,0,0,Sunny,10,0
2025-05-21,Gulab Jamun,Desserts,42,38,Wednesday,0,0,Sunny,10,0
2025-05-21,Ras Malai,Desserts,37,27,Wednesday,0,0,Sunny,10,0
2025-05-21,Kheer,Desserts,35,32,Wednesday,0,0,Sunny,10,0
2025-05-21,Kulfi,Desserts,28,17,Wednesday,0,0,Sunny,10,0
2025-05-22,Paneer Butter Masala,Main Course,43,35,Thursday,0,0,Rainy,9,0
2025-05-22,Dal Makhani,Main Course,42,39,Thursday,0,0,Rainy,9,0
2025-05-22,Chicken Biryani,Main Course,43,36,Thursday,0,0,Rainy,9,0
2025-05-22,Mutton Rogan Josh,Main Course,34,17,Thursday,0,0,Rainy,9,0
2025-05-22,Paneer Tikka,Starters,49,40,Thursday,0,0,Rainy,9,0
2025-05-22,Chicken Tandoori,Starters,45,40,Thursday,0,0,Rainy,9,0
2025-05-22,Veg Spring Rolls,Starters,57,46,Thursday,0,0,Rainy,9,0
2025-05-22,Fish Amritsari,Starters,51,38,Thursday,0,0,Rainy,9,0
2025-05-22,Butter Naan,Breads,66,60,Thursday,0,0,Rainy,9,0
2025-05-22,Garlic Naan,Breads,76,57,Thursday,0,0,Rainy,9,0
2025-05-22,Tandoori Roti,Breads,77,62,Thursday,0,0,Rainy,9,0
2025-05-22,Gulab Jamun,Desserts,36,27,Thursday,0,0,Rainy,9,0
2025-05-22,Ras Malai,Desserts,38,33,Thursday,0,0,Rainy,9,0
2025-05-22,Kheer,Desserts,30,26,Thursday,0,0,Rainy,9,0
2025-05-22,Kulfi,Desserts,25,14,Thursday,0,0,Rainy,9,0
2025-05-23,Paneer Butter Masala,Main Course,44,35,Friday,0,0,Cloudy,9,0
2025-05-23,Dal Makhani,Main Course,53,43,Friday,0,0,Cloudy,9,0
2025-05-23,Chicken Biryani,Main Course,42,35,Friday,0,0,Cloudy,9,0
2025-05-23,Mutton Rogan Josh,Main Course,42,32,Friday,0,0,Cloudy,9,0
2025-05-23,Paneer Tikka,Starters,58,40,Friday,0,0,Cloudy,9,0
2025-05-23,Chicken Tandoori,Starters,55,36,Friday,0,0,Cloudy,9,0
2025-05-23,Veg Spring Rolls,Starters,53,44,Friday,0,0,Cloudy,9,0
2025-05-23,Fish Amritsari,Starters,55,38,Friday,0,0,Cloudy,9,0
2025-05-23,Butter Naan,Breads,85,81,Friday,0,0,Cloudy,9,0
2025-05-23,Garlic Naan,Breads,72,59,Friday,0,0,Cloudy,9,0
2025-05-23,Tandoori Roti,Breads,75,56,Friday,0,0,Cloudy,9,0
2025-05-23,Gulab Jamun,Desserts,41,33,Friday,0,0,Cloudy,9,0
2025-05-23,Ras Malai,Desserts,41,30,Friday,0,0,Cloudy,9,0
2025-05-23,Kheer,Desserts,33,27,Friday,0,0,Cloudy,9,0
2025-05-23,Kulfi,Desserts,31,20,Friday,0,0,Cloudy,9,0
2025-05-24,Paneer Butter Masala,Main Course,55,53,Saturday,1,0,Stormy,16,0
2025-05-24,Dal Makhani,Main Course,65,49,Saturday,1,0,Stormy,16,0
2025-05-24,Chicken Biryani,Main Course,47,39,Saturday,1,0,Stormy,16,0
2025-05-24,Mutton Rogan Josh,Main Course,45,24,Saturday,1,0,Stormy,16,0
2025-05-24,Paneer Tikka,Starters,76,52,Saturday,1,0,Stormy,16,0
2025-05-24,Chicken Tandoori,Starters,59,46,Saturday,1,0,Stormy,16,0
2025-05-24,Veg Spring Rolls,Starters,69,64,Saturday,1,0,Stormy,16,0
2025-05-24,Fish Amritsari,Starters,65,51,Saturday,1,0,Stormy,16,0
2025-05-24,Butter Naan,Breads,98,78,Saturday,1,0,Stormy,16,0
2025-05-24,Garlic Naan,Breads,102,67,Saturday,1,0,Stormy,16,0
2025-05-24,Tandoori Roti,Breads,86,71,Saturday,1,0,Stormy,16,0
2025-05-24,Gulab Jamun,Desserts,47,33,Saturday,1,0,Stormy,16,0
2025-05-24,Ras Malai,Desserts,49,15,Saturday,1,0,Stormy,16,0
2025-05-24,Kheer,Desserts,38,34,Saturday,1,0,Stormy,16,0
2025-05-24,Kulfi,Desserts,35,25,Saturday,1,0,Stormy,16,0
2025-05-25,Paneer Butter Masala,Main Course,57,49,Sunday,1,0,Cloudy,12,0
2025-05-25,Dal Makhani,Main Course,60,42,Sunday,1,0,Cloudy,12,0
2025-05-25,Chicken Biryani,Main Course,65,61,Sunday,1,0,Cloudy,12,0
2025-05-25,Mutton Rogan Josh,Main Course,57,33,Sunday,1,0,Cloudy,12,0
2025-05-25,Paneer Tikka,Starters,114,46,Sunday,1,0,Cloudy,12,0
2025-05-25,Chicken Tandoori,Starters,64,44,Sunday,1,0,Cloudy,12,0
2025-05-25,Veg Spring Rolls,Starters,85,80,Sunday,1,0,Cloudy,12,0
2025-05-25,Fish Amritsari,Starters,68,45,Sunday,1,0,Cloudy,12,0
2025-05-25,Butter Naan,Breads,105,86,Sunday,1,0,Cloudy,12,0
2025-05-25,Garlic Naan,Breads,95,86,Sunday,1,0,Cloudy,12,0
2025-05-25,Tandoori Roti,Breads,123,80,Sunday,1,0,Cloudy,12,0
2025-05-25,Gulab Jamun,Desserts,61,43,Sunday,1,0,Cloudy,12,0
2025-05-25,Ras Malai,Desserts,47,43,Sunday,1,0,Cloudy,12,0
2025-05-25,Kheer,Desserts,44,38,Sunday,1,0,Cloudy,12,0
2025-05-25,Kulfi,Desserts,42,33,Sunday,1,0,Cloudy,12,0
2025-05-26,Paneer Butter Masala,Main Course,37,30,Monday,0,0,Rainy,8,0
2025-05-26,Dal Makhani,Main Course,46,34,Monday,0,0,Rainy,8,0
2025-05-26,Chicken Biryani,Main Course,36,32,Monday,0,0,Rainy,8,0
2025-05-26,Mutton Rogan Josh,Main Course,35,20,Monday,0,0,Rainy,8,0
2025-05-26,Paneer Tikka,Starters,50,37,Monday,0,0,Rainy,8,0
2025-05-26,Chicken Tandoori,Starters,48,42,Monday,0,0,Rainy,8,0
2025-05-26,Veg Spring Rolls,Starters,56,44,Monday,0,0,Rainy,8,0
2025-05-26,Fish Amritsari,Starters,52,39,Monday,0,0,Rainy,8,0
2025-05-26,Butter Naan,Breads,77,72,Monday,0,0,Rainy,8,0
2025-05-26,Garlic Naan,Breads,70,48,Monday,0,0,Rainy,8,0
2025-05-26,Tandoori Roti,Breads,77,63,Monday,0,0,Rainy,8,0
2025-05-26,Gulab Jamun,Desserts,39,25,Monday,0,0,Rainy,8,0
2025-05-26,Ras Malai,Desserts,38,30,Monday,0,0,Rainy,8,0
2025-05-26,Kheer,Desserts,29,26,Monday,0,0,Rainy,8,0
2025-05-26,Kulfi,Desserts,31,15,Monday,0,0,Rainy,8,0
2025-05-27,Paneer Butter Masala,Main Course,47,42,Tuesday,0,0,Cloudy,11,0
2025-05-27,Dal Makhani,Main Course,46,38,Tuesday,0,0,Cloudy,11,0
2025-05-27,Chicken Biryani,Main Course,39,35,Tuesday,0,0,Cloudy,11,0
2025-05-27,Mutton Rogan Josh,Main Course,38,24,Tuesday,0,0,Cloudy,11,0
2025-05-27,Paneer Tikka,Starters,60,43,Tuesday,0,0,Cloudy,11,0
2025-05-27,Chicken Tandoori,Starters,82,37,Tuesday,0,0,Cloudy,11,0
2025-05-27,Veg Spring Rolls,Starters,51,38,Tuesday,0,0,Cloudy,11,0
2025-05-27,Fish Amritsari,Starters,57,29,Tuesday,0,0,Cloudy,11,0
2025-05-27,Butter Naan,Breads,73,63,Tuesday,0,0,Cloudy,11,0
2025-05-27,Garlic Naan,Breads,80,70,Tuesday,0,0,Cloudy,11,0
2025-05-27,Tandoori Roti,Breads,75,57,Tuesday,0,0,Cloudy,11,0
2025-05-27,Gulab Jamun,Desserts,42,30,Tuesday,0,0,Cloudy,11,0
2025-05-27,Ras Malai,Desserts,34,26,Tuesday,0,0,Cloudy,11,0
2025-05-27,Kheer,Desserts,30,20,Tuesday,0,0,Cloudy,11,0
2025-05-27,Kulfi,Desserts,34,26,Tuesday,0,0,Cloudy,11,0
2025-05-28,Paneer Butter Masala,Main Course,35,28,Wednesday,0,0,Stormy,8,0
2025-05-28,Dal Makhani,Main Course,45,34,Wednesday,0,0,Stormy,8,0
2025-05-28,Chicken Biryani,Main Course,36,29,Wednesday,0,0,Stormy,8,0
2025-05-28,Mutton Rogan Josh,Main Course,34,26,Wednesday,0,0,Stormy,8,0
2025-05-28,Paneer Tikka,Starters,45,34,Wednesday,0,0,Stormy,8,0
2025-05-28,Chicken Tandoori,Starters,43,30,Wednesday,0,0,Stormy,8,0
2025-05-28,Veg Spring Rolls,Starters,45,42,Wednesday,0,0,Stormy,8,0
2025-05-28,Fish Amritsari,Starters,49,32,Wednesday,0,0,Stormy,8,0
2025-05-28,Butter Naan,Breads,66,55,Wednesday,0,0,Stormy,8,0
2025-05-28,Garlic Naan,Breads,68,50,Wednesday,0,0,Stormy,8,0
2025-05-28,Tandoori Roti,Breads,69,63,Wednesday,0,0,Stormy,8,0
2025-05-28,Gulab Jamun,Desserts,33,26,Wednesday,0,0,Stormy,8,0
2025-05-28,Ras Malai,Desserts,33,31,Wednesday,0,0,Stormy,8,0
2025-05-28,Kheer,Desserts,29,21,Wednesday,0,0,Stormy,8,0
2025-05-28,Kulfi,Desserts,25,12,Wednesday,0,0,Stormy,8,0
2025-05-29,Paneer Butter Masala,Main Course,41,35,Thursday,0,0,Sunny,12,0
2025-05-29,Dal Makhani,Main Course,46,41,Thursday,0,0,Sunny,12,0
2025-05-29,Chicken Biryani,Main Course,47,40,Thursday,0,0,Sunny,12,0
2025-05-29,Mutton Rogan Josh,Main Course,38,27,Thursday,0,0,Sunny,12,0
2025-05-29,Paneer Tikka,Starters,52,34,Thursday,0,0,Sunny,12,0
2025-05-29,Chicken Tandoori,Starters,56,46,Thursday,0,0,Sunny,12,0
2025-05-29,Veg Spring Rolls,Starters,56,50,Thursday,0,0,Sunny,12,0
2025-05-29,Fish Amritsari,Starters,59,36,Thursday,0,0,Sunny,12,0
2025-05-29,Butter Naan,Breads,72,65,Thursday,0,0,Sunny,12,0
2025-05-29,Garlic Naan,Breads,74,69,Thursday,0,0,Sunny,12,0
2025-05-29,Tandoori Roti,Breads,85,74,Thursday,0,0,Sunny,12,0
2025-05-29,Gulab Jamun,Desserts,40,37,Thursday,0,0,Sunny,12,0
2025-05-29,Ras Malai,Desserts,33,30,Thursday,0,0,Sunny,12,0
2025-05-29,Kheer,Desserts,32,22,Thursday,0,0,Sunny,12,0
2025-05-29,Kulfi,Desserts,34,25,Thursday,0,0,Sunny,12,0
2025-05-30,Paneer Butter Masala,Main Course,44,41,Friday,0,0,Sunny,11,0
2025-05-30,Dal Makhani,Main Course,53,48,Friday,0,0,Sunny,11,0
2025-05-30,Chicken Biryani,Main Course,40,35,Friday,0,0,Sunny,11,0
2025-05-30,Mutton Rogan Josh,Main Course,36,24,Friday,0,0,Sunny,11,0
2025-05-30,Paneer Tikka,Starters,55,49,Friday,0,0,Sunny,11,0
2025-05-30,Chicken Tandoori,Starters,46,32,Friday,0,0,Sunny,11,0
2025-05-30,Veg Spring Rolls,Starters,55,46,Friday,0,0,Sunny,11,0
2025-05-30,Fish Amritsari,Starters,51,28,Friday,0,0,Sunny,11,0
2025-05-30,Butter Naan,Breads,70,58,Friday,0,0,Sunny,11,0
2025-05-30,Garlic Naan,Breads,79,69,Friday,0,0,Sunny,11,0
2025-05-30,Tandoori Roti,Breads,73,54,Friday,0,0,Sunny,11,0
2025-05-30,Gulab Jamun,Desserts,36,28,Friday,0,0,Sunny,11,0
2025-05-30,Ras Malai,Desserts,34,30,Friday,0,0,Sunny,11,0
2025-05-30,Kheer,Desserts,28,26,Friday,0,0,Sunny,11,0
2025-05-30,Kulfi,Desserts,30,17,Friday,0,0,Sunny,11,0
2025-05-31,Paneer Butter Masala,Main Course,63,23,Saturday,1,0,Sunny,15,0
2025-05-31,Dal Makhani,Main Course,119,55,Saturday,1,0,Sunny,15,0
2025-05-31,Chicken Biryani,Main Course,56,52,Saturday,1,0,Sunny,15,0
2025-05-31,Mutton Rogan Josh,Main Course,56,31,Saturday,1,0,Sunny,15,0
2025-05-31,Paneer Tikka,Starters,78,67,Saturday,1,0,Sunny,15,0
2025-05-31,Chicken Tandoori,Starters,78,60,Saturday,1,0,Sunny,15,0
2025-05-31,Veg Spring Rolls,Starters,74,48,Saturday,1,0,Sunny,15,0
2025-05-31,Fish Amritsari,Starters,84,63,Saturday,1,0,Sunny,15,0
2025-05-31,Butter Naan,Breads,100,83,Saturday,1,0,Sunny,15,0
2025-05-31,Garlic Naan,Breads,97,66,Saturday,1,0,Sunny,15,0
2025-05-31,Tandoori Roti,Breads,105,84,Saturday,1,0,Sunny,15,0
2025-05-31,Gulab Jamun,Desserts,52,49,Saturday,1,0,Sunny,15,0
2025-05-31,Ras Malai,Desserts,55,43,Saturday,1,0,Sunny,15,0
2025-05-31,Kheer,Desserts,46,36,Saturday,1,0,Sunny,15,0
2025-05-31,Kulfi,Desserts,41,31,Saturday,1,0,Sunny,15,0
2025-06-01,Paneer Butter Masala,Main Course,42,36,Sunday,1,0,Rainy,15,0
2025-06-01,Dal Makhani,Main Course,55,36,Sunday,1,0,Rainy,15,0
2025-06-01,Chicken Biryani,Main Course,46,38,Sunday,1,0,Rainy,15,0
2025-06-01,Mutton Rogan Josh,Main Course,44,22,Sunday,1,0,Rainy,15,0
2025-06-01,Paneer Tikka,Starters,61,47,Sunday,1,0,Rainy,15,0
2025-06-01,Chicken Tandoori,Starters,56,46,Sunday,1,0,Rainy,15,0
2025-06-01,Veg Spring Rolls,Starters,95,36,Sunday,1,0,Rainy,15,0
2025-06-01,Fish Amritsari,Starters,61,48,Sunday,1,0,Rainy,15,0
2025-06-01,Butter Naan,Breads,83,72,Sunday,1,0,Rainy,15,0
2025-06-01,Garlic Naan,Breads,80,71,Sunday,1,0,Rainy,15,0
2025-06-01,Tandoori Roti,Breads,74,55,Sunday,1,0,Rainy,15,0
2025-06-01,Gulab Jamun,Desserts,44,38,Sunday,1,0,Rainy,15,0
2025-06-01,Ras Malai,Desserts,37,27,Sunday,1,0,Rainy,15,0
2025-06-01,Kheer,Desserts,35,28,Sunday,1,0,Rainy,15,0
2025-06-01,Kulfi,Desserts,29,15,Sunday,1,0,Rainy,15,0
2025-06-02,Paneer Butter Masala,Main Course,32,30,Monday,0,0,Rainy,11,0
2025-06-02,Dal Makhani,Main Course,38,30,Monday,0,0,Rainy,11,0
2025-06-02,Chicken Biryani,Main Course,33,28,Monday,0,0,Rainy,11,0
2025-06-02,Mutton Rogan Josh,Main Course,29,20,Monday,0,0,Rainy,11,0
2025-06-02,Paneer Tikka,Starters,39,32,Monday,0,0,Rainy,11,0
2025-06-02,Chicken Tandoori,Starters,34,25,Monday,0,0,Rainy,11,0
2025-06-02,Veg Spring Rolls,Starters,46,32,Monday,0,0,Rainy,11,0
2025-06-02,Fish Amritsari,Starters,38,23,Monday,0,0,Rainy,11,0
2025-06-02,Butter Naan,Breads,53,50,Monday,0,0,Rainy,11,0
2025-06-02,Garlic Naan,Breads,55,39,Monday,0,0,Rainy,11,0
2025-06-02,Tandoori Roti,Breads,52,46,Monday,0,0,Rainy,11,0
2025-06-02,Gulab Jamun,Desserts,27,18,Monday,0,0,Rainy,11,0
2025-06-02,Ras Malai,Desserts,29,23,Monday,0,0,Rainy,11,0
2025-06-02,Kheer,Desserts,20,13,Monday,0,0,Rainy,11,0
2025-06-02,Kulfi,Desserts,20,14,Monday,0,0,Rainy,11,0
2025-06-03,Paneer Butter Masala,Main Course,33,32,Tuesday,0,0,Cloudy,12,0
2025-06-03,Dal Makhani,Main Course,39,29,Tuesday,0,0,Cloudy,12,0
2025-06-03,Chicken Biryani,Main Course,33,26,Tuesday,0,0,Cloudy,12,0
2025-06-03,Mutton Rogan Josh,Main Course,34,27,Tuesday,0,0,Cloudy,12,0
2025-06-03,Paneer Tikka,Starters,47,39,Tuesday,0,0,Cloudy,12,0
2025-06-03,Chicken Tandoori,Starters,40,34,Tuesday,0,0,Cloudy,12,0
2025-06-03,Veg Spring Rolls,Starters,44,35,Tuesday,0,0,Cloudy,12,0
2025-06-03,Fish Amritsari,Starters,47,26,Tuesday,0,0,Cloudy,12,0
2025-06-03,Butter Naan,Breads,62,60,Tuesday,0,0,Cloudy,12,0
2025-06-03,Garlic Naan,Breads,67,44,Tuesday,0,0,Cloudy,12,0
2025-06-03,Tandoori Roti,Breads,67,52,Tuesday,0,0,Cloudy,12,0
2025-06-03,Gulab Jamun,Desserts,32,25,Tuesday,0,0,Cloudy,12,0
2025-06-03,Ras Malai,Desserts,33,24,Tuesday,0,0,Cloudy,12,0
2025-06-03,Kheer,Desserts,26,20,Tuesday,0,0,Cloudy,12,0
2025-06-03,Kulfi,Desserts,22,11,Tuesday,0,0,Cloudy,12,0
2025-06-04,Paneer Butter Masala,Main Course,30,28,Wednesday,0,0,Rainy,11,0
2025-06-04,Dal Makhani,Main Course,35,23,Wednesday,0,0,Rainy,11,0
2025-06-04,Chicken Biryani,Main Course,33,26,Wednesday,0,0,Rainy,11,0
2025-06-04,Mutton Rogan Josh,Main Course,31,18,Wednesday,0,0,Rainy,11,0
2025-06-04,Paneer Tikka,Starters,45,39,Wednesday,0,0,Rainy,11,0
2025-06-04,Chicken Tandoori,Starters,40,26,Wednesday,0,0,Rainy,11,0
2025-06-04,Veg Spring Rolls,Starters,39,26,Wednesday,0,0,Rainy,11,0
2025-06-04,Fish Amritsari,Starters,40,28,Wednesday,0,0,Rainy,11,0
2025-06-04,Butter Naan,Breads,57,50,Wednesday,0,0,Rainy,11,0
2025-06-04,Garlic Naan,Breads,52,44,Wednesday,0,0,Rainy,11,0
2025-06-04,Tandoori Roti,Breads,55,42,Wednesday,0,0,Rainy,11,0
2025-06-04,Gulab Jamun,Desserts,32,21,Wednesday,0,0,Rainy,11,0
2025-06-04,Ras Malai,Desserts,26,24,Wednesday,0,0,Rainy,11,0
2025-06-04,Kheer,Desserts,20,17,Wednesday,0,0,Rainy,11,0
2025-06-04,Kulfi,Desserts,21,14,Wednesday,0,0,Rainy,11,0
2025-06-05,Paneer Butter Masala,Main Course,31,27,Thursday,0,0,Sunny,8,0
2025-06-05,Dal Makhani,Main Course,38,31,Thursday,0,0,Sunny,8,0
2025-06-05,Chicken Biryani,Main Course,36,31,Thursday,0,0,Sunny,8,0
2025-06-05,Mutton Rogan Josh,Main Course,32,18,Thursday,0,0,Sunny,8,0
2025-06-05,Paneer Tikka,Starters,41,29,Thursday,0,0,Sunny,8,0
2025-06-05,Chicken Tandoori,Starters,38,25,Thursday,0,0,Sunny,8,0
2025-06-05,Veg Spring Rolls,Starters,42,35,Thursday,0,0,Sunny,8,0
2025-06-05,Fish Amritsari,Starters,49,37,Thursday,0,0,Sunny,8,0
2025-06-05,Butter Naan,Breads,68,65,Thursday,0,0,Sunny,8,0
2025-06-05,Garlic Naan,Breads,62,43,Thursday,0,0,Sunny,8,0
2025-06-05,Tandoori Roti,Breads,70,57,Thursday,0,0,Sunny,8,0
2025-06-05,Gulab Jamun,Desserts,33,28,Thursday,0,0,Sunny,8,0
2025-06-05,Ras Malai,Desserts,32,25,Thursday,0,0,Sunny,8,0
2025-06-05,Kheer,Desserts,28,24,Thursday,0,0,Sunny,8,0
2025-06-05,Kulfi,Desserts,22,15,Thursday,0,0,Sunny,8,0
2025-06-06,Paneer Butter Masala,Main Course,29,24,Friday,0,0,Stormy,9,0
2025-06-06,Dal Makhani,Main Course,29,19,Friday,0,0,Stormy,9,0
2025-06-06,Chicken Biryani,Main Course,26,24,Friday,0,0,Stormy,9,0
2025-06-06,Mutton Rogan Josh,Main Course,29,21,Friday,0,0,Stormy,9,0
2025-06-06,Paneer Tikka,Starters,40,27,Friday,0,0,Stormy,9,0
2025-06-06,Chicken Tandoori,Starters,31,20,Friday,0,0,Stormy,9,0
2025-06-06,Veg Spring Rolls,Starters,42,34,Friday,0,0,Stormy,9,0
2025-06-06,Fish Amritsari,Starters,34,20,Friday,0,0,Stormy,9,0
2025-06-06,Butter Naan,Breads,52,41,Friday,0,0,Stormy,9,0
2025-06-06,Garlic Naan,Breads,54,42,Friday,0,0,Stormy,9,0
2025-06-06,Tandoori Roti,Breads,54,36,Friday,0,0,Stormy,9,0
2025-06-06,Gulab Jamun,Desserts,25,21,Friday,0,0,Stormy,9,0
2025-06-06,Ras Malai,Desserts,28,21,Friday,0,0,Stormy,9,0
2025-06-06,Kheer,Desserts,20,13,Friday,0,0,Stormy,9,0
2025-06-06,Kulfi,Desserts,19,13,Friday,0,0,Stormy,9,0
2025-06-07,Paneer Butter Masala,Main Course,41,36,Saturday,1,0,Stormy,14,0
2025-06-07,Dal Makhani,Main Course,41,29,Saturday,1,0,Stormy,14,0
2025-06-07,Chicken Biryani,Main Course,38,31,Saturday,1,0,Stormy,14,0
2025-06-07,Mutton Rogan Josh,Main Course,41,31,Saturday,1,0,Stormy,14,0
2025-06-07,Paneer Tikka,Starters,49,46,Saturday,1,0,Stormy,14,0
2025-06-07,Chicken Tandoori,Starters,45,34,Saturday,1,0,Stormy,14,0
2025-06-07,Veg Spring Rolls,Starters,51,42,Saturday,1,0,Stormy,14,0
2025-06-07,Fish Amritsari,Starters,48,29,Saturday,1,0,Stormy,14,0
2025-06-07,Butter Naan,Breads,81,69,Saturday,1,0,Stormy,14,0
2025-06-07,Garlic Naan,Breads,67,54,Saturday,1,0,Stormy,14,0
2025-06-07,Tandoori Roti,Breads,77,67,Saturday,1,0,Stormy,14,0
2025-06-07,Gulab Jamun,Desserts,38,34,Saturday,1,0,Stormy,14,0
2025-06-07,Ras Malai,Desserts,38,34,Saturday,1,0,Stormy,14,0
2025-06-07,Kheer,Desserts,29,20,Saturday,1,0,Stormy,14,0
2025-06-07,Kulfi,Desserts,27,18,Saturday,1,0,Stormy,14,0
2025-06-08,Paneer Butter Masala,Main Course,53,50,Sunday,1,0,Cloudy,13,0
2025-06-08,Dal Makhani,Main Course,52,43,Sunday,1,0,Cloudy,13,0
2025-06-08,Chicken Biryani,Main Course,48,43,Sunday,1,0,Cloudy,13,0
2025-06-08,Mutton Rogan Josh,Main Course,75,26,Sunday,1,0,Cloudy,13,0
2025-06-08,Paneer Tikka,Starters,57,44,Sunday,1,0,Cloudy,13,0
2025-06-08,Chicken Tandoori,Starters,55,38,Sunday,1,0,Cloudy,13,0
2025-06-08,Veg Spring Rolls,Starters,57,52,Sunday,1,0,Cloudy,13,0
2025-06-08,Fish Amritsari,Starters,57,38,Sunday,1,0,Cloudy,13,0
2025-06-08,Butter Naan,Breads,97,81,Sunday,1,0,Cloudy,13,0
2025-06-08,Garlic Naan,Breads,81,70,Sunday,1,0,Cloudy,13,0
2025-06-08,Tandoori Roti,Breads,78,64,Sunday,1,0,Cloudy,13,0
2025-06-08,Gulab Jamun,Desserts,41,32,Sunday,1,0,Cloudy,13,0
2025-06-08,Ras Malai,Desserts,41,28,Sunday,1,0,Cloudy,13,0
2025-06-08,Kheer,Desserts,33,28,Sunday,1,0,Cloudy,13,0
2025-06-08,Kulfi,Desserts,30,18,Sunday,1,0,Cloudy,13,0
2025-06-09,Paneer Butter Masala,Main Course,35,31,Monday,0,0,Rainy,10,0
2025-06-09,Dal Makhani,Main Course,36,23,Monday,0,0,Rainy,10,0
2025-06-09,Chicken Biryani,Main Course,30,24,Monday,0,0,Rainy,10,0
2025-06-09,Mutton Rogan Josh,Main Course,28,19,Monday,0,0,Rainy,10,0
2025-06-09,Paneer Tikka,Starters,44,32,Monday,0,0,Rainy,10,0
2025-06-09,Chicken Tandoori,Starters,35,24,Monday,0,0,Rainy,10,0
2025-06-09,Veg Spring Rolls,Starters,47,31,Monday,0,0,Rainy,10,0
2025-06-09,Fish Amritsari,Starters,73,29,Monday,0,0,Rainy,10,0
2025-06-09,Butter Naan,Breads,54,46,Monday,0,0,Rainy,10,0
2025-06-09,Garlic Naan,Breads,60,49,Monday,0,0,Rainy,10,0
2025-06-09,Tandoori Roti,Breads,55,51,Monday,0,0,Rainy,10,0
2025-06-09,Gulab Jamun,Desserts,28,19,Monday,0,0,Rainy,10,0
2025-06-09,Ras Malai,Desserts,29,26,Monday,0,0,Rainy,10,0
2025-06-09,Kheer,Desserts,21,13,Monday,0,0,Rainy,10,0
2025-06-09,Kulfi,Desserts,22,13,Monday,0,0,Rainy,10,0
2025-06-10,Paneer Butter Masala,Main Course,39,37,Tuesday,0,0,Sunny,12,0
2025-06-10,Dal Makhani,Main Course,37,25,Tuesday,0,0,Sunny,12,0
2025-06-10,Chicken Biryani,Main Course,30,28,Tuesday,0,0,Sunny,12,0
2025-06-10,Mutton Rogan Josh,Main Course,33,21,Tuesday,0,0,Sunny,12,0
2025-06-10,Paneer Tikka,Starters,49,41,Tuesday,0,0,Sunny,12,0
2025-06-10,Chicken Tandoori,Starters,44,39,Tuesday,0,0,Sunny,12,0
2025-06-10,Veg Spring Rolls,Starters,40,27,Tuesday,0,0,Sunny,12,0
2025-06-10,Fish Amritsari,Starters,44,28,Tuesday,0,0,Sunny,12,0
2025-06-10,Butter Naan,Breads,66,56,Tuesday,0,0,Sunny,12,0
2025-06-10,Garlic Naan,Breads,66,57,Tuesday,0,0,Sunny,12,0
2025-06-10,Tandoori Roti,Breads,58,38,Tuesday,0,0,Sunny,12,0
2025-06-10,Gulab Jamun,Desserts,28,22,Tuesday,0,0,Sunny,12,0
2025-06-10,Ras Malai,Desserts,31,26,Tuesday,0,0,Sunny,12,0
2025-06-10,Kheer,Desserts,27,24,Tuesday,0,0,Sunny,12,0
2025-06-10,Kulfi,Desserts,40,13,Tuesday,0,0,Sunny,12,0
2025-06-11,Paneer Butter Masala,Main Course,42,35,Wednesday,0,0,Rainy,12,1
2025-06-11,Dal Makhani,Main Course,40,33,Wednesday,0,0,Rainy,12,1
2025-06-11,Chicken Biryani,Main Course,39,33,Wednesday,0,0,Rainy,12,1
2025-06-11,Mutton Rogan Josh,Main Course,33,19,Wednesday,0,0,Rainy,12,1
2025-06-11,Paneer Tikka,Starters,50,44,Wednesday,0,0,Rainy,12,1
2025-06-11,Chicken Tandoori,Starters,47,44,Wednesday,0,0,Rainy,12,1
2025-06-11,Veg Spring Rolls,Starters,52,42,Wednesday,0,0,Rainy,12,1
2025-06-11,Fish Amritsari,Starters,47,33,Wednesday,0,0,Rainy,12,1
2025-06-11,Butter Naan,Breads,72,61,Wednesday,0,0,Rainy,12,1
2025-06-11,Garlic Naan,Breads,65,57,Wednesday,0,0,Rainy,12,1
2025-06-11,Tandoori Roti,Breads,75,65,Wednesday,0,0,Rainy,12,1
2025-06-11,Gulab Jamun,Desserts,34,28,Wednesday,0,0,Rainy,12,1
2025-06-11,Ras Malai,Desserts,29,24,Wednesday,0,0,Rainy,12,1
2025-06-11,Kheer,Desserts,28,20,Wednesday,0,0,Rainy,12,1
2025-06-11,Kulfi,Desserts,24,12,Wednesday,0,0,Rainy,12,1
2025-06-12,Paneer Butter Masala,Main Course,28,9,Thursday,0,0,Rainy,8,0
2025-06-12,Dal Makhani,Main Course,36,23,Thursday,0,0,Rainy,8,0
2025-06-12,Chicken Biryani,Main Course,48,26,Thursday,0,0,Rainy,8,0
2025-06-12,Mutton Rogan Josh,Main Course,32,21,Thursday,0,0,Rainy,8,0
2025-06-12,Paneer Tikka,Starters,46,34,Thursday,0,0,Rainy,8,0
2025-06-12,Chicken Tandoori,Starters,39,34,Thursday,0,0,Rainy,8,0
2025-06-12,Veg Spring Rolls,Starters,46,42,Thursday,0,0,Rainy,8,0
2025-06-12,Fish Amritsari,Starters,39,21,Thursday,0,0,Rainy,8,0
2025-06-12,Butter Naan,Breads,57,50,Thursday,0,0,Rainy,8,0
2025-06-12,Garlic Naan,Breads,51,46,Thursday,0,0,Rainy,8,0
2025-06-12,Tandoori Roti,Breads,59,53,Thursday,0,0,Rainy,8,0
2025-06-12,Gulab Jamun,Desserts,28,26,Thursday,0,0,Rainy,8,0
2025-06-12,Ras Malai,Desserts,25,22,Thursday,0,0,Rainy,8,0
2025-06-12,Kheer,Desserts,25,17,Thursday,0,0,Rainy,8,0
2025-06-12,Kulfi,Desserts,21,14,Thursday,0,0,Rainy,8,0
2025-06-13,Paneer Butter Masala,Main Course,35,28,Friday,0,0,Rainy,10,0
2025-06-13,Dal Makhani,Main Course,32,24,Friday,0,0,Rainy,10,0
2025-06-13,Chicken Biryani,Main Course,30,24,Friday,0,0,Rainy,10,0
2025-06-13,Mutton Rogan Josh,Main Course,28,22,Friday,0,0,Rainy,10,0
2025-06-13,Paneer Tikka,Starters,40,31,Friday,0,0,Rainy,10,0
2025-06-13,Chicken Tandoori,Starters,39,33,Friday,0,0,Rainy,10,0
2025-06-13,Veg Spring Rolls,Starters,40,28,Friday,0,0,Rainy,10,0
2025-06-13,Fish Amritsari,Starters,38,28,Friday,0,0,Rainy,10,0
2025-06-13,Butter Naan,Breads,58,47,Friday,0,0,Rainy,10,0
2025-06-13,Garlic Naan,Breads,57,44,Friday,0,0,Rainy,10,0
2025-06-13,Tandoori Roti,Breads,63,59,Friday,0,0,Rainy,10,0
2025-06-13,Gulab Jamun,Desserts,31,26,Friday,0,0,Rainy,10,0
2025-06-13,Ras Malai,Desserts,26,24,Friday,0,0,Rainy,10,0
2025-06-13,Kheer,Desserts,23,14,Friday,0,0,Rainy,10,0
2025-06-13,Kulfi,Desserts,20,13,Friday,0,0,Rainy,10,0
2025-06-14,Paneer Butter Masala,Main Course,49,46,Saturday,1,0,Rainy,14,0
2025-06-14,Dal Makhani,Main Course,45,38,Saturday,1,0,Rainy,14,0
2025-06-14,Chicken Biryani,Main Course,46,41,Saturday,1,0,Rainy,14,0
2025-06-14,Mutton Rogan Josh,Main Course,59,22,Saturday,1,0,Rainy,14,0
2025-06-14,Paneer Tikka,Starters,54,42,Saturday,1,0,Rainy,14,0
2025-06-14,Chicken Tandoori,Starters,57,41,Saturday,1,0,Rainy,14,0
2025-06-14,Veg Spring Rolls,Starters,54,45,Saturday,1,0,Rainy,14,0
2025-06-14,Fish Amritsari,Starters,56,36,Saturday,1,0,Rainy,14,0
2025-06-14,Butter Naan,Breads,86,78,Saturday,1,0,Rainy,14,0
2025-06-14,Garlic Naan,Breads,72,64,Saturday,1,0,Rainy,14,0
2025-06-14,Tandoori Roti,Breads,72,48,Saturday,1,0,Rainy,14,0
2025-06-14,Gulab Jamun,Desserts,38,32,Saturday,1,0,Rainy,14,0
2025-06-14,Ras Malai,Desserts,34,29,Saturday,1,0,Rainy,14,0
2025-06-14,Kheer,Desserts,34,11,Saturday,1,0,Rainy,14,0
2025-06-14,Kulfi,Desserts,35,19,Saturday,1,0,Rainy,14,0
2025-06-15,Paneer Butter Masala,Main Course,54,50,Sunday,1,0,Sunny,12,1
2025-06-15,Dal Makhani,Main Course,58,48,Sunday,1,0,Sunny,12,1
2025-06-15,Chicken Biryani,Main Course,62,55,Sunday,1,0,Sunny,12,1
2025-06-15,Mutton Rogan Josh,Main Course,52,37,Sunday,1,0,Sunny,12,1
2025-06-15,Paneer Tikka,Starters,81,58,Sunday,1,0,Sunny,12,1
2025-06-15,Chicken Tandoori,Starters,67,45,Sunday,1,0,Sunny,12,1
2025-06-15,Veg Spring Rolls,Starters,68,48,Sunday,1,0,Sunny,12,1
2025-06-15,Fish Amritsari,Starters,68,40,Sunday,1,0,Sunny,12,1
2025-06-15,Butter Naan,Breads,116,97,Sunday,1,0,Sunny,12,1
2025-06-15,Garlic Naan,Breads,114,89,Sunday,1,0,Sunny,12,1
2025-06-15,Tandoori Roti,Breads,117,100,Sunday,1,0,Sunny,12,1
2025-06-15,Gulab Jamun,Desserts,59,39,Sunday,1,0,Sunny,12,1
2025-06-15,Ras Malai,Desserts,51,36,Sunday,1,0,Sunny,12,1
2025-06-15,Kheer,Desserts,46,37,Sunday,1,0,Sunny,12,1
2025-06-15,Kulfi,Desserts,45,30,Sunday,1,0,Sunny,12,1
2025-06-16,Paneer Butter Masala,Main Course,32,25,Monday,0,0,Cloudy,9,0
2025-06-16,Dal Makhani,Main Course,37,34,Monday,0,0,Cloudy,9,0
2025-06-16,Chicken Biryani,Main Course,38,34,Monday,0,0,Cloudy,9,0
2025-06-16,Mutton Rogan Josh,Main Course,32,22,Monday,0,0,Cloudy,9,0
2025-06-16,Paneer Tikka,Starters,48,40,Monday,0,0,Cloudy,9,0
2025-06-16,Chicken Tandoori,Starters,43,28,Monday,0,0,Cloudy,9,0
2025-06-16,Veg Spring Rolls,Starters,47,44,Monday,0,0,Cloudy,9,0
2025-06-16,Fish Amritsari,Starters,44,26,Monday,0,0,Cloudy,9,0
2025-06-16,Butter Naan,Breads,62,52,Monday,0,0,Cloudy,9,0
2025-06-16,Garlic Naan,Breads,57,49,Monday,0,0,Cloudy,9,0
2025-06-16,Tandoori Roti,Breads,61,51,Monday,0,0,Cloudy,9,0
2025-06-16,Gulab Jamun,Desserts,33,25,Monday,0,0,Cloudy,9,0
2025-06-16,Ras Malai,Desserts,31,24,Monday,0,0,Cloudy,9,0
2025-06-16,Kheer,Desserts,24,17,Monday,0,0,Cloudy,9,0
2025-06-16,Kulfi,Desserts,25,16,Monday,0,0,Cloudy,9,0
2025-06-17,Paneer Butter Masala,Main Course,38,36,Tuesday,0,0,Sunny,12,0
2025-06-17,Dal Makhani,Main Course,34,31,Tuesday,0,0,Sunny,12,0
2025-06-17,Chicken Biryani,Main Course,37,35,Tuesday,0,0,Sunny,12,0
2025-06-17,Mutton Rogan Josh,Main Course,34,9,Tuesday,0,0,Sunny,12,0
2025-06-17,Paneer Tikka,Starters,48,32,Tuesday,0,0,Sunny,12,0
2025-06-17,Chicken Tandoori,Starters,36,27,Tuesday,0,0,Sunny,12,0
2025-06-17,Veg Spring Rolls,Starters,43,36,Tuesday,0,0,Sunny,12,0
2025-06-17,Fish Amritsari,Starters,47,31,Tuesday,0,0,Sunny,12,0
2025-06-17,Butter Naan,Breads,67,59,Tuesday,0,0,Sunny,12,0
2025-06-17,Garlic Naan,Breads,65,58,Tuesday,0,0,Sunny,12,0
2025-06-17,Tandoori Roti,Breads,62,55,Tuesday,0,0,Sunny,12,0
2025-06-17,Gulab Jamun,Desserts,33,22,Tuesday,0,0,Sunny,12,0
2025-06-17,Ras Malai,Desserts,32,29,Tuesday,0,0,Sunny,12,0
2025-06-17,Kheer,Desserts,26,19,Tuesday,0,0,Sunny,12,0
2025-06-17,Kulfi,Desserts,23,13,Tuesday,0,0,Sunny,12,0
2025-06-18,Paneer Butter Masala,Main Course,35,34,Wednesday,0,0,Sunny,9,0
2025-06-18,Dal Makhani,Main Course,37,29,Wednesday,0,0,Sunny,9,0
2025-06-18,Chicken Biryani,Main Course,34,33,Wednesday,0,0,Sunny,9,0
2025-06-18,Mutton Rogan Josh,Main Course,31,17,Wednesday,0,0,Sunny,9,0
2025-06-18,Paneer Tikka,Starters,50,41,Wednesday,0,0,Sunny,9,0
2025-06-18,Chicken Tandoori,Starters,39,35,Wednesday,0,0,Sunny,9,0
2025-06-18,Veg Spring Rolls,Starters,44,31,Wednesday,0,0,Sunny,9,0
2025-06-18,Fish Amritsari,Starters,47,32,Wednesday,0,0,Sunny,9,0
2025-06-18,Butter Naan,Breads,63,53,Wednesday,0,0,Sunny,9,0
2025-06-18,Garlic Naan,Breads,62,44,Wednesday,0,0,Sunny,9,0
2025-06-18,Tandoori Roti,Breads,68,54,Wednesday,0,0,Sunny,9,0
2025-06-18,Gulab Jamun,Desserts,30,26,Wednesday,0,0,Sunny,9,0
2025-06-18,Ras Malai,Desserts,30,26,Wednesday,0,0,Sunny,9,0
2025-06-18,Kheer,Desserts,22,19,Wednesday,0,0,Sunny,9,0
2025-06-18,Kulfi,Desserts,26,18,Wednesday,0,0,Sunny,9,0
2025-06-19,Paneer Butter Masala,Main Course,39,35,Thursday,0,0,Sunny,12,0
2025-06-19,Dal Makhani,Main Course,39,31,Thursday,0,0,Sunny,12,0
2025-06-19,Chicken Biryani,Main Course,56,29,Thursday,0,0,Sunny,12,0
2025-06-19,Mutton Rogan Josh,Main Course,35,22,Thursday,0,0,Sunny,12,0
2025-06-19,Paneer Tikka,Starters,49,45,Thursday,0,0,Sunny,12,0
2025-06-19,Chicken Tandoori,Starters,40,30,Thursday,0,0,Sunny,12,0
2025-06-19,Veg Spring Rolls,Starters,44,31,Thursday,0,0,Sunny,12,0
2025-06-19,Fish Amritsari,Starters,39,23,Thursday,0,0,Sunny,12,0
2025-06-19,Butter Naan,Breads,69,59,Thursday,0,0,Sunny,12,0
2025-06-19,Garlic Naan,Breads,64,44,Thursday,0,0,Sunny,12,0
2025-06-19,Tandoori Roti,Breads,67,55,Thursday,0,0,Sunny,12,0
2025-06-19,Gulab Jamun,Desserts,31,29,Thursday,0,0,Sunny,12,0
2025-06-19,Ras Malai,Desserts,33,25,Thursday,0,0,Sunny,12,0
2025-06-19,Kheer,Desserts,27,21,Thursday,0,0,Sunny,12,0
2025-06-19,Kulfi,Desserts,26,13,Thursday,0,0,Sunny,12,0
2025-06-20,Paneer Butter Masala,Main Course,31,29,Friday,0,0,Cloudy,9,0
2025-06-20,Dal Makhani,Main Course,36,32,Friday,0,0,Cloudy,9,0
2025-06-20,Chicken Biryani,Main Course,37,11,Friday,0,0,Cloudy,9,0
2025-06-20,Mutton Rogan Josh,Main Course,32,17,Friday,0,0,Cloudy,9,0
2025-06-20,Paneer Tikka,Starters,42,35,Friday,0,0,Cloudy,9,0
2025-06-20,Chicken Tandoori,Starters,36,32,Friday,0,0,Cloudy,9,0
2025-06-20,Veg Spring Rolls,Starters,43,33,Friday,0,0,Cloudy,9,0
2025-06-20,Fish Amritsari,Starters,48,30,Friday,0,0,Cloudy,9,0
2025-06-20,Butter Naan,Breads,55,48,Friday,0,0,Cloudy,9,0
2025-06-20,Garlic Naan,Breads,54,40,Friday,0,0,Cloudy,9,0
2025-06-20,Tandoori Roti,Breads,65,56,Friday,0,0,Cloudy,9,0
2025-06-20,Gulab Jamun,Desserts,34,31,Friday,0,0,Cloudy,9,0
2025-06-20,Ras Malai,Desserts,28,22,Friday,0,0,Cloudy,9,0
2025-06-20,Kheer,Desserts,24,22,Friday,0,0,Cloudy,9,0
2025-06-20,Kulfi,Desserts,21,13,Friday,0,0,Cloudy,9,0
2025-06-21,Paneer Butter Masala,Main Course,42,33,Saturday,1,0,Rainy,14,0
2025-06-21,Dal Makhani,Main Course,55,36,Saturday,1,0,Rainy,14,0
2025-06-21,Chicken Biryani,Main Course,41,38,Saturday,1,0,Rainy,14,0
2025-06-21,Mutton Rogan Josh,Main Course,45,30,Saturday,1,0,Rainy,14,0
2025-06-21,Paneer Tikka,Starters,55,42,Saturday,1,0,Rainy,14,0
2025-06-21,Chicken Tandoori,Starters,51,40,Saturday,1,0,Rainy,14,0
2025-06-21,Veg Spring Rolls,Starters,56,50,Saturday,1,0,Rainy,14,0
2025-06-21,Fish Amritsari,Starters,51,40,Saturday,1,0,Rainy,14,0
2025-06-21,Butter Naan,Breads,75,64,Saturday,1,0,Rainy,14,0
2025-06-21,Garlic Naan,Breads,78,62,Saturday,1,0,Rainy,14,0
2025-06-21,Tandoori Roti,Breads,78,73,Saturday,1,0,Rainy,14,0
2025-06-21,Gulab Jamun,Desserts,38,25,Saturday,1,0,Rainy,14,0
2025-06-21,Ras Malai,Desserts,62,25,Saturday,1,0,Rainy,14,0
2025-06-21,Kheer,Desserts,33,25,Saturday,1,0,Rainy,14,0
2025-06-21,Kulfi,Desserts,31,23,Saturday,1,0,Rainy,14,0
2025-06-22,Paneer Butter Masala,Main Course,49,39,Sunday,1,0,Rainy,12,1
2025-06-22,Dal Makhani,Main Course,56,38,Sunday,1,0,Rainy,12,1
2025-06-22,Chicken Biryani,Main Course,47,42,Sunday,1,0,Rainy,12,1
2025-06-22,Mutton Rogan Josh,Main Course,47,31,Sunday,1,0,Rainy,12,1
2025-06-22,Paneer Tikka,Starters,64,49,Sunday,1,0,Rainy,12,1
2025-06-22,Chicken Tandoori,Starters,70,49,Sunday,1,0,Rainy,12,1
2025-06-22,Veg Spring Rolls,Starters,72,57,Sunday,1,0,Rainy,12,1
2025-06-22,Fish Amritsari,Starters,66,33,Sunday,1,0,Rainy,12,1
2025-06-22,Butter Naan,Breads,94,77,Sunday,1,0,Rainy,12,1
2025-06-22,Garlic Naan,Breads,93,60,Sunday,1,0,Rainy,12,1
2025-06-22,Tandoori Roti,Breads,91,84,Sunday,1,0,Rainy,12,1
2025-06-22,Gulab Jamun,Desserts,53,41,Sunday,1,0,Rainy,12,1
2025-06-22,Ras Malai,Desserts,68,36,Sunday,1,0,Rainy,12,1
2025-06-22,Kheer,Desserts,41,35,Sunday,1,0,Rainy,12,1
2025-06-22,Kulfi,Desserts,38,19,Sunday,1,0,Rainy,12,1
2025-06-23,Paneer Butter Masala,Main Course,31,27,Monday,0,0,Sunny,12,0
2025-06-23,Dal Makhani,Main Course,35,32,Monday,0,0,Sunny,12,0
2025-06-23,Chicken Biryani,Main Course,35,33,Monday,0,0,Sunny,12,0
2025-06-23,Mutton Rogan Josh,Main Course,30,22,Monday,0,0,Sunny,12,0
2025-06-23,Paneer Tikka,Starters,49,42,Monday,0,0,Sunny,12,0
2025-06-23,Chicken Tandoori,Starters,40,30,Monday,0,0,Sunny,12,0
2025-06-23,Veg Spring Rolls,Starters,41,27,Monday,0,0,Sunny,12,0
2025-06-23,Fish Amritsari,Starters,40,23,Monday,0,0,Sunny,12,0
2025-06-23,Butter Naan,Breads,56,52,Monday,0,0,Sunny,12,0
2025-06-23,Garlic Naan,Breads,63,54,Monday,0,0,Sunny,12,0
2025-06-23,Tandoori Roti,Breads,66,50,Monday,0,0,Sunny,12,0
2025-06-23,Gulab Jamun,Desserts,34,26,Monday,0,0,Sunny,12,0
2025-06-23,Ras Malai,Desserts,33,25,Monday,0,0,Sunny,12,0
2025-06-23,Kheer,Desserts,22,18,Monday,0,0,Sunny,12,0
2025-06-23,Kulfi,Desserts,22,15,Monday,0,0,Sunny,12,0
2025-06-24,Paneer Butter Masala,Main Course,36,34,Tuesday,0,0,Cloudy,8,0
2025-06-24,Dal Makhani,Main Course,41,35,Tuesday,0,0,Cloudy,8,0
2025-06-24,Chicken Biryani,Main Course,37,31,Tuesday,0,0,Cloudy,8,0
2025-06-24,Mutton Rogan Josh,Main Course,34,18,Tuesday,0,0,Cloudy,8,0
2025-06-24,Paneer Tikka,Starters,44,31,Tuesday,0,0,Cloudy,8,0
2025-06-24,Chicken Tandoori,Starters,41,33,Tuesday,0,0,Cloudy,8,0
2025-06-24,Veg Spring Rolls,Starters,44,39,Tuesday,0,0,Cloudy,8,0
2025-06-24,Fish Amritsari,Starters,41,20,Tuesday,0,0,Cloudy,8,0
2025-06-24,Butter Naan,Breads,69,63,Tuesday,0,0,Cloudy,8,0
2025-06-24,Garlic Naan,Breads,67,63,Tuesday,0,0,Cloudy,8,0
2025-06-24,Tandoori Roti,Breads,61,39,Tuesday,0,0,Cloudy,8,0
2025-06-24,Gulab Jamun,Desserts,33,28,Tuesday,0,0,Cloudy,8,0
2025-06-24,Ras Malai,Desserts,33,9,Tuesday,0,0,Cloudy,8,0
2025-06-24,Kheer,Desserts,26,24,Tuesday,0,0,Cloudy,8,0
2025-06-24,Kulfi,Desserts,25,19,Tuesday,0,0,Cloudy,8,0
2025-06-25,Paneer Butter Masala,Main Course,32,29,Wednesday,0,0,Rainy,10,0
2025-06-25,Dal Makhani,Main Course,39,33,Wednesday,0,0,Rainy,10,0
2025-06-25,Chicken Biryani,Main Course,31,26,Wednesday,0,0,Rainy,10,0
2025-06-25,Mutton Rogan Josh,Main Course,28,20,Wednesday,0,0,Rainy,10,0
2025-06-25,Paneer Tikka,Starters,42,31,Wednesday,0,0,Rainy,10,0
2025-06-25,Chicken Tandoori,Starters,34,27,Wednesday,0,0,Rainy,10,0
2025-06-25,Veg Spring Rolls,Starters,37,31,Wednesday,0,0,Rainy,10,0
2025-06-25,Fish Amritsari,Starters,39,23,Wednesday,0,0,Rainy,10,0
2025-06-25,Butter Naan,Breads,51,45,Wednesday,0,0,Rainy,10,0
2025-06-25,Garlic Naan,Breads,59,48,Wednesday,0,0,Rainy,10,0
2025-06-25,Tandoori Roti,Breads,63,46,Wednesday,0,0,Rainy,10,0
2025-06-25,Gulab Jamun,Desserts,27,23,Wednesday,0,0,Rainy,10,0
2025-06-25,Ras Malai,Desserts,26,19,Wednesday,0,0,Rainy,10,0
2025-06-25,Kheer,Desserts,23,16,Wednesday,0,0,Rainy,10,0
2025-06-25,Kulfi,Desserts,24,16,Wednesday,0,0,Rainy,10,0
2025-06-26,Paneer Butter Masala,Main Course,30,25,Thursday,0,0,Stormy,11,0
2025-06-26,Dal Makhani,Main Course,30,20,Thursday,0,0,Stormy,11,0
2025-06-26,Chicken Biryani,Main Course,26,23,Thursday,0,0,Stormy,11,0
2025-06-26,Mutton Rogan Josh,Main Course,52,22,Thursday,0,0,Stormy,11,0
2025-06-26,Paneer Tikka,Starters,37,32,Thursday,0,0,Stormy,11,0
2025-06-26,Chicken Tandoori,Starters,31,24,Thursday,0,0,Stormy,11,0
2025-06-26,Veg Spring Rolls,Starters,38,27,Thursday,0,0,Stormy,11,0
2025-06-26,Fish Amritsari,Starters,38,26,Thursday,0,0,Stormy,11,0
2025-06-26,Butter Naan,Breads,53,50,Thursday,0,0,Stormy,11,0
2025-06-26,Garlic Naan,Breads,56,48,Thursday,0,0,Stormy,11,0
2025-06-26,Tandoori Roti,Breads,56,39,Thursday,0,0,Stormy,11,0
2025-06-26,Gulab Jamun,Desserts,29,25,Thursday,0,0,Stormy,11,0
2025-06-26,Ras Malai,Desserts,25,22,Thursday,0,0,Stormy,11,0
2025-06-26,Kheer,Desserts,22,16,Thursday,0,0,Stormy,11,0
2025-06-26,Kulfi,Desserts,19,10,Thursday,0,0,Stormy,11,0
2025-06-27,Paneer Butter Masala,Main Course,27,21,Friday,0,0,Stormy,9,0
2025-06-27,Dal Makhani,Main Course,33,24,Friday,0,0,Stormy,9,0
2025-06-27,Chicken Biryani,Main Course,27,25,Friday,0,0,Stormy,9,0
2025-06-27,Mutton Rogan Josh,Main Course,30,18,Friday,0,0,Stormy,9,0
2025-06-27,Paneer Tikka,Starters,37,30,Friday,0,0,Stormy,9,0
2025-06-27,Chicken Tandoori,Starters,32,29,Friday,0,0,Stormy,9,0
2025-06-27,Veg Spring Rolls,Starters,42,38,Friday,0,0,Stormy,9,0
2025-06-27,Fish Amritsari,Starters,35,27,Friday,0,0,Stormy,9,0
2025-06-27,Butter Naan,Breads,58,47,Friday,0,0,Stormy,9,0
2025-06-27,Garlic Naan,Breads,50,43,Friday,0,0,Stormy,9,0
2025-06-27,Tandoori Roti,Breads,48,33,Friday,0,0,Stormy,9,0
2025-06-27,Gulab Jamun,Desserts,24,21,Friday,0,0,Stormy,9,0
2025-06-27,Ras Malai,Desserts,23,21,Friday,0,0,Stormy,9,0
2025-06-27,Kheer,Desserts,21,15,Friday,0,0,Stormy,9,0
2025-06-27,Kulfi,Desserts,22,14,Friday,0,0,Stormy,9,0
2025-06-28,Paneer Butter Masala,Main Course,47,40,Saturday,1,0,Rainy,13,0
2025-06-28,Dal Makhani,Main Course,55,50,Saturday,1,0,Rainy,13,0
2025-06-28,Chicken Biryani,Main Course,43,40,Saturday,1,0,Rainy,13,0
2025-06-28,Mutton Rogan Josh,Main Course,39,26,Saturday,1,0,Rainy,13,0
2025-06-28,Paneer Tikka,Starters,52,48,Saturday,1,0,Rainy,13,0
2025-06-28,Chicken Tandoori,Starters,55,45,Saturday,1,0,Rainy,13,0
2025-06-28,Veg Spring Rolls,Starters,57,47,Saturday,1,0,Rainy,13,0
2025-06-28,Fish Amritsari,Starters,53,36,Saturday,1,0,Rainy,13,0
2025-06-28,Butter Naan,Breads,82,74,Saturday,1,0,Rainy,13,0
2025-06-28,Garlic Naan,Breads,75,61,Saturday,1,0,Rainy,13,0
2025-06-28,Tandoori Roti,Breads,88,67,Saturday,1,0,Rainy,13,0
2025-06-28,Gulab Jamun,Desserts,39,31,Saturday,1,0,Rainy,13,0
2025-06-28,Ras Malai,Desserts,38,27,Saturday,1,0,Rainy,13,0
2025-06-28,Kheer,Desserts,35,26,Saturday,1,0,Rainy,13,0
2025-06-28,Kulfi,Desserts,33,23,Saturday,1,0,Rainy,13,0
2025-06-29,Paneer Butter Masala,Main Course,49,47,Sunday,1,0,Rainy,14,0
2025-06-29,Dal Makhani,Main Course,49,44,Sunday,1,0,Rainy,14,0
2025-06-29,Chicken Biryani,Main Course,43,34,Sunday,1,0,Rainy,14,0
2025-06-29,Mutton Rogan Josh,Main Course,39,26,Sunday,1,0,Rainy,14,0
2025-06-29,Paneer Tikka,Starters,61,46,Sunday,1,0,Rainy,14,0
2025-06-29,Chicken Tandoori,Starters,47,30,Sunday,1,0,Rainy,14,0
2025-06-29,Veg Spring Rolls,Starters,56,43,Sunday,1,0,Rainy,14,0
2025-06-29,Fish Amritsari,Starters,54,29,Sunday,1,0,Rainy,14,0
2025-06-29,Butter Naan,Breads,72,67,Sunday,1,0,Rainy,14,0
2025-06-29,Garlic Naan,Breads,86,79,Sunday,1,0,Rainy,14,0
2025-06-29,Tandoori Roti,Breads,77,72,Sunday,1,0,Rainy,14,0
2025-06-29,Gulab Jamun,Desserts,45,31,Sunday,1,0,Rainy,14,0
2025-06-29,Ras Malai,Desserts,42,32,Sunday,1,0,Rainy,14,0
2025-06-29,Kheer,Desserts,30,26,Sunday,1,0,Rainy,14,0
2025-06-29,Kulfi,Desserts,30,20,Sunday,1,0,Rainy,14,0
2025-06-30,Paneer Butter Masala,Main Course,32,27,Monday,0,0,Cloudy,12,0
2025-06-30,Dal Makhani,Main Course,36,29,Monday,0,0,Cloudy,12,0
2025-06-30,Chicken Biryani,Main Course,33,28,Monday,0,0,Cloudy,12,0
2025-06-30,Mutton Rogan Josh,Main Course,34,21,Monday,0,0,Cloudy,12,0
2025-06-30,Paneer Tikka,Starters,50,34,Monday,0,0,Cloudy,12,0
2025-06-30,Chicken Tandoori,Starters,41,38,Monday,0,0,Cloudy,12,0
2025-06-30,Veg Spring Rolls,Starters,46,33,Monday,0,0,Cloudy,12,0
2025-06-30,Fish Amritsari,Starters,47,27,Monday,0,0,Cloudy,12,0
2025-06-30,Butter Naan,Breads,57,53,Monday,0,0,Cloudy,12,0
2025-06-30,Garlic Naan,Breads,67,49,Monday,0,0,Cloudy,12,0
2025-06-30,Tandoori Roti,Breads,71,51,Monday,0,0,Cloudy,12,0
2025-06-30,Gulab Jamun,Desserts,35,31,Monday,0,0,Cloudy,12,0
2025-06-30,Ras Malai,Desserts,31,27,Monday,0,0,Cloudy,12,0
2025-06-30,Kheer,Desserts,22,18,Monday,0,0,Cloudy,12,0
2025-06-30,Kulfi,Desserts,25,19,Monday,0,0,Cloudy,12,0
2025-07-01,Paneer Butter Masala,Main Course,28,26,Tuesday,0,0,Rainy,8,0
2025-07-01,Dal Makhani,Main Course,32,22,Tuesday,0,0,Rainy,8,0
2025-07-01,Chicken Biryani,Main Course,31,30,Tuesday,0,0,Rainy,8,0
2025-07-01,Mutton Rogan Josh,Main Course,27,19,Tuesday,0,0,Rainy,8,0
2025-07-01,Paneer Tikka,Starters,36,32,Tuesday,0,0,Rainy,8,0
2025-07-01,Chicken Tandoori,Starters,31,20,Tuesday,0,0,Rainy,8,0
2025-07-01,Veg Spring Rolls,Starters,37,34,Tuesday,0,0,Rainy,8,0
2025-07-01,Fish Amritsari,Starters,32,22,Tuesday,0,0,Rainy,8,0
2025-07-01,Butter Naan,Breads,51,42,Tuesday,0,0,Rainy,8,0
2025-07-01,Garlic Naan,Breads,53,40,Tuesday,0,0,Rainy,8,0
2025-07-01,Tandoori Roti,Breads,54,37,Tuesday,0,0,Rainy,8,0
2025-07-01,Gulab Jamun,Desserts,24,18,Tuesday,0,0,Rainy,8,0
2025-07-01,Ras Malai,Desserts,25,21,Tuesday,0,0,Rainy,8,0
2025-07-01,Kheer,Desserts,22,15,Tuesday,0,0,Rainy,8,0
2025-07-01,Kulfi,Desserts,21,11,Tuesday,0,0,Rainy,8,0
2025-07-02,Paneer Butter Masala,Main Course,28,23,Wednesday,0,0,Rainy,10,0
2025-07-02,Dal Makhani,Main Course,30,22,Wednesday,0,0,Rainy,10,0
2025-07-02,Chicken Biryani,Main Course,26,21,Wednesday,0,0,Rainy,10,0
2025-07-02,Mutton Rogan Josh,Main Course,28,17,Wednesday,0,0,Rainy,10,0
2025-07-02,Paneer Tikka,Starters,40,28,Wednesday,0,0,Rainy,10,0
2025-07-02,Chicken Tandoori,Starters,31,26,Wednesday,0,0,Rainy,10,0
2025-07-02,Veg Spring Rolls,Starters,37,25,Wednesday,0,0,Rainy,10,0
2025-07-02,Fish Amritsari,Starters,37,28,Wednesday,0,0,Rainy,10,0
2025-07-02,Butter Naan,Breads,46,40,Wednesday,0,0,Rainy,10,0
2025-07-02,Garlic Naan,Breads,50,37,Wednesday,0,0,Rainy,10,0
2025-07-02,Tandoori Roti,Breads,53,39,Wednesday,0,0,Rainy,10,0
2025-07-02,Gulab Jamun,Desserts,23,21,Wednesday,0,0,Rainy,10,0
2025-07-02,Ras Malai,Desserts,27,18,Wednesday,0,0,Rainy,10,0
2025-07-02,Kheer,Desserts,20,17,Wednesday,0,0,Rainy,10,0
2025-07-02,Kulfi,Desserts,20,14,Wednesday,0,0,Rainy,10,0
2025-07-03,Paneer Butter Masala,Main Course,26,23,Thursday,0,0,Rainy,11,0
2025-07-03,Dal Makhani,Main Course,34,24,Thursday,0,0,Rainy,11,0
2025-07-03,Chicken Biryani,Main Course,27,21,Thursday,0,0,Rainy,11,0
2025-07-03,Mutton Rogan Josh,Main Course,26,18,Thursday,0,0,Rainy,11,0
2025-07-03,Paneer Tikka,Starters,35,23,Thursday,0,0,Rainy,11,0
2025-07-03,Chicken Tandoori,Starters,31,29,Thursday,0,0,Rainy,11,0
2025-07-03,Veg Spring Rolls,Starters,37,30,Thursday,0,0,Rainy,11,0
2025-07-03,Fish Amritsari,Starters,34,26,Thursday,0,0,Rainy,11,0
2025-07-03,Butter Naan,Breads,54,49,Thursday,0,0,Rainy,11,0
2025-07-03,Garlic Naan,Breads,53,41,Thursday,0,0,Rainy,11,0
2025-07-03,Tandoori Roti,Breads,55,41,Thursday,0,0,Rainy,11,0
2025-07-03,Gulab Jamun,Desserts,23,17,Thursday,0,0,Rainy,11,0
2025-07-03,Ras Malai,Desserts,26,23,Thursday,0,0,Rainy,11,0
2025-07-03,Kheer,Desserts,21,16,Thursday,0,0,Rainy,11,0
2025-07-03,Kulfi,Desserts,20,14,Thursday,0,0,Rainy,11,0
2025-07-04,Paneer Butter Masala,Main Course,27,23,Friday,0,0,Stormy,8,0
2025-07-04,Dal Makhani,Main Course,33,22,Friday,0,0,Stormy,8,0
2025-07-04,Chicken Biryani,Main Course,23,20,Friday,0,0,Stormy,8,0
2025-07-04,Mutton Rogan Josh,Main Course,23,14,Friday,0,0,Stormy,8,0
2025-07-04,Paneer Tikka,Starters,33,31,Friday,0,0,Stormy,8,0
2025-07-04,Chicken Tandoori,Starters,27,20,Friday,0,0,Stormy,8,0
2025-07-04,Veg Spring Rolls,Starters,36,29,Friday,0,0,Stormy,8,0
2025-07-04,Fish Amritsari,Starters,35,24,Friday,0,0,Stormy,8,0
2025-07-04,Butter Naan,Breads,51,46,Friday,0,0,Stormy,8,0
2025-07-04,Garlic Naan,Breads,52,43,Friday,0,0,Stormy,8,0
2025-07-04,Tandoori Roti,Breads,49,44,Friday,0,0,Stormy,8,0
2025-07-04,Gulab Jamun,Desserts,27,23,Friday,0,0,Stormy,8,0
2025-07-04,Ras Malai,Desserts,25,17,Friday,0,0,Stormy,8,0
2025-07-04,Kheer,Desserts,20,4,Friday,0,0,Stormy,8,0
2025-07-04,Kulfi,Desserts,17,9,Friday,0,0,Stormy,8,0
2025-07-05,Paneer Butter Masala,Main Course,39,33,Saturday,1,0,Stormy,14,0
2025-07-05,Dal Makhani,Main Course,46,41,Saturday,1,0,Stormy,14,0
2025-07-05,Chicken Biryani,Main Course,34,32,Saturday,1,0,Stormy,14,0
2025-07-05,Mutton Rogan Josh,Main Course,39,23,Saturday,1,0,Stormy,14,0
2025-07-05,Paneer Tikka,Starters,47,40,Saturday,1,0,Stormy,14,0
2025-07-05,Chicken Tandoori,Starters,41,37,Saturday,1,0,Stormy,14,0
2025-07-05,Veg Spring Rolls,Starters,45,29,Saturday,1,0,Stormy,14,0
2025-07-05,Fish Amritsari,Starters,43,24,Saturday,1,0,Stormy,14,0
2025-07-05,Butter Naan,Breads,65,59,Saturday,1,0,Stormy,14,0
2025-07-05,Garlic Naan,Breads,58,45,Saturday,1,0,Stormy,14,0
2025-07-05,Tandoori Roti,Breads,61,53,Saturday,1,0,Stormy,14,0
2025-07-05,Gulab Jamun,Desserts,34,30,Saturday,1,0,Stormy,14,0
2025-07-05,Ras Malai,Desserts,36,27,Saturday,1,0,Stormy,14,0
2025-07-05,Kheer,Desserts,24,18,Saturday,1,0,Stormy,14,0
2025-07-05,Kulfi,Desserts,23,12,Saturday,1,0,Stormy,14,0
2025-07-06,Paneer Butter Masala,Main Course,43,41,Sunday,1,0,Cloudy,13,0
2025-07-06,Dal Makhani,Main Course,50,39,Sunday,1,0,Cloudy,13,0
2025-07-06,Chicken Biryani,Main Course,44,43,Sunday,1,0,Cloudy,13,0
2025-07-06,Mutton Rogan Josh,Main Course,37,19,Sunday,1,0,Cloudy,13,0
2025-07-06,Paneer Tikka,Starters,55,41,Sunday,1,0,Cloudy,13,0
2025-07-06,Chicken Tandoori,Starters,57,49,Sunday,1,0,Cloudy,13,0
2025-07-06,Veg Spring Rolls,Starters,54,46,Sunday,1,0,Cloudy,13,0
2025-07-06,Fish Amritsari,Starters,49,38,Sunday,1,0,Cloudy,13,0
2025-07-06,Butter Naan,Breads,78,76,Sunday,1,0,Cloudy,13,0
2025-07-06,Garlic Naan,Breads,69,57,Sunday,1,0,Cloudy,13,0
2025-07-06,Tandoori Roti,Breads,89,82,Sunday,1,0,Cloudy,13,0
2025-07-06,Gulab Jamun,Desserts,43,32,Sunday,1,0,Cloudy,13,0
2025-07-06,Ras Malai,Desserts,41,32,Sunday,1,0,Cloudy,13,0
2025-07-06,Kheer,Desserts,30,21,Sunday,1,0,Cloudy,13,0
2025-07-06,Kulfi,Desserts,27,19,Sunday,1,0,Cloudy,13,0
2025-07-07,Paneer Butter Masala,Main Course,35,28,Monday,0,0,Cloudy,12,0
2025-07-07,Dal Makhani,Main Course,37,29,Monday,0,0,Cloudy,12,0
2025-07-07,Chicken Biryani,Main Course,32,28,Monday,0,0,Cloudy,12,0
2025-07-07,Mutton Rogan Josh,Main Course,32,16,Monday,0,0,Cloudy,12,0
2025-07-07,Paneer Tikka,Starters,39,26,Monday,0,0,Cloudy,12,0
2025-07-07,Chicken Tandoori,Starters,33,30,Monday,0,0,Cloudy,12,0
2025-07-07,Veg Spring Rolls,Starters,45,37,Monday,0,0,Cloudy,12,0
2025-07-07,Fish Amritsari,Starters,39,24,Monday,0,0,Cloudy,12,0
2025-07-07,Butter Naan,Breads,57,45,Monday,0,0,Cloudy,12,0
2025-07-07,Garlic Naan,Breads,52,46,Monday,0,0,Cloudy,12,0
2025-07-07,Tandoori Roti,Breads,52,39,Monday,0,0,Cloudy,12,0
2025-07-07,Gulab Jamun,Desserts,32,25,Monday,0,0,Cloudy,12,0
2025-07-07,Ras Malai,Desserts,25,19,Monday,0,0,Cloudy,12,0
2025-07-07,Kheer,Desserts,21,19,Monday,0,0,Cloudy,12,0
2025-07-07,Kulfi,Desserts,23,14,Monday,0,0,Cloudy,12,0
2025-07-08,Paneer Butter Masala,Main Course,29,25,Tuesday,0,0,Stormy,10,0
2025-07-08,Dal Makhani,Main Course,29,23,Tuesday,0,0,Stormy,10,0
2025-07-08,Chicken Biryani,Main Course,25,22,Tuesday,0,0,Stormy,10,0
2025-07-08,Mutton Rogan Josh,Main Course,25,15,Tuesday,0,0,Stormy,10,0
2025-07-08,Paneer Tikka,Starters,32,28,Tuesday,0,0,Stormy,10,0
2025-07-08,Chicken Tandoori,Starters,28,19,Tuesday,0,0,Stormy,10,0
2025-07-08,Veg Spring Rolls,Starters,33,24,Tuesday,0,0,Stormy,10,0
2025-07-08,Fish Amritsari,Starters,30,17,Tuesday,0,0,Stormy,10,0
2025-07-08,Butter Naan,Breads,42,34,Tuesday,0,0,Stormy,10,0
2025-07-08,Garlic Naan,Breads,42,34,Tuesday,0,0,Stormy,10,0
2025-07-08,Tandoori Roti,Breads,46,41,Tuesday,0,0,Stormy,10,0
2025-07-08,Gulab Jamun,Desserts,26,20,Tuesday,0,0,Stormy,10,0
2025-07-08,Ras Malai,Desserts,23,18,Tuesday,0,0,Stormy,10,0
2025-07-08,Kheer,Desserts,20,14,Tuesday,0,0,Stormy,10,0
2025-07-08,Kulfi,Desserts,18,11,Tuesday,0,0,Stormy,10,0
2025-07-09,Paneer Butter Masala,Main Course,35,28,Wednesday,0,0,Cloudy,12,0
2025-07-09,Dal Makhani,Main Course,32,26,Wednesday,0,0,Cloudy,12,0
2025-07-09,Chicken Biryani,Main Course,30,25,Wednesday,0,0,Cloudy,12,0
2025-07-09,Mutton Rogan Josh,Main Course,27,14,Wednesday,0,0,Cloudy,12,0
2025-07-09,Paneer Tikka,Starters,43,33,Wednesday,0,0,Cloudy,12,0
2025-07-09,Chicken Tandoori,Starters,40,26,Wednesday,0,0,Cloudy,12,0
2025-07-09,Veg Spring Rolls,Starters,39,33,Wednesday,0,0,Cloudy,12,0
2025-07-09,Fish Amritsari,Starters,42,25,Wednesday,0,0,Cloudy,12,0
2025-07-09,Butter Naan,Breads,50,47,Wednesday,0,0,Cloudy,12,0
2025-07-09,Garlic Naan,Breads,54,50,Wednesday,0,0,Cloudy,12,0
2025-07-09,Tandoori Roti,Breads,61,41,Wednesday,0,0,Cloudy,12,0
2025-07-09,Gulab Jamun,Desserts,26,18,Wednesday,0,0,Cloudy,12,0
2025-07-09,Ras Malai,Desserts,26,19,Wednesday,0,0,Cloudy,12,0
2025-07-09,Kheer,Desserts,24,15,Wednesday,0,0,Cloudy,12,0
2025-07-09,Kulfi,Desserts,22,12,Wednesday,0,0,Cloudy,12,0
2025-07-10,Paneer Butter Masala,Main Course,31,25,Thursday,0,0,Rainy,9,0
2025-07-10,Dal Makhani,Main Course,33,27,Thursday,0,0,Rainy,9,0
2025-07-10,Chicken Biryani,Main Course,31,28,Thursday,0,0,Rainy,9,0
2025-07-10,Mutton Rogan Josh,Main Course,24,14,Thursday,0,0,Rainy,9,0
2025-07-10,Paneer Tikka,Starters,40,26,Thursday,0,0,Rainy,9,0
2025-07-10,Chicken Tandoori,Starters,31,20,Thursday,0,0,Rainy,9,0
2025-07-10,Veg Spring Rolls,Starters,33,22,Thursday,0,0,Rainy,9,0
2025-07-10,Fish Amritsari,Starters,35,19,Thursday,0,0,Rainy,9,0
2025-07-10,Butter Naan,Breads,56,49,Thursday,0,0,Rainy,9,0
2025-07-10,Garlic Naan,Breads,48,34,Thursday,0,0,Rainy,9,0
2025-07-10,Tandoori Roti,Breads,46,41,Thursday,0,0,Rainy,9,0
2025-07-10,Gulab Jamun,Desserts,23,16,Thursday,0,0,Rainy,9,0
2025-07-10,Ras Malai,Desserts,23,20,Thursday,0,0,Rainy,9,0
2025-07-10,Kheer,Desserts,20,16,Thursday,0,0,Rainy,9,0
2025-07-10,Kulfi,Desserts,18,14,Thursday,0,0,Rainy,9,0
2025-07-11,Paneer Butter Masala,Main Course,30,27,Friday,0,0,Cloudy,8,0
2025-07-11,Dal Makhani,Main Course,34,22,Friday,0,0,Cloudy,8,0
2025-07-11,Chicken Biryani,Main Course,31,29,Friday,0,0,Cloudy,8,0
2025-07-11,Mutton Rogan Josh,Main Course,31,20,Friday,0,0,Cloudy,8,0
2025-07-11,Paneer Tikka,Starters,38,31,Friday,0,0,Cloudy,8,0
2025-07-11,Chicken Tandoori,Starters,41,31,Friday,0,0,Cloudy,8,0
2025-07-11,Veg Spring Rolls,Starters,37,32,Friday,0,0,Cloudy,8,0
2025-07-11,Fish Amritsari,Starters,44,26,Friday,0,0,Cloudy,8,0
2025-07-11,Butter Naan,Breads,61,49,Friday,0,0,Cloudy,8,0
2025-07-11,Garlic Naan,Breads,61,47,Friday,0,0,Cloudy,8,0
2025-07-11,Tandoori Roti,Breads,57,49,Friday,0,0,Cloudy,8,0
2025-07-11,Gulab Jamun,Desserts,30,20,Friday,0,0,Cloudy,8,0
2025-07-11,Ras Malai,Desserts,26,19,Friday,0,0,Cloudy,8,0
2025-07-11,Kheer,Desserts,21,19,Friday,0,0,Cloudy,8,0
2025-07-11,Kulfi,Desserts,23,14,Friday,0,0,Cloudy,8,0
2025-07-12,Paneer Butter Masala,Main Course,52,44,Saturday,1,0,Sunny,15,1
2025-07-12,Dal Makhani,Main Course,53,34,Saturday,1,0,Sunny,15,1
2025-07-12,Chicken Biryani,Main Course,51,46,Saturday,1,0,Sunny,15,1
2025-07-12,Mutton Rogan Josh,Main Course,53,31,Saturday,1,0,Sunny,15,1
2025-07-12,Paneer Tikka,Starters,61,48,Saturday,1,0,Sunny,15,1
2025-07-12,Chicken Tandoori,Starters,67,50,Saturday,1,0,Sunny,15,1
2025-07-12,Veg Spring Rolls,Starters,66,57,Saturday,1,0,Sunny,15,1
2025-07-12,Fish Amritsari,Starters,69,37,Saturday,1,0,Sunny,15,1
2025-07-12,Butter Naan,Breads,92,89,Saturday,1,0,Sunny,15,1
2025-07-12,Garlic Naan,Breads,81,62,Saturday,1,0,Sunny,15,1
2025-07-12,Tandoori Roti,Breads,96,79,Saturday,1,0,Sunny,15,1
2025-07-12,Gulab Jamun,Desserts,52,47,Saturday,1,0,Sunny,15,1
2025-07-12,Ras Malai,Desserts,51,47,Saturday,1,0,Sunny,15,1
2025-07-12,Kheer,Desserts,36,31,Saturday,1,0,Sunny,15,1
2025-07-12,Kulfi,Desserts,38,23,Saturday,1,0,Sunny,15,1
2025-07-13,Paneer Butter Masala,Main Course,45,43,Sunday,1,0,Rainy,13,0
2025-07-13,Dal Makhani,Main Course,48,36,Sunday,1,0,Rainy,13,0
2025-07-13,Chicken Biryani,Main Course,38,33,Sunday,1,0,Rainy,13,0
2025-07-13,Mutton Rogan Josh,Main Course,39,23,Sunday,1,0,Rainy,13,0
2025-07-13,Paneer Tikka,Starters,49,36,Sunday,1,0,Rainy,13,0
2025-07-13,Chicken Tandoori,Starters,43,28,Sunday,1,0,Rainy,13,0
2025-07-13,Veg Spring Rolls,Starters,50,42,Sunday,1,0,Rainy,13,0
2025-07-13,Fish Amritsari,Starters,55,38,Sunday,1,0,Rainy,13,0
2025-07-13,Butter Naan,Breads,79,74,Sunday,1,0,Rainy,13,0
2025-07-13,Garlic Naan,Breads,62,55,Sunday,1,0,Rainy,13,0
2025-07-13,Tandoori Roti,Breads,69,65,Sunday,1,0,Rainy,13,0
2025-07-13,Gulab Jamun,Desserts,41,31,Sunday,1,0,Rainy,13,0
2025-07-13,Ras Malai,Desserts,39,30,Sunday,1,0,Rainy,13,0
2025-07-13,Kheer,Desserts,29,21,Sunday,1,0,Rainy,13,0
2025-07-13,Kulfi,Desserts,31,23,Sunday,1,0,Rainy,13,0
2025-07-14,Paneer Butter Masala,Main Course,30,9,Monday,0,0,Cloudy,11,0
2025-07-14,Dal Makhani,Main Course,32,26,Monday,0,0,Cloudy,11,0
2025-07-14,Chicken Biryani,Main Course,28,25,Monday,0,0,Cloudy,11,0
2025-07-14,Mutton Rogan Josh,Main Course,27,21,Monday,0,0,Cloudy,11,0
2025-07-14,Paneer Tikka,Starters,38,32,Monday,0,0,Cloudy,11,0
2025-07-14,Chicken Tandoori,Starters,39,31,Monday,0,0,Cloudy,11,0
2025-07-14,Veg Spring Rolls,Starters,36,30,Monday,0,0,Cloudy,11,0
2025-07-14,Fish Amritsari,Starters,40,24,Monday,0,0,Cloudy,11,0
2025-07-14,Butter Naan,Breads,58,47,Monday,0,0,Cloudy,11,0
2025-07-14,Garlic Naan,Breads,53,44,Monday,0,0,Cloudy,11,0
2025-07-14,Tandoori Roti,Breads,52,45,Monday,0,0,Cloudy,11,0
2025-07-14,Gulab Jamun,Desserts,31,25,Monday,0,0,Cloudy,11,0
2025-07-14,Ras Malai,Desserts,30,23,Monday,0,0,Cloudy,11,0
2025-07-14,Kheer,Desserts,25,17,Monday,0,0,Cloudy,11,0
2025-07-14,Kulfi,Desserts,23,15,Monday,0,0,Cloudy,11,0
2025-07-15,Paneer Butter Masala,Main Course,29,25,Tuesday,0,0,Stormy,8,1
2025-07-15,Dal Makhani,Main Course,37,34,Tuesday,0,0,Stormy,8,1
2025-07-15,Chicken Biryani,Main Course,34,28,Tuesday,0,0,Stormy,8,1
2025-07-15,Mutton Rogan Josh,Main Course,26,13,Tuesday,0,0,Stormy,8,1
2025-07-15,Paneer Tikka,Starters,42,33,Tuesday,0,0,Stormy,8,1
2025-07-15,Chicken Tandoori,Starters,40,27,Tuesday,0,0,Stormy,8,1
2025-07-15,Veg Spring Rolls,Starters,38,32,Tuesday,0,0,Stormy,8,1
2025-07-15,Fish Amritsari,Starters,37,28,Tuesday,0,0,Stormy,8,1
2025-07-15,Butter Naan,Breads,61,58,Tuesday,0,0,Stormy,8,1
2025-07-15,Garlic Naan,Breads,49,45,Tuesday,0,0,Stormy,8,1
2025-07-15,Tandoori Roti,Breads,54,48,Tuesday,0,0,Stormy,8,1
2025-07-15,Gulab Jamun,Desserts,26,20,Tuesday,0,0,Stormy,8,1
2025-07-15,Ras Malai,Desserts,28,8,Tuesday,0,0,Stormy,8,1
2025-07-15,Kheer,Desserts,20,15,Tuesday,0,0,Stormy,8,1
2025-07-15,Kulfi,Desserts,23,13,Tuesday,0,0,Stormy,8,1
2025-07-16,Paneer Butter Masala,Main Course,31,26,Wednesday,0,0,Sunny,11,0
2025-07-16,Dal Makhani,Main Course,37,26,Wednesday,0,0,Sunny,11,0
2025-07-16,Chicken Biryani,Main Course,29,25,Wednesday,0,0,Sunny,11,0
2025-07-16,Mutton Rogan Josh,Main Course,27,18,Wednesday,0,0,Sunny,11,0
2025-07-16,Paneer Tikka,Starters,43,32,Wednesday,0,0,Sunny,11,0
2025-07-16,Chicken Tandoori,Starters,32,28,Wednesday,0,0,Sunny,11,0
2025-07-16,Veg Spring Rolls,Starters,38,25,Wednesday,0,0,Sunny,11,0
2025-07-16,Fish Amritsari,Starters,40,26,Wednesday,0,0,Sunny,11,0
2025-07-16,Butter Naan,Breads,52,47,Wednesday,0,0,Sunny,11,0
2025-07-16,Garlic Naan,Breads,60,54,Wednesday,0,0,Sunny,11,0
2025-07-16,Tandoori Roti,Breads,55,42,Wednesday,0,0,Sunny,11,0
2025-07-16,Gulab Jamun,Desserts,27,22,Wednesday,0,0,Sunny,11,0
2025-07-16,Ras Malai,Desserts,30,24,Wednesday,0,0,Sunny,11,0
2025-07-16,Kheer,Desserts,22,15,Wednesday,0,0,Sunny,11,0
2025-07-16,Kulfi,Desserts,20,13,Wednesday,0,0,Sunny,11,0
2025-07-17,Paneer Butter Masala,Main Course,29,24,Thursday,0,0,Cloudy,10,0
2025-07-17,Dal Makhani,Main Course,33,25,Thursday,0,0,Cloudy,10,0
2025-07-17,Chicken Biryani,Main Course,29,24,Thursday,0,0,Cloudy,10,0
2025-07-17,Mutton Rogan Josh,Main Course,27,13,Thursday,0,0,Cloudy,10,0
2025-07-17,Paneer Tikka,Starters,40,34,Thursday,0,0,Cloudy,10,0
2025-07-17,Chicken Tandoori,Starters,37,28,Thursday,0,0,Cloudy,10,0
2025-07-17,Veg Spring Rolls,Starters,42,28,Thursday,0,0,Cloudy,10,0
2025-07-17,Fish Amritsari,Starters,39,27,Thursday,0,0,Cloudy,10,0
2025-07-17,Butter Naan,Breads,51,49,Thursday,0,0,Cloudy,10,0
2025-07-17,Garlic Naan,Breads,53,49,Thursday,0,0,Cloudy,10,0
2025-07-17,Tandoori Roti,Breads,62,43,Thursday,0,0,Cloudy,10,0
2025-07-17,Gulab Jamun,Desserts,26,21,Thursday,0,0,Cloudy,10,0
2025-07-17,Ras Malai,Desserts,26,24,Thursday,0,0,Cloudy,10,0
2025-07-17,Kheer,Desserts,24,21,Thursday,0,0,Cloudy,10,0
2025-07-17,Kulfi,Desserts,20,13,Thursday,0,0,Cloudy,10,0
2025-07-18,Paneer Butter Masala,Main Course,30,25,Friday,0,0,Rainy,12,0
2025-07-18,Dal Makhani,Main Course,35,31,Friday,0,0,Rainy,12,0
2025-07-18,Chicken Biryani,Main Course,25,20,Friday,0,0,Rainy,12,0
2025-07-18,Mutton Rogan Josh,Main Course,26,19,Friday,0,0,Rainy,12,0
2025-07-18,Paneer Tikka,Starters,34,31,Friday,0,0,Rainy,12,0
2025-07-18,Chicken Tandoori,Starters,33,29,Friday,0,0,Rainy,12,0
2025-07-18,Veg Spring Rolls,Starters,40,29,Friday,0,0,Rainy,12,0
2025-07-18,Fish Amritsari,Starters,40,20,Friday,0,0,Rainy,12,0
2025-07-18,Butter Naan,Breads,48,46,Friday,0,0,Rainy,12,0
2025-07-18,Garlic Naan,Breads,46,32,Friday,0,0,Rainy,12,0
2025-07-18,Tandoori Roti,Breads,53,42,Friday,0,0,Rainy,12,0
2025-07-18,Gulab Jamun,Desserts,24,21,Friday,0,0,Rainy,12,0
2025-07-18,Ras Malai,Desserts,23,19,Friday,0,0,Rainy,12,0
2025-07-18,Kheer,Desserts,20,15,Friday,0,0,Rainy,12,0
2025-07-18,Kulfi,Desserts,21,12,Friday,0,0,Rainy,12,0
2025-07-19,Paneer Butter Masala,Main Course,48,42,Saturday,1,0,Cloudy,13,0
2025-07-19,Dal Makhani,Main Course,44,36,Saturday,1,0,Cloudy,13,0
2025-07-19,Chicken Biryani,Main Course,44,40,Saturday,1,0,Cloudy,13,0
2025-07-19,Mutton Rogan Josh,Main Course,37,24,Saturday,1,0,Cloudy,13,0
2025-07-19,Paneer Tikka,Starters,53,47,Saturday,1,0,Cloudy,13,0
2025-07-19,Chicken Tandoori,Starters,50,35,Saturday,1,0,Cloudy,13,0
2025-07-19,Veg Spring Rolls,Starters,60,56,Saturday,1,0,Cloudy,13,0
2025-07-19,Fish Amritsari,Starters,51,25,Saturday,1,0,Cloudy,13,0
2025-07-19,Butter Naan,Breads,83,72,Saturday,1,0,Cloudy,13,0
2025-07-19,Garlic Naan,Breads,82,62,Saturday,1,0,Cloudy,13,0
2025-07-19,Tandoori Roti,Breads,88,63,Saturday,1,0,Cloudy,13,0
2025-07-19,Gulab Jamun,Desserts,39,33,Saturday,1,0,Cloudy,13,0
2025-07-19,Ras Malai,Desserts,38,29,Saturday,1,0,Cloudy,13,0
2025-07-19,Kheer,Desserts,32,30,Saturday,1,0,Cloudy,13,0
2025-07-19,Kulfi,Desserts,31,24,Saturday,1,0,Cloudy,13,0
2025-07-20,Paneer Butter Masala,Main Course,39,34,Sunday,1,0,Stormy,12,0
2025-07-20,Dal Makhani,Main Course,38,32,Sunday,1,0,Stormy,12,0
2025-07-20,Chicken Biryani,Main Course,34,30,Sunday,1,0,Stormy,12,0
2025-07-20,Mutton Rogan Josh,Main Course,37,27,Sunday,1,0,Stormy,12,0
2025-07-20,Paneer Tikka,Starters,46,30,Sunday,1,0,Stormy,12,0
2025-07-20,Chicken Tandoori,Starters,47,36,Sunday,1,0,Stormy,12,0
2025-07-20,Veg Spring Rolls,Starters,49,45,Sunday,1,0,Stormy,12,0
2025-07-20,Fish Amritsari,Starters,53,40,Sunday,1,0,Stormy,12,0
2025-07-20,Butter Naan,Breads,63,56,Sunday,1,0,Stormy,12,0
2025-07-20,Garlic Naan,Breads,66,54,Sunday,1,0,Stormy,12,0
2025-07-20,Tandoori Roti,Breads,61,56,Sunday,1,0,Stormy,12,0
2025-07-20,Gulab Jamun,Desserts,33,21,Sunday,1,0,Stormy,12,0
2025-07-20,Ras Malai,Desserts,29,20,Sunday,1,0,Stormy,12,0
2025-07-20,Kheer,Desserts,29,27,Sunday,1,0,Stormy,12,0
2025-07-20,Kulfi,Desserts,25,18,Sunday,1,0,Stormy,12,0
2025-07-21,Paneer Butter Masala,Main Course,33,29,Monday,0,0,Sunny,8,0
2025-07-21,Dal Makhani,Main Course,37,26,Monday,0,0,Sunny,8,0
2025-07-21,Chicken Biryani,Main Course,28,26,Monday,0,0,Sunny,8,0
2025-07-21,Mutton Rogan Josh,Main Course,31,21,Monday,0,0,Sunny,8,0
2025-07-21,Paneer Tikka,Starters,38,25,Monday,0,0,Sunny,8,0
2025-07-21,Chicken Tandoori,Starters,36,27,Monday,0,0,Sunny,8,0
2025-07-21,Veg Spring Rolls,Starters,45,30,Monday,0,0,Sunny,8,0
2025-07-21,Fish Amritsari,Starters,42,22,Monday,0,0,Sunny,8,0
2025-07-21,Butter Naan,Breads,55,50,Monday,0,0,Sunny,8,0
2025-07-21,Garlic Naan,Breads,50,44,Monday,0,0,Sunny,8,0
2025-07-21,Tandoori Roti,Breads,59,51,Monday,0,0,Sunny,8,0
2025-07-21,Gulab Jamun,Desserts,28,23,Monday,0,0,Sunny,8,0
2025-07-21,Ras Malai,Desserts,27,23,Monday,0,0,Sunny,8,0
2025-07-21,Kheer,Desserts,20,16,Monday,0,0,Sunny,8,0
2025-07-21,Kulfi,Desserts,24,13,Monday,0,0,Sunny,8,0
2025-07-22,Paneer Butter Masala,Main Course,32,29,Tuesday,0,0,Sunny,12,0
2025-07-22,Dal Makhani,Main Course,38,30,Tuesday,0,0,Sunny,12,0
2025-07-22,Chicken Biryani,Main Course,29,25,Tuesday,0,0,Sunny,12,0
2025-07-22,Mutton Rogan Josh,Main Course,32,21,Tuesday,0,0,Sunny,12,0
2025-07-22,Paneer Tikka,Starters,40,31,Tuesday,0,0,Sunny,12,0
2025-07-22,Chicken Tandoori,Starters,35,29,Tuesday,0,0,Sunny,12,0
2025-07-22,Veg Spring Rolls,Starters,36,27,Tuesday,0,0,Sunny,12,0
2025-07-22,Fish Amritsari,Starters,43,30,Tuesday,0,0,Sunny,12,0
2025-07-22,Butter Naan,Breads,56,54,Tuesday,0,0,Sunny,12,0
2025-07-22,Garlic Naan,Breads,54,36,Tuesday,0,0,Sunny,12,0
2025-07-22,Tandoori Roti,Breads,52,40,Tuesday,0,0,Sunny,12,0
2025-07-22,Gulab Jamun,Desserts,29,25,Tuesday,0,0,Sunny,12,0
2025-07-22,Ras Malai,Desserts,30,28,Tuesday,0,0,Sunny,12,0
2025-07-22,Kheer,Desserts,24,22,Tuesday,0,0,Sunny,12,0
2025-07-22,Kulfi,Desserts,19,10,Tuesday,0,0,Sunny,12,0
2025-07-23,Paneer Butter Masala,Main Course,27,26,Wednesday,0,0,Rainy,12,0
2025-07-23,Dal Makhani,Main Course,35,25,Wednesday,0,0,Rainy,12,0
2025-07-23,Chicken Biryani,Main Course,31,27,Wednesday,0,0,Rainy,12,0
2025-07-23,Mutton Rogan Josh,Main Course,24,14,Wednesday,0,0,Rainy,12,0
2025-07-23,Paneer Tikka,Starters,33,28,Wednesday,0,0,Rainy,12,0
2025-07-23,Chicken Tandoori,Starters,34,25,Wednesday,0,0,Rainy,12,0
2025-07-23,Veg Spring Rolls,Starters,41,32,Wednesday,0,0,Rainy,12,0
2025-07-23,Fish Amritsari,Starters,40,30,Wednesday,0,0,Rainy,12,0
2025-07-23,Butter Naan,Breads,57,50,Wednesday,0,0,Rainy,12,0
2025-07-23,Garlic Naan,Breads,55,42,Wednesday,0,0,Rainy,12,0
2025-07-23,Tandoori Roti,Breads,52,45,Wednesday,0,0,Rainy,12,0
2025-07-23,Gulab Jamun,Desserts,24,21,Wednesday,0,0,Rainy,12,0
2025-07-23,Ras Malai,Desserts,24,15,Wednesday,0,0,Rainy,12,0
2025-07-23,Kheer,Desserts,21,18,Wednesday,0,0,Rainy,12,0
2025-07-23,Kulfi,Desserts,21,12,Wednesday,0,0,Rainy,12,0
2025-07-24,Paneer Butter Masala,Main Course,25,20,Thursday,0,0,Stormy,8,0
2025-07-24,Dal Makhani,Main Course,33,21,Thursday,0,0,Stormy,8,0
2025-07-24,Chicken Biryani,Main Course,23,21,Thursday,0,0,Stormy,8,0
2025-07-24,Mutton Rogan Josh,Main Course,22,17,Thursday,0,0,Stormy,8,0
2025-07-24,Paneer Tikka,Starters,33,30,Thursday,0,0,Stormy,8,0
2025-07-24,Chicken Tandoori,Starters,34,24,Thursday,0,0,Stormy,8,0
2025-07-24,Veg Spring Rolls,Starters,37,30,Thursday,0,0,Stormy,8,0
2025-07-24,Fish Amritsari,Starters,30,19,Thursday,0,0,Stormy,8,0
2025-07-24,Butter Naan,Breads,53,14,Thursday,0,0,Stormy,8,0
2025-07-24,Garlic Naan,Breads,44,30,Thursday,0,0,Stormy,8,0
2025-07-24,Tandoori Roti,Breads,51,35,Thursday,0,0,Stormy,8,0
2025-07-24,Gulab Jamun,Desserts,25,20,Thursday,0,0,Stormy,8,0
2025-07-24,Ras Malai,Desserts,21,19,Thursday,0,0,Stormy,8,0
2025-07-24,Kheer,Desserts,17,12,Thursday,0,0,Stormy,8,0
2025-07-24,Kulfi,Desserts,17,12,Thursday,0,0,Stormy,8,0
2025-07-25,Paneer Butter Masala,Main Course,23,19,Friday,0,0,Stormy,9,0
2025-07-25,Dal Makhani,Main Course,32,22,Friday,0,0,Stormy,9,0
2025-07-25,Chicken Biryani,Main Course,24,22,Friday,0,0,Stormy,9,0
2025-07-25,Mutton Rogan Josh,Main Course,22,13,Friday,0,0,Stormy,9,0
2025-07-25,Paneer Tikka,Starters,35,32,Friday,0,0,Stormy,9,0
2025-07-25,Chicken Tandoori,Starters,28,19,Friday,0,0,Stormy,9,0
2025-07-25,Veg Spring Rolls,Starters,34,30,Friday,0,0,Stormy,9,0
2025-07-25,Fish Amritsari,Starters,31,19,Friday,0,0,Stormy,9,0
2025-07-25,Butter Naan,Breads,47,38,Friday,0,0,Stormy,9,0
2025-07-25,Garlic Naan,Breads,51,39,Friday,0,0,Stormy,9,0
2025-07-25,Tandoori Roti,Breads,44,37,Friday,0,0,Stormy,9,0
2025-07-25,Gulab Jamun,Desserts,21,13,Friday,0,0,Stormy,9,0
2025-07-25,Ras Malai,Desserts,23,16,Friday,0,0,Stormy,9,0
2025-07-25,Kheer,Desserts,21,17,Friday,0,0,Stormy,9,0
2025-07-25,Kulfi,Desserts,20,12,Friday,0,0,Stormy,9,0
2025-07-26,Paneer Butter Masala,Main Course,38,35,Saturday,1,0,Rainy,11,0
2025-07-26,Dal Makhani,Main Course,47,36,Saturday,1,0,Rainy,11,0
2025-07-26,Chicken Biryani,Main Course,42,35,Saturday,1,0,Rainy,11,0
2025-07-26,Mutton Rogan Josh,Main Course,41,24,Saturday,1,0,Rainy,11,0
2025-07-26,Paneer Tikka,Starters,54,36,Saturday,1,0,Rainy,11,0
2025-07-26,Chicken Tandoori,Starters,48,43,Saturday,1,0,Rainy,11,0
2025-07-26,Veg Spring Rolls,Starters,47,32,Saturday,1,0,Rainy,11,0
2025-07-26,Fish Amritsari,Starters,45,26,Saturday,1,0,Rainy,11,0
2025-07-26,Butter Naan,Breads,73,68,Saturday,1,0,Rainy,11,0
2025-07-26,Garlic Naan,Breads,73,51,Saturday,1,0,Rainy,11,0
2025-07-26,Tandoori Roti,Breads,79,57,Saturday,1,0,Rainy,11,0
2025-07-26,Gulab Jamun,Desserts,38,31,Saturday,1,0,Rainy,11,0
2025-07-26,Ras Malai,Desserts,38,29,Saturday,1,0,Rainy,11,0
2025-07-26,Kheer,Desserts,32,27,Saturday,1,0,Rainy,11,0
2025-07-26,Kulfi,Desserts,27,18,Saturday,1,0,Rainy,11,0
2025-07-27,Paneer Butter Masala,Main Course,50,45,Sunday,1,0,Stormy,12,1
2025-07-27,Dal Makhani,Main Course,55,42,Sunday,1,0,Stormy,12,1
2025-07-27,Chicken Biryani,Main Course,49,46,Sunday,1,0,Stormy,12,1
2025-07-27,Mutton Rogan Josh,Main Course,41,26,Sunday,1,0,Stormy,12,1
2025-07-27,Paneer Tikka,Starters,57,52,Sunday,1,0,Stormy,12,1
2025-07-27,Chicken Tandoori,Starters,49,46,Sunday,1,0,Stormy,12,1
2025-07-27,Veg Spring Rolls,Starters,52,44,Sunday,1,0,Stormy,12,1
2025-07-27,Fish Amritsari,Starters,60,38,Sunday,1,0,Stormy,12,1
2025-07-27,Butter Naan,Breads,87,74,Sunday,1,0,Stormy,12,1
2025-07-27,Garlic Naan,Breads,88,82,Sunday,1,0,Stormy,12,1
2025-07-27,Tandoori Roti,Breads,87,31,Sunday,1,0,Stormy,12,1
2025-07-27,Gulab Jamun,Desserts,43,31,Sunday,1,0,Stormy,12,1
2025-07-27,Ras Malai,Desserts,40,26,Sunday,1,0,Stormy,12,1
2025-07-27,Kheer,Desserts,36,29,Sunday,1,0,Stormy,12,1
2025-07-27,Kulfi,Desserts,49,21,Sunday,1,0,Stormy,12,1
2025-07-28,Paneer Butter Masala,Main Course,32,26,Monday,0,0,Sunny,12,0
2025-07-28,Dal Makhani,Main Course,35,22,Monday,0,0,Sunny,12,0
2025-07-28,Chicken Biryani,Main Course,32,29,Monday,0,0,Sunny,12,0
2025-07-28,Mutton Rogan Josh,Main Course,32,20,Monday,0,0,Sunny,12,0
2025-07-28,Paneer Tikka,Starters,44,39,Monday,0,0,Sunny,12,0
2025-07-28,Chicken Tandoori,Starters,38,35,Monday,0,0,Sunny,12,0
2025-07-28,Veg Spring Rolls,Starters,42,36,Monday,0,0,Sunny,12,0
2025-07-28,Fish Amritsari,Starters,44,27,Monday,0,0,Sunny,12,0
2025-07-28,Butter Naan,Breads,54,49,Monday,0,0,Sunny,12,0
2025-07-28,Garlic Naan,Breads,55,40,Monday,0,0,Sunny,12,0
2025-07-28,Tandoori Roti,Breads,62,49,Monday,0,0,Sunny,12,0
2025-07-28,Gulab Jamun,Desserts,25,21,Monday,0,0,Sunny,12,0
2025-07-28,Ras Malai,Desserts,26,23,Monday,0,0,Sunny,12,0
2025-07-28,Kheer,Desserts,25,20,Monday,0,0,Sunny,12,0
2025-07-28,Kulfi,Desserts,33,11,Monday,0,0,Sunny,12,0
2025-07-29,Paneer Butter Masala,Main Course,34,29,Tuesday,0,0,Cloudy,12,0
2025-07-29,Dal Makhani,Main Course,38,34,Tuesday,0,0,Cloudy,12,0
2025-07-29,Chicken Biryani,Main Course,28,26,Tuesday,0,0,Cloudy,12,0
2025-07-29,Mutton Rogan Josh,Main Course,29,14,Tuesday,0,0,Cloudy,12,0
2025-07-29,Paneer Tikka,Starters,45,41,Tuesday,0,0,Cloudy,12,0
2025-07-29,Chicken Tandoori,Starters,60,30,Tuesday,0,0,Cloudy,12,0
2025-07-29,Veg Spring Rolls,Starters,43,28,Tuesday,0,0,Cloudy,12,0
2025-07-29,Fish Amritsari,Starters,38,26,Tuesday,0,0,Cloudy,12,0
2025-07-29,Butter Naan,Breads,53,49,Tuesday,0,0,Cloudy,12,0
2025-07-29,Garlic Naan,Breads,50,38,Tuesday,0,0,Cloudy,12,0
2025-07-29,Tandoori Roti,Breads,52,42,Tuesday,0,0,Cloudy,12,0
2025-07-29,Gulab Jamun,Desserts,26,23,Tuesday,0,0,Cloudy,12,0
2025-07-29,Ras Malai,Desserts,29,24,Tuesday,0,0,Cloudy,12,0
2025-07-29,Kheer,Desserts,25,18,Tuesday,0,0,Cloudy,12,0
2025-07-29,Kulfi,Desserts,23,15,Tuesday,0,0,Cloudy,12,0
2025-07-30,Paneer Butter Masala,Main Course,27,23,Wednesday,0,0,Stormy,9,0
2025-07-30,Dal Makhani,Main Course,26,19,Wednesday,0,0,Stormy,9,0
2025-07-30,Chicken Biryani,Main Course,25,22,Wednesday,0,0,Stormy,9,0
2025-07-30,Mutton Rogan Josh,Main Course,23,13,Wednesday,0,0,Stormy,9,0
2025-07-30,Paneer Tikka,Starters,35,26,Wednesday,0,0,Stormy,9,0
2025-07-30,Chicken Tandoori,Starters,34,24,Wednesday,0,0,Stormy,9,0
2025-07-30,Veg Spring Rolls,Starters,60,31,Wednesday,0,0,Stormy,9,0
2025-07-30,Fish Amritsari,Starters,30,18,Wednesday,0,0,Stormy,9,0
2025-07-30,Butter Naan,Breads,41,38,Wednesday,0,0,Stormy,9,0
2025-07-30,Garlic Naan,Breads,52,36,Wednesday,0,0,Stormy,9,0
2025-07-30,Tandoori Roti,Breads,48,40,Wednesday,0,0,Stormy,9,0
2025-07-30,Gulab Jamun,Desserts,22,19,Wednesday,0,0,Stormy,9,0
2025-07-30,Ras Malai,Desserts,24,15,Wednesday,0,0,Stormy,9,0
2025-07-30,Kheer,Desserts,19,16,Wednesday,0,0,Stormy,9,0
2025-07-30,Kulfi,Desserts,18,11,Wednesday,0,0,Stormy,9,0
2025-07-31,Paneer Butter Masala,Main Course,32,29,Thursday,0,0,Rainy,9,0
2025-07-31,Dal Makhani,Main Course,29,19,Thursday,0,0,Rainy,9,0
2025-07-31,Chicken Biryani,Main Course,27,23,Thursday,0,0,Rainy,9,0
2025-07-31,Mutton Rogan Josh,Main Course,28,14,Thursday,0,0,Rainy,9,0
2025-07-31,Paneer Tikka,Starters,41,34,Thursday,0,0,Rainy,9,0
2025-07-31,Chicken Tandoori,Starters,37,27,Thursday,0,0,Rainy,9,0
2025-07-31,Veg Spring Rolls,Starters,40,27,Thursday,0,0,Rainy,9,0
2025-07-31,Fish Amritsari,Starters,35,22,Thursday,0,0,Rainy,9,0
2025-07-31,Butter Naan,Breads,57,52,Thursday,0,0,Rainy,9,0
2025-07-31,Garlic Naan,Breads,56,48,Thursday,0,0,Rainy,9,0
2025-07-31,Tandoori Roti,Breads,57,53,Thursday,0,0,Rainy,9,0
2025-07-31,Gulab Jamun,Desserts,24,19,Thursday,0,0,Rainy,9,0
2025-07-31,Ras Malai,Desserts,27,21,Thursday,0,0,Rainy,9,0
2025-07-31,Kheer,Desserts,22,17,Thursday,0,0,Rainy,9,0
2025-07-31,Kulfi,Desserts,18,13,Thursday,0,0,Rainy,9,0
2025-08-01,Paneer Butter Masala,Main Course,31,29,Friday,0,0,Rainy,9,0
2025-08-01,Dal Makhani,Main Course,31,20,Friday,0,0,Rainy,9,0
2025-08-01,Chicken Biryani,Main Course,26,22,Friday,0,0,Rainy,9,0
2025-08-01,Mutton Rogan Josh,Main Course,30,22,Friday,0,0,Rainy,9,0
2025-08-01,Paneer Tikka,Starters,39,35,Friday,0,0,Rainy,9,0
2025-08-01,Chicken Tandoori,Starters,31,28,Friday,0,0,Rainy,9,0
2025-08-01,Veg Spring Rolls,Starters,41,33,Friday,0,0,Rainy,9,0
2025-08-01,Fish Amritsari,Starters,36,20,Friday,0,0,Rainy,9,0
2025-08-01,Butter Naan,Breads,55,47,Friday,0,0,Rainy,9,0
2025-08-01,Garlic Naan,Breads,47,32,Friday,0,0,Rainy,9,0
2025-08-01,Tandoori Roti,Breads,53,40,Friday,0,0,Rainy,9,0
2025-08-01,Gulab Jamun,Desserts,28,23,Friday,0,0,Rainy,9,0
2025-08-01,Ras Malai,Desserts,27,21,Friday,0,0,Rainy,9,0
2025-08-01,Kheer,Desserts,20,14,Friday,0,0,Rainy,9,0
2025-08-01,Kulfi,Desserts,20,12,Friday,0,0,Rainy,9,0
2025-08-02,Paneer Butter Masala,Main Course,47,40,Saturday,1,0,Sunny,13,1
2025-08-02,Dal Makhani,Main Course,54,38,Saturday,1,0,Sunny,13,1
2025-08-02,Chicken Biryani,Main Course,52,44,Saturday,1,0,Sunny,13,1
2025-08-02,Mutton Rogan Josh,Main Course,55,42,Saturday,1,0,Sunny,13,1
2025-08-02,Paneer Tikka,Starters,76,70,Saturday,1,0,Sunny,13,1
2025-08-02,Chicken Tandoori,Starters,61,50,Saturday,1,0,Sunny,13,1
2025-08-02,Veg Spring Rolls,Starters,67,51,Saturday,1,0,Sunny,13,1
2025-08-02,Fish Amritsari,Starters,60,45,Saturday,1,0,Sunny,13,1
2025-08-02,Butter Naan,Breads,101,88,Saturday,1,0,Sunny,13,1
2025-08-02,Garlic Naan,Breads,94,77,Saturday,1,0,Sunny,13,1
2025-08-02,Tandoori Roti,Breads,85,59,Saturday,1,0,Sunny,13,1
2025-08-02,Gulab Jamun,Desserts,44,38,Saturday,1,0,Sunny,13,1
2025-08-02,Ras Malai,Desserts,44,30,Saturday,1,0,Sunny,13,1
2025-08-02,Kheer,Desserts,37,28,Saturday,1,0,Sunny,13,1
2025-08-02,Kulfi,Desserts,32,24,Saturday,1,0,Sunny,13,1
2025-08-03,Paneer Butter Masala,Main Course,36,29,Sunday,1,0,Stormy,13,0
2025-08-03,Dal Makhani,Main Course,39,28,Sunday,1,0,Stormy,13,0
2025-08-03,Chicken Biryani,Main Course,33,26,Sunday,1,0,Stormy,13,0
2025-08-03,Mutton Rogan Josh,Main Course,37,18,Sunday,1,0,Stormy,13,0
2025-08-03,Paneer Tikka,Starters,52,39,Sunday,1,0,Stormy,13,0
2025-08-03,Chicken Tandoori,Starters,45,42,Sunday,1,0,Stormy,13,0
2025-08-03,Veg Spring Rolls,Starters,50,46,Sunday,1,0,Stormy,13,0
2025-08-03,Fish Amritsari,Starters,49,26,Sunday,1,0,Stormy,13,0
2025-08-03,Butter Naan,Breads,68,57,Sunday,1,0,Stormy,13,0
2025-08-03,Garlic Naan,Breads,62,41,Sunday,1,0,Stormy,13,0
2025-08-03,Tandoori Roti,Breads,63,44,Sunday,1,0,Stormy,13,0
2025-08-03,Gulab Jamun,Desserts,31,21,Sunday,1,0,Stormy,13,0
2025-08-03,Ras Malai,Desserts,33,30,Sunday,1,0,Stormy,13,0
2025-08-03,Kheer,Desserts,28,19,Sunday,1,0,Stormy,13,0
2025-08-03,Kulfi,Desserts,25,16,Sunday,1,0,Stormy,13,0
2025-08-04,Paneer Butter Masala,Main Course,26,23,Monday,0,0,Rainy,11,0
2025-08-04,Dal Makhani,Main Course,36,32,Monday,0,0,Rainy,11,0
2025-08-04,Chicken Biryani,Main Course,27,24,Monday,0,0,Rainy,11,0
2025-08-04,Mutton Rogan Josh,Main Course,29,15,Monday,0,0,Rainy,11,0
2025-08-04,Paneer Tikka,Starters,33,31,Monday,0,0,Rainy,11,0
2025-08-04,Chicken Tandoori,Starters,37,24,Monday,0,0,Rainy,11,0
2025-08-04,Veg Spring Rolls,Starters,41,32,Monday,0,0,Rainy,11,0
2025-08-04,Fish Amritsari,Starters,35,27,Monday,0,0,Rainy,11,0
2025-08-04,Butter Naan,Breads,45,36,Monday,0,0,Rainy,11,0
2025-08-04,Garlic Naan,Breads,49,41,Monday,0,0,Rainy,11,0
2025-08-04,Tandoori Roti,Breads,49,34,Monday,0,0,Rainy,11,0
2025-08-04,Gulab Jamun,Desserts,27,20,Monday,0,0,Rainy,11,0
2025-08-04,Ras Malai,Desserts,24,16,Monday,0,0,Rainy,11,0
2025-08-04,Kheer,Desserts,19,17,Monday,0,0,Rainy,11,0
2025-08-04,Kulfi,Desserts,22,14,Monday,0,0,Rainy,11,0
2025-08-05,Paneer Butter Masala,Main Course,30,27,Tuesday,0,0,Rainy,12,0
2025-08-05,Dal Makhani,Main Course,29,19,Tuesday,0,0,Rainy,12,0
2025-08-05,Chicken Biryani,Main Course,25,23,Tuesday,0,0,Rainy,12,0
2025-08-05,Mutton Rogan Josh,Main Course,27,18,Tuesday,0,0,Rainy,12,0
2025-08-05,Paneer Tikka,Starters,33,26,Tuesday,0,0,Rainy,12,0
2025-08-05,Chicken Tandoori,Starters,36,33,Tuesday,0,0,Rainy,12,0
2025-08-05,Veg Spring Rolls,Starters,35,22,Tuesday,0,0,Rainy,12,0
2025-08-05,Fish Amritsari,Starters,32,19,Tuesday,0,0,Rainy,12,0
2025-08-05,Butter Naan,Breads,50,42,Tuesday,0,0,Rainy,12,0
2025-08-05,Garlic Naan,Breads,55,51,Tuesday,0,0,Rainy,12,0
2025-08-05,Tandoori Roti,Breads,50,32,Tuesday,0,0,Rainy,12,0
2025-08-05,Gulab Jamun,Desserts,23,21,Tuesday,0,0,Rainy,12,0
2025-08-05,Ras Malai,Desserts,26,23,Tuesday,0,0,Rainy,12,0
2025-08-05,Kheer,Desserts,22,19,Tuesday,0,0,Rainy,12,0
2025-08-05,Kulfi,Desserts,20,15,Tuesday,0,0,Rainy,12,0
2025-08-06,Paneer Butter Masala,Main Course,26,25,Wednesday,0,0,Rainy,10,0
2025-08-06,Dal Makhani,Main Course,36,26,Wednesday,0,0,Rainy,10,0
2025-08-06,Chicken Biryani,Main Course,31,28,Wednesday,0,0,Rainy,10,0
2025-08-06,Mutton Rogan Josh,Main Course,30,21,Wednesday,0,0,Rainy,10,0
2025-08-06,Paneer Tikka,Starters,41,31,Wednesday,0,0,Rainy,10,0
2025-08-06,Chicken Tandoori,Starters,36,28,Wednesday,0,0,Rainy,10,0
2025-08-06,Veg Spring Rolls,Starters,33,27,Wednesday,0,0,Rainy,10,0
2025-08-06,Fish Amritsari,Starters,39,31,Wednesday,0,0,Rainy,10,0
2025-08-06,Butter Naan,Breads,53,43,Wednesday,0,0,Rainy,10,0
2025-08-06,Garlic Naan,Breads,44,40,Wednesday,0,0,Rainy,10,0
2025-08-06,Tandoori Roti,Breads,50,38,Wednesday,0,0,Rainy,10,0
2025-08-06,Gulab Jamun,Desserts,25,23,Wednesday,0,0,Rainy,10,0
2025-08-06,Ras Malai,Desserts,25,20,Wednesday,0,0,Rainy,10,0
2025-08-06,Kheer,Desserts,19,12,Wednesday,0,0,Rainy,10,0
2025-08-06,Kulfi,Desserts,19,13,Wednesday,0,0,Rainy,10,0
2025-08-07,Paneer Butter Masala,Main Course,34,30,Thursday,0,0,Rainy,11,1
2025-08-07,Dal Makhani,Main Course,38,33,Thursday,0,0,Rainy,11,1
2025-08-07,Chicken Biryani,Main Course,34,30,Thursday,0,0,Rainy,11,1
2025-08-07,Mutton Rogan Josh,Main Course,31,19,Thursday,0,0,Rainy,11,1
2025-08-07,Paneer Tikka,Starters,43,30,Thursday,0,0,Rainy,11,1
2025-08-07,Chicken Tandoori,Starters,38,29,Thursday,0,0,Rainy,11,1
2025-08-07,Veg Spring Rolls,Starters,45,31,Thursday,0,0,Rainy,11,1
2025-08-07,Fish Amritsari,Starters,47,29,Thursday,0,0,Rainy,11,1
2025-08-07,Butter Naan,Breads,56,47,Thursday,0,0,Rainy,11,1
2025-08-07,Garlic Naan,Breads,65,61,Thursday,0,0,Rainy,11,1
2025-08-07,Tandoori Roti,Breads,62,21,Thursday,0,0,Rainy,11,1
2025-08-07,Gulab Jamun,Desserts,28,19,Thursday,0,0,Rainy,11,1
2025-08-07,Ras Malai,Desserts,29,26,Thursday,0,0,Rainy,11,1
2025-08-07,Kheer,Desserts,24,18,Thursday,0,0,Rainy,11,1
2025-08-07,Kulfi,Desserts,22,12,Thursday,0,0,Rainy,11,1
2025-08-08,Paneer Butter Masala,Main Course,28,24,Friday,0,0,Rainy,11,0
2025-08-08,Dal Makhani,Main Course,35,25,Friday,0,0,Rainy,11,0
2025-08-08,Chicken Biryani,Main Course,25,23,Friday,0,0,Rainy,11,0
2025-08-08,Mutton Rogan Josh,Main Course,29,18,Friday,0,0,Rainy,11,0
2025-08-08,Paneer Tikka,Starters,34,23,Friday,0,0,Rainy,11,0
2025-08-08,Chicken Tandoori,Starters,31,24,Friday,0,0,Rainy,11,0
2025-08-08,Veg Spring Rolls,Starters,35,25,Friday,0,0,Rainy,11,0
2025-08-08,Fish Amritsari,Starters,38,19,Friday,0,0,Rainy,11,0
2025-08-08,Butter Naan,Breads,49,41,Friday,0,0,Rainy,11,0
2025-08-08,Garlic Naan,Breads,51,42,Friday,0,0,Rainy,11,0
2025-08-08,Tandoori Roti,Breads,52,36,Friday,0,0,Rainy,11,0
2025-08-08,Gulab Jamun,Desserts,39,20,Friday,0,0,Rainy,11,0
2025-08-08,Ras Malai,Desserts,23,17,Friday,0,0,Rainy,11,0
2025-08-08,Kheer,Desserts,19,12,Friday,0,0,Rainy,11,0
2025-08-08,Kulfi,Desserts,17,11,Friday,0,0,Rainy,11,0
2025-08-09,Paneer Butter Masala,Main Course,38,30,Saturday,1,0,Rainy,14,0
2025-08-09,Dal Makhani,Main Course,48,34,Saturday,1,0,Rainy,14,0
2025-08-09,Chicken Biryani,Main Course,41,38,Saturday,1,0,Rainy,14,0
2025-08-09,Mutton Rogan Josh,Main Course,40,22,Saturday,1,0,Rainy,14,0
2025-08-09,Paneer Tikka,Starters,52,36,Saturday,1,0,Rainy,14,0
2025-08-09,Chicken Tandoori,Starters,49,43,Saturday,1,0,Rainy,14,0
2025-08-09,Veg Spring Rolls,Starters,57,48,Saturday,1,0,Rainy,14,0
2025-08-09,Fish Amritsari,Starters,55,32,Saturday,1,0,Rainy,14,0
2025-08-09,Butter Naan,Breads,64,52,Saturday,1,0,Rainy,14,0
2025-08-09,Garlic Naan,Breads,72,52,Saturday,1,0,Rainy,14,0
2025-08-09,Tandoori Roti,Breads,80,72,Saturday,1,0,Rainy,14,0
2025-08-09,Gulab Jamun,Desserts,39,36,Saturday,1,0,Rainy,14,0
2025-08-09,Ras Malai,Desserts,32,29,Saturday,1,0,Rainy,14,0
2025-08-09,Kheer,Desserts,29,26,Saturday,1,0,Rainy,14,0
2025-08-09,Kulfi,Desserts,30,19,Saturday,1,0,Rainy,14,0
2025-08-10,Paneer Butter Masala,Main Course,44,39,Sunday,1,0,Rainy,14,1
2025-08-10,Dal Makhani,Main Course,52,36,Sunday,1,0,Rainy,14,1
2025-08-10,Chicken Biryani,Main Course,49,40,Sunday,1,0,Rainy,14,1
2025-08-10,Mutton Rogan Josh,Main Course,44,30,Sunday,1,0,Rainy,14,1
2025-08-10,Paneer Tikka,Starters,63,50,Sunday,1,0,Rainy,14,1
2025-08-10,Chicken Tandoori,Starters,63,50,Sunday,1,0,Rainy,14,1
2025-08-10,Veg Spring Rolls,Starters,65,44,Sunday,1,0,Rainy,14,1
2025-08-10,Fish Amritsari,Starters,65,41,Sunday,1,0,Rainy,14,1
2025-08-10,Butter Naan,Breads,80,66,Sunday,1,0,Rainy,14,1
2025-08-10,Garlic Naan,Breads,95,81,Sunday,1,0,Rainy,14,1
2025-08-10,Tandoori Roti,Breads,83,70,Sunday,1,0,Rainy,14,1
2025-08-10,Gulab Jamun,Desserts,48,42,Sunday,1,0,Rainy,14,1
2025-08-10,Ras Malai,Desserts,39,34,Sunday,1,0,Rainy,14,1
2025-08-10,Kheer,Desserts,34,25,Sunday,1,0,Rainy,14,1
2025-08-10,Kulfi,Desserts,30,17,Sunday,1,0,Rainy,14,1
2025-08-11,Paneer Butter Masala,Main Course,32,25,Monday,0,0,Cloudy,9,0
2025-08-11,Dal Makhani,Main Course,35,30,Monday,0,0,Cloudy,9,0
2025-08-11,Chicken Biryani,Main Course,27,24,Monday,0,0,Cloudy,9,0
2025-08-11,Mutton Rogan Josh,Main Course,28,15,Monday,0,0,Cloudy,9,0
2025-08-11,Paneer Tikka,Starters,42,31,Monday,0,0,Cloudy,9,0
2025-08-11,Chicken Tandoori,Starters,33,25,Monday,0,0,Cloudy,9,0
2025-08-11,Veg Spring Rolls,Starters,39,33,Monday,0,0,Cloudy,9,0
2025-08-11,Fish Amritsari,Starters,41,23,Monday,0,0,Cloudy,9,0
2025-08-11,Butter Naan,Breads,60,57,Monday,0,0,Cloudy,9,0
2025-08-11,Garlic Naan,Breads,55,50,Monday,0,0,Cloudy,9,0
2025-08-11,Tandoori Roti,Breads,51,42,Monday,0,0,Cloudy,9,0
2025-08-11,Gulab Jamun,Desserts,26,21,Monday,0,0,Cloudy,9,0
2025-08-11,Ras Malai,Desserts,25,20,Monday,0,0,Cloudy,9,0
2025-08-11,Kheer,Desserts,23,16,Monday,0,0,Cloudy,9,0
2025-08-11,Kulfi,Desserts,23,12,Monday,0,0,Cloudy,9,0
2025-08-12,Paneer Butter Masala,Main Course,26,24,Tuesday,0,0,Rainy,8,0
2025-08-12,Dal Makhani,Main Course,31,21,Tuesday,0,0,Rainy,8,0
2025-08-12,Chicken Biryani,Main Course,30,26,Tuesday,0,0,Rainy,8,0
2025-08-12,Mutton Rogan Josh,Main Course,26,20,Tuesday,0,0,Rainy,8,0
2025-08-12,Paneer Tikka,Starters,36,32,Tuesday,0,0,Rainy,8,0
2025-08-12,Chicken Tandoori,Starters,32,28,Tuesday,0,0,Rainy,8,0
2025-08-12,Veg Spring Rolls,Starters,41,31,Tuesday,0,0,Rainy,8,0
2025-08-12,Fish Amritsari,Starters,37,23,Tuesday,0,0,Rainy,8,0
2025-08-12,Butter Naan,Breads,55,52,Tuesday,0,0,Rainy,8,0
2025-08-12,Garlic Naan,Breads,45,31,Tuesday,0,0,Rainy,8,0
2025-08-12,Tandoori Roti,Breads,59,41,Tuesday,0,0,Rainy,8,0
2025-08-12,Gulab Jamun,Desserts,26,17,Tuesday,0,0,Rainy,8,0
2025-08-12,Ras Malai,Desserts,25,20,Tuesday,0,0,Rainy,8,0
2025-08-12,Kheer,Desserts,20,14,Tuesday,0,0,Rainy,8,0
2025-08-12,Kulfi,Desserts,18,9,Tuesday,0,0,Rainy,8,0
2025-08-13,Paneer Butter Masala,Main Course,30,24,Wednesday,0,0,Rainy,12,0
2025-08-13,Dal Makhani,Main Course,31,26,Wednesday,0,0,Rainy,12,0
2025-08-13,Chicken Biryani,Main Course,26,22,Wednesday,0,0,Rainy,12,0
2025-08-13,Mutton Rogan Josh,Main Course,25,19,Wednesday,0,0,Rainy,12,0
2025-08-13,Paneer Tikka,Starters,40,36,Wednesday,0,0,Rainy,12,0
2025-08-13,Chicken Tandoori,Starters,35,24,Wednesday,0,0,Rainy,12,0
2025-08-13,Veg Spring Rolls,Starters,36,32,Wednesday,0,0,Rainy,12,0
2025-08-13,Fish Amritsari,Starters,35,27,Wednesday,0,0,Rainy,12,0
2025-08-13,Butter Naan,Breads,50,47,Wednesday,0,0,Rainy,12,0
2025-08-13,Garlic Naan,Breads,55,42,Wednesday,0,0,Rainy,12,0
2025-08-13,Tandoori Roti,Breads,51,14,Wednesday,0,0,Rainy,12,0
2025-08-13,Gulab Jamun,Desserts,28,22,Wednesday,0,0,Rainy,12,0
2025-08-13,Ras Malai,Desserts,27,20,Wednesday,0,0,Rainy,12,0
2025-08-13,Kheer,Desserts,22,18,Wednesday,0,0,Rainy,12,0
2025-08-13,Kulfi,Desserts,21,14,Wednesday,0,0,Rainy,12,0
2025-08-14,Paneer Butter Masala,Main Course,33,28,Thursday,0,0,Cloudy,11,0
2025-08-14,Dal Makhani,Main Course,38,26,Thursday,0,0,Cloudy,11,0
2025-08-14,Chicken Biryani,Main Course,28,24,Thursday,0,0,Cloudy,11,0
2025-08-14,Mutton Rogan Josh,Main Course,27,19,Thursday,0,0,Cloudy,11,0
2025-08-14,Paneer Tikka,Starters,40,35,Thursday,0,0,Cloudy,11,0
2025-08-14,Chicken Tandoori,Starters,38,33,Thursday,0,0,Cloudy,11,0
2025-08-14,Veg Spring Rolls,Starters,46,30,Thursday,0,0,Cloudy,11,0
2025-08-14,Fish Amritsari,Starters,37,20,Thursday,0,0,Cloudy,11,0
2025-08-14,Butter Naan,Breads,59,49,Thursday,0,0,Cloudy,11,0
2025-08-14,Garlic Naan,Breads,50,46,Thursday,0,0,Cloudy,11,0
2025-08-14,Tandoori Roti,Breads,63,57,Thursday,0,0,Cloudy,11,0
2025-08-14,Gulab Jamun,Desserts,28,21,Thursday,0,0,Cloudy,11,0
2025-08-14,Ras Malai,Desserts,29,26,Thursday,0,0,Cloudy,11,0
2025-08-14,Kheer,Desserts,23,19,Thursday,0,0,Cloudy,11,0
2025-08-14,Kulfi,Desserts,21,16,Thursday,0,0,Cloudy,11,0
2025-08-15,Paneer Butter Masala,Main Course,38,34,Friday,0,1,Cloudy,15,1
2025-08-15,Dal Makhani,Main Course,50,42,Friday,0,1,Cloudy,15,1
2025-08-15,Chicken Biryani,Main Course,50,47,Friday,0,1,Cloudy,15,1
2025-08-15,Mutton Rogan Josh,Main Course,42,29,Friday,0,1,Cloudy,15,1
2025-08-15,Paneer Tikka,Starters,60,47,Friday,0,1,Cloudy,15,1
2025-08-15,Chicken Tandoori,Starters,51,34,Friday,0,1,Cloudy,15,1
2025-08-15,Veg Spring Rolls,Starters,53,38,Friday,0,1,Cloudy,15,1
2025-08-15,Fish Amritsari,Starters,49,37,Friday,0,1,Cloudy,15,1
2025-08-15,Butter Naan,Breads,76,72,Friday,0,1,Cloudy,15,1
2025-08-15,Garlic Naan,Breads,75,66,Friday,0,1,Cloudy,15,1
2025-08-15,Tandoori Roti,Breads,87,75,Friday,0,1,Cloudy,15,1
2025-08-15,Gulab Jamun,Desserts,47,40,Friday,0,1,Cloudy,15,1
2025-08-15,Ras Malai,Desserts,44,30,Friday,0,1,Cloudy,15,1
2025-08-15,Kheer,Desserts,30,27,Friday,0,1,Cloudy,15,1
2025-08-15,Kulfi,Desserts,34,17,Friday,0,1,Cloudy,15,1
2025-08-16,Paneer Butter Masala,Main Course,43,12,Saturday,1,0,Rainy,10,0
2025-08-16,Dal Makhani,Main Course,44,29,Saturday,1,0,Rainy,10,0
2025-08-16,Chicken Biryani,Main Course,41,33,Saturday,1,0,Rainy,10,0
2025-08-16,Mutton Rogan Josh,Main Course,42,21,Saturday,1,0,Rainy,10,0
2025-08-16,Paneer Tikka,Starters,49,38,Saturday,1,0,Rainy,10,0
2025-08-16,Chicken Tandoori,Starters,43,35,Saturday,1,0,Rainy,10,0
2025-08-16,Veg Spring Rolls,Starters,56,39,Saturday,1,0,Rainy,10,0
2025-08-16,Fish Amritsari,Starters,49,38,Saturday,1,0,Rainy,10,0
2025-08-16,Butter Naan,Breads,79,72,Saturday,1,0,Rainy,10,0
2025-08-16,Garlic Naan,Breads,72,55,Saturday,1,0,Rainy,10,0
2025-08-16,Tandoori Roti,Breads,66,58,Saturday,1,0,Rainy,10,0
2025-08-16,Gulab Jamun,Desserts,41,32,Saturday,1,0,Rainy,10,0
2025-08-16,Ras Malai,Desserts,33,26,Saturday,1,0,Rainy,10,0
2025-08-16,Kheer,Desserts,25,17,Saturday,1,0,Rainy,10,0
2025-08-16,Kulfi,Desserts,31,22,Saturday,1,0,Rainy,10,0
2025-08-17,Paneer Butter Masala,Main Course,57,52,Sunday,1,0,Sunny,12,1
2025-08-17,Dal Makhani,Main Course,63,58,Sunday,1,0,Sunny,12,1
2025-08-17,Chicken Biryani,Main Course,47,45,Sunday,1,0,Sunny,12,1
2025-08-17,Mutton Rogan Josh,Main Course,49,32,Sunday,1,0,Sunny,12,1
2025-08-17,Paneer Tikka,Starters,67,56,Sunday,1,0,Sunny,12,1
2025-08-17,Chicken Tandoori,Starters,62,50,Sunday,1,0,Sunny,12,1
2025-08-17,Veg Spring Rolls,Starters,67,59,Sunday,1,0,Sunny,12,1
2025-08-17,Fish Amritsari,Starters,60,42,Sunday,1,0,Sunny,12,1
2025-08-17,Butter Naan,Breads,101,98,Sunday,1,0,Sunny,12,1
2025-08-17,Garlic Naan,Breads,88,65,Sunday,1,0,Sunny,12,1
2025-08-17,Tandoori Roti,Breads,99,85,Sunday,1,0,Sunny,12,1
2025-08-17,Gulab Jamun,Desserts,46,42,Sunday,1,0,Sunny,12,1
2025-08-17,Ras Malai,Desserts,45,34,Sunday,1,0,Sunny,12,1
2025-08-17,Kheer,Desserts,38,26,Sunday,1,0,Sunny,12,1
2025-08-17,Kulfi,Desserts,37,27,Sunday,1,0,Sunny,12,1
2025-08-18,Paneer Butter Masala,Main Course,29,23,Monday,0,0,Stormy,9,0
2025-08-18,Dal Makhani,Main Course,33,23,Monday,0,0,Stormy,9,0
2025-08-18,Chicken Biryani,Main Course,26,22,Monday,0,0,Stormy,9,0
2025-08-18,Mutton Rogan Josh,Main Course,26,17,Monday,0,0,Stormy,9,0
2025-08-18,Paneer Tikka,Starters,38,27,Monday,0,0,Stormy,9,0
2025-08-18,Chicken Tandoori,Starters,32,29,Monday,0,0,Stormy,9,0
2025-08-18,Veg Spring Rolls,Starters,35,23,Monday,0,0,Stormy,9,0
2025-08-18,Fish Amritsari,Starters,32,20,Monday,0,0,Stormy,9,0
2025-08-18,Butter Naan,Breads,43,37,Monday,0,0,Stormy,9,0
2025-08-18,Garlic Naan,Breads,41,28,Monday,0,0,Stormy,9,0
2025-08-18,Tandoori Roti,Breads,51,45,Monday,0,0,Stormy,9,0
2025-08-18,Gulab Jamun,Desserts,22,15,Monday,0,0,Stormy,9,0
2025-08-18,Ras Malai,Desserts,24,15,Monday,0,0,Stormy,9,0
2025-08-18,Kheer,Desserts,20,13,Monday,0,0,Stormy,9,0
2025-08-18,Kulfi,Desserts,18,11,Monday,0,0,Stormy,9,0
2025-08-19,Paneer Butter Masala,Main Course,29,23,Tuesday,0,0,Rainy,12,0
2025-08-19,Dal Makhani,Main Course,29,22,Tuesday,0,0,Rainy,12,0
2025-08-19,Chicken Biryani,Main Course,27,22,Tuesday,0,0,Rainy,12,0
2025-08-19,Mutton Rogan Josh,Main Course,29,21,Tuesday,0,0,Rainy,12,0
2025-08-19,Paneer Tikka,Starters,41,34,Tuesday,0,0,Rainy,12,0
2025-08-19,Chicken Tandoori,Starters,37,34,Tuesday,0,0,Rainy,12,0
2025-08-19,Veg Spring Rolls,Starters,37,28,Tuesday,0,0,Rainy,12,0
2025-08-19,Fish Amritsari,Starters,39,26,Tuesday,0,0,Rainy,12,0
2025-08-19,Butter Naan,Breads,55,50,Tuesday,0,0,Rainy,12,0
2025-08-19,Garlic Naan,Breads,46,30,Tuesday,0,0,Rainy,12,0
2025-08-19,Tandoori Roti,Breads,58,48,Tuesday,0,0,Rainy,12,0
2025-08-19,Gulab Jamun,Desserts,24,19,Tuesday,0,0,Rainy,12,0
2025-08-19,Ras Malai,Desserts,25,17,Tuesday,0,0,Rainy,12,0
2025-08-19,Kheer,Desserts,18,15,Tuesday,0,0,Rainy,12,0
2025-08-19,Kulfi,Desserts,19,15,Tuesday,0,0,Rainy,12,0
2025-08-20,Paneer Butter Masala,Main Course,32,27,Wednesday,0,0,Cloudy,12,0
2025-08-20,Dal Makhani,Main Course,33,24,Wednesday,0,0,Cloudy,12,0
2025-08-20,Chicken Biryani,Main Course,31,25,Wednesday,0,0,Cloudy,12,0
2025-08-20,Mutton Rogan Josh,Main Course,26,17,Wednesday,0,0,Cloudy,12,0
2025-08-20,Paneer Tikka,Starters,40,27,Wednesday,0,0,Cloudy,12,0
2025-08-20,Chicken Tandoori,Starters,40,28,Wednesday,0,0,Cloudy,12,0
2025-08-20,Veg Spring Rolls,Starters,43,40,Wednesday,0,0,Cloudy,12,0
2025-08-20,Fish Amritsari,Starters,38,25,Wednesday,0,0,Cloudy,12,0
2025-08-20,Butter Naan,Breads,51,49,Wednesday,0,0,Cloudy,12,0
2025-08-20,Garlic Naan,Breads,58,54,Wednesday,0,0,Cloudy,12,0
2025-08-20,Tandoori Roti,Breads,61,48,Wednesday,0,0,Cloudy,12,0
2025-08-20,Gulab Jamun,Desserts,28,19,Wednesday,0,0,Cloudy,12,0
2025-08-20,Ras Malai,Desserts,30,24,Wednesday,0,0,Cloudy,12,0
2025-08-20,Kheer,Desserts,21,17,Wednesday,0,0,Cloudy,12,0
2025-08-20,Kulfi,Desserts,22,11,Wednesday,0,0,Cloudy,12,0
2025-08-21,Paneer Butter Masala,Main Course,57,28,Thursday,0,0,Rainy,12,0
2025-08-21,Dal Makhani,Main Course,31,20,Thursday,0,0,Rainy,12,0
2025-08-21,Chicken Biryani,Main Course,25,20,Thursday,0,0,Rainy,12,0
2025-08-21,Mutton Rogan Josh,Main Course,30,15,Thursday,0,0,Rainy,12,0
2025-08-21,Paneer Tikka,Starters,39,36,Thursday,0,0,Rainy,12,0
2025-08-21,Chicken Tandoori,Starters,32,29,Thursday,0,0,Rainy,12,0
2025-08-21,Veg Spring Rolls,Starters,39,33,Thursday,0,0,Rainy,12,0
2025-08-21,Fish Amritsari,Starters,37,22,Thursday,0,0,Rainy,12,0
2025-08-21,Butter Naan,Breads,45,42,Thursday,0,0,Rainy,12,0
2025-08-21,Garlic Naan,Breads,50,33,Thursday,0,0,Rainy,12,0
2025-08-21,Tandoori Roti,Breads,46,39,Thursday,0,0,Rainy,12,0
2025-08-21,Gulab Jamun,Desserts,29,20,Thursday,0,0,Rainy,12,0
2025-08-21,Ras Malai,Desserts,28,26,Thursday,0,0,Rainy,12,0
2025-08-21,Kheer,Desserts,22,15,Thursday,0,0,Rainy,12,0
2025-08-21,Kulfi,Desserts,20,14,Thursday,0,0,Rainy,12,0
2025-08-22,Paneer Butter Masala,Main Course,24,19,Friday,0,0,Stormy,9,0
2025-08-22,Dal Makhani,Main Course,26,16,Friday,0,0,Stormy,9,0
2025-08-22,Chicken Biryani,Main Course,27,22,Friday,0,0,Stormy,9,0
2025-08-22,Mutton Rogan Josh,Main Course,26,20,Friday,0,0,Stormy,9,0
2025-08-22,Paneer Tikka,Starters,38,32,Friday,0,0,Stormy,9,0
2025-08-22,Chicken Tandoori,Starters,31,20,Friday,0,0,Stormy,9,0
2025-08-22,Veg Spring Rolls,Starters,31,22,Friday,0,0,Stormy,9,0
2025-08-22,Fish Amritsari,Starters,37,21,Friday,0,0,Stormy,9,0
2025-08-22,Butter Naan,Breads,48,39,Friday,0,0,Stormy,9,0
2025-08-22,Garlic Naan,Breads,41,34,Friday,0,0,Stormy,9,0
2025-08-22,Tandoori Roti,Breads,53,44,Friday,0,0,Stormy,9,0
2025-08-22,Gulab Jamun,Desserts,26,8,Friday,0,0,Stormy,9,0
2025-08-22,Ras Malai,Desserts,25,16,Friday,0,0,Stormy,9,0
2025-08-22,Kheer,Desserts,20,6,Friday,0,0,Stormy,9,0
2025-08-22,Kulfi,Desserts,19,13,Friday,0,0,Stormy,9,0
2025-08-23,Paneer Butter Masala,Main Course,39,32,Saturday,1,0,Sunny,16,0
2025-08-23,Dal Makhani,Main Course,45,33,Saturday,1,0,Sunny,16,0
2025-08-23,Chicken Biryani,Main Course,41,36,Saturday,1,0,Sunny,16,0
2025-08-23,Mutton Rogan Josh,Main Course,40,30,Saturday,1,0,Sunny,16,0
2025-08-23,Paneer Tikka,Starters,64,48,Saturday,1,0,Sunny,16,0
2025-08-23,Chicken Tandoori,Starters,54,38,Saturday,1,0,Sunny,16,0
2025-08-23,Veg Spring Rolls,Starters,53,45,Saturday,1,0,Sunny,16,0
2025-08-23,Fish Amritsari,Starters,56,38,Saturday,1,0,Sunny,16,0
2025-08-23,Butter Naan,Breads,81,76,Saturday,1,0,Sunny,16,0
2025-08-23,Garlic Naan,Breads,85,64,Saturday,1,0,Sunny,16,0
2025-08-23,Tandoori Roti,Breads,73,66,Saturday,1,0,Sunny,16,0
2025-08-23,Gulab Jamun,Desserts,36,32,Saturday,1,0,Sunny,16,0
2025-08-23,Ras Malai,Desserts,42,35,Saturday,1,0,Sunny,16,0
2025-08-23,Kheer,Desserts,33,30,Saturday,1,0,Sunny,16,0
2025-08-23,Kulfi,Desserts,33,16,Saturday,1,0,Sunny,16,0
2025-08-24,Paneer Butter Masala,Main Course,44,41,Sunday,1,0,Rainy,15,1
2025-08-24,Dal Makhani,Main Course,56,38,Sunday,1,0,Rainy,15,1
2025-08-24,Chicken Biryani,Main Course,49,45,Sunday,1,0,Rainy,15,1
2025-08-24,Mutton Rogan Josh,Main Course,44,27,Sunday,1,0,Rainy,15,1
2025-08-24,Paneer Tikka,Starters,63,43,Sunday,1,0,Rainy,15,1
2025-08-24,Chicken Tandoori,Starters,57,48,Sunday,1,0,Rainy,15,1
2025-08-24,Veg Spring Rolls,Starters,58,44,Sunday,1,0,Rainy,15,1
2025-08-24,Fish Amritsari,Starters,62,36,Sunday,1,0,Rainy,15,1
2025-08-24,Butter Naan,Breads,80,75,Sunday,1,0,Rainy,15,1
2025-08-24,Garlic Naan,Breads,81,69,Sunday,1,0,Rainy,15,1
2025-08-24,Tandoori Roti,Breads,97,65,Sunday,1,0,Rainy,15,1
2025-08-24,Gulab Jamun,Desserts,48,44,Sunday,1,0,Rainy,15,1
2025-08-24,Ras Malai,Desserts,44,29,Sunday,1,0,Rainy,15,1
2025-08-24,Kheer,Desserts,34,22,Sunday,1,0,Rainy,15,1
2025-08-24,Kulfi,Desserts,32,19,Sunday,1,0,Rainy,15,1
2025-08-25,Paneer Butter Masala,Main Course,26,24,Monday,0,0,Stormy,8,0
2025-08-25,Dal Makhani,Main Course,29,24,Monday,0,0,Stormy,8,0
2025-08-25,Chicken Biryani,Main Course,26,23,Monday,0,0,Stormy,8,0
2025-08-25,Mutton Rogan Josh,Main Course,25,16,Monday,0,0,Stormy,8,0
2025-08-25,Paneer Tikka,Starters,34,26,Monday,0,0,Stormy,8,0
2025-08-25,Chicken Tandoori,Starters,33,24,Monday,0,0,Stormy,8,0
2025-08-25,Veg Spring Rolls,Starters,33,22,Monday,0,0,Stormy,8,0
2025-08-25,Fish Amritsari,Starters,29,21,Monday,0,0,Stormy,8,0
2025-08-25,Butter Naan,Breads,52,46,Monday,0,0,Stormy,8,0
2025-08-25,Garlic Naan,Breads,47,30,Monday,0,0,Stormy,8,0
2025-08-25,Tandoori Roti,Breads,53,46,Monday,0,0,Stormy,8,0
2025-08-25,Gulab Jamun,Desserts,26,20,Monday,0,0,Stormy,8,0
2025-08-25,Ras Malai,Desserts,24,16,Monday,0,0,Stormy,8,0
2025-08-25,Kheer,Desserts,17,11,Monday,0,0,Stormy,8,0
2025-08-25,Kulfi,Desserts,17,13,Monday,0,0,Stormy,8,0
2025-08-26,Paneer Butter Masala,Main Course,26,25,Tuesday,0,0,Stormy,9,0
2025-08-26,Dal Makhani,Main Course,28,19,Tuesday,0,0,Stormy,9,0
2025-08-26,Chicken Biryani,Main Course,23,18,Tuesday,0,0,Stormy,9,0
2025-08-26,Mutton Rogan Josh,Main Course,24,12,Tuesday,0,0,Stormy,9,0
2025-08-26,Paneer Tikka,Starters,36,26,Tuesday,0,0,Stormy,9,0
2025-08-26,Chicken Tandoori,Starters,34,22,Tuesday,0,0,Stormy,9,0
2025-08-26,Veg Spring Rolls,Starters,37,34,Tuesday,0,0,Stormy,9,0
2025-08-26,Fish Amritsari,Starters,35,24,Tuesday,0,0,Stormy,9,0
2025-08-26,Butter Naan,Breads,50,47,Tuesday,0,0,Stormy,9,0
2025-08-26,Garlic Naan,Breads,76,30,Tuesday,0,0,Stormy,9,0
2025-08-26,Tandoori Roti,Breads,46,31,Tuesday,0,0,Stormy,9,0
2025-08-26,Gulab Jamun,Desserts,22,14,Tuesday,0,0,Stormy,9,0
2025-08-26,Ras Malai,Desserts,25,17,Tuesday,0,0,Stormy,9,0
2025-08-26,Kheer,Desserts,17,15,Tuesday,0,0,Stormy,9,0
2025-08-26,Kulfi,Desserts,21,11,Tuesday,0,0,Stormy,9,0
2025-08-27,Paneer Butter Masala,Main Course,34,27,Wednesday,0,0,Rainy,10,1
2025-08-27,Dal Makhani,Main Course,42,28,Wednesday,0,0,Rainy,10,1
2025-08-27,Chicken Biryani,Main Course,34,27,Wednesday,0,0,Rainy,10,1
2025-08-27,Mutton Rogan Josh,Main Course,32,25,Wednesday,0,0,Rainy,10,1
2025-08-27,Paneer Tikka,Starters,40,34,Wednesday,0,0,Rainy,10,1
2025-08-27,Chicken Tandoori,Starters,43,33,Wednesday,0,0,Rainy,10,1
2025-08-27,Veg Spring Rolls,Starters,43,40,Wednesday,0,0,Rainy,10,1
2025-08-27,Fish Amritsari,Starters,41,32,Wednesday,0,0,Rainy,10,1
2025-08-27,Butter Naan,Breads,64,53,Wednesday,0,0,Rainy,10,1
2025-08-27,Garlic Naan,Breads,55,42,Wednesday,0,0,Rainy,10,1
2025-08-27,Tandoori Roti,Breads,66,60,Wednesday,0,0,Rainy,10,1
2025-08-27,Gulab Jamun,Desserts,31,22,Wednesday,0,0,Rainy,10,1
2025-08-27,Ras Malai,Desserts,33,30,Wednesday,0,0,Rainy,10,1
2025-08-27,Kheer,Desserts,26,24,Wednesday,0,0,Rainy,10,1
2025-08-27,Kulfi,Desserts,24,12,Wednesday,0,0,Rainy,10,1
2025-08-28,Paneer Butter Masala,Main Course,31,27,Thursday,0,0,Cloudy,11,0
2025-08-28,Dal Makhani,Main Course,34,22,Thursday,0,0,Cloudy,11,0
2025-08-28,Chicken Biryani,Main Course,33,27,Thursday,0,0,Cloudy,11,0
2025-08-28,Mutton Rogan Josh,Main Course,29,22,Thursday,0,0,Cloudy,11,0
2025-08-28,Paneer Tikka,Starters,36,30,Thursday,0,0,Cloudy,11,0
2025-08-28,Chicken Tandoori,Starters,38,28,Thursday,0,0,Cloudy,11,0
2025-08-28,Veg Spring Rolls,Starters,39,27,Thursday,0,0,Cloudy,11,0
2025-08-28,Fish Amritsari,Starters,37,25,Thursday,0,0,Cloudy,11,0
2025-08-28,Butter Naan,Breads,55,48,Thursday,0,0,Cloudy,11,0
2025-08-28,Garlic Naan,Breads,59,55,Thursday,0,0,Cloudy,11,0
2025-08-28,Tandoori Roti,Breads,57,39,Thursday,0,0,Cloudy,11,0
2025-08-28,Gulab Jamun,Desserts,30,22,Thursday,0,0,Cloudy,11,0
2025-08-28,Ras Malai,Desserts,30,21,Thursday,0,0,Cloudy,11,0
2025-08-28,Kheer,Desserts,21,15,Thursday,0,0,Cloudy,11,0
2025-08-28,Kulfi,Desserts,22,16,Thursday,0,0,Cloudy,11,0
2025-08-29,Paneer Butter Masala,Main Course,25,23,Friday,0,0,Stormy,11,0
2025-08-29,Dal Makhani,Main Course,29,26,Friday,0,0,Stormy,11,0
2025-08-29,Chicken Biryani,Main Course,27,26,Friday,0,0,Stormy,11,0
2025-08-29,Mutton Rogan Josh,Main Course,25,13,Friday,0,0,Stormy,11,0
2025-08-29,Paneer Tikka,Starters,36,30,Friday,0,0,Stormy,11,0
2025-08-29,Chicken Tandoori,Starters,28,20,Friday,0,0,Stormy,11,0
2025-08-29,Veg Spring Rolls,Starters,31,22,Friday,0,0,Stormy,11,0
2025-08-29,Fish Amritsari,Starters,37,26,Friday,0,0,Stormy,11,0
2025-08-29,Butter Naan,Breads,44,37,Friday,0,0,Stormy,11,0
2025-08-29,Garlic Naan,Breads,46,36,Friday,0,0,Stormy,11,0
2025-08-29,Tandoori Roti,Breads,48,41,Friday,0,0,Stormy,11,0
2025-08-29,Gulab Jamun,Desserts,22,16,Friday,0,0,Stormy,11,0
2025-08-29,Ras Malai,Desserts,21,14,Friday,0,0,Stormy,11,0
2025-08-29,Kheer,Desserts,18,12,Friday,0,0,Stormy,11,0
2025-08-29,Kulfi,Desserts,17,8,Friday,0,0,Stormy,11,0
2025-08-30,Paneer Butter Masala,Main Course,43,41,Saturday,1,0,Sunny,16,0
2025-08-30,Dal Makhani,Main Course,52,35,Saturday,1,0,Sunny,16,0
2025-08-30,Chicken Biryani,Main Course,43,36,Saturday,1,0,Sunny,16,0
2025-08-30,Mutton Rogan Josh,Main Course,40,24,Saturday,1,0,Sunny,16,0
2025-08-30,Paneer Tikka,Starters,54,49,Saturday,1,0,Sunny,16,0
2025-08-30,Chicken Tandoori,Starters,47,31,Saturday,1,0,Sunny,16,0
2025-08-30,Veg Spring Rolls,Starters,55,41,Saturday,1,0,Sunny,16,0
2025-08-30,Fish Amritsari,Starters,99,40,Saturday,1,0,Sunny,16,0
2025-08-30,Butter Naan,Breads,75,61,Saturday,1,0,Sunny,16,0
2025-08-30,Garlic Naan,Breads,74,69,Saturday,1,0,Sunny,16,0
2025-08-30,Tandoori Roti,Breads,81,57,Saturday,1,0,Sunny,16,0
2025-08-30,Gulab Jamun,Desserts,40,28,Saturday,1,0,Sunny,16,0
2025-08-30,Ras Malai,Desserts,34,28,Saturday,1,0,Sunny,16,0
2025-08-30,Kheer,Desserts,33,28,Saturday,1,0,Sunny,16,0
2025-08-30,Kulfi,Desserts,33,22,Saturday,1,0,Sunny,16,0
2025-08-31,Paneer Butter Masala,Main Course,41,37,Sunday,1,0,Stormy,15,0
2025-08-31,Dal Makhani,Main Course,45,38,Sunday,1,0,Stormy,15,0
2025-08-31,Chicken Biryani,Main Course,40,35,Sunday,1,0,Stormy,15,0
2025-08-31,Mutton Rogan Josh,Main Course,31,24,Sunday,1,0,Stormy,15,0
2025-08-31,Paneer Tikka,Starters,49,35,Sunday,1,0,Stormy,15,0
2025-08-31,Chicken Tandoori,Starters,38,29,Sunday,1,0,Stormy,15,0
2025-08-31,Veg Spring Rolls,Starters,49,44,Sunday,1,0,Stormy,15,0
2025-08-31,Fish Amritsari,Starters,48,29,Sunday,1,0,Stormy,15,0
2025-08-31,Butter Naan,Breads,73,60,Sunday,1,0,Stormy,15,0
2025-08-31,Garlic Naan,Breads,68,62,Sunday,1,0,Stormy,15,0
2025-08-31,Tandoori Roti,Breads,62,52,Sunday,1,0,Stormy,15,0
2025-08-31,Gulab Jamun,Desserts,36,29,Sunday,1,0,Stormy,15,0
2025-08-31,Ras Malai,Desserts,29,25,Sunday,1,0,Stormy,15,0
2025-08-31,Kheer,Desserts,25,22,Sunday,1,0,Stormy,15,0
2025-08-31,Kulfi,Desserts,29,19,Sunday,1,0,Stormy,15,0
2025-09-01,Paneer Butter Masala,Main Course,35,29,Monday,0,0,Rainy,10,0
2025-09-01,Dal Makhani,Main Course,33,28,Monday,0,0,Rainy,10,0
2025-09-01,Chicken Biryani,Main Course,30,24,Monday,0,0,Rainy,10,0
2025-09-01,Mutton Rogan Josh,Main Course,27,14,Monday,0,0,Rainy,10,0
2025-09-01,Paneer Tikka,Starters,38,25,Monday,0,0,Rainy,10,0
2025-09-01,Chicken Tandoori,Starters,33,22,Monday,0,0,Rainy,10,0
2025-09-01,Veg Spring Rolls,Starters,41,32,Monday,0,0,Rainy,10,0
2025-09-01,Fish Amritsari,Starters,39,28,Monday,0,0,Rainy,10,0
2025-09-01,Butter Naan,Breads,63,51,Monday,0,0,Rainy,10,0
2025-09-01,Garlic Naan,Breads,59,48,Monday,0,0,Rainy,10,0
2025-09-01,Tandoori Roti,Breads,59,42,Monday,0,0,Rainy,10,0
2025-09-01,Gulab Jamun,Desserts,30,22,Monday,0,0,Rainy,10,0
2025-09-01,Ras Malai,Desserts,28,20,Monday,0,0,Rainy,10,0
2025-09-01,Kheer,Desserts,26,21,Monday,0,0,Rainy,10,0
2025-09-01,Kulfi,Desserts,24,14,Monday,0,0,Rainy,10,0
2025-09-02,Paneer Butter Masala,Main Course,31,24,Tuesday,0,0,Cloudy,9,0
2025-09-02,Dal Makhani,Main Course,40,28,Tuesday,0,0,Cloudy,9,0
2025-09-02,Chicken Biryani,Main Course,37,32,Tuesday,0,0,Cloudy,9,0
2025-09-02,Mutton Rogan Josh,Main Course,32,17,Tuesday,0,0,Cloudy,9,0
2025-09-02,Paneer Tikka,Starters,40,29,Tuesday,0,0,Cloudy,9,0
2025-09-02,Chicken Tandoori,Starters,43,32,Tuesday,0,0,Cloudy,9,0
2025-09-02,Veg Spring Rolls,Starters,49,45,Tuesday,0,0,Cloudy,9,0
2025-09-02,Fish Amritsari,Starters,42,25,Tuesday,0,0,Cloudy,9,0
2025-09-02,Butter Naan,Breads,57,52,Tuesday,0,0,Cloudy,9,0
2025-09-02,Garlic Naan,Breads,56,51,Tuesday,0,0,Cloudy,9,0
2025-09-02,Tandoori Roti,Breads,69,46,Tuesday,0,0,Cloudy,9,0
2025-09-02,Gulab Jamun,Desserts,32,22,Tuesday,0,0,Cloudy,9,0
2025-09-02,Ras Malai,Desserts,27,18,Tuesday,0,0,Cloudy,9,0
2025-09-02,Kheer,Desserts,24,17,Tuesday,0,0,Cloudy,9,0
2025-09-02,Kulfi,Desserts,24,16,Tuesday,0,0,Cloudy,9,0
2025-09-03,Paneer Butter Masala,Main Course,31,25,Wednesday,0,0,Cloudy,12,0
2025-09-03,Dal Makhani,Main Course,41,38,Wednesday,0,0,Cloudy,12,0
2025-09-03,Chicken Biryani,Main Course,37,29,Wednesday,0,0,Cloudy,12,0
2025-09-03,Mutton Rogan Josh,Main Course,30,20,Wednesday,0,0,Cloudy,12,0
2025-09-03,Paneer Tikka,Starters,41,38,Wednesday,0,0,Cloudy,12,0
2025-09-03,Chicken Tandoori,Starters,45,35,Wednesday,0,0,Cloudy,12,0
2025-09-03,Veg Spring Rolls,Starters,45,36,Wednesday,0,0,Cloudy,12,0
2025-09-03,Fish Amritsari,Starters,40,28,Wednesday,0,0,Cloudy,12,0
2025-09-03,Butter Naan,Breads,56,21,Wednesday,0,0,Cloudy,12,0
2025-09-03,Garlic Naan,Breads,67,47,Wednesday,0,0,Cloudy,12,0
2025-09-03,Tandoori Roti,Breads,61,41,Wednesday,0,0,Cloudy,12,0
2025-09-03,Gulab Jamun,Desserts,32,23,Wednesday,0,0,Cloudy,12,0
2025-09-03,Ras Malai,Desserts,27,24,Wednesday,0,0,Cloudy,12,0
2025-09-03,Kheer,Desserts,28,21,Wednesday,0,0,Cloudy,12,0
2025-09-03,Kulfi,Desserts,24,12,Wednesday,0,0,Cloudy,12,0
2025-09-04,Paneer Butter Masala,Main Course,36,32,Thursday,0,0,Rainy,9,0
2025-09-04,Dal Makhani,Main Course,40,36,Thursday,0,0,Rainy,9,0
2025-09-04,Chicken Biryani,Main Course,31,24,Thursday,0,0,Rainy,9,0
2025-09-04,Mutton Rogan Josh,Main Course,26,18,Thursday,0,0,Rainy,9,0
2025-09-04,Paneer Tikka,Starters,43,39,Thursday,0,0,Rainy,9,0
2025-09-04,Chicken Tandoori,Starters,41,33,Thursday,0,0,Rainy,9,0
2025-09-04,Veg Spring Rolls,Starters,47,34,Thursday,0,0,Rainy,9,0
2025-09-04,Fish Amritsari,Starters,36,25,Thursday,0,0,Rainy,9,0
2025-09-04,Butter Naan,Breads,62,51,Thursday,0,0,Rainy,9,0
2025-09-04,Garlic Naan,Breads,52,37,Thursday,0,0,Rainy,9,0
2025-09-04,Tandoori Roti,Breads,64,48,Thursday,0,0,Rainy,9,0
2025-09-04,Gulab Jamun,Desserts,31,21,Thursday,0,0,Rainy,9,0
2025-09-04,Ras Malai,Desserts,30,25,Thursday,0,0,Rainy,9,0
2025-09-04,Kheer,Desserts,24,17,Thursday,0,0,Rainy,9,0
2025-09-04,Kulfi,Desserts,21,15,Thursday,0,0,Rainy,9,0
2025-09-05,Paneer Butter Masala,Main Course,39,37,Friday,0,0,Cloudy,11,0
2025-09-05,Dal Makhani,Main Course,36,30,Friday,0,0,Cloudy,11,0
2025-09-05,Chicken Biryani,Main Course,32,30,Friday,0,0,Cloudy,11,0
2025-09-05,Mutton Rogan Josh,Main Course,32,18,Friday,0,0,Cloudy,11,0
2025-09-05,Paneer Tikka,Starters,45,34,Friday,0,0,Cloudy,11,0
2025-09-05,Chicken Tandoori,Starters,37,33,Friday,0,0,Cloudy,11,0
2025-09-05,Veg Spring Rolls,Starters,51,38,Friday,0,0,Cloudy,11,0
2025-09-05,Fish Amritsari,Starters,42,27,Friday,0,0,Cloudy,11,0
2025-09-05,Butter Naan,Breads,65,58,Friday,0,0,Cloudy,11,0
2025-09-05,Garlic Naan,Breads,60,54,Friday,0,0,Cloudy,11,0
2025-09-05,Tandoori Roti,Breads,71,65,Friday,0,0,Cloudy,11,0
2025-09-05,Gulab Jamun,Desserts,29,22,Friday,0,0,Cloudy,11,0
2025-09-05,Ras Malai,Desserts,33,27,Friday,0,0,Cloudy,11,0
2025-09-05,Kheer,Desserts,22,18,Friday,0,0,Cloudy,11,0
2025-09-05,Kulfi,Desserts,25,13,Friday,0,0,Cloudy,11,0
2025-09-06,Paneer Butter Masala,Main Course,57,55,Saturday,1,0,Rainy,15,1
2025-09-06,Dal Makhani,Main Course,62,58,Saturday,1,0,Rainy,15,1
2025-09-06,Chicken Biryani,Main Course,53,44,Saturday,1,0,Rainy,15,1
2025-09-06,Mutton Rogan Josh,Main Course,45,29,Saturday,1,0,Rainy,15,1
2025-09-06,Paneer Tikka,Starters,66,48,Saturday,1,0,Rainy,15,1
2025-09-06,Chicken Tandoori,Starters,71,65,Saturday,1,0,Rainy,15,1
2025-09-06,Veg Spring Rolls,Starters,64,59,Saturday,1,0,Rainy,15,1
2025-09-06,Fish Amritsari,Starters,68,39,Saturday,1,0,Rainy,15,1
2025-09-06,Butter Naan,Breads,106,95,Saturday,1,0,Rainy,15,1
2025-09-06,Garlic Naan,Breads,98,87,Saturday,1,0,Rainy,15,1
2025-09-06,Tandoori Roti,Breads,107,94,Saturday,1,0,Rainy,15,1
2025-09-06,Gulab Jamun,Desserts,50,45,Saturday,1,0,Rainy,15,1
2025-09-06,Ras Malai,Desserts,45,33,Saturday,1,0,Rainy,15,1
2025-09-06,Kheer,Desserts,36,26,Saturday,1,0,Rainy,15,1
2025-09-06,Kulfi,Desserts,34,21,Saturday,1,0,Rainy,15,1
2025-09-07,Paneer Butter Masala,Main Course,69,61,Sunday,1,1,Rainy,13,1
2025-09-07,Dal Makhani,Main Course,78,71,Sunday,1,1,Rainy,13,1
2025-09-07,Chicken Biryani,Main Course,74,72,Sunday,1,1,Rainy,13,1
2025-09-07,Mutton Rogan Josh,Main Course,49,34,Sunday,1,1,Rainy,13,1
2025-09-07,Paneer Tikka,Starters,75,69,Sunday,1,1,Rainy,13,1
2025-09-07,Chicken Tandoori,Starters,69,45,Sunday,1,1,Rainy,13,1
2025-09-07,Veg Spring Rolls,Starters,85,78,Sunday,1,1,Rainy,13,1
2025-09-07,Fish Amritsari,Starters,86,59,Sunday,1,1,Rainy,13,1
2025-09-07,Butter Naan,Breads,109,105,Sunday,1,1,Rainy,13,1
2025-09-07,Garlic Naan,Breads,113,78,Sunday,1,1,Rainy,13,1
2025-09-07,Tandoori Roti,Breads,124,95,Sunday,1,1,Rainy,13,1
2025-09-07,Gulab Jamun,Desserts,63,57,Sunday,1,1,Rainy,13,1
2025-09-07,Ras Malai,Desserts,54,50,Sunday,1,1,Rainy,13,1
2025-09-07,Kheer,Desserts,43,35,Sunday,1,1,Rainy,13,1
2025-09-07,Kulfi,Desserts,50,26,Sunday,1,1,Rainy,13,1
2025-09-08,Paneer Butter Masala,Main Course,31,28,Monday,0,0,Cloudy,9,0
2025-09-08,Dal Makhani,Main Course,39,34,Monday,0,0,Cloudy,9,0
2025-09-08,Chicken Biryani,Main Course,35,33,Monday,0,0,Cloudy,9,0
2025-09-08,Mutton Rogan Josh,Main Course,32,16,Monday,0,0,Cloudy,9,0
2025-09-08,Paneer Tikka,Starters,48,39,Monday,0,0,Cloudy,9,0
2025-09-08,Chicken Tandoori,Starters,37,33,Monday,0,0,Cloudy,9,0
2025-09-08,Veg Spring Rolls,Starters,50,34,Monday,0,0,Cloudy,9,0
2025-09-08,Fish Amritsari,Starters,42,28,Monday,0,0,Cloudy,9,0
2025-09-08,Butter Naan,Breads,69,61,Monday,0,0,Cloudy,9,0
2025-09-08,Garlic Naan,Breads,58,16,Monday,0,0,Cloudy,9,0
2025-09-08,Tandoori Roti,Breads,68,53,Monday,0,0,Cloudy,9,0
2025-09-08,Gulab Jamun,Desserts,35,31,Monday,0,0,Cloudy,9,0
2025-09-08,Ras Malai,Desserts,28,24,Monday,0,0,Cloudy,9,0
2025-09-08,Kheer,Desserts,22,20,Monday,0,0,Cloudy,9,0
2025-09-08,Kulfi,Desserts,23,15,Monday,0,0,Cloudy,9,0
2025-09-09,Paneer Butter Masala,Main Course,31,29,Tuesday,0,0,Cloudy,9,0
2025-09-09,Dal Makhani,Main Course,39,28,Tuesday,0,0,Cloudy,9,0
2025-09-09,Chicken Biryani,Main Course,34,27,Tuesday,0,0,Cloudy,9,0
2025-09-09,Mutton Rogan Josh,Main Course,33,16,Tuesday,0,0,Cloudy,9,0
2025-09-09,Paneer Tikka,Starters,40,34,Tuesday,0,0,Cloudy,9,0
2025-09-09,Chicken Tandoori,Starters,38,28,Tuesday,0,0,Cloudy,9,0
2025-09-09,Veg Spring Rolls,Starters,40,36,Tuesday,0,0,Cloudy,9,0
2025-09-09,Fish Amritsari,Starters,40,21,Tuesday,0,0,Cloudy,9,0
2025-09-09,Butter Naan,Breads,65,58,Tuesday,0,0,Cloudy,9,0
2025-09-09,Garlic Naan,Breads,68,56,Tuesday,0,0,Cloudy,9,0
2025-09-09,Tandoori Roti,Breads,67,51,Tuesday,0,0,Cloudy,9,0
2025-09-09,Gulab Jamun,Desserts,28,24,Tuesday,0,0,Cloudy,9,0
2025-09-09,Ras Malai,Desserts,30,24,Tuesday,0,0,Cloudy,9,0
2025-09-09,Kheer,Desserts,27,21,Tuesday,0,0,Cloudy,9,0
2025-09-09,Kulfi,Desserts,22,14,Tuesday,0,0,Cloudy,9,0
2025-09-10,Paneer Butter Masala,Main Course,31,29,Wednesday,0,0,Rainy,9,0
2025-09-10,Dal Makhani,Main Course,32,20,Wednesday,0,0,Rainy,9,0
2025-09-10,Chicken Biryani,Main Course,28,23,Wednesday,0,0,Rainy,9,0
2025-09-10,Mutton Rogan Josh,Main Course,32,16,Wednesday,0,0,Rainy,9,0
2025-09-10,Paneer Tikka,Starters,41,32,Wednesday,0,0,Rainy,9,0
2025-09-10,Chicken Tandoori,Starters,41,26,Wednesday,0,0,Rainy,9,0
2025-09-10,Veg Spring Rolls,Starters,41,32,Wednesday,0,0,Rainy,9,0
2025-09-10,Fish Amritsari,Starters,43,28,Wednesday,0,0,Rainy,9,0
2025-09-10,Butter Naan,Breads,61,58,Wednesday,0,0,Rainy,9,0
2025-09-10,Garlic Naan,Breads,57,41,Wednesday,0,0,Rainy,9,0
2025-09-10,Tandoori Roti,Breads,63,55,Wednesday,0,0,Rainy,9,0
2025-09-10,Gulab Jamun,Desserts,32,23,Wednesday,0,0,Rainy,9,0
2025-09-10,Ras Malai,Desserts,25,21,Wednesday,0,0,Rainy,9,0
2025-09-10,Kheer,Desserts,24,16,Wednesday,0,0,Rainy,9,0
2025-09-10,Kulfi,Desserts,22,15,Wednesday,0,0,Rainy,9,0
2025-09-11,Paneer Butter Masala,Main Course,29,23,Thursday,0,0,Rainy,12,0
2025-09-11,Dal Makhani,Main Course,33,29,Thursday,0,0,Rainy,12,0
2025-09-11,Chicken Biryani,Main Course,35,33,Thursday,0,0,Rainy,12,0
2025-09-11,Mutton Rogan Josh,Main Course,29,17,Thursday,0,0,Rainy,12,0
2025-09-11,Paneer Tikka,Starters,39,30,Thursday,0,0,Rainy,12,0
2025-09-11,Chicken Tandoori,Starters,36,23,Thursday,0,0,Rainy,12,0
2025-09-11,Veg Spring Rolls,Starters,38,24,Thursday,0,0,Rainy,12,0
2025-09-11,Fish Amritsari,Starters,35,23,Thursday,0,0,Rainy,12,0
2025-09-11,Butter Naan,Breads,53,50,Thursday,0,0,Rainy,12,0
2025-09-11,Garlic Naan,Breads,60,44,Thursday,0,0,Rainy,12,0
2025-09-11,Tandoori Roti,Breads,53,48,Thursday,0,0,Rainy,12,0
2025-09-11,Gulab Jamun,Desserts,29,20,Thursday,0,0,Rainy,12,0
2025-09-11,Ras Malai,Desserts,29,18,Thursday,0,0,Rainy,12,0
2025-09-11,Kheer,Desserts,23,8,Thursday,0,0,Rainy,12,0
2025-09-11,Kulfi,Desserts,22,13,Thursday,0,0,Rainy,12,0
2025-09-12,Paneer Butter Masala,Main Course,29,24,Friday,0,0,Rainy,9,0
2025-09-12,Dal Makhani,Main Course,40,27,Friday,0,0,Rainy,9,0
2025-09-12,Chicken Biryani,Main Course,32,29,Friday,0,0,Rainy,9,0
2025-09-12,Mutton Rogan Josh,Main Course,30,16,Friday,0,0,Rainy,9,0
2025-09-12,Paneer Tikka,Starters,45,38,Friday,0,0,Rainy,9,0
2025-09-12,Chicken Tandoori,Starters,40,33,Friday,0,0,Rainy,9,0
2025-09-12,Veg Spring Rolls,Starters,43,27,Friday,0,0,Rainy,9,0
2025-09-12,Fish Amritsari,Starters,36,26,Friday,0,0,Rainy,9,0
2025-09-12,Butter Naan,Breads,59,56,Friday,0,0,Rainy,9,0
2025-09-12,Garlic Naan,Breads,58,42,Friday,0,0,Rainy,9,0
2025-09-12,Tandoori Roti,Breads,63,57,Friday,0,0,Rainy,9,0
2025-09-12,Gulab Jamun,Desserts,29,19,Friday,0,0,Rainy,9,0
2025-09-12,Ras Malai,Desserts,25,22,Friday,0,0,Rainy,9,0
2025-09-12,Kheer,Desserts,23,20,Friday,0,0,Rainy,9,0
2025-09-12,Kulfi,Desserts,22,11,Friday,0,0,Rainy,9,0
2025-09-13,Paneer Butter Masala,Main Course,44,35,Saturday,1,0,Stormy,13,0
2025-09-13,Dal Makhani,Main Course,52,47,Saturday,1,0,Stormy,13,0
2025-09-13,Chicken Biryani,Main Course,38,36,Saturday,1,0,Stormy,13,0
2025-09-13,Mutton Rogan Josh,Main Course,43,28,Saturday,1,0,Stormy,13,0
2025-09-13,Paneer Tikka,Starters,59,45,Saturday,1,0,Stormy,13,0
2025-09-13,Chicken Tandoori,Starters,53,42,Saturday,1,0,Stormy,13,0
2025-09-13,Veg Spring Rolls,Starters,58,46,Saturday,1,0,Stormy,13,0
2025-09-13,Fish Amritsari,Starters,55,39,Saturday,1,0,Stormy,13,0
2025-09-13,Butter Naan,Breads,67,56,Saturday,1,0,Stormy,13,0
2025-09-13,Garlic Naan,Breads,74,48,Saturday,1,0,Stormy,13,0
2025-09-13,Tandoori Roti,Breads,157,63,Saturday,1,0,Stormy,13,0
2025-09-13,Gulab Jamun,Desserts,41,36,Saturday,1,0,Stormy,13,0
2025-09-13,Ras Malai,Desserts,35,23,Saturday,1,0,Stormy,13,0
2025-09-13,Kheer,Desserts,33,29,Saturday,1,0,Stormy,13,0
2025-09-13,Kulfi,Desserts,27,20,Saturday,1,0,Stormy,13,0
2025-09-14,Paneer Butter Masala,Main Course,49,42,Sunday,1,0,Cloudy,10,0
2025-09-14,Dal Makhani,Main Course,52,44,Sunday,1,0,Cloudy,10,0
2025-09-14,Chicken Biryani,Main Course,53,46,Sunday,1,0,Cloudy,10,0
2025-09-14,Mutton Rogan Josh,Main Course,43,27,Sunday,1,0,Cloudy,10,0
2025-09-14,Paneer Tikka,Starters,71,58,Sunday,1,0,Cloudy,10,0
2025-09-14,Chicken Tandoori,Starters,55,38,Sunday,1,0,Cloudy,10,0
2025-09-14,Veg Spring Rolls,Starters,63,21,Sunday,1,0,Cloudy,10,0
2025-09-14,Fish Amritsari,Starters,94,37,Sunday,1,0,Cloudy,10,0
2025-09-14,Butter Naan,Breads,86,82,Sunday,1,0,Cloudy,10,0
2025-09-14,Garlic Naan,Breads,86,70,Sunday,1,0,Cloudy,10,0
2025-09-14,Tandoori Roti,Breads,90,68,Sunday,1,0,Cloudy,10,0
2025-09-14,Gulab Jamun,Desserts,47,44,Sunday,1,0,Cloudy,10,0
2025-09-14,Ras Malai,Desserts,39,27,Sunday,1,0,Cloudy,10,0
2025-09-14,Kheer,Desserts,35,22,Sunday,1,0,Cloudy,10,0
2025-09-14,Kulfi,Desserts,37,19,Sunday,1,0,Cloudy,10,0
2025-09-15,Paneer Butter Masala,Main Course,34,31,Monday,0,0,Rainy,11,0
2025-09-15,Dal Makhani,Main Course,40,36,Monday,0,0,Rainy,11,0
2025-09-15,Chicken Biryani,Main Course,30,27,Monday,0,0,Rainy,11,0
2025-09-15,Mutton Rogan Josh,Main Course,31,18,Monday,0,0,Rainy,11,0
2025-09-15,Paneer Tikka,Starters,38,33,Monday,0,0,Rainy,11,0
2025-09-15,Chicken Tandoori,Starters,39,35,Monday,0,0,Rainy,11,0
2025-09-15,Veg Spring Rolls,Starters,40,35,Monday,0,0,Rainy,11,0
2025-09-15,Fish Amritsari,Starters,36,20,Monday,0,0,Rainy,11,0
2025-09-15,Butter Naan,Breads,60,55,Monday,0,0,Rainy,11,0
2025-09-15,Garlic Naan,Breads,53,48,Monday,0,0,Rainy,11,0
2025-09-15,Tandoori Roti,Breads,64,53,Monday,0,0,Rainy,11,0
2025-09-15,Gulab Jamun,Desserts,32,24,Monday,0,0,Rainy,11,0
2025-09-15,Ras Malai,Desserts,27,23,Monday,0,0,Rainy,11,0
2025-09-15,Kheer,Desserts,25,23,Monday,0,0,Rainy,11,0
2025-09-15,Kulfi,Desserts,24,12,Monday,0,0,Rainy,11,0
2025-09-16,Paneer Butter Masala,Main Course,34,28,Tuesday,0,0,Cloudy,10,0
2025-09-16,Dal Makhani,Main Course,39,26,Tuesday,0,0,Cloudy,10,0
2025-09-16,Chicken Biryani,Main Course,34,32,Tuesday,0,0,Cloudy,10,0
2025-09-16,Mutton Rogan Josh,Main Course,34,18,Tuesday,0,0,Cloudy,10,0
2025-09-16,Paneer Tikka,Starters,47,31,Tuesday,0,0,Cloudy,10,0
2025-09-16,Chicken Tandoori,Starters,40,28,Tuesday,0,0,Cloudy,10,0
2025-09-16,Veg Spring Rolls,Starters,40,31,Tuesday,0,0,Cloudy,10,0
2025-09-16,Fish Amritsari,Starters,47,35,Tuesday,0,0,Cloudy,10,0
2025-09-16,Butter Naan,Breads,68,65,Tuesday,0,0,Cloudy,10,0
2025-09-16,Garlic Naan,Breads,61,40,Tuesday,0,0,Cloudy,10,0
2025-09-16,Tandoori Roti,Breads,65,60,Tuesday,0,0,Cloudy,10,0
2025-09-16,Gulab Jamun,Desserts,33,27,Tuesday,0,0,Cloudy,10,0
2025-09-16,Ras Malai,Desserts,32,27,Tuesday,0,0,Cloudy,10,0
2025-09-16,Kheer,Desserts,25,18,Tuesday,0,0,Cloudy,10,0
2025-09-16,Kulfi,Desserts,24,12,Tuesday,0,0,Cloudy,10,0
2025-09-17,Paneer Butter Masala,Main Course,33,29,Wednesday,0,0,Rainy,11,0
2025-09-17,Dal Makhani,Main Course,40,30,Wednesday,0,0,Rainy,11,0
2025-09-17,Chicken Biryani,Main Course,31,27,Wednesday,0,0,Rainy,11,0
2025-09-17,Mutton Rogan Josh,Main Course,26,14,Wednesday,0,0,Rainy,11,0
2025-09-17,Paneer Tikka,Starters,46,42,Wednesday,0,0,Rainy,11,0
2025-09-17,Chicken Tandoori,Starters,37,30,Wednesday,0,0,Rainy,11,0
2025-09-17,Veg Spring Rolls,Starters,45,37,Wednesday,0,0,Rainy,11,0
2025-09-17,Fish Amritsari,Starters,41,21,Wednesday,0,0,Rainy,11,0
2025-09-17,Butter Naan,Breads,58,51,Wednesday,0,0,Rainy,11,0
2025-09-17,Garlic Naan,Breads,50,42,Wednesday,0,0,Rainy,11,0
2025-09-17,Tandoori Roti,Breads,54,40,Wednesday,0,0,Rainy,11,0
2025-09-17,Gulab Jamun,Desserts,28,21,Wednesday,0,0,Rainy,11,0
2025-09-17,Ras Malai,Desserts,26,18,Wednesday,0,0,Rainy,11,0
2025-09-17,Kheer,Desserts,21,17,Wednesday,0,0,Rainy,11,0
2025-09-17,Kulfi,Desserts,21,13,Wednesday,0,0,Rainy,11,0
2025-09-18,Paneer Butter Masala,Main Course,29,24,Thursday,0,0,Rainy,12,0
2025-09-18,Dal Makhani,Main Course,38,29,Thursday,0,0,Rainy,12,0
2025-09-18,Chicken Biryani,Main Course,29,26,Thursday,0,0,Rainy,12,0
2025-09-18,Mutton Rogan Josh,Main Course,55,16,Thursday,0,0,Rainy,12,0
2025-09-18,Paneer Tikka,Starters,42,32,Thursday,0,0,Rainy,12,0
2025-09-18,Chicken Tandoori,Starters,33,30,Thursday,0,0,Rainy,12,0
2025-09-18,Veg Spring Rolls,Starters,38,34,Thursday,0,0,Rainy,12,0
2025-09-18,Fish Amritsari,Starters,38,25,Thursday,0,0,Rainy,12,0
2025-09-18,Butter Naan,Breads,52,45,Thursday,0,0,Rainy,12,0
2025-09-18,Garlic Naan,Breads,52,47,Thursday,0,0,Rainy,12,0
2025-09-18,Tandoori Roti,Breads,59,47,Thursday,0,0,Rainy,12,0
2025-09-18,Gulab Jamun,Desserts,29,23,Thursday,0,0,Rainy,12,0
2025-09-18,Ras Malai,Desserts,24,19,Thursday,0,0,Rainy,12,0
2025-09-18,Kheer,Desserts,25,18,Thursday,0,0,Rainy,12,0
2025-09-18,Kulfi,Desserts,22,17,Thursday,0,0,Rainy,12,0
2025-09-19,Paneer Butter Masala,Main Course,34,15,Friday,0,0,Cloudy,9,0
2025-09-19,Dal Makhani,Main Course,35,28,Friday,0,0,Cloudy,9,0
2025-09-19,Chicken Biryani,Main Course,36,33,Friday,0,0,Cloudy,9,0
2025-09-19,Mutton Rogan Josh,Main Course,63,17,Friday,0,0,Cloudy,9,0
2025-09-19,Paneer Tikka,Starters,41,27,Friday,0,0,Cloudy,9,0
2025-09-19,Chicken Tandoori,Starters,44,38,Friday,0,0,Cloudy,9,0
2025-09-19,Veg Spring Rolls,Starters,45,32,Friday,0,0,Cloudy,9,0
2025-09-19,Fish Amritsari,Starters,43,29,Friday,0,0,Cloudy,9,0
2025-09-19,Butter Naan,Breads,59,49,Friday,0,0,Cloudy,9,0
2025-09-19,Garlic Naan,Breads,56,43,Friday,0,0,Cloudy,9,0
2025-09-19,Tandoori Roti,Breads,69,55,Friday,0,0,Cloudy,9,0
2025-09-19,Gulab Jamun,Desserts,33,21,Friday,0,0,Cloudy,9,0
2025-09-19,Ras Malai,Desserts,33,26,Friday,0,0,Cloudy,9,0
2025-09-19,Kheer,Desserts,26,17,Friday,0,0,Cloudy,9,0
2025-09-19,Kulfi,Desserts,21,14,Friday,0,0,Cloudy,9,0
2025-09-20,Paneer Butter Masala,Main Course,49,41,Saturday,1,0,Stormy,15,1
2025-09-20,Dal Makhani,Main Course,51,42,Saturday,1,0,Stormy,15,1
2025-09-20,Chicken Biryani,Main Course,44,42,Saturday,1,0,Stormy,15,1
2025-09-20,Mutton Rogan Josh,Main Course,44,29,Saturday,1,0,Stormy,15,1
2025-09-20,Paneer Tikka,Starters,72,62,Saturday,1,0,Stormy,15,1
2025-09-20,Chicken Tandoori,Starters,52,34,Saturday,1,0,Stormy,15,1
2025-09-20,Veg Spring Rolls,Starters,64,57,Saturday,1,0,Stormy,15,1
2025-09-20,Fish Amritsari,Starters,56,34,Saturday,1,0,Stormy,15,1
2025-09-20,Butter Naan,Breads,79,74,Saturday,1,0,Stormy,15,1
2025-09-20,Garlic Naan,Breads,81,62,Saturday,1,0,Stormy,15,1
2025-09-20,Tandoori Roti,Breads,85,74,Saturday,1,0,Stormy,15,1
2025-09-20,Gulab Jamun,Desserts,41,30,Saturday,1,0,Stormy,15,1
2025-09-20,Ras Malai,Desserts,45,34,Saturday,1,0,Stormy,15,1
2025-09-20,Kheer,Desserts,34,27,Saturday,1,0,Stormy,15,1
2025-09-20,Kulfi,Desserts,34,22,Saturday,1,0,Stormy,15,1
2025-09-21,Paneer Butter Masala,Main Course,49,41,Sunday,1,0,Rainy,13,0
2025-09-21,Dal Makhani,Main Course,45,30,Sunday,1,0,Rainy,13,0
2025-09-21,Chicken Biryani,Main Course,83,38,Sunday,1,0,Rainy,13,0
2025-09-21,Mutton Rogan Josh,Main Course,77,28,Sunday,1,0,Rainy,13,0
2025-09-21,Paneer Tikka,Starters,59,53,Sunday,1,0,Rainy,13,0
2025-09-21,Chicken Tandoori,Starters,53,46,Sunday,1,0,Rainy,13,0
2025-09-21,Veg Spring Rolls,Starters,59,47,Sunday,1,0,Rainy,13,0
2025-09-21,Fish Amritsari,Starters,82,33,Sunday,1,0,Rainy,13,0
2025-09-21,Butter Naan,Breads,77,71,Sunday,1,0,Rainy,13,0
2025-09-21,Garlic Naan,Breads,86,67,Sunday,1,0,Rainy,13,0
2025-09-21,Tandoori Roti,Breads,80,54,Sunday,1,0,Rainy,13,0
2025-09-21,Gulab Jamun,Desserts,44,32,Sunday,1,0,Rainy,13,0
2025-09-21,Ras Malai,Desserts,40,34,Sunday,1,0,Rainy,13,0
2025-09-21,Kheer,Desserts,36,23,Sunday,1,0,Rainy,13,0
2025-09-21,Kulfi,Desserts,32,20,Sunday,1,0,Rainy,13,0
2025-09-22,Paneer Butter Masala,Main Course,34,27,Monday,0,0,Rainy,8,0
2025-09-22,Dal Makhani,Main Course,35,23,Monday,0,0,Rainy,8,0
2025-09-22,Chicken Biryani,Main Course,33,29,Monday,0,0,Rainy,8,0
2025-09-22,Mutton Rogan Josh,Main Course,29,17,Monday,0,0,Rainy,8,0
2025-09-22,Paneer Tikka,Starters,43,29,Monday,0,0,Rainy,8,0
2025-09-22,Chicken Tandoori,Starters,41,34,Monday,0,0,Rainy,8,0
2025-09-22,Veg Spring Rolls,Starters,41,14,Monday,0,0,Rainy,8,0
2025-09-22,Fish Amritsari,Starters,38,21,Monday,0,0,Rainy,8,0
2025-09-22,Butter Naan,Breads,59,47,Monday,0,0,Rainy,8,0
2025-09-22,Garlic Naan,Breads,52,43,Monday,0,0,Rainy,8,0
2025-09-22,Tandoori Roti,Breads,58,43,Monday,0,0,Rainy,8,0
2025-09-22,Gulab Jamun,Desserts,30,26,Monday,0,0,Rainy,8,0
2025-09-22,Ras Malai,Desserts,25,17,Monday,0,0,Rainy,8,0
2025-09-22,Kheer,Desserts,24,22,Monday,0,0,Rainy,8,0
2025-09-22,Kulfi,Desserts,24,14,Monday,0,0,Rainy,8,0
2025-09-23,Paneer Butter Masala,Main Course,34,28,Tuesday,0,0,Rainy,8,0
2025-09-23,Dal Makhani,Main Course,33,25,Tuesday,0,0,Rainy,8,0
2025-09-23,Chicken Biryani,Main Course,28,25,Tuesday,0,0,Rainy,8,0
2025-09-23,Mutton Rogan Josh,Main Course,26,17,Tuesday,0,0,Rainy,8,0
2025-09-23,Paneer Tikka,Starters,45,37,Tuesday,0,0,Rainy,8,0
2025-09-23,Chicken Tandoori,Starters,39,26,Tuesday,0,0,Rainy,8,0
2025-09-23,Veg Spring Rolls,Starters,42,36,Tuesday,0,0,Rainy,8,0
2025-09-23,Fish Amritsari,Starters,41,22,Tuesday,0,0,Rainy,8,0
2025-09-23,Butter Naan,Breads,59,48,Tuesday,0,0,Rainy,8,0
2025-09-23,Garlic Naan,Breads,58,42,Tuesday,0,0,Rainy,8,0
2025-09-23,Tandoori Roti,Breads,54,40,Tuesday,0,0,Rainy,8,0
2025-09-23,Gulab Jamun,Desserts,29,22,Tuesday,0,0,Rainy,8,0
2025-09-23,Ras Malai,Desserts,26,20,Tuesday,0,0,Rainy,8,0
2025-09-23,Kheer,Desserts,26,23,Tuesday,0,0,Rainy,8,0
2025-09-23,Kulfi,Desserts,20,12,Tuesday,0,0,Rainy,8,0
2025-09-24,Paneer Butter Masala,Main Course,35,30,Wednesday,0,0,Rainy,9,0
2025-09-24,Dal Makhani,Main Course,32,29,Wednesday,0,0,Rainy,9,0
2025-09-24,Chicken Biryani,Main Course,28,26,Wednesday,0,0,Rainy,9,0
2025-09-24,Mutton Rogan Josh,Main Course,27,14,Wednesday,0,0,Rainy,9,0
2025-09-24,Paneer Tikka,Starters,37,33,Wednesday,0,0,Rainy,9,0
2025-09-24,Chicken Tandoori,Starters,38,26,Wednesday,0,0,Rainy,9,0
2025-09-24,Veg Spring Rolls,Starters,46,42,Wednesday,0,0,Rainy,9,0
2025-09-24,Fish Amritsari,Starters,38,25,Wednesday,0,0,Rainy,9,0
2025-09-24,Butter Naan,Breads,60,48,Wednesday,0,0,Rainy,9,0
2025-09-24,Garlic Naan,Breads,50,42,Wednesday,0,0,Rainy,9,0
2025-09-24,Tandoori Roti,Breads,60,49,Wednesday,0,0,Rainy,9,0
2025-09-24,Gulab Jamun,Desserts,26,20,Wednesday,0,0,Rainy,9,0
2025-09-24,Ras Malai,Desserts,27,22,Wednesday,0,0,Rainy,9,0
2025-09-24,Kheer,Desserts,23,17,Wednesday,0,0,Rainy,9,0
2025-09-24,Kulfi,Desserts,23,13,Wednesday,0,0,Rainy,9,0
2025-09-25,Paneer Butter Masala,Main Course,35,32,Thursday,0,0,Cloudy,8,0
2025-09-25,Dal Makhani,Main Course,38,25,Thursday,0,0,Cloudy,8,0
2025-09-25,Chicken Biryani,Main Course,33,31,Thursday,0,0,Cloudy,8,0
2025-09-25,Mutton Rogan Josh,Main Course,35,19,Thursday,0,0,Cloudy,8,0
2025-09-25,Paneer Tikka,Starters,50,43,Thursday,0,0,Cloudy,8,0
2025-09-25,Chicken Tandoori,Starters,45,35,Thursday,0,0,Cloudy,8,0
2025-09-25,Veg Spring Rolls,Starters,47,40,Thursday,0,0,Cloudy,8,0
2025-09-25,Fish Amritsari,Starters,47,35,Thursday,0,0,Cloudy,8,0
2025-09-25,Butter Naan,Breads,64,57,Thursday,0,0,Cloudy,8,0
2025-09-25,Garlic Naan,Breads,61,40,Thursday,0,0,Cloudy,8,0
2025-09-25,Tandoori Roti,Breads,65,49,Thursday,0,0,Cloudy,8,0
2025-09-25,Gulab Jamun,Desserts,30,24,Thursday,0,0,Cloudy,8,0
2025-09-25,Ras Malai,Desserts,27,22,Thursday,0,0,Cloudy,8,0
2025-09-25,Kheer,Desserts,22,16,Thursday,0,0,Cloudy,8,0
2025-09-25,Kulfi,Desserts,26,18,Thursday,0,0,Cloudy,8,0
2025-09-26,Paneer Butter Masala,Main Course,29,23,Friday,0,0,Rainy,8,0
2025-09-26,Dal Makhani,Main Course,33,28,Friday,0,0,Rainy,8,0
2025-09-26,Chicken Biryani,Main Course,32,28,Friday,0,0,Rainy,8,0
2025-09-26,Mutton Rogan Josh,Main Course,26,15,Friday,0,0,Rainy,8,0
2025-09-26,Paneer Tikka,Starters,45,41,Friday,0,0,Rainy,8,0
2025-09-26,Chicken Tandoori,Starters,40,35,Friday,0,0,Rainy,8,0
2025-09-26,Veg Spring Rolls,Starters,47,37,Friday,0,0,Rainy,8,0
2025-09-26,Fish Amritsari,Starters,45,30,Friday,0,0,Rainy,8,0
2025-09-26,Butter Naan,Breads,58,55,Friday,0,0,Rainy,8,0
2025-09-26,Garlic Naan,Breads,52,34,Friday,0,0,Rainy,8,0
2025-09-26,Tandoori Roti,Breads,54,36,Friday,0,0,Rainy,8,0
2025-09-26,Gulab Jamun,Desserts,29,25,Friday,0,0,Rainy,8,0
2025-09-26,Ras Malai,Desserts,25,19,Friday,0,0,Rainy,8,0
2025-09-26,Kheer,Desserts,25,19,Friday,0,0,Rainy,8,0
2025-09-26,Kulfi,Desserts,24,18,Friday,0,0,Rainy,8,0
2025-09-27,Paneer Butter Masala,Main Course,42,33,Saturday,1,0,Rainy,13,0
2025-09-27,Dal Makhani,Main Course,51,38,Saturday,1,0,Rainy,13,0
2025-09-27,Chicken Biryani,Main Course,41,39,Saturday,1,0,Rainy,13,0
2025-09-27,Mutton Rogan Josh,Main Course,45,33,Saturday,1,0,Rainy,13,0
2025-09-27,Paneer Tikka,Starters,63,44,Saturday,1,0,Rainy,13,0
2025-09-27,Chicken Tandoori,Starters,52,38,Saturday,1,0,Rainy,13,0
2025-09-27,Veg Spring Rolls,Starters,53,35,Saturday,1,0,Rainy,13,0
2025-09-27,Fish Amritsari,Starters,62,21,Saturday,1,0,Rainy,13,0
2025-09-27,Butter Naan,Breads,83,76,Saturday,1,0,Rainy,13,0
2025-09-27,Garlic Naan,Breads,71,56,Saturday,1,0,Rainy,13,0
2025-09-27,Tandoori Roti,Breads,80,59,Saturday,1,0,Rainy,13,0
2025-09-27,Gulab Jamun,Desserts,44,31,Saturday,1,0,Rainy,13,0
2025-09-27,Ras Malai,Desserts,35,24,Saturday,1,0,Rainy,13,0
2025-09-27,Kheer,Desserts,30,25,Saturday,1,0,Rainy,13,0
2025-09-27,Kulfi,Desserts,32,16,Saturday,1,0,Rainy,13,0
2025-09-28,Paneer Butter Masala,Main Course,50,43,Sunday,1,0,Rainy,15,0
2025-09-28,Dal Makhani,Main Course,47,32,Sunday,1,0,Rainy,15,0
2025-09-28,Chicken Biryani,Main Course,39,31,Sunday,1,0,Rainy,15,0
2025-09-28,Mutton Rogan Josh,Main Course,42,23,Sunday,1,0,Rainy,15,0
2025-09-28,Paneer Tikka,Starters,56,51,Sunday,1,0,Rainy,15,0
2025-09-28,Chicken Tandoori,Starters,50,38,Sunday,1,0,Rainy,15,0
2025-09-28,Veg Spring Rolls,Starters,59,51,Sunday,1,0,Rainy,15,0
2025-09-28,Fish Amritsari,Starters,62,39,Sunday,1,0,Rainy,15,0
2025-09-28,Butter Naan,Breads,72,66,Sunday,1,0,Rainy,15,0
2025-09-28,Garlic Naan,Breads,78,72,Sunday,1,0,Rainy,15,0
2025-09-28,Tandoori Roti,Breads,81,63,Sunday,1,0,Rainy,15,0
2025-09-28,Gulab Jamun,Desserts,44,39,Sunday,1,0,Rainy,15,0
2025-09-28,Ras Malai,Desserts,41,36,Sunday,1,0,Rainy,15,0
2025-09-28,Kheer,Desserts,30,26,Sunday,1,0,Rainy,15,0
2025-09-28,Kulfi,Desserts,33,16,Sunday,1,0,Rainy,15,0
2025-09-29,Paneer Butter Masala,Main Course,31,29,Monday,0,0,Stormy,11,0
2025-09-29,Dal Makhani,Main Course,36,26,Monday,0,0,Stormy,11,0
2025-09-29,Chicken Biryani,Main Course,28,25,Monday,0,0,Stormy,11,0
2025-09-29,Mutton Rogan Josh,Main Course,27,19,Monday,0,0,Stormy,11,0
2025-09-29,Paneer Tikka,Starters,34,23,Monday,0,0,Stormy,11,0
2025-09-29,Chicken Tandoori,Starters,33,29,Monday,0,0,Stormy,11,0
2025-09-29,Veg Spring Rolls,Starters,42,33,Monday,0,0,Stormy,11,0
2025-09-29,Fish Amritsari,Starters,35,20,Monday,0,0,Stormy,11,0
2025-09-29,Butter Naan,Breads,55,53,Monday,0,0,Stormy,11,0
2025-09-29,Garlic Naan,Breads,54,50,Monday,0,0,Stormy,11,0
2025-09-29,Tandoori Roti,Breads,53,38,Monday,0,0,Stormy,11,0
2025-09-29,Gulab Jamun,Desserts,28,22,Monday,0,0,Stormy,11,0
2025-09-29,Ras Malai,Desserts,27,21,Monday,0,0,Stormy,11,0
2025-09-29,Kheer,Desserts,23,17,Monday,0,0,Stormy,11,0
2025-09-29,Kulfi,Desserts,20,12,Monday,0,0,Stormy,11,0
2025-09-30,Paneer Butter Masala,Main Course,43,34,Tuesday,0,0,Sunny,10,1
2025-09-30,Dal Makhani,Main Course,49,37,Tuesday,0,0,Sunny,10,1
2025-09-30,Chicken Biryani,Main Course,44,36,Tuesday,0,0,Sunny,10,1
2025-09-30,Mutton Rogan Josh,Main Course,38,20,Tuesday,0,0,Sunny,10,1
2025-09-30,Paneer Tikka,Starters,53,42,Tuesday,0,0,Sunny,10,1
2025-09-30,Chicken Tandoori,Starters,47,32,Tuesday,0,0,Sunny,10,1
2025-09-30,Veg Spring Rolls,Starters,49,41,Tuesday,0,0,Sunny,10,1
2025-09-30,Fish Amritsari,Starters,57,34,Tuesday,0,0,Sunny,10,1
2025-09-30,Butter Naan,Breads,81,74,Tuesday,0,0,Sunny,10,1
2025-09-30,Garlic Naan,Breads,68,45,Tuesday,0,0,Sunny,10,1
2025-09-30,Tandoori Roti,Breads,82,65,Tuesday,0,0,Sunny,10,1
2025-09-30,Gulab Jamun,Desserts,37,34,Tuesday,0,0,Sunny,10,1
2025-09-30,Ras Malai,Desserts,39,35,Tuesday,0,0,Sunny,10,1
2025-09-30,Kheer,Desserts,27,20,Tuesday,0,0,Sunny,10,1
2025-09-30,Kulfi,Desserts,25,19,Tuesday,0,0,Sunny,10,1
2025-10-01,Paneer Butter Masala,Main Course,41,34,Wednesday,0,0,Sunny,12,0
2025-10-01,Dal Makhani,Main Course,46,36,Wednesday,0,0,Sunny,12,0
2025-10-01,Chicken Biryani,Main Course,41,39,Wednesday,0,0,Sunny,12,0
2025-10-01,Mutton Rogan Josh,Main Course,38,22,Wednesday,0,0,Sunny,12,0
2025-10-01,Paneer Tikka,Starters,53,46,Wednesday,0,0,Sunny,12,0
2025-10-01,Chicken Tandoori,Starters,53,37,Wednesday,0,0,Sunny,12,0
2025-10-01,Veg Spring Rolls,Starters,62,43,Wednesday,0,0,Sunny,12,0
2025-10-01,Fish Amritsari,Starters,61,32,Wednesday,0,0,Sunny,12,0
2025-10-01,Butter Naan,Breads,74,63,Wednesday,0,0,Sunny,12,0
2025-10-01,Garlic Naan,Breads,82,77,Wednesday,0,0,Sunny,12,0
2025-10-01,Tandoori Roti,Breads,84,68,Wednesday,0,0,Sunny,12,0
2025-10-01,Gulab Jamun,Desserts,41,36,Wednesday,0,0,Sunny,12,0
2025-10-01,Ras Malai,Desserts,33,24,Wednesday,0,0,Sunny,12,0
2025-10-01,Kheer,Desserts,30,21,Wednesday,0,0,Sunny,12,0
2025-10-01,Kulfi,Desserts,27,15,Wednesday,0,0,Sunny,12,0
2025-10-02,Paneer Butter Masala,Main Course,66,64,Thursday,0,1,Sunny,11,1
2025-10-02,Dal Makhani,Main Course,68,48,Thursday,0,1,Sunny,11,1
2025-10-02,Chicken Biryani,Main Course,68,57,Thursday,0,1,Sunny,11,1
2025-10-02,Mutton Rogan Josh,Main Course,62,40,Thursday,0,1,Sunny,11,1
2025-10-02,Paneer Tikka,Starters,77,60,Thursday,0,1,Sunny,11,1
2025-10-02,Chicken Tandoori,Starters,66,45,Thursday,0,1,Sunny,11,1
2025-10-02,Veg Spring Rolls,Starters,72,49,Thursday,0,1,Sunny,11,1
2025-10-02,Fish Amritsari,Starters,84,44,Thursday,0,1,Sunny,11,1
2025-10-02,Butter Naan,Breads,116,94,Thursday,0,1,Sunny,11,1
2025-10-02,Garlic Naan,Breads,122,106,Thursday,0,1,Sunny,11,1
2025-10-02,Tandoori Roti,Breads,124,107,Thursday,0,1,Sunny,11,1
2025-10-02,Gulab Jamun,Desserts,67,50,Thursday,0,1,Sunny,11,1
2025-10-02,Ras Malai,Desserts,55,37,Thursday,0,1,Sunny,11,1
2025-10-02,Kheer,Desserts,53,43,Thursday,0,1,Sunny,11,1
2025-10-02,Kulfi,Desserts,47,25,Thursday,0,1,Sunny,11,1
2025-10-03,Paneer Butter Masala,Main Course,43,40,Friday,0,0,Sunny,11,0
2025-10-03,Dal Makhani,Main Course,52,41,Friday,0,0,Sunny,11,0
2025-10-03,Chicken Biryani,Main Course,39,32,Friday,0,0,Sunny,11,0
2025-10-03,Mutton Rogan Josh,Main Course,44,32,Friday,0,0,Sunny,11,0
2025-10-03,Paneer Tikka,Starters,62,49,Friday,0,0,Sunny,11,0
2025-10-03,Chicken Tandoori,Starters,45,42,Friday,0,0,Sunny,11,0
2025-10-03,Veg Spring Rolls,Starters,59,40,Friday,0,0,Sunny,11,0
2025-10-03,Fish Amritsari,Starters,53,36,Friday,0,0,Sunny,11,0
2025-10-03,Butter Naan,Breads,70,65,Friday,0,0,Sunny,11,0
2025-10-03,Garlic Naan,Breads,83,69,Friday,0,0,Sunny,11,0
2025-10-03,Tandoori Roti,Breads,79,69,Friday,0,0,Sunny,11,0
2025-10-03,Gulab Jamun,Desserts,39,25,Friday,0,0,Sunny,11,0
2025-10-03,Ras Malai,Desserts,39,27,Friday,0,0,Sunny,11,0
2025-10-03,Kheer,Desserts,34,23,Friday,0,0,Sunny,11,0
2025-10-03,Kulfi,Desserts,30,16,Friday,0,0,Sunny,11,0
2025-10-04,Paneer Butter Masala,Main Course,74,71,Saturday,1,0,Sunny,13,1
2025-10-04,Dal Makhani,Main Course,87,72,Saturday,1,0,Sunny,13,1
2025-10-04,Chicken Biryani,Main Course,65,55,Saturday,1,0,Sunny,13,1
2025-10-04,Mutton Rogan Josh,Main Course,74,50,Saturday,1,0,Sunny,13,1
2025-10-04,Paneer Tikka,Starters,91,67,Saturday,1,0,Sunny,13,1
2025-10-04,Chicken Tandoori,Starters,96,65,Saturday,1,0,Sunny,13,1
2025-10-04,Veg Spring Rolls,Starters,93,68,Saturday,1,0,Sunny,13,1
2025-10-04,Fish Amritsari,Starters,103,64,Saturday,1,0,Sunny,13,1
2025-10-04,Butter Naan,Breads,142,119,Saturday,1,0,Sunny,13,1
2025-10-04,Garlic Naan,Breads,113,97,Saturday,1,0,Sunny,13,1
2025-10-04,Tandoori Roti,Breads,136,102,Saturday,1,0,Sunny,13,1
2025-10-04,Gulab Jamun,Desserts,62,58,Saturday,1,0,Sunny,13,1
2025-10-04,Ras Malai,Desserts,68,53,Saturday,1,0,Sunny,13,1
2025-10-04,Kheer,Desserts,53,44,Saturday,1,0,Sunny,13,1
2025-10-04,Kulfi,Desserts,47,28,Saturday,1,0,Sunny,13,1
2025-10-05,Paneer Butter Masala,Main Course,67,55,Sunday,1,0,Sunny,15,0
2025-10-05,Dal Makhani,Main Course,113,55,Sunday,1,0,Sunny,15,0
2025-10-05,Chicken Biryani,Main Course,55,52,Sunday,1,0,Sunny,15,0
2025-10-05,Mutton Rogan Josh,Main Course,58,30,Sunday,1,0,Sunny,15,0
2025-10-05,Paneer Tikka,Starters,81,60,Sunday,1,0,Sunny,15,0
2025-10-05,Chicken Tandoori,Starters,75,71,Sunday,1,0,Sunny,15,0
2025-10-05,Veg Spring Rolls,Starters,71,54,Sunday,1,0,Sunny,15,0
2025-10-05,Fish Amritsari,Starters,82,44,Sunday,1,0,Sunny,15,0
2025-10-05,Butter Naan,Breads,102,90,Sunday,1,0,Sunny,15,0
2025-10-05,Garlic Naan,Breads,116,84,Sunday,1,0,Sunny,15,0
2025-10-05,Tandoori Roti,Breads,111,102,Sunday,1,0,Sunny,15,0
2025-10-05,Gulab Jamun,Desserts,51,38,Sunday,1,0,Sunny,15,0
2025-10-05,Ras Malai,Desserts,56,51,Sunday,1,0,Sunny,15,0
2025-10-05,Kheer,Desserts,39,28,Sunday,1,0,Sunny,15,0
2025-10-05,Kulfi,Desserts,40,22,Sunday,1,0,Sunny,15,0
2025-10-06,Paneer Butter Masala,Main Course,39,37,Monday,0,0,Cloudy,11,0
2025-10-06,Dal Makhani,Main Course,50,39,Monday,0,0,Cloudy,11,0
2025-10-06,Chicken Biryani,Main Course,45,43,Monday,0,0,Cloudy,11,0
2025-10-06,Mutton Rogan Josh,Main Course,36,21,Monday,0,0,Cloudy,11,0
2025-10-06,Paneer Tikka,Starters,53,43,Monday,0,0,Cloudy,11,0
2025-10-06,Chicken Tandoori,Starters,46,42,Monday,0,0,Cloudy,11,0
2025-10-06,Veg Spring Rolls,Starters,60,44,Monday,0,0,Cloudy,11,0
2025-10-06,Fish Amritsari,Starters,60,13,Monday,0,0,Cloudy,11,0
2025-10-06,Butter Naan,Breads,82,70,Monday,0,0,Cloudy,11,0
2025-10-06,Garlic Naan,Breads,72,49,Monday,0,0,Cloudy,11,0
2025-10-06,Tandoori Roti,Breads,85,74,Monday,0,0,Cloudy,11,0
2025-10-06,Gulab Jamun,Desserts,41,35,Monday,0,0,Cloudy,11,0
2025-10-06,Ras Malai,Desserts,39,32,Monday,0,0,Cloudy,11,0
2025-10-06,Kheer,Desserts,34,32,Monday,0,0,Cloudy,11,0
2025-10-06,Kulfi,Desserts,27,20,Monday,0,0,Cloudy,11,0
2025-10-07,Paneer Butter Masala,Main Course,43,34,Tuesday,0,0,Rainy,9,0
2025-10-07,Dal Makhani,Main Course,44,36,Tuesday,0,0,Rainy,9,0
2025-10-07,Chicken Biryani,Main Course,41,34,Tuesday,0,0,Rainy,9,0
2025-10-07,Mutton Rogan Josh,Main Course,36,19,Tuesday,0,0,Rainy,9,0
2025-10-07,Paneer Tikka,Starters,51,47,Tuesday,0,0,Rainy,9,0
2025-10-07,Chicken Tandoori,Starters,44,32,Tuesday,0,0,Rainy,9,0
2025-10-07,Veg Spring Rolls,Starters,52,34,Tuesday,0,0,Rainy,9,0
2025-10-07,Fish Amritsari,Starters,46,25,Tuesday,0,0,Rainy,9,0
2025-10-07,Butter Naan,Breads,64,54,Tuesday,0,0,Rainy,9,0
2025-10-07,Garlic Naan,Breads,70,58,Tuesday,0,0,Rainy,9,0
2025-10-07,Tandoori Roti,Breads,80,67,Tuesday,0,0,Rainy,9,0
2025-10-07,Gulab Jamun,Desserts,38,26,Tuesday,0,0,Rainy,9,0
2025-10-07,Ras Malai,Desserts,39,26,Tuesday,0,0,Rainy,9,0
2025-10-07,Kheer,Desserts,25,16,Tuesday,0,0,Rainy,9,0
2025-10-07,Kulfi,Desserts,31,23,Tuesday,0,0,Rainy,9,0
2025-10-08,Paneer Butter Masala,Main Course,43,40,Wednesday,0,0,Sunny,8,0
2025-10-08,Dal Makhani,Main Course,44,35,Wednesday,0,0,Sunny,8,0
2025-10-08,Chicken Biryani,Main Course,43,40,Wednesday,0,0,Sunny,8,0
2025-10-08,Mutton Rogan Josh,Main Course,37,23,Wednesday,0,0,Sunny,8,0
2025-10-08,Paneer Tikka,Starters,59,53,Wednesday,0,0,Sunny,8,0
2025-10-08,Chicken Tandoori,Starters,45,37,Wednesday,0,0,Sunny,8,0
2025-10-08,Veg Spring Rolls,Starters,51,34,Wednesday,0,0,Sunny,8,0
2025-10-08,Fish Amritsari,Starters,51,26,Wednesday,0,0,Sunny,8,0
2025-10-08,Butter Naan,Breads,68,64,Wednesday,0,0,Sunny,8,0
2025-10-08,Garlic Naan,Breads,78,69,Wednesday,0,0,Sunny,8,0
2025-10-08,Tandoori Roti,Breads,73,54,Wednesday,0,0,Sunny,8,0
2025-10-08,Gulab Jamun,Desserts,39,30,Wednesday,0,0,Sunny,8,0
2025-10-08,Ras Malai,Desserts,35,29,Wednesday,0,0,Sunny,8,0
2025-10-08,Kheer,Desserts,29,25,Wednesday,0,0,Sunny,8,0
2025-10-08,Kulfi,Desserts,28,21,Wednesday,0,0,Sunny,8,0
2025-10-09,Paneer Butter Masala,Main Course,39,36,Thursday,0,0,Sunny,8,0
2025-10-09,Dal Makhani,Main Course,50,37,Thursday,0,0,Sunny,8,0
2025-10-09,Chicken Biryani,Main Course,39,37,Thursday,0,0,Sunny,8,0
2025-10-09,Mutton Rogan Josh,Main Course,41,23,Thursday,0,0,Sunny,8,0
2025-10-09,Paneer Tikka,Starters,55,36,Thursday,0,0,Sunny,8,0
2025-10-09,Chicken Tandoori,Starters,57,51,Thursday,0,0,Sunny,8,0
2025-10-09,Veg Spring Rolls,Starters,51,42,Thursday,0,0,Sunny,8,0
2025-10-09,Fish Amritsari,Starters,50,27,Thursday,0,0,Sunny,8,0
2025-10-09,Butter Naan,Breads,84,81,Thursday,0,0,Sunny,8,0
2025-10-09,Garlic Naan,Breads,85,56,Thursday,0,0,Sunny,8,0
2025-10-09,Tandoori Roti,Breads,72,59,Thursday,0,0,Sunny,8,0
2025-10-09,Gulab Jamun,Desserts,43,34,Thursday,0,0,Sunny,8,0
2025-10-09,Ras Malai,Desserts,35,32,Thursday,0,0,Sunny,8,0
2025-10-09,Kheer,Desserts,33,28,Thursday,0,0,Sunny,8,0
2025-10-09,Kulfi,Desserts,29,20,Thursday,0,0,Sunny,8,0
2025-10-10,Paneer Butter Masala,Main Course,39,33,Friday,0,0,Cloudy,9,0
2025-10-10,Dal Makhani,Main Course,52,35,Friday,0,0,Cloudy,9,0
2025-10-10,Chicken Biryani,Main Course,38,36,Friday,0,0,Cloudy,9,0
2025-10-10,Mutton Rogan Josh,Main Course,43,28,Friday,0,0,Cloudy,9,0
2025-10-10,Paneer Tikka,Starters,53,43,Friday,0,0,Cloudy,9,0
2025-10-10,Chicken Tandoori,Starters,50,38,Friday,0,0,Cloudy,9,0
2025-10-10,Veg Spring Rolls,Starters,53,39,Friday,0,0,Cloudy,9,0
2025-10-10,Fish Amritsari,Starters,58,30,Friday,0,0,Cloudy,9,0
2025-10-10,Butter Naan,Breads,72,67,Friday,0,0,Cloudy,9,0
2025-10-10,Garlic Naan,Breads,76,71,Friday,0,0,Cloudy,9,0
2025-10-10,Tandoori Roti,Breads,81,53,Friday,0,0,Cloudy,9,0
2025-10-10,Gulab Jamun,Desserts,39,35,Friday,0,0,Cloudy,9,0
2025-10-10,Ras Malai,Desserts,40,34,Friday,0,0,Cloudy,9,0
2025-10-10,Kheer,Desserts,32,26,Friday,0,0,Cloudy,9,0
2025-10-10,Kulfi,Desserts,29,16,Friday,0,0,Cloudy,9,0
2025-10-11,Paneer Butter Masala,Main Course,52,45,Saturday,1,0,Rainy,11,0
2025-10-11,Dal Makhani,Main Course,64,59,Saturday,1,0,Rainy,11,0
2025-10-11,Chicken Biryani,Main Course,53,49,Saturday,1,0,Rainy,11,0
2025-10-11,Mutton Rogan Josh,Main Course,57,30,Saturday,1,0,Rainy,11,0
2025-10-11,Paneer Tikka,Starters,74,62,Saturday,1,0,Rainy,11,0
2025-10-11,Chicken Tandoori,Starters,64,47,Saturday,1,0,Rainy,11,0
2025-10-11,Veg Spring Rolls,Starters,67,62,Saturday,1,0,Rainy,11,0
2025-10-11,Fish Amritsari,Starters,71,48,Saturday,1,0,Rainy,11,0
2025-10-11,Butter Naan,Breads,95,80,Saturday,1,0,Rainy,11,0
2025-10-11,Garlic Naan,Breads,96,67,Saturday,1,0,Rainy,11,0
2025-10-11,Tandoori Roti,Breads,109,100,Saturday,1,0,Rainy,11,0
2025-10-11,Gulab Jamun,Desserts,46,42,Saturday,1,0,Rainy,11,0
2025-10-11,Ras Malai,Desserts,49,33,Saturday,1,0,Rainy,11,0
2025-10-11,Kheer,Desserts,36,24,Saturday,1,0,Rainy,11,0
2025-10-11,Kulfi,Desserts,36,10,Saturday,1,0,Rainy,11,0
2025-10-12,Paneer Butter Masala,Main Course,87,72,Sunday,1,1,Rainy,13,1
2025-10-12,Dal Makhani,Main Course,93,80,Sunday,1,1,Rainy,13,1
2025-10-12,Chicken Biryani,Main Course,69,64,Sunday,1,1,Rainy,13,1
2025-10-12,Mutton Rogan Josh,Main Course,79,59,Sunday,1,1,Rainy,13,1
2025-10-12,Paneer Tikka,Starters,102,95,Sunday,1,1,Rainy,13,1
2025-10-12,Chicken Tandoori,Starters,102,84,Sunday,1,1,Rainy,13,1
2025-10-12,Veg Spring Rolls,Starters,121,93,Sunday,1,1,Rainy,13,1
2025-10-12,Fish Amritsari,Starters,95,61,Sunday,1,1,Rainy,13,1
2025-10-12,Butter Naan,Breads,138,120,Sunday,1,1,Rainy,13,1
2025-10-12,Garlic Naan,Breads,151,125,Sunday,1,1,Rainy,13,1
2025-10-12,Tandoori Roti,Breads,163,145,Sunday,1,1,Rainy,13,1
2025-10-12,Gulab Jamun,Desserts,61,48,Sunday,1,1,Rainy,13,1
2025-10-12,Ras Malai,Desserts,67,52,Sunday,1,1,Rainy,13,1
2025-10-12,Kheer,Desserts,55,50,Sunday,1,1,Rainy,13,1
2025-10-12,Kulfi,Desserts,61,46,Sunday,1,1,Rainy,13,1
2025-10-13,Paneer Butter Masala,Main Course,41,37,Monday,0,0,Sunny,10,0
2025-10-13,Dal Makhani,Main Course,54,45,Monday,0,0,Sunny,10,0
2025-10-13,Chicken Biryani,Main Course,39,31,Monday,0,0,Sunny,10,0
2025-10-13,Mutton Rogan Josh,Main Course,43,23,Monday,0,0,Sunny,10,0
2025-10-13,Paneer Tikka,Starters,52,16,Monday,0,0,Sunny,10,0
2025-10-13,Chicken Tandoori,Starters,52,45,Monday,0,0,Sunny,10,0
2025-10-13,Veg Spring Rolls,Starters,59,53,Monday,0,0,Sunny,10,0
2025-10-13,Fish Amritsari,Starters,54,39,Monday,0,0,Sunny,10,0
2025-10-13,Butter Naan,Breads,81,68,Monday,0,0,Sunny,10,0
2025-10-13,Garlic Naan,Breads,67,46,Monday,0,0,Sunny,10,0
2025-10-13,Tandoori Roti,Breads,82,64,Monday,0,0,Sunny,10,0
2025-10-13,Gulab Jamun,Desserts,39,31,Monday,0,0,Sunny,10,0
2025-10-13,Ras Malai,Desserts,34,22,Monday,0,0,Sunny,10,0
2025-10-13,Kheer,Desserts,30,19,Monday,0,0,Sunny,10,0
2025-10-13,Kulfi,Desserts,30,21,Monday,0,0,Sunny,10,0
2025-10-14,Paneer Butter Masala,Main Course,45,39,Tuesday,0,0,Sunny,8,0
2025-10-14,Dal Makhani,Main Course,47,39,Tuesday,0,0,Sunny,8,0
2025-10-14,Chicken Biryani,Main Course,44,40,Tuesday,0,0,Sunny,8,0
2025-10-14,Mutton Rogan Josh,Main Course,44,22,Tuesday,0,0,Sunny,8,0
2025-10-14,Paneer Tikka,Starters,52,38,Tuesday,0,0,Sunny,8,0
2025-10-14,Chicken Tandoori,Starters,49,32,Tuesday,0,0,Sunny,8,0
2025-10-14,Veg Spring Rolls,Starters,61,46,Tuesday,0,0,Sunny,8,0
2025-10-14,Fish Amritsari,Starters,50,36,Tuesday,0,0,Sunny,8,0
2025-10-14,Butter Naan,Breads,80,64,Tuesday,0,0,Sunny,8,0
2025-10-14,Garlic Naan,Breads,85,74,Tuesday,0,0,Sunny,8,0
2025-10-14,Tandoori Roti,Breads,72,64,Tuesday,0,0,Sunny,8,0
2025-10-14,Gulab Jamun,Desserts,43,32,Tuesday,0,0,Sunny,8,0
2025-10-14,Ras Malai,Desserts,40,31,Tuesday,0,0,Sunny,8,0
2025-10-14,Kheer,Desserts,33,22,Tuesday,0,0,Sunny,8,0
2025-10-14,Kulfi,Desserts,33,18,Tuesday,0,0,Sunny,8,0
2025-10-15,Paneer Butter Masala,Main Course,44,40,Wednesday,0,0,Sunny,10,0
2025-10-15,Dal Makhani,Main Course,44,40,Wednesday,0,0,Sunny,10,0
2025-10-15,Chicken Biryani,Main Course,43,40,Wednesday,0,0,Sunny,10,0
2025-10-15,Mutton Rogan Josh,Main Course,37,21,Wednesday,0,0,Sunny,10,0
2025-10-15,Paneer Tikka,Starters,59,55,Wednesday,0,0,Sunny,10,0
2025-10-15,Chicken Tandoori,Starters,56,50,Wednesday,0,0,Sunny,10,0
2025-10-15,Veg Spring Rolls,Starters,63,52,Wednesday,0,0,Sunny,10,0
2025-10-15,Fish Amritsari,Starters,58,31,Wednesday,0,0,Sunny,10,0
2025-10-15,Butter Naan,Breads,76,31,Wednesday,0,0,Sunny,10,0
2025-10-15,Garlic Naan,Breads,74,67,Wednesday,0,0,Sunny,10,0
2025-10-15,Tandoori Roti,Breads,77,52,Wednesday,0,0,Sunny,10,0
2025-10-15,Gulab Jamun,Desserts,42,32,Wednesday,0,0,Sunny,10,0
2025-10-15,Ras Malai,Desserts,36,34,Wednesday,0,0,Sunny,10,0
2025-10-15,Kheer,Desserts,34,25,Wednesday,0,0,Sunny,10,0
2025-10-15,Kulfi,Desserts,33,16,Wednesday,0,0,Sunny,10,0
2025-10-16,Paneer Butter Masala,Main Course,49,43,Thursday,0,0,Cloudy,9,0
2025-10-16,Dal Makhani,Main Course,69,38,Thursday,0,0,Cloudy,9,0
2025-10-16,Chicken Biryani,Main Course,40,33,Thursday,0,0,Cloudy,9,0
2025-10-16,Mutton Rogan Josh,Main Course,44,35,Thursday,0,0,Cloudy,9,0
2025-10-16,Paneer Tikka,Starters,51,44,Thursday,0,0,Cloudy,9,0
2025-10-16,Chicken Tandoori,Starters,56,46,Thursday,0,0,Cloudy,9,0
2025-10-16,Veg Spring Rolls,Starters,51,35,Thursday,0,0,Cloudy,9,0
2025-10-16,Fish Amritsari,Starters,56,43,Thursday,0,0,Cloudy,9,0
2025-10-16,Butter Naan,Breads,85,71,Thursday,0,0,Cloudy,9,0
2025-10-16,Garlic Naan,Breads,71,54,Thursday,0,0,Cloudy,9,0
2025-10-16,Tandoori Roti,Breads,71,56,Thursday,0,0,Cloudy,9,0
2025-10-16,Gulab Jamun,Desserts,41,29,Thursday,0,0,Cloudy,9,0
2025-10-16,Ras Malai,Desserts,38,31,Thursday,0,0,Cloudy,9,0
2025-10-16,Kheer,Desserts,28,21,Thursday,0,0,Cloudy,9,0
2025-10-16,Kulfi,Desserts,27,20,Thursday,0,0,Cloudy,9,0
2025-10-17,Paneer Butter Masala,Main Course,36,30,Friday,0,0,Rainy,9,0
2025-10-17,Dal Makhani,Main Course,40,27,Friday,0,0,Rainy,9,0
2025-10-17,Chicken Biryani,Main Course,42,33,Friday,0,0,Rainy,9,0
2025-10-17,Mutton Rogan Josh,Main Course,65,27,Friday,0,0,Rainy,9,0
2025-10-17,Paneer Tikka,Starters,53,40,Friday,0,0,Rainy,9,0
2025-10-17,Chicken Tandoori,Starters,49,46,Friday,0,0,Rainy,9,0
2025-10-17,Veg Spring Rolls,Starters,51,40,Friday,0,0,Rainy,9,0
2025-10-17,Fish Amritsari,Starters,48,32,Friday,0,0,Rainy,9,0
2025-10-17,Butter Naan,Breads,75,63,Friday,0,0,Rainy,9,0
2025-10-17,Garlic Naan,Breads,63,43,Friday,0,0,Rainy,9,0
2025-10-17,Tandoori Roti,Breads,81,76,Friday,0,0,Rainy,9,0
2025-10-17,Gulab Jamun,Desserts,38,26,Friday,0,0,Rainy,9,0
2025-10-17,Ras Malai,Desserts,37,34,Friday,0,0,Rainy,9,0
2025-10-17,Kheer,Desserts,30,25,Friday,0,0,Rainy,9,0
2025-10-17,Kulfi,Desserts,29,17,Friday,0,0,Rainy,9,0
2025-10-18,Paneer Butter Masala,Main Course,58,51,Saturday,1,0,Cloudy,16,0
2025-10-18,Dal Makhani,Main Course,67,53,Saturday,1,0,Cloudy,16,0
2025-10-18,Chicken Biryani,Main Course,65,58,Saturday,1,0,Cloudy,16,0
2025-10-18,Mutton Rogan Josh,Main Course,107,41,Saturday,1,0,Cloudy,16,0
2025-10-18,Paneer Tikka,Starters,76,61,Saturday,1,0,Cloudy,16,0
2025-10-18,Chicken Tandoori,Starters,63,50,Saturday,1,0,Cloudy,16,0
2025-10-18,Veg Spring Rolls,Starters,80,74,Saturday,1,0,Cloudy,16,0
2025-10-18,Fish Amritsari,Starters,77,43,Saturday,1,0,Cloudy,16,0
2025-10-18,Butter Naan,Breads,101,85,Saturday,1,0,Cloudy,16,0
2025-10-18,Garlic Naan,Breads,112,79,Saturday,1,0,Cloudy,16,0
2025-10-18,Tandoori Roti,Breads,106,76,Saturday,1,0,Cloudy,16,0
2025-10-18,Gulab Jamun,Desserts,50,43,Saturday,1,0,Cloudy,16,0
2025-10-18,Ras Malai,Desserts,46,34,Saturday,1,0,Cloudy,16,0
2025-10-18,Kheer,Desserts,49,37,Saturday,1,0,Cloudy,16,0
2025-10-18,Kulfi,Desserts,48,25,Saturday,1,0,Cloudy,16,0
2025-10-19,Paneer Butter Masala,Main Course,61,51,Sunday,1,0,Stormy,15,1
2025-10-19,Dal Makhani,Main Course,77,61,Sunday,1,0,Stormy,15,1
2025-10-19,Chicken Biryani,Main Course,127,56,Sunday,1,0,Stormy,15,1
2025-10-19,Mutton Rogan Josh,Main Course,56,37,Sunday,1,0,Stormy,15,1
2025-10-19,Paneer Tikka,Starters,78,72,Sunday,1,0,Stormy,15,1
2025-10-19,Chicken Tandoori,Starters,75,54,Sunday,1,0,Stormy,15,1
2025-10-19,Veg Spring Rolls,Starters,81,73,Sunday,1,0,Stormy,15,1
2025-10-19,Fish Amritsari,Starters,70,55,Sunday,1,0,Stormy,15,1
2025-10-19,Butter Naan,Breads,124,108,Sunday,1,0,Stormy,15,1
2025-10-19,Garlic Naan,Breads,102,83,Sunday,1,0,Stormy,15,1
2025-10-19,Tandoori Roti,Breads,116,92,Sunday,1,0,Stormy,15,1
2025-10-19,Gulab Jamun,Desserts,53,36,Sunday,1,0,Stormy,15,1
2025-10-19,Ras Malai,Desserts,59,42,Sunday,1,0,Stormy,15,1
2025-10-19,Kheer,Desserts,45,29,Sunday,1,0,Stormy,15,1
2025-10-19,Kulfi,Desserts,41,26,Sunday,1,0,Stormy,15,1
2025-10-20,Paneer Butter Masala,Main Course,39,35,Monday,0,0,Rainy,10,0
2025-10-20,Dal Makhani,Main Course,46,31,Monday,0,0,Rainy,10,0
2025-10-20,Chicken Biryani,Main Course,39,33,Monday,0,0,Rainy,10,0
2025-10-20,Mutton Rogan Josh,Main Course,40,29,Monday,0,0,Rainy,10,0
2025-10-20,Paneer Tikka,Starters,50,44,Monday,0,0,Rainy,10,0
2025-10-20,Chicken Tandoori,Starters,51,44,Monday,0,0,Rainy,10,0
2025-10-20,Veg Spring Rolls,Starters,51,43,Monday,0,0,Rainy,10,0
2025-10-20,Fish Amritsari,Starters,54,33,Monday,0,0,Rainy,10,0
2025-10-20,Butter Naan,Breads,74,69,Monday,0,0,Rainy,10,0
2025-10-20,Garlic Naan,Breads,62,44,Monday,0,0,Rainy,10,0
2025-10-20,Tandoori Roti,Breads,66,50,Monday,0,0,Rainy,10,0
2025-10-20,Gulab Jamun,Desserts,39,25,Monday,0,0,Rainy,10,0
2025-10-20,Ras Malai,Desserts,38,33,Monday,0,0,Rainy,10,0
2025-10-20,Kheer,Desserts,28,21,Monday,0,0,Rainy,10,0
2025-10-20,Kulfi,Desserts,27,19,Monday,0,0,Rainy,10,0
2025-10-21,Paneer Butter Masala,Main Course,48,40,Tuesday,0,0,Sunny,11,0
2025-10-21,Dal Makhani,Main Course,44,39,Tuesday,0,0,Sunny,11,0
2025-10-21,Chicken Biryani,Main Course,45,37,Tuesday,0,0,Sunny,11,0
2025-10-21,Mutton Rogan Josh,Main Course,37,19,Tuesday,0,0,Sunny,11,0
2025-10-21,Paneer Tikka,Starters,57,39,Tuesday,0,0,Sunny,11,0
2025-10-21,Chicken Tandoori,Starters,54,46,Tuesday,0,0,Sunny,11,0
2025-10-21,Veg Spring Rolls,Starters,60,50,Tuesday,0,0,Sunny,11,0
2025-10-21,Fish Amritsari,Starters,61,43,Tuesday,0,0,Sunny,11,0
2025-10-21,Butter Naan,Breads,75,70,Tuesday,0,0,Sunny,11,0
2025-10-21,Garlic Naan,Breads,123,49,Tuesday,0,0,Sunny,11,0
2025-10-21,Tandoori Roti,Breads,81,74,Tuesday,0,0,Sunny,11,0
2025-10-21,Gulab Jamun,Desserts,41,28,Tuesday,0,0,Sunny,11,0
2025-10-21,Ras Malai,Desserts,34,27,Tuesday,0,0,Sunny,11,0
2025-10-21,Kheer,Desserts,31,25,Tuesday,0,0,Sunny,11,0
2025-10-21,Kulfi,Desserts,33,22,Tuesday,0,0,Sunny,11,0
2025-10-22,Paneer Butter Masala,Main Course,47,39,Wednesday,0,0,Sunny,9,0
2025-10-22,Dal Makhani,Main Course,44,41,Wednesday,0,0,Sunny,9,0
2025-10-22,Chicken Biryani,Main Course,45,38,Wednesday,0,0,Sunny,9,0
2025-10-22,Mutton Rogan Josh,Main Course,37,20,Wednesday,0,0,Sunny,9,0
2025-10-22,Paneer Tikka,Starters,51,39,Wednesday,0,0,Sunny,9,0
2025-10-22,Chicken Tandoori,Starters,47,33,Wednesday,0,0,Sunny,9,0
2025-10-22,Veg Spring Rolls,Starters,55,36,Wednesday,0,0,Sunny,9,0
2025-10-22,Fish Amritsari,Starters,54,36,Wednesday,0,0,Sunny,9,0
2025-10-22,Butter Naan,Breads,78,64,Wednesday,0,0,Sunny,9,0
2025-10-22,Garlic Naan,Breads,81,56,Wednesday,0,0,Sunny,9,0
2025-10-22,Tandoori Roti,Breads,73,66,Wednesday,0,0,Sunny,9,0
2025-10-22,Gulab Jamun,Desserts,43,34,Wednesday,0,0,Sunny,9,0
2025-10-22,Ras Malai,Desserts,34,25,Wednesday,0,0,Sunny,9,0
2025-10-22,Kheer,Desserts,29,23,Wednesday,0,0,Sunny,9,0
2025-10-22,Kulfi,Desserts,31,6,Wednesday,0,0,Sunny,9,0
2025-10-23,Paneer Butter Masala,Main Course,46,41,Thursday,0,0,Sunny,10,0
2025-10-23,Dal Makhani,Main Course,49,35,Thursday,0,0,Sunny,10,0
2025-10-23,Chicken Biryani,Main Course,43,37,Thursday,0,0,Sunny,10,0
2025-10-23,Mutton Rogan Josh,Main Course,38,28,Thursday,0,0,Sunny,10,0
2025-10-23,Paneer Tikka,Starters,51,36,Thursday,0,0,Sunny,10,0
2025-10-23,Chicken Tandoori,Starters,46,38,Thursday,0,0,Sunny,10,0
2025-10-23,Veg Spring Rolls,Starters,62,41,Thursday,0,0,Sunny,10,0
2025-10-23,Fish Amritsari,Starters,48,37,Thursday,0,0,Sunny,10,0
2025-10-23,Butter Naan,Breads,84,78,Thursday,0,0,Sunny,10,0
2025-10-23,Garlic Naan,Breads,72,63,Thursday,0,0,Sunny,10,0
2025-10-23,Tandoori Roti,Breads,78,72,Thursday,0,0,Sunny,10,0
2025-10-23,Gulab Jamun,Desserts,36,30,Thursday,0,0,Sunny,10,0
2025-10-23,Ras Malai,Desserts,37,34,Thursday,0,0,Sunny,10,0
2025-10-23,Kheer,Desserts,35,27,Thursday,0,0,Sunny,10,0
2025-10-23,Kulfi,Desserts,30,16,Thursday,0,0,Sunny,10,0
2025-10-24,Paneer Butter Masala,Main Course,64,59,Friday,0,1,Cloudy,12,1
2025-10-24,Dal Makhani,Main Course,72,51,Friday,0,1,Cloudy,12,1
2025-10-24,Chicken Biryani,Main Course,56,44,Friday,0,1,Cloudy,12,1
2025-10-24,Mutton Rogan Josh,Main Course,52,34,Friday,0,1,Cloudy,12,1
2025-10-24,Paneer Tikka,Starters,86,79,Friday,0,1,Cloudy,12,1
2025-10-24,Chicken Tandoori,Starters,75,48,Friday,0,1,Cloudy,12,1
2025-10-24,Veg Spring Rolls,Starters,80,73,Friday,0,1,Cloudy,12,1
2025-10-24,Fish Amritsari,Starters,85,48,Friday,0,1,Cloudy,12,1
2025-10-24,Butter Naan,Breads,188,100,Friday,0,1,Cloudy,12,1
2025-10-24,Garlic Naan,Breads,120,80,Friday,0,1,Cloudy,12,1
2025-10-24,Tandoori Roti,Breads,130,110,Friday,0,1,Cloudy,12,1
2025-10-24,Gulab Jamun,Desserts,63,44,Friday,0,1,Cloudy,12,1
2025-10-24,Ras Malai,Desserts,57,42,Friday,0,1,Cloudy,12,1
2025-10-24,Kheer,Desserts,55,39,Friday,0,1,Cloudy,12,1
2025-10-24,Kulfi,Desserts,40,29,Friday,0,1,Cloudy,12,1
2025-10-25,Paneer Butter Masala,Main Course,136,68,Saturday,1,1,Cloudy,18,1
2025-10-25,Dal Makhani,Main Course,103,88,Saturday,1,1,Cloudy,18,1
2025-10-25,Chicken Biryani,Main Course,98,81,Saturday,1,1,Cloudy,18,1
2025-10-25,Mutton Rogan Josh,Main Course,75,44,Saturday,1,1,Cloudy,18,1
2025-10-25,Paneer Tikka,Starters,92,63,Saturday,1,1,Cloudy,18,1
2025-10-25,Chicken Tandoori,Starters,125,114,Saturday,1,1,Cloudy,18,1
2025-10-25,Veg Spring Rolls,Starters,117,96,Saturday,1,1,Cloudy,18,1
2025-10-25,Fish Amritsari,Starters,124,87,Saturday,1,1,Cloudy,18,1
2025-10-25,Butter Naan,Breads,193,171,Saturday,1,1,Cloudy,18,1
2025-10-25,Garlic Naan,Breads,141,97,Saturday,1,1,Cloudy,18,1
2025-10-25,Tandoori Roti,Breads,148,129,Saturday,1,1,Cloudy,18,1
2025-10-25,Gulab Jamun,Desserts,78,73,Saturday,1,1,Cloudy,18,1
2025-10-25,Ras Malai,Desserts,80,66,Saturday,1,1,Cloudy,18,1
2025-10-25,Kheer,Desserts,72,65,Saturday,1,1,Cloudy,18,1
2025-10-25,Kulfi,Desserts,68,37,Saturday,1,1,Cloudy,18,1
2025-10-26,Paneer Butter Masala,Main Course,64,54,Sunday,1,0,Sunny,11,0
2025-10-26,Dal Makhani,Main Course,72,53,Sunday,1,0,Sunny,11,0
2025-10-26,Chicken Biryani,Main Course,66,58,Sunday,1,0,Sunny,11,0
2025-10-26,Mutton Rogan Josh,Main Course,59,35,Sunday,1,0,Sunny,11,0
2025-10-26,Paneer Tikka,Starters,76,51,Sunday,1,0,Sunny,11,0
2025-10-26,Chicken Tandoori,Starters,64,54,Sunday,1,0,Sunny,11,0
2025-10-26,Veg Spring Rolls,Starters,87,57,Sunday,1,0,Sunny,11,0
2025-10-26,Fish Amritsari,Starters,124,59,Sunday,1,0,Sunny,11,0
2025-10-26,Butter Naan,Breads,102,84,Sunday,1,0,Sunny,11,0
2025-10-26,Garlic Naan,Breads,98,92,Sunday,1,0,Sunny,11,0
2025-10-26,Tandoori Roti,Breads,116,100,Sunday,1,0,Sunny,11,0
2025-10-26,Gulab Jamun,Desserts,61,53,Sunday,1,0,Sunny,11,0
2025-10-26,Ras Malai,Desserts,49,39,Sunday,1,0,Sunny,11,0
2025-10-26,Kheer,Desserts,43,28,Sunday,1,0,Sunny,11,0
2025-10-26,Kulfi,Desserts,43,31,Sunday,1,0,Sunny,11,0
2025-10-27,Paneer Butter Masala,Main Course,42,35,Monday,0,0,Rainy,9,0
2025-10-27,Dal Makhani,Main Course,40,31,Monday,0,0,Rainy,9,0
2025-10-27,Chicken Biryani,Main Course,41,37,Monday,0,0,Rainy,9,0
2025-10-27,Mutton Rogan Josh,Main Course,34,17,Monday,0,0,Rainy,9,0
2025-10-27,Paneer Tikka,Starters,58,50,Monday,0,0,Rainy,9,0
2025-10-27,Chicken Tandoori,Starters,89,44,Monday,0,0,Rainy,9,0
2025-10-27,Veg Spring Rolls,Starters,48,33,Monday,0,0,Rainy,9,0
2025-10-27,Fish Amritsari,Starters,56,40,Monday,0,0,Rainy,9,0
2025-10-27,Butter Naan,Breads,74,64,Monday,0,0,Rainy,9,0
2025-10-27,Garlic Naan,Breads,68,60,Monday,0,0,Rainy,9,0
2025-10-27,Tandoori Roti,Breads,79,52,Monday,0,0,Rainy,9,0
2025-10-27,Gulab Jamun,Desserts,32,26,Monday,0,0,Rainy,9,0
2025-10-27,Ras Malai,Desserts,34,28,Monday,0,0,Rainy,9,0
2025-10-27,Kheer,Desserts,31,21,Monday,0,0,Rainy,9,0
2025-10-27,Kulfi,Desserts,30,20,Monday,0,0,Rainy,9,0
2025-10-28,Paneer Butter Masala,Main Course,44,40,Tuesday,0,0,Rainy,10,0
2025-10-28,Dal Makhani,Main Course,44,34,Tuesday,0,0,Rainy,10,0
2025-10-28,Chicken Biryani,Main Course,36,29,Tuesday,0,0,Rainy,10,0
2025-10-28,Mutton Rogan Josh,Main Course,34,18,Tuesday,0,0,Rainy,10,0
2025-10-28,Paneer Tikka,Starters,52,36,Tuesday,0,0,Rainy,10,0
2025-10-28,Chicken Tandoori,Starters,48,31,Tuesday,0,0,Rainy,10,0
2025-10-28,Veg Spring Rolls,Starters,55,46,Tuesday,0,0,Rainy,10,0
2025-10-28,Fish Amritsari,Starters,56,30,Tuesday,0,0,Rainy,10,0
2025-10-28,Butter Naan,Breads,70,67,Tuesday,0,0,Rainy,10,0
2025-10-28,Garlic Naan,Breads,76,68,Tuesday,0,0,Rainy,10,0
2025-10-28,Tandoori Roti,Breads,77,52,Tuesday,0,0,Rainy,10,0
2025-10-28,Gulab Jamun,Desserts,40,36,Tuesday,0,0,Rainy,10,0
2025-10-28,Ras Malai,Desserts,32,25,Tuesday,0,0,Rainy,10,0
2025-10-28,Kheer,Desserts,31,24,Tuesday,0,0,Rainy,10,0
2025-10-28,Kulfi,Desserts,29,22,Tuesday,0,0,Rainy,10,0
2025-10-29,Paneer Butter Masala,Main Course,48,42,Wednesday,0,0,Sunny,12,0
2025-10-29,Dal Makhani,Main Course,46,36,Wednesday,0,0,Sunny,12,0
2025-10-29,Chicken Biryani,Main Course,41,39,Wednesday,0,0,Sunny,12,0
2025-10-29,Mutton Rogan Josh,Main Course,45,31,Wednesday,0,0,Sunny,12,0
2025-10-29,Paneer Tikka,Starters,62,41,Wednesday,0,0,Sunny,12,0
2025-10-29,Chicken Tandoori,Starters,54,36,Wednesday,0,0,Sunny,12,0
2025-10-29,Veg Spring Rolls,Starters,56,52,Wednesday,0,0,Sunny,12,0
2025-10-29,Fish Amritsari,Starters,58,45,Wednesday,0,0,Sunny,12,0
2025-10-29,Butter Naan,Breads,160,78,Wednesday,0,0,Sunny,12,0
2025-10-29,Garlic Naan,Breads,68,45,Wednesday,0,0,Sunny,12,0
2025-10-29,Tandoori Roti,Breads,85,62,Wednesday,0,0,Sunny,12,0
2025-10-29,Gulab Jamun,Desserts,43,29,Wednesday,0,0,Sunny,12,0
2025-10-29,Ras Malai,Desserts,36,28,Wednesday,0,0,Sunny,12,0
2025-10-29,Kheer,Desserts,32,24,Wednesday,0,0,Sunny,12,0
2025-10-29,Kulfi,Desserts,31,22,Wednesday,0,0,Sunny,12,0
2025-10-30,Paneer Butter Masala,Main Course,47,43,Thursday,0,0,Sunny,11,0
2025-10-30,Dal Makhani,Main Course,44,33,Thursday,0,0,Sunny,11,0
2025-10-30,Chicken Biryani,Main Course,42,37,Thursday,0,0,Sunny,11,0
2025-10-30,Mutton Rogan Josh,Main Course,42,27,Thursday,0,0,Sunny,11,0
2025-10-30,Paneer Tikka,Starters,100,39,Thursday,0,0,Sunny,11,0
2025-10-30,Chicken Tandoori,Starters,51,41,Thursday,0,0,Sunny,11,0
2025-10-30,Veg Spring Rolls,Starters,62,47,Thursday,0,0,Sunny,11,0
2025-10-30,Fish Amritsari,Starters,55,28,Thursday,0,0,Sunny,11,0
2025-10-30,Butter Naan,Breads,70,68,Thursday,0,0,Sunny,11,0
2025-10-30,Garlic Naan,Breads,79,70,Thursday,0,0,Sunny,11,0
2025-10-30,Tandoori Roti,Breads,76,60,Thursday,0,0,Sunny,11,0
2025-10-30,Gulab Jamun,Desserts,37,29,Thursday,0,0,Sunny,11,0
2025-10-30,Ras Malai,Desserts,35,24,Thursday,0,0,Sunny,11,0
2025-10-30,Kheer,Desserts,31,8,Thursday,0,0,Sunny,11,0
2025-10-30,Kulfi,Desserts,33,22,Thursday,0,0,Sunny,11,0
2025-10-31,Paneer Butter Masala,Main Course,46,40,Friday,0,0,Cloudy,9,0
2025-10-31,Dal Makhani,Main Course,47,41,Friday,0,0,Cloudy,9,0
2025-10-31,Chicken Biryani,Main Course,43,41,Friday,0,0,Cloudy,9,0
2025-10-31,Mutton Rogan Josh,Main Course,40,30,Friday,0,0,Cloudy,9,0
2025-10-31,Paneer Tikka,Starters,51,42,Friday,0,0,Cloudy,9,0
2025-10-31,Chicken Tandoori,Starters,57,49,Friday,0,0,Cloudy,9,0
2025-10-31,Veg Spring Rolls,Starters,54,44,Friday,0,0,Cloudy,9,0
2025-10-31,Fish Amritsari,Starters,58,41,Friday,0,0,Cloudy,9,0
2025-10-31,Butter Naan,Breads,85,68,Friday,0,0,Cloudy,9,0
2025-10-31,Garlic Naan,Breads,77,68,Friday,0,0,Cloudy,9,0
2025-10-31,Tandoori Roti,Breads,85,70,Friday,0,0,Cloudy,9,0
2025-10-31,Gulab Jamun,Desserts,37,26,Friday,0,0,Cloudy,9,0
2025-10-31,Ras Malai,Desserts,34,25,Friday,0,0,Cloudy,9,0
2025-10-31,Kheer,Desserts,30,21,Friday,0,0,Cloudy,9,0
2025-10-31,Kulfi,Desserts,30,19,Friday,0,0,Cloudy,9,0
2025-11-01,Paneer Butter Masala,Main Course,95,77,Saturday,1,1,Cloudy,11,1
2025-11-01,Dal Makhani,Main Course,86,69,Saturday,1,1,Cloudy,11,1
2025-11-01,Chicken Biryani,Main Course,86,74,Saturday,1,1,Cloudy,11,1
2025-11-01,Mutton Rogan Josh,Main Course,93,63,Saturday,1,1,Cloudy,11,1
2025-11-01,Paneer Tikka,Starters,112,76,Saturday,1,1,Cloudy,11,1
2025-11-01,Chicken Tandoori,Starters,106,93,Saturday,1,1,Cloudy,11,1
2025-11-01,Veg Spring Rolls,Starters,101,24,Saturday,1,1,Cloudy,11,1
2025-11-01,Fish Amritsari,Starters,119,75,Saturday,1,1,Cloudy,11,1
2025-11-01,Butter Naan,Breads,161,143,Saturday,1,1,Cloudy,11,1
2025-11-01,Garlic Naan,Breads,167,137,Saturday,1,1,Cloudy,11,1
2025-11-01,Tandoori Roti,Breads,154,140,Saturday,1,1,Cloudy,11,1
2025-11-01,Gulab Jamun,Desserts,82,54,Saturday,1,1,Cloudy,11,1
2025-11-01,Ras Malai,Desserts,83,54,Saturday,1,1,Cloudy,11,1
2025-11-01,Kheer,Desserts,60,51,Saturday,1,1,Cloudy,11,1
2025-11-01,Kulfi,Desserts,60,45,Saturday,1,1,Cloudy,11,1
2025-11-02,Paneer Butter Masala,Main Course,78,64,Sunday,1,0,Cloudy,12,1
2025-11-02,Dal Makhani,Main Course,83,76,Sunday,1,0,Cloudy,12,1
2025-11-02,Chicken Biryani,Main Course,71,60,Sunday,1,0,Cloudy,12,1
2025-11-02,Mutton Rogan Josh,Main Course,73,47,Sunday,1,0,Cloudy,12,1
2025-11-02,Paneer Tikka,Starters,85,77,Sunday,1,0,Cloudy,12,1
2025-11-02,Chicken Tandoori,Starters,78,63,Sunday,1,0,Cloudy,12,1
2025-11-02,Veg Spring Rolls,Starters,91,70,Sunday,1,0,Cloudy,12,1
2025-11-02,Fish Amritsari,Starters,82,43,Sunday,1,0,Cloudy,12,1
2025-11-02,Butter Naan,Breads,132,107,Sunday,1,0,Cloudy,12,1
2025-11-02,Garlic Naan,Breads,136,122,Sunday,1,0,Cloudy,12,1
2025-11-02,Tandoori Roti,Breads,149,103,Sunday,1,0,Cloudy,12,1
2025-11-02,Gulab Jamun,Desserts,64,46,Sunday,1,0,Cloudy,12,1
2025-11-02,Ras Malai,Desserts,71,53,Sunday,1,0,Cloudy,12,1
2025-11-02,Kheer,Desserts,51,33,Sunday,1,0,Cloudy,12,1
2025-11-02,Kulfi,Desserts,54,39,Sunday,1,0,Cloudy,12,1
2025-11-03,Paneer Butter Masala,Main Course,40,32,Monday,0,0,Cloudy,10,0
2025-11-03,Dal Makhani,Main Course,52,35,Monday,0,0,Cloudy,10,0
2025-11-03,Chicken Biryani,Main Course,45,40,Monday,0,0,Cloudy,10,0
2025-11-03,Mutton Rogan Josh,Main Course,37,19,Monday,0,0,Cloudy,10,0
2025-11-03,Paneer Tikka,Starters,50,36,Monday,0,0,Cloudy,10,0
2025-11-03,Chicken Tandoori,Starters,50,41,Monday,0,0,Cloudy,10,0
2025-11-03,Veg Spring Rolls,Starters,54,45,Monday,0,0,Cloudy,10,0
2025-11-03,Fish Amritsari,Starters,57,37,Monday,0,0,Cloudy,10,0
2025-11-03,Butter Naan,Breads,75,64,Monday,0,0,Cloudy,10,0
2025-11-03,Garlic Naan,Breads,84,71,Monday,0,0,Cloudy,10,0
2025-11-03,Tandoori Roti,Breads,70,53,Monday,0,0,Cloudy,10,0
2025-11-03,Gulab Jamun,Desserts,42,39,Monday,0,0,Cloudy,10,0
2025-11-03,Ras Malai,Desserts,66,27,Monday,0,0,Cloudy,10,0
2025-11-03,Kheer,Desserts,28,25,Monday,0,0,Cloudy,10,0
2025-11-03,Kulfi,Desserts,34,20,Monday,0,0,Cloudy,10,0
2025-11-04,Paneer Butter Masala,Main Course,47,40,Tuesday,0,0,Sunny,8,0
2025-11-04,Dal Makhani,Main Course,50,47,Tuesday,0,0,Sunny,8,0
2025-11-04,Chicken Biryani,Main Course,45,42,Tuesday,0,0,Sunny,8,0
2025-11-04,Mutton Rogan Josh,Main Course,42,23,Tuesday,0,0,Sunny,8,0
2025-11-04,Paneer Tikka,Starters,51,46,Tuesday,0,0,Sunny,8,0
2025-11-04,Chicken Tandoori,Starters,56,42,Tuesday,0,0,Sunny,8,0
2025-11-04,Veg Spring Rolls,Starters,53,45,Tuesday,0,0,Sunny,8,0
2025-11-04,Fish Amritsari,Starters,61,39,Tuesday,0,0,Sunny,8,0
2025-11-04,Butter Naan,Breads,85,69,Tuesday,0,0,Sunny,8,0
2025-11-04,Garlic Naan,Breads,69,47,Tuesday,0,0,Sunny,8,0
2025-11-04,Tandoori Roti,Breads,73,67,Tuesday,0,0,Sunny,8,0
2025-11-04,Gulab Jamun,Desserts,40,28,Tuesday,0,0,Sunny,8,0
2025-11-04,Ras Malai,Desserts,36,29,Tuesday,0,0,Sunny,8,0
2025-11-04,Kheer,Desserts,28,26,Tuesday,0,0,Sunny,8,0
2025-11-04,Kulfi,Desserts,27,14,Tuesday,0,0,Sunny,8,0
2025-11-05,Paneer Butter Masala,Main Course,38,32,Wednesday,0,0,Sunny,9,0
2025-11-05,Dal Makhani,Main Course,48,45,Wednesday,0,0,Sunny,9,0
2025-11-05,Chicken Biryani,Main Course,40,32,Wednesday,0,0,Sunny,9,0
2025-11-05,Mutton Rogan Josh,Main Course,38,26,Wednesday,0,0,Sunny,9,0
2025-11-05,Paneer Tikka,Starters,51,45,Wednesday,0,0,Sunny,9,0
2025-11-05,Chicken Tandoori,Starters,49,44,Wednesday,0,0,Sunny,9,0
2025-11-05,Veg Spring Rolls,Starters,57,51,Wednesday,0,0,Sunny,9,0
2025-11-05,Fish Amritsari,Starters,50,33,Wednesday,0,0,Sunny,9,0
2025-11-05,Butter Naan,Breads,77,71,Wednesday,0,0,Sunny,9,0
2025-11-05,Garlic Naan,Breads,76,59,Wednesday,0,0,Sunny,9,0
2025-11-05,Tandoori Roti,Breads,73,48,Wednesday,0,0,Sunny,9,0
2025-11-05,Gulab Jamun,Desserts,37,30,Wednesday,0,0,Sunny,9,0
2025-11-05,Ras Malai,Desserts,38,30,Wednesday,0,0,Sunny,9,0
2025-11-05,Kheer,Desserts,33,22,Wednesday,0,0,Sunny,9,0
2025-11-05,Kulfi,Desserts,32,19,Wednesday,0,0,Sunny,9,0
2025-11-06,Paneer Butter Masala,Main Course,37,34,Thursday,0,0,Rainy,8,0
2025-11-06,Dal Makhani,Main Course,49,32,Thursday,0,0,Rainy,8,0
2025-11-06,Chicken Biryani,Main Course,36,34,Thursday,0,0,Rainy,8,0
2025-11-06,Mutton Rogan Josh,Main Course,36,19,Thursday,0,0,Rainy,8,0
2025-11-06,Paneer Tikka,Starters,56,42,Thursday,0,0,Rainy,8,0
2025-11-06,Chicken Tandoori,Starters,43,33,Thursday,0,0,Rainy,8,0
2025-11-06,Veg Spring Rolls,Starters,46,32,Thursday,0,0,Rainy,8,0
2025-11-06,Fish Amritsari,Starters,47,24,Thursday,0,0,Rainy,8,0
2025-11-06,Butter Naan,Breads,73,60,Thursday,0,0,Rainy,8,0
2025-11-06,Garlic Naan,Breads,78,69,Thursday,0,0,Rainy,8,0
2025-11-06,Tandoori Roti,Breads,79,59,Thursday,0,0,Rainy,8,0
2025-11-06,Gulab Jamun,Desserts,38,25,Thursday,0,0,Rainy,8,0
2025-11-06,Ras Malai,Desserts,33,27,Thursday,0,0,Rainy,8,0
2025-11-06,Kheer,Desserts,27,25,Thursday,0,0,Rainy,8,0
2025-11-06,Kulfi,Desserts,27,20,Thursday,0,0,Rainy,8,0
2025-11-07,Paneer Butter Masala,Main Course,39,34,Friday,0,0,Rainy,12,0
2025-11-07,Dal Makhani,Main Course,45,36,Friday,0,0,Rainy,12,0
2025-11-07,Chicken Biryani,Main Course,37,34,Friday,0,0,Rainy,12,0
2025-11-07,Mutton Rogan Josh,Main Course,37,24,Friday,0,0,Rainy,12,0
2025-11-07,Paneer Tikka,Starters,48,36,Friday,0,0,Rainy,12,0
2025-11-07,Chicken Tandoori,Starters,44,36,Friday,0,0,Rainy,12,0
2025-11-07,Veg Spring Rolls,Starters,49,37,Friday,0,0,Rainy,12,0
2025-11-07,Fish Amritsari,Starters,50,39,Friday,0,0,Rainy,12,0
2025-11-07,Butter Naan,Breads,75,69,Friday,0,0,Rainy,12,0
2025-11-07,Garlic Naan,Breads,62,53,Friday,0,0,Rainy,12,0
2025-11-07,Tandoori Roti,Breads,65,47,Friday,0,0,Rainy,12,0
2025-11-07,Gulab Jamun,Desserts,38,25,Friday,0,0,Rainy,12,0
2025-11-07,Ras Malai,Desserts,37,30,Friday,0,0,Rainy,12,0
2025-11-07,Kheer,Desserts,26,21,Friday,0,0,Rainy,12,0
2025-11-07,Kulfi,Desserts,27,21,Friday,0,0,Rainy,12,0
2025-11-08,Paneer Butter Masala,Main Course,62,57,Saturday,1,0,Cloudy,10,0
2025-11-08,Dal Makhani,Main Course,69,49,Saturday,1,0,Cloudy,10,0
2025-11-08,Chicken Biryani,Main Course,60,49,Saturday,1,0,Cloudy,10,0
2025-11-08,Mutton Rogan Josh,Main Course,63,43,Saturday,1,0,Cloudy,10,0
2025-11-08,Paneer Tikka,Starters,87,60,Saturday,1,0,Cloudy,10,0
2025-11-08,Chicken Tandoori,Starters,63,51,Saturday,1,0,Cloudy,10,0
2025-11-08,Veg Spring Rolls,Starters,84,67,Saturday,1,0,Cloudy,10,0
2025-11-08,Fish Amritsari,Starters,78,61,Saturday,1,0,Cloudy,10,0
2025-11-08,Butter Naan,Breads,109,101,Saturday,1,0,Cloudy,10,0
2025-11-08,Garlic Naan,Breads,113,91,Saturday,1,0,Cloudy,10,0
2025-11-08,Tandoori Roti,Breads,111,76,Saturday,1,0,Cloudy,10,0
2025-11-08,Gulab Jamun,Desserts,59,46,Saturday,1,0,Cloudy,10,0
2025-11-08,Ras Malai,Desserts,49,34,Saturday,1,0,Cloudy,10,0
2025-11-08,Kheer,Desserts,44,30,Saturday,1,0,Cloudy,10,0
2025-11-08,Kulfi,Desserts,42,28,Saturday,1,0,Cloudy,10,0
2025-11-09,Paneer Butter Masala,Main Course,56,54,Sunday,1,0,Cloudy,12,0
2025-11-09,Dal Makhani,Main Course,74,62,Sunday,1,0,Cloudy,12,0
2025-11-09,Chicken Biryani,Main Course,58,55,Sunday,1,0,Cloudy,12,0
2025-11-09,Mutton Rogan Josh,Main Course,62,42,Sunday,1,0,Cloudy,12,0
2025-11-09,Paneer Tikka,Starters,86,69,Sunday,1,0,Cloudy,12,0
2025-11-09,Chicken Tandoori,Starters,65,58,Sunday,1,0,Cloudy,12,0
2025-11-09,Veg Spring Rolls,Starters,70,56,Sunday,1,0,Cloudy,12,0
2025-11-09,Fish Amritsari,Starters,72,43,Sunday,1,0,Cloudy,12,0
2025-11-09,Butter Naan,Breads,109,98,Sunday,1,0,Cloudy,12,0
2025-11-09,Garlic Naan,Breads,113,84,Sunday,1,0,Cloudy,12,0
2025-11-09,Tandoori Roti,Breads,100,76,Sunday,1,0,Cloudy,12,0
2025-11-09,Gulab Jamun,Desserts,58,54,Sunday,1,0,Cloudy,12,0
2025-11-09,Ras Malai,Desserts,51,40,Sunday,1,0,Cloudy,12,0
2025-11-09,Kheer,Desserts,43,29,Sunday,1,0,Cloudy,12,0
2025-11-09,Kulfi,Desserts,44,32,Sunday,1,0,Cloudy,12,0
2025-11-10,Paneer Butter Masala,Main Course,39,37,Monday,0,0,Sunny,8,0
2025-11-10,Dal Makhani,Main Course,43,28,Monday,0,0,Sunny,8,0
2025-11-10,Chicken Biryani,Main Course,46,41,Monday,0,0,Sunny,8,0
2025-11-10,Mutton Rogan Josh,Main Course,36,20,Monday,0,0,Sunny,8,0
2025-11-10,Paneer Tikka,Starters,52,36,Monday,0,0,Sunny,8,0
2025-11-10,Chicken Tandoori,Starters,45,34,Monday,0,0,Sunny,8,0
2025-11-10,Veg Spring Rolls,Starters,52,39,Monday,0,0,Sunny,8,0
2025-11-10,Fish Amritsari,Starters,61,47,Monday,0,0,Sunny,8,0
2025-11-10,Butter Naan,Breads,84,68,Monday,0,0,Sunny,8,0
2025-11-10,Garlic Naan,Breads,71,58,Monday,0,0,Sunny,8,0
2025-11-10,Tandoori Roti,Breads,85,73,Monday,0,0,Sunny,8,0
2025-11-10,Gulab Jamun,Desserts,37,29,Monday,0,0,Sunny,8,0
2025-11-10,Ras Malai,Desserts,42,27,Monday,0,0,Sunny,8,0
2025-11-10,Kheer,Desserts,34,25,Monday,0,0,Sunny,8,0
2025-11-10,Kulfi,Desserts,32,19,Monday,0,0,Sunny,8,0
2025-11-11,Paneer Butter Masala,Main Course,46,37,Tuesday,0,0,Cloudy,8,0
2025-11-11,Dal Makhani,Main Course,44,36,Tuesday,0,0,Cloudy,8,0
2025-11-11,Chicken Biryani,Main Course,42,35,Tuesday,0,0,Cloudy,8,0
2025-11-11,Mutton Rogan Josh,Main Course,36,28,Tuesday,0,0,Cloudy,8,0
2025-11-11,Paneer Tikka,Starters,52,37,Tuesday,0,0,Cloudy,8,0
2025-11-11,Chicken Tandoori,Starters,46,42,Tuesday,0,0,Cloudy,8,0
2025-11-11,Veg Spring Rolls,Starters,51,45,Tuesday,0,0,Cloudy,8,0
2025-11-11,Fish Amritsari,Starters,52,31,Tuesday,0,0,Cloudy,8,0
2025-11-11,Butter Naan,Breads,84,70,Tuesday,0,0,Cloudy,8,0
2025-11-11,Garlic Naan,Breads,78,56,Tuesday,0,0,Cloudy,8,0
2025-11-11,Tandoori Roti,Breads,85,61,Tuesday,0,0,Cloudy,8,0
2025-11-11,Gulab Jamun,Desserts,42,39,Tuesday,0,0,Cloudy,8,0
2025-11-11,Ras Malai,Desserts,35,30,Tuesday,0,0,Cloudy,8,0
2025-11-11,Kheer,Desserts,33,27,Tuesday,0,0,Cloudy,8,0
2025-11-11,Kulfi,Desserts,27,20,Tuesday,0,0,Cloudy,8,0
2025-11-12,Paneer Butter Masala,Main Course,39,31,Wednesday,0,0,Sunny,12,0
2025-11-12,Dal Makhani,Main Course,53,48,Wednesday,0,0,Sunny,12,0
2025-11-12,Chicken Biryani,Main Course,45,37,Wednesday,0,0,Sunny,12,0
2025-11-12,Mutton Rogan Josh,Main Course,38,30,Wednesday,0,0,Sunny,12,0
2025-11-12,Paneer Tikka,Starters,61,40,Wednesday,0,0,Sunny,12,0
2025-11-12,Chicken Tandoori,Starters,54,37,Wednesday,0,0,Sunny,12,0
2025-11-12,Veg Spring Rolls,Starters,53,42,Wednesday,0,0,Sunny,12,0
2025-11-12,Fish Amritsari,Starters,50,38,Wednesday,0,0,Sunny,12,0
2025-11-12,Butter Naan,Breads,77,75,Wednesday,0,0,Sunny,12,0
2025-11-12,Garlic Naan,Breads,80,66,Wednesday,0,0,Sunny,12,0
2025-11-12,Tandoori Roti,Breads,82,73,Wednesday,0,0,Sunny,12,0
2025-11-12,Gulab Jamun,Desserts,44,38,Wednesday,0,0,Sunny,12,0
2025-11-12,Ras Malai,Desserts,35,25,Wednesday,0,0,Sunny,12,0
2025-11-12,Kheer,Desserts,34,24,Wednesday,0,0,Sunny,12,0
2025-11-12,Kulfi,Desserts,28,17,Wednesday,0,0,Sunny,12,0
2025-11-13,Paneer Butter Masala,Main Course,48,43,Thursday,0,0,Cloudy,9,0
2025-11-13,Dal Makhani,Main Course,47,39,Thursday,0,0,Cloudy,9,0
2025-11-13,Chicken Biryani,Main Course,44,35,Thursday,0,0,Cloudy,9,0
2025-11-13,Mutton Rogan Josh,Main Course,37,18,Thursday,0,0,Cloudy,9,0
2025-11-13,Paneer Tikka,Starters,60,42,Thursday,0,0,Cloudy,9,0
2025-11-13,Chicken Tandoori,Starters,49,38,Thursday,0,0,Cloudy,9,0
2025-11-13,Veg Spring Rolls,Starters,51,45,Thursday,0,0,Cloudy,9,0
2025-11-13,Fish Amritsari,Starters,58,37,Thursday,0,0,Cloudy,9,0
2025-11-13,Butter Naan,Breads,70,62,Thursday,0,0,Cloudy,9,0
2025-11-13,Garlic Naan,Breads,69,58,Thursday,0,0,Cloudy,9,0
2025-11-13,Tandoori Roti,Breads,83,58,Thursday,0,0,Cloudy,9,0
2025-11-13,Gulab Jamun,Desserts,43,36,Thursday,0,0,Cloudy,9,0
2025-11-13,Ras Malai,Desserts,34,25,Thursday,0,0,Cloudy,9,0
2025-11-13,Kheer,Desserts,34,30,Thursday,0,0,Cloudy,9,0
2025-11-13,Kulfi,Desserts,58,22,Thursday,0,0,Cloudy,9,0
2025-11-14,Paneer Butter Masala,Main Course,59,55,Friday,0,1,Rainy,13,1
2025-11-14,Dal Makhani,Main Course,58,38,Friday,0,1,Rainy,13,1
2025-11-14,Chicken Biryani,Main Course,59,47,Friday,0,1,Rainy,13,1
2025-11-14,Mutton Rogan Josh,Main Course,51,25,Friday,0,1,Rainy,13,1
2025-11-14,Paneer Tikka,Starters,76,25,Friday,0,1,Rainy,13,1
2025-11-14,Chicken Tandoori,Starters,68,61,Friday,0,1,Rainy,13,1
2025-11-14,Veg Spring Rolls,Starters,80,75,Friday,0,1,Rainy,13,1
2025-11-14,Fish Amritsari,Starters,76,60,Friday,0,1,Rainy,13,1
2025-11-14,Butter Naan,Breads,110,107,Friday,0,1,Rainy,13,1
2025-11-14,Garlic Naan,Breads,108,92,Friday,0,1,Rainy,13,1
2025-11-14,Tandoori Roti,Breads,105,91,Friday,0,1,Rainy,13,1
2025-11-14,Gulab Jamun,Desserts,54,39,Friday,0,1,Rainy,13,1
2025-11-14,Ras Malai,Desserts,51,38,Friday,0,1,Rainy,13,1
2025-11-14,Kheer,Desserts,42,36,Friday,0,1,Rainy,13,1
2025-11-14,Kulfi,Desserts,39,20,Friday,0,1,Rainy,13,1
2025-11-15,Paneer Butter Masala,Main Course,62,55,Saturday,1,0,Cloudy,10,0
2025-11-15,Dal Makhani,Main Course,65,59,Saturday,1,0,Cloudy,10,0
2025-11-15,Chicken Biryani,Main Course,60,51,Saturday,1,0,Cloudy,10,0
2025-11-15,Mutton Rogan Josh,Main Course,60,31,Saturday,1,0,Cloudy,10,0
2025-11-15,Paneer Tikka,Starters,78,64,Saturday,1,0,Cloudy,10,0
2025-11-15,Chicken Tandoori,Starters,68,57,Saturday,1,0,Cloudy,10,0
2025-11-15,Veg Spring Rolls,Starters,82,67,Saturday,1,0,Cloudy,10,0
2025-11-15,Fish Amritsari,Starters,68,38,Saturday,1,0,Cloudy,10,0
2025-11-15,Butter Naan,Breads,113,108,Saturday,1,0,Cloudy,10,0
2025-11-15,Garlic Naan,Breads,108,77,Saturday,1,0,Cloudy,10,0
2025-11-15,Tandoori Roti,Breads,111,93,Saturday,1,0,Cloudy,10,0
2025-11-15,Gulab Jamun,Desserts,59,52,Saturday,1,0,Cloudy,10,0
2025-11-15,Ras Malai,Desserts,59,43,Saturday,1,0,Cloudy,10,0
2025-11-15,Kheer,Desserts,49,38,Saturday,1,0,Cloudy,10,0
2025-11-15,Kulfi,Desserts,40,23,Saturday,1,0,Cloudy,10,0
2025-11-16,Paneer Butter Masala,Main Course,80,76,Sunday,1,0,Cloudy,14,1
2025-11-16,Dal Makhani,Main Course,88,64,Sunday,1,0,Cloudy,14,1
2025-11-16,Chicken Biryani,Main Course,73,71,Sunday,1,0,Cloudy,14,1
2025-11-16,Mutton Rogan Josh,Main Course,71,53,Sunday,1,0,Cloudy,14,1
2025-11-16,Paneer Tikka,Starters,85,80,Sunday,1,0,Cloudy,14,1
2025-11-16,Chicken Tandoori,Starters,85,62,Sunday,1,0,Cloudy,14,1
2025-11-16,Veg Spring Rolls,Starters,86,69,Sunday,1,0,Cloudy,14,1
2025-11-16,Fish Amritsari,Starters,88,46,Sunday,1,0,Cloudy,14,1
2025-11-16,Butter Naan,Breads,128,116,Sunday,1,0,Cloudy,14,1
2025-11-16,Garlic Naan,Breads,119,98,Sunday,1,0,Cloudy,14,1
2025-11-16,Tandoori Roti,Breads,120,87,Sunday,1,0,Cloudy,14,1
2025-11-16,Gulab Jamun,Desserts,72,57,Sunday,1,0,Cloudy,14,1
2025-11-16,Ras Malai,Desserts,57,39,Sunday,1,0,Cloudy,14,1
2025-11-16,Kheer,Desserts,56,41,Sunday,1,0,Cloudy,14,1
2025-11-16,Kulfi,Desserts,48,31,Sunday,1,0,Cloudy,14,1
2025-11-17,Paneer Butter Masala,Main Course,44,37,Monday,0,0,Sunny,9,0
2025-11-17,Dal Makhani,Main Course,47,44,Monday,0,0,Sunny,9,0
2025-11-17,Chicken Biryani,Main Course,44,39,Monday,0,0,Sunny,9,0
2025-11-17,Mutton Rogan Josh,Main Course,42,22,Monday,0,0,Sunny,9,0
2025-11-17,Paneer Tikka,Starters,51,38,Monday,0,0,Sunny,9,0
2025-11-17,Chicken Tandoori,Starters,48,38,Monday,0,0,Sunny,9,0
2025-11-17,Veg Spring Rolls,Starters,63,41,Monday,0,0,Sunny,9,0
2025-11-17,Fish Amritsari,Starters,55,39,Monday,0,0,Sunny,9,0
2025-11-17,Butter Naan,Breads,85,71,Monday,0,0,Sunny,9,0
2025-11-17,Garlic Naan,Breads,80,72,Monday,0,0,Sunny,9,0
2025-11-17,Tandoori Roti,Breads,71,65,Monday,0,0,Sunny,9,0
2025-11-17,Gulab Jamun,Desserts,42,36,Monday,0,0,Sunny,9,0
2025-11-17,Ras Malai,Desserts,33,28,Monday,0,0,Sunny,9,0
2025-11-17,Kheer,Desserts,35,25,Monday,0,0,Sunny,9,0
2025-11-17,Kulfi,Desserts,28,18,Monday,0,0,Sunny,9,0
2025-11-18,Paneer Butter Masala,Main Course,36,29,Tuesday,0,0,Rainy,8,0
2025-11-18,Dal Makhani,Main Course,47,41,Tuesday,0,0,Rainy,8,0
2025-11-18,Chicken Biryani,Main Course,38,31,Tuesday,0,0,Rainy,8,0
2025-11-18,Mutton Rogan Josh,Main Course,34,20,Tuesday,0,0,Rainy,8,0
2025-11-18,Paneer Tikka,Starters,57,52,Tuesday,0,0,Rainy,8,0
2025-11-18,Chicken Tandoori,Starters,47,34,Tuesday,0,0,Rainy,8,0
2025-11-18,Veg Spring Rolls,Starters,55,41,Tuesday,0,0,Rainy,8,0
2025-11-18,Fish Amritsari,Starters,45,34,Tuesday,0,0,Rainy,8,0
2025-11-18,Butter Naan,Breads,73,58,Tuesday,0,0,Rainy,8,0
2025-11-18,Garlic Naan,Breads,77,61,Tuesday,0,0,Rainy,8,0
2025-11-18,Tandoori Roti,Breads,79,68,Tuesday,0,0,Rainy,8,0
2025-11-18,Gulab Jamun,Desserts,37,33,Tuesday,0,0,Rainy,8,0
2025-11-18,Ras Malai,Desserts,38,25,Tuesday,0,0,Rainy,8,0
2025-11-18,Kheer,Desserts,31,26,Tuesday,0,0,Rainy,8,0
2025-11-18,Kulfi,Desserts,25,15,Tuesday,0,0,Rainy,8,0
2025-11-19,Paneer Butter Masala,Main Course,41,38,Wednesday,0,0,Rainy,8,0
2025-11-19,Dal Makhani,Main Course,46,34,Wednesday,0,0,Rainy,8,0
2025-11-19,Chicken Biryani,Main Course,42,36,Wednesday,0,0,Rainy,8,0
2025-11-19,Mutton Rogan Josh,Main Course,35,17,Wednesday,0,0,Rainy,8,0
2025-11-19,Paneer Tikka,Starters,48,35,Wednesday,0,0,Rainy,8,0
2025-11-19,Chicken Tandoori,Starters,47,35,Wednesday,0,0,Rainy,8,0
2025-11-19,Veg Spring Rolls,Starters,47,35,Wednesday,0,0,Rainy,8,0
2025-11-19,Fish Amritsari,Starters,56,36,Wednesday,0,0,Rainy,8,0
2025-11-19,Butter Naan,Breads,79,66,Wednesday,0,0,Rainy,8,0
2025-11-19,Garlic Naan,Breads,72,56,Wednesday,0,0,Rainy,8,0
2025-11-19,Tandoori Roti,Breads,76,69,Wednesday,0,0,Rainy,8,0
2025-11-19,Gulab Jamun,Desserts,37,32,Wednesday,0,0,Rainy,8,0
2025-11-19,Ras Malai,Desserts,32,28,Wednesday,0,0,Rainy,8,0
2025-11-19,Kheer,Desserts,26,19,Wednesday,0,0,Rainy,8,0
2025-11-19,Kulfi,Desserts,31,19,Wednesday,0,0,Rainy,8,0
2025-11-20,Paneer Butter Masala,Main Course,48,46,Thursday,0,0,Sunny,8,0
2025-11-20,Dal Makhani,Main Course,46,35,Thursday,0,0,Sunny,8,0
2025-11-20,Chicken Biryani,Main Course,46,42,Thursday,0,0,Sunny,8,0
2025-11-20,Mutton Rogan Josh,Main Course,38,29,Thursday,0,0,Sunny,8,0
2025-11-20,Paneer Tikka,Starters,52,39,Thursday,0,0,Sunny,8,0
2025-11-20,Chicken Tandoori,Starters,47,38,Thursday,0,0,Sunny,8,0
2025-11-20,Veg Spring Rolls,Starters,59,51,Thursday,0,0,Sunny,8,0
2025-11-20,Fish Amritsari,Starters,58,31,Thursday,0,0,Sunny,8,0
2025-11-20,Butter Naan,Breads,75,61,Thursday,0,0,Sunny,8,0
2025-11-20,Garlic Naan,Breads,76,57,Thursday,0,0,Sunny,8,0
2025-11-20,Tandoori Roti,Breads,79,72,Thursday,0,0,Sunny,8,0
2025-11-20,Gulab Jamun,Desserts,36,23,Thursday,0,0,Sunny,8,0
2025-11-20,Ras Malai,Desserts,40,28,Thursday,0,0,Sunny,8,0
2025-11-20,Kheer,Desserts,33,26,Thursday,0,0,Sunny,8,0
2025-11-20,Kulfi,Desserts,27,18,Thursday,0,0,Sunny,8,0
2025-11-21,Paneer Butter Masala,Main Course,45,40,Friday,0,0,Sunny,9,0
2025-11-21,Dal Makhani,Main Course,52,45,Friday,0,0,Sunny,9,0
2025-11-21,Chicken Biryani,Main Course,40,38,Friday,0,0,Sunny,9,0
2025-11-21,Mutton Rogan Josh,Main Course,37,25,Friday,0,0,Sunny,9,0
2025-11-21,Paneer Tikka,Starters,51,42,Friday,0,0,Sunny,9,0
2025-11-21,Chicken Tandoori,Starters,56,42,Friday,0,0,Sunny,9,0
2025-11-21,Veg Spring Rolls,Starters,63,55,Friday,0,0,Sunny,9,0
2025-11-21,Fish Amritsari,Starters,57,29,Friday,0,0,Sunny,9,0
2025-11-21,Butter Naan,Breads,80,64,Friday,0,0,Sunny,9,0
2025-11-21,Garlic Naan,Breads,76,72,Friday,0,0,Sunny,9,0
2025-11-21,Tandoori Roti,Breads,81,64,Friday,0,0,Sunny,9,0
2025-11-21,Gulab Jamun,Desserts,39,31,Friday,0,0,Sunny,9,0
2025-11-21,Ras Malai,Desserts,35,24,Friday,0,0,Sunny,9,0
2025-11-21,Kheer,Desserts,35,30,Friday,0,0,Sunny,9,0
2025-11-21,Kulfi,Desserts,32,21,Friday,0,0,Sunny,9,0
2025-11-22,Paneer Butter Masala,Main Course,71,65,Saturday,1,0,Cloudy,12,1
2025-11-22,Dal Makhani,Main Course,89,70,Saturday,1,0,Cloudy,12,1
2025-11-22,Chicken Biryani,Main Course,68,63,Saturday,1,0,Cloudy,12,1
2025-11-22,Mutton Rogan Josh,Main Course,76,40,Saturday,1,0,Cloudy,12,1
2025-11-22,Paneer Tikka,Starters,97,84,Saturday,1,0,Cloudy,12,1
2025-11-22,Chicken Tandoori,Starters,81,57,Saturday,1,0,Cloudy,12,1
2025-11-22,Veg Spring Rolls,Starters,103,92,Saturday,1,0,Cloudy,12,1
2025-11-22,Fish Amritsari,Starters,91,63,Saturday,1,0,Cloudy,12,1
2025-11-22,Butter Naan,Breads,144,133,Saturday,1,0,Cloudy,12,1
2025-11-22,Garlic Naan,Breads,143,122,Saturday,1,0,Cloudy,12,1
2025-11-22,Tandoori Roti,Breads,227,132,Saturday,1,0,Cloudy,12,1
2025-11-22,Gulab Jamun,Desserts,71,57,Saturday,1,0,Cloudy,12,1
2025-11-22,Ras Malai,Desserts,61,46,Saturday,1,0,Cloudy,12,1
2025-11-22,Kheer,Desserts,47,42,Saturday,1,0,Cloudy,12,1
2025-11-22,Kulfi,Desserts,47,33,Saturday,1,0,Cloudy,12,1
2025-11-23,Paneer Butter Masala,Main Course,74,66,Sunday,1,0,Sunny,12,1
2025-11-23,Dal Makhani,Main Course,78,72,Sunday,1,0,Sunny,12,1
2025-11-23,Chicken Biryani,Main Course,71,65,Sunday,1,0,Sunny,12,1
2025-11-23,Mutton Rogan Josh,Main Course,64,33,Sunday,1,0,Sunny,12,1
2025-11-23,Paneer Tikka,Starters,101,87,Sunday,1,0,Sunny,12,1
2025-11-23,Chicken Tandoori,Starters,82,75,Sunday,1,0,Sunny,12,1
2025-11-23,Veg Spring Rolls,Starters,101,86,Sunday,1,0,Sunny,12,1
2025-11-23,Fish Amritsari,Starters,96,62,Sunday,1,0,Sunny,12,1
2025-11-23,Butter Naan,Breads,132,120,Sunday,1,0,Sunny,12,1
2025-11-23,Garlic Naan,Breads,119,78,Sunday,1,0,Sunny,12,1
2025-11-23,Tandoori Roti,Breads,147,107,Sunday,1,0,Sunny,12,1
2025-11-23,Gulab Jamun,Desserts,65,43,Sunday,1,0,Sunny,12,1
2025-11-23,Ras Malai,Desserts,68,45,Sunday,1,0,Sunny,12,1
2025-11-23,Kheer,Desserts,54,35,Sunday,1,0,Sunny,12,1
2025-11-23,Kulfi,Desserts,51,28,Sunday,1,0,Sunny,12,1
2025-11-24,Paneer Butter Masala,Main Course,43,36,Monday,0,0,Sunny,8,0
2025-11-24,Dal Makhani,Main Course,46,34,Monday,0,0,Sunny,8,0
2025-11-24,Chicken Biryani,Main Course,43,38,Monday,0,0,Sunny,8,0
2025-11-24,Mutton Rogan Josh,Main Course,43,27,Monday,0,0,Sunny,8,0
2025-11-24,Paneer Tikka,Starters,55,48,Monday,0,0,Sunny,8,0
2025-11-24,Chicken Tandoori,Starters,50,34,Monday,0,0,Sunny,8,0
2025-11-24,Veg Spring Rolls,Starters,58,49,Monday,0,0,Sunny,8,0
2025-11-24,Fish Amritsari,Starters,55,28,Monday,0,0,Sunny,8,0
2025-11-24,Butter Naan,Breads,78,70,Monday,0,0,Sunny,8,0
2025-11-24,Garlic Naan,Breads,68,52,Monday,0,0,Sunny,8,0
2025-11-24,Tandoori Roti,Breads,85,65,Monday,0,0,Sunny,8,0
2025-11-24,Gulab Jamun,Desserts,40,12,Monday,0,0,Sunny,8,0
2025-11-24,Ras Malai,Desserts,39,31,Monday,0,0,Sunny,8,0
2025-11-24,Kheer,Desserts,34,22,Monday,0,0,Sunny,8,0
2025-11-24,Kulfi,Desserts,29,17,Monday,0,0,Sunny,8,0
2025-11-25,Paneer Butter Masala,Main Course,45,16,Tuesday,0,0,Sunny,12,0
2025-11-25,Dal Makhani,Main Course,44,37,Tuesday,0,0,Sunny,12,0
2025-11-25,Chicken Biryani,Main Course,43,39,Tuesday,0,0,Sunny,12,0
2025-11-25,Mutton Rogan Josh,Main Course,41,30,Tuesday,0,0,Sunny,12,0
2025-11-25,Paneer Tikka,Starters,52,35,Tuesday,0,0,Sunny,12,0
2025-11-25,Chicken Tandoori,Starters,52,34,Tuesday,0,0,Sunny,12,0
2025-11-25,Veg Spring Rolls,Starters,50,40,Tuesday,0,0,Sunny,12,0
2025-11-25,Fish Amritsari,Starters,51,31,Tuesday,0,0,Sunny,12,0
2025-11-25,Butter Naan,Breads,71,58,Tuesday,0,0,Sunny,12,0
2025-11-25,Garlic Naan,Breads,76,66,Tuesday,0,0,Sunny,12,0
2025-11-25,Tandoori Roti,Breads,71,62,Tuesday,0,0,Sunny,12,0
2025-11-25,Gulab Jamun,Desserts,42,34,Tuesday,0,0,Sunny,12,0
2025-11-25,Ras Malai,Desserts,41,34,Tuesday,0,0,Sunny,12,0
2025-11-25,Kheer,Desserts,32,22,Tuesday,0,0,Sunny,12,0
2025-11-25,Kulfi,Desserts,30,20,Tuesday,0,0,Sunny,12,0
2025-11-26,Paneer Butter Masala,Main Course,42,38,Wednesday,0,0,Sunny,11,0
2025-11-26,Dal Makhani,Main Course,52,42,Wednesday,0,0,Sunny,11,0
2025-11-26,Chicken Biryani,Main Course,45,43,Wednesday,0,0,Sunny,11,0
2025-11-26,Mutton Rogan Josh,Main Course,43,25,Wednesday,0,0,Sunny,11,0
2025-11-26,Paneer Tikka,Starters,62,51,Wednesday,0,0,Sunny,11,0
2025-11-26,Chicken Tandoori,Starters,52,47,Wednesday,0,0,Sunny,11,0
2025-11-26,Veg Spring Rolls,Starters,62,41,Wednesday,0,0,Sunny,11,0
2025-11-26,Fish Amritsari,Starters,51,35,Wednesday,0,0,Sunny,11,0
2025-11-26,Butter Naan,Breads,75,68,Wednesday,0,0,Sunny,11,0
2025-11-26,Garlic Naan,Breads,74,66,Wednesday,0,0,Sunny,11,0
2025-11-26,Tandoori Roti,Breads,82,57,Wednesday,0,0,Sunny,11,0
2025-11-26,Gulab Jamun,Desserts,42,34,Wednesday,0,0,Sunny,11,0
2025-11-26,Ras Malai,Desserts,35,24,Wednesday,0,0,Sunny,11,0
2025-11-26,Kheer,Desserts,32,29,Wednesday,0,0,Sunny,11,0
2025-11-26,Kulfi,Desserts,31,16,Wednesday,0,0,Sunny,11,0
2025-11-27,Paneer Butter Masala,Main Course,42,35,Thursday,0,0,Rainy,10,0
2025-11-27,Dal Makhani,Main Course,50,45,Thursday,0,0,Rainy,10,0
2025-11-27,Chicken Biryani,Main Course,37,31,Thursday,0,0,Rainy,10,0
2025-11-27,Mutton Rogan Josh,Main Course,37,22,Thursday,0,0,Rainy,10,0
2025-11-27,Paneer Tikka,Starters,56,45,Thursday,0,0,Rainy,10,0
2025-11-27,Chicken Tandoori,Starters,44,37,Thursday,0,0,Rainy,10,0
2025-11-27,Veg Spring Rolls,Starters,53,39,Thursday,0,0,Rainy,10,0
2025-11-27,Fish Amritsari,Starters,48,34,Thursday,0,0,Rainy,10,0
2025-11-27,Butter Naan,Breads,70,58,Thursday,0,0,Rainy,10,0
2025-11-27,Garlic Naan,Breads,67,54,Thursday,0,0,Rainy,10,0
2025-11-27,Tandoori Roti,Breads,81,70,Thursday,0,0,Rainy,10,0
2025-11-27,Gulab Jamun,Desserts,34,30,Thursday,0,0,Rainy,10,0
2025-11-27,Ras Malai,Desserts,32,28,Thursday,0,0,Rainy,10,0
2025-11-27,Kheer,Desserts,32,29,Thursday,0,0,Rainy,10,0
2025-11-27,Kulfi,Desserts,27,20,Thursday,0,0,Rainy,10,0
2025-11-28,Paneer Butter Masala,Main Course,46,40,Friday,0,0,Sunny,11,0
2025-11-28,Dal Makhani,Main Course,46,40,Friday,0,0,Sunny,11,0
2025-11-28,Chicken Biryani,Main Course,43,40,Friday,0,0,Sunny,11,0
2025-11-28,Mutton Rogan Josh,Main Course,42,22,Friday,0,0,Sunny,11,0
2025-11-28,Paneer Tikka,Starters,60,15,Friday,0,0,Sunny,11,0
2025-11-28,Chicken Tandoori,Starters,47,38,Friday,0,0,Sunny,11,0
2025-11-28,Veg Spring Rolls,Starters,51,34,Friday,0,0,Sunny,11,0
2025-11-28,Fish Amritsari,Starters,54,34,Friday,0,0,Sunny,11,0
2025-11-28,Butter Naan,Breads,83,70,Friday,0,0,Sunny,11,0
2025-11-28,Garlic Naan,Breads,124,59,Friday,0,0,Sunny,11,0
2025-11-28,Tandoori Roti,Breads,87,75,Friday,0,0,Sunny,11,0
2025-11-28,Gulab Jamun,Desserts,39,32,Friday,0,0,Sunny,11,0
2025-11-28,Ras Malai,Desserts,41,37,Friday,0,0,Sunny,11,0
2025-11-28,Kheer,Desserts,30,27,Friday,0,0,Sunny,11,0
2025-11-28,Kulfi,Desserts,30,16,Friday,0,0,Sunny,11,0
2025-11-29,Paneer Butter Masala,Main Course,68,57,Saturday,1,0,Cloudy,13,0
2025-11-29,Dal Makhani,Main Course,64,49,Saturday,1,0,Cloudy,13,0
2025-11-29,Chicken Biryani,Main Course,61,52,Saturday,1,0,Cloudy,13,0
2025-11-29,Mutton Rogan Josh,Main Course,53,36,Saturday,1,0,Cloudy,13,0
2025-11-29,Paneer Tikka,Starters,89,64,Saturday,1,0,Cloudy,13,0
2025-11-29,Chicken Tandoori,Starters,74,58,Saturday,1,0,Cloudy,13,0
2025-11-29,Veg Spring Rolls,Starters,79,69,Saturday,1,0,Cloudy,13,0
2025-11-29,Fish Amritsari,Starters,74,38,Saturday,1,0,Cloudy,13,0
2025-11-29,Butter Naan,Breads,115,108,Saturday,1,0,Cloudy,13,0
2025-11-29,Garlic Naan,Breads,107,99,Saturday,1,0,Cloudy,13,0
2025-11-29,Tandoori Roti,Breads,122,81,Saturday,1,0,Cloudy,13,0
2025-11-29,Gulab Jamun,Desserts,60,53,Saturday,1,0,Cloudy,13,0
2025-11-29,Ras Malai,Desserts,56,44,Saturday,1,0,Cloudy,13,0
2025-11-29,Kheer,Desserts,48,39,Saturday,1,0,Cloudy,13,0
2025-11-29,Kulfi,Desserts,40,25,Saturday,1,0,Cloudy,13,0
2025-11-30,Paneer Butter Masala,Main Course,66,55,Sunday,1,0,Sunny,13,0
2025-11-30,Dal Makhani,Main Course,68,49,Sunday,1,0,Sunny,13,0
2025-11-30,Chicken Biryani,Main Course,63,58,Sunday,1,0,Sunny,13,0
2025-11-30,Mutton Rogan Josh,Main Course,62,33,Sunday,1,0,Sunny,13,0
2025-11-30,Paneer Tikka,Starters,84,71,Sunday,1,0,Sunny,13,0
2025-11-30,Chicken Tandoori,Starters,74,62,Sunday,1,0,Sunny,13,0
2025-11-30,Veg Spring Rolls,Starters,77,68,Sunday,1,0,Sunny,13,0
2025-11-30,Fish Amritsari,Starters,69,42,Sunday,1,0,Sunny,13,0
2025-11-30,Butter Naan,Breads,96,82,Sunday,1,0,Sunny,13,0
2025-11-30,Garlic Naan,Breads,99,71,Sunday,1,0,Sunny,13,0
2025-11-30,Tandoori Roti,Breads,117,88,Sunday,1,0,Sunny,13,0
2025-11-30,Gulab Jamun,Desserts,59,42,Sunday,1,0,Sunny,13,0
2025-11-30,Ras Malai,Desserts,49,37,Sunday,1,0,Sunny,13,0
2025-11-30,Kheer,Desserts,47,40,Sunday,1,0,Sunny,13,0
2025-11-30,Kulfi,Desserts,44,23,Sunday,1,0,Sunny,13,0
2025-12-01,Paneer Butter Masala,Main Course,49,40,Monday,0,0,Cloudy,12,0
2025-12-01,Dal Makhani,Main Course,56,42,Monday,0,0,Cloudy,12,0
2025-12-01,Chicken Biryani,Main Course,51,49,Monday,0,0,Cloudy,12,0
2025-12-01,Mutton Rogan Josh,Main Course,41,28,Monday,0,0,Cloudy,12,0
2025-12-01,Paneer Tikka,Starters,58,49,Monday,0,0,Cloudy,12,0
2025-12-01,Chicken Tandoori,Starters,65,49,Monday,0,0,Cloudy,12,0
2025-12-01,Veg Spring Rolls,Starters,62,45,Monday,0,0,Cloudy,12,0
2025-12-01,Fish Amritsari,Starters,65,11,Monday,0,0,Cloudy,12,0
2025-12-01,Butter Naan,Breads,79,72,Monday,0,0,Cloudy,12,0
2025-12-01,Garlic Naan,Breads,147,68,Monday,0,0,Cloudy,12,0
2025-12-01,Tandoori Roti,Breads,84,61,Monday,0,0,Cloudy,12,0
2025-12-01,Gulab Jamun,Desserts,42,38,Monday,0,0,Cloudy,12,0
2025-12-01,Ras Malai,Desserts,41,38,Monday,0,0,Cloudy,12,0
2025-12-01,Kheer,Desserts,40,34,Monday,0,0,Cloudy,12,0
2025-12-01,Kulfi,Desserts,33,25,Monday,0,0,Cloudy,12,0
2025-12-02,Paneer Butter Masala,Main Course,46,43,Tuesday,0,0,Sunny,11,0
2025-12-02,Dal Makhani,Main Course,55,51,Tuesday,0,0,Sunny,11,0
2025-12-02,Chicken Biryani,Main Course,44,36,Tuesday,0,0,Sunny,11,0
2025-12-02,Mutton Rogan Josh,Main Course,46,25,Tuesday,0,0,Sunny,11,0
2025-12-02,Paneer Tikka,Starters,72,55,Tuesday,0,0,Sunny,11,0
2025-12-02,Chicken Tandoori,Starters,61,46,Tuesday,0,0,Sunny,11,0
2025-12-02,Veg Spring Rolls,Starters,67,52,Tuesday,0,0,Sunny,11,0
2025-12-02,Fish Amritsari,Starters,63,48,Tuesday,0,0,Sunny,11,0
2025-12-02,Butter Naan,Breads,99,95,Tuesday,0,0,Sunny,11,0
2025-12-02,Garlic Naan,Breads,86,77,Tuesday,0,0,Sunny,11,0
2025-12-02,Tandoori Roti,Breads,91,63,Tuesday,0,0,Sunny,11,0
2025-12-02,Gulab Jamun,Desserts,51,38,Tuesday,0,0,Sunny,11,0
2025-12-02,Ras Malai,Desserts,40,35,Tuesday,0,0,Sunny,11,0
2025-12-02,Kheer,Desserts,38,27,Tuesday,0,0,Sunny,11,0
2025-12-02,Kulfi,Desserts,32,18,Tuesday,0,0,Sunny,11,0
2025-12-03,Paneer Butter Masala,Main Course,56,51,Wednesday,0,0,Cloudy,12,0
2025-12-03,Dal Makhani,Main Course,62,42,Wednesday,0,0,Cloudy,12,0
2025-12-03,Chicken Biryani,Main Course,45,40,Wednesday,0,0,Cloudy,12,0
2025-12-03,Mutton Rogan Josh,Main Course,45,30,Wednesday,0,0,Cloudy,12,0
2025-12-03,Paneer Tikka,Starters,60,44,Wednesday,0,0,Cloudy,12,0
2025-12-03,Chicken Tandoori,Starters,62,44,Wednesday,0,0,Cloudy,12,0
2025-12-03,Veg Spring Rolls,Starters,63,52,Wednesday,0,0,Cloudy,12,0
2025-12-03,Fish Amritsari,Starters,70,39,Wednesday,0,0,Cloudy,12,0
2025-12-03,Butter Naan,Breads,95,88,Wednesday,0,0,Cloudy,12,0
2025-12-03,Garlic Naan,Breads,92,75,Wednesday,0,0,Cloudy,12,0
2025-12-03,Tandoori Roti,Breads,92,77,Wednesday,0,0,Cloudy,12,0
2025-12-03,Gulab Jamun,Desserts,44,39,Wednesday,0,0,Cloudy,12,0
2025-12-03,Ras Malai,Desserts,43,36,Wednesday,0,0,Cloudy,12,0
2025-12-03,Kheer,Desserts,36,33,Wednesday,0,0,Cloudy,12,0
2025-12-03,Kulfi,Desserts,39,23,Wednesday,0,0,Cloudy,12,0
2025-12-04,Paneer Butter Masala,Main Course,50,42,Thursday,0,0,Sunny,10,0
2025-12-04,Dal Makhani,Main Course,51,39,Thursday,0,0,Sunny,10,0
2025-12-04,Chicken Biryani,Main Course,54,43,Thursday,0,0,Sunny,10,0
2025-12-04,Mutton Rogan Josh,Main Course,46,35,Thursday,0,0,Sunny,10,0
2025-12-04,Paneer Tikka,Starters,66,44,Thursday,0,0,Sunny,10,0
2025-12-04,Chicken Tandoori,Starters,52,46,Thursday,0,0,Sunny,10,0
2025-12-04,Veg Spring Rolls,Starters,69,59,Thursday,0,0,Sunny,10,0
2025-12-04,Fish Amritsari,Starters,63,42,Thursday,0,0,Sunny,10,0
2025-12-04,Butter Naan,Breads,88,25,Thursday,0,0,Sunny,10,0
2025-12-04,Garlic Naan,Breads,85,78,Thursday,0,0,Sunny,10,0
2025-12-04,Tandoori Roti,Breads,94,83,Thursday,0,0,Sunny,10,0
2025-12-04,Gulab Jamun,Desserts,51,34,Thursday,0,0,Sunny,10,0
2025-12-04,Ras Malai,Desserts,43,30,Thursday,0,0,Sunny,10,0
2025-12-04,Kheer,Desserts,38,30,Thursday,0,0,Sunny,10,0
2025-12-04,Kulfi,Desserts,37,25,Thursday,0,0,Sunny,10,0
2025-12-05,Paneer Butter Masala,Main Course,51,44,Friday,0,0,Rainy,12,0
2025-12-05,Dal Makhani,Main Course,49,37,Friday,0,0,Rainy,12,0
2025-12-05,Chicken Biryani,Main Course,40,34,Friday,0,0,Rainy,12,0
2025-12-05,Mutton Rogan Josh,Main Course,41,32,Friday,0,0,Rainy,12,0
2025-12-05,Paneer Tikka,Starters,66,60,Friday,0,0,Rainy,12,0
2025-12-05,Chicken Tandoori,Starters,50,34,Friday,0,0,Rainy,12,0
2025-12-05,Veg Spring Rolls,Starters,63,44,Friday,0,0,Rainy,12,0
2025-12-05,Fish Amritsari,Starters,60,41,Friday,0,0,Rainy,12,0
2025-12-05,Butter Naan,Breads,77,74,Friday,0,0,Rainy,12,0
2025-12-05,Garlic Naan,Breads,85,64,Friday,0,0,Rainy,12,0
2025-12-05,Tandoori Roti,Breads,88,64,Friday,0,0,Rainy,12,0
2025-12-05,Gulab Jamun,Desserts,44,28,Friday,0,0,Rainy,12,0
2025-12-05,Ras Malai,Desserts,36,29,Friday,0,0,Rainy,12,0
2025-12-05,Kheer,Desserts,35,31,Friday,0,0,Rainy,12,0
2025-12-05,Kulfi,Desserts,34,19,Friday,0,0,Rainy,12,0
2025-12-06,Paneer Butter Masala,Main Course,64,60,Saturday,1,0,Cloudy,13,0
2025-12-06,Dal Makhani,Main Course,75,64,Saturday,1,0,Cloudy,13,0
2025-12-06,Chicken Biryani,Main Course,72,58,Saturday,1,0,Cloudy,13,0
2025-12-06,Mutton Rogan Josh,Main Course,59,34,Saturday,1,0,Cloudy,13,0
2025-12-06,Paneer Tikka,Starters,100,74,Saturday,1,0,Cloudy,13,0
2025-12-06,Chicken Tandoori,Starters,73,58,Saturday,1,0,Cloudy,13,0
2025-12-06,Veg Spring Rolls,Starters,96,77,Saturday,1,0,Cloudy,13,0
2025-12-06,Fish Amritsari,Starters,93,51,Saturday,1,0,Cloudy,13,0
2025-12-06,Butter Naan,Breads,120,114,Saturday,1,0,Cloudy,13,0
2025-12-06,Garlic Naan,Breads,111,85,Saturday,1,0,Cloudy,13,0
2025-12-06,Tandoori Roti,Breads,121,39,Saturday,1,0,Cloudy,13,0
2025-12-06,Gulab Jamun,Desserts,58,44,Saturday,1,0,Cloudy,13,0
2025-12-06,Ras Malai,Desserts,55,49,Saturday,1,0,Cloudy,13,0
2025-12-06,Kheer,Desserts,53,37,Saturday,1,0,Cloudy,13,0
2025-12-06,Kulfi,Desserts,54,33,Saturday,1,0,Cloudy,13,0
2025-12-07,Paneer Butter Masala,Main Course,75,61,Sunday,1,0,Rainy,15,1
2025-12-07,Dal Makhani,Main Course,81,64,Sunday,1,0,Rainy,15,1
2025-12-07,Chicken Biryani,Main Course,74,60,Sunday,1,0,Rainy,15,1
2025-12-07,Mutton Rogan Josh,Main Course,70,54,Sunday,1,0,Rainy,15,1
2025-12-07,Paneer Tikka,Starters,106,95,Sunday,1,0,Rainy,15,1
2025-12-07,Chicken Tandoori,Starters,101,95,Sunday,1,0,Rainy,15,1
2025-12-07,Veg Spring Rolls,Starters,106,80,Sunday,1,0,Rainy,15,1
2025-12-07,Fish Amritsari,Starters,87,21,Sunday,1,0,Rainy,15,1
2025-12-07,Butter Naan,Breads,143,139,Sunday,1,0,Rainy,15,1
2025-12-07,Garlic Naan,Breads,129,119,Sunday,1,0,Rainy,15,1
2025-12-07,Tandoori Roti,Breads,141,101,Sunday,1,0,Rainy,15,1
2025-12-07,Gulab Jamun,Desserts,69,58,Sunday,1,0,Rainy,15,1
2025-12-07,Ras Malai,Desserts,75,57,Sunday,1,0,Rainy,15,1
2025-12-07,Kheer,Desserts,52,43,Sunday,1,0,Rainy,15,1
2025-12-07,Kulfi,Desserts,52,40,Sunday,1,0,Rainy,15,1
2025-12-08,Paneer Butter Masala,Main Course,46,40,Monday,0,0,Sunny,11,0
2025-12-08,Dal Makhani,Main Course,50,36,Monday,0,0,Sunny,11,0
2025-12-08,Chicken Biryani,Main Course,53,51,Monday,0,0,Sunny,11,0
2025-12-08,Mutton Rogan Josh,Main Course,52,31,Monday,0,0,Sunny,11,0
2025-12-08,Paneer Tikka,Starters,71,52,Monday,0,0,Sunny,11,0
2025-12-08,Chicken Tandoori,Starters,62,46,Monday,0,0,Sunny,11,0
2025-12-08,Veg Spring Rolls,Starters,67,56,Monday,0,0,Sunny,11,0
2025-12-08,Fish Amritsari,Starters,66,37,Monday,0,0,Sunny,11,0
2025-12-08,Butter Naan,Breads,98,95,Monday,0,0,Sunny,11,0
2025-12-08,Garlic Naan,Breads,87,69,Monday,0,0,Sunny,11,0
2025-12-08,Tandoori Roti,Breads,91,67,Monday,0,0,Sunny,11,0
2025-12-08,Gulab Jamun,Desserts,49,43,Monday,0,0,Sunny,11,0
2025-12-08,Ras Malai,Desserts,48,45,Monday,0,0,Sunny,11,0
2025-12-08,Kheer,Desserts,34,28,Monday,0,0,Sunny,11,0
2025-12-08,Kulfi,Desserts,33,19,Monday,0,0,Sunny,11,0
2025-12-09,Paneer Butter Masala,Main Course,59,56,Tuesday,0,0,Rainy,9,1
2025-12-09,Dal Makhani,Main Course,61,40,Tuesday,0,0,Rainy,9,1
2025-12-09,Chicken Biryani,Main Course,48,41,Tuesday,0,0,Rainy,9,1
2025-12-09,Mutton Rogan Josh,Main Course,50,27,Tuesday,0,0,Rainy,9,1
2025-12-09,Paneer Tikka,Starters,75,49,Tuesday,0,0,Rainy,9,1
2025-12-09,Chicken Tandoori,Starters,71,65,Tuesday,0,0,Rainy,9,1
2025-12-09,Veg Spring Rolls,Starters,75,49,Tuesday,0,0,Rainy,9,1
2025-12-09,Fish Amritsari,Starters,73,43,Tuesday,0,0,Rainy,9,1
2025-12-09,Butter Naan,Breads,103,100,Tuesday,0,0,Rainy,9,1
2025-12-09,Garlic Naan,Breads,105,76,Tuesday,0,0,Rainy,9,1
2025-12-09,Tandoori Roti,Breads,92,59,Tuesday,0,0,Rainy,9,1
2025-12-09,Gulab Jamun,Desserts,45,35,Tuesday,0,0,Rainy,9,1
2025-12-09,Ras Malai,Desserts,43,29,Tuesday,0,0,Rainy,9,1
2025-12-09,Kheer,Desserts,43,35,Tuesday,0,0,Rainy,9,1
2025-12-09,Kulfi,Desserts,39,27,Tuesday,0,0,Rainy,9,1
2025-12-10,Paneer Butter Masala,Main Course,52,50,Wednesday,0,0,Sunny,11,0
2025-12-10,Dal Makhani,Main Course,59,47,Wednesday,0,0,Sunny,11,0
2025-12-10,Chicken Biryani,Main Course,45,36,Wednesday,0,0,Sunny,11,0
2025-12-10,Mutton Rogan Josh,Main Course,45,31,Wednesday,0,0,Sunny,11,0
2025-12-10,Paneer Tikka,Starters,59,47,Wednesday,0,0,Sunny,11,0
2025-12-10,Chicken Tandoori,Starters,60,44,Wednesday,0,0,Sunny,11,0
2025-12-10,Veg Spring Rolls,Starters,66,58,Wednesday,0,0,Sunny,11,0
2025-12-10,Fish Amritsari,Starters,61,40,Wednesday,0,0,Sunny,11,0
2025-12-10,Butter Naan,Breads,91,81,Wednesday,0,0,Sunny,11,0
2025-12-10,Garlic Naan,Breads,89,76,Wednesday,0,0,Sunny,11,0
2025-12-10,Tandoori Roti,Breads,93,67,Wednesday,0,0,Sunny,11,0
2025-12-10,Gulab Jamun,Desserts,48,34,Wednesday,0,0,Sunny,11,0
2025-12-10,Ras Malai,Desserts,44,39,Wednesday,0,0,Sunny,11,0
2025-12-10,Kheer,Desserts,32,22,Wednesday,0,0,Sunny,11,0
2025-12-10,Kulfi,Desserts,38,20,Wednesday,0,0,Sunny,11,0
2025-12-11,Paneer Butter Masala,Main Course,52,48,Thursday,0,0,Cloudy,11,0
2025-12-11,Dal Makhani,Main Course,58,43,Thursday,0,0,Cloudy,11,0
2025-12-11,Chicken Biryani,Main Course,50,41,Thursday,0,0,Cloudy,11,0
2025-12-11,Mutton Rogan Josh,Main Course,48,28,Thursday,0,0,Cloudy,11,0
2025-12-11,Paneer Tikka,Starters,72,61,Thursday,0,0,Cloudy,11,0
2025-12-11,Chicken Tandoori,Starters,52,42,Thursday,0,0,Cloudy,11,0
2025-12-11,Veg Spring Rolls,Starters,132,58,Thursday,0,0,Cloudy,11,0
2025-12-11,Fish Amritsari,Starters,64,43,Thursday,0,0,Cloudy,11,0
2025-12-11,Butter Naan,Breads,81,72,Thursday,0,0,Cloudy,11,0
2025-12-11,Garlic Naan,Breads,98,69,Thursday,0,0,Cloudy,11,0
2025-12-11,Tandoori Roti,Breads,101,81,Thursday,0,0,Cloudy,11,0
2025-12-11,Gulab Jamun,Desserts,49,38,Thursday,0,0,Cloudy,11,0
2025-12-11,Ras Malai,Desserts,44,35,Thursday,0,0,Cloudy,11,0
2025-12-11,Kheer,Desserts,36,28,Thursday,0,0,Cloudy,11,0
2025-12-11,Kulfi,Desserts,33,17,Thursday,0,0,Cloudy,11,0
2025-12-12,Paneer Butter Masala,Main Course,49,21,Friday,0,0,Sunny,12,0
2025-12-12,Dal Makhani,Main Course,58,52,Friday,0,0,Sunny,12,0
2025-12-12,Chicken Biryani,Main Course,51,48,Friday,0,0,Sunny,12,0
2025-12-12,Mutton Rogan Josh,Main Course,46,35,Friday,0,0,Sunny,12,0
2025-12-12,Paneer Tikka,Starters,70,52,Friday,0,0,Sunny,12,0
2025-12-12,Chicken Tandoori,Starters,65,44,Friday,0,0,Sunny,12,0
2025-12-12,Veg Spring Rolls,Starters,64,49,Friday,0,0,Sunny,12,0
2025-12-12,Fish Amritsari,Starters,69,38,Friday,0,0,Sunny,12,0
2025-12-12,Butter Naan,Breads,93,80,Friday,0,0,Sunny,12,0
2025-12-12,Garlic Naan,Breads,95,88,Friday,0,0,Sunny,12,0
2025-12-12,Tandoori Roti,Breads,82,70,Friday,0,0,Sunny,12,0
2025-12-12,Gulab Jamun,Desserts,42,29,Friday,0,0,Sunny,12,0
2025-12-12,Ras Malai,Desserts,48,42,Friday,0,0,Sunny,12,0
2025-12-12,Kheer,Desserts,35,29,Friday,0,0,Sunny,12,0
2025-12-12,Kulfi,Desserts,55,18,Friday,0,0,Sunny,12,0
2025-12-13,Paneer Butter Masala,Main Course,72,68,Saturday,1,0,Rainy,11,0
2025-12-13,Dal Makhani,Main Course,73,56,Saturday,1,0,Rainy,11,0
2025-12-13,Chicken Biryani,Main Course,57,47,Saturday,1,0,Rainy,11,0
2025-12-13,Mutton Rogan Josh,Main Course,61,47,Saturday,1,0,Rainy,11,0
2025-12-13,Paneer Tikka,Starters,91,84,Saturday,1,0,Rainy,11,0
2025-12-13,Chicken Tandoori,Starters,75,54,Saturday,1,0,Rainy,11,0
2025-12-13,Veg Spring Rolls,Starters,83,61,Saturday,1,0,Rainy,11,0
2025-12-13,Fish Amritsari,Starters,83,42,Saturday,1,0,Rainy,11,0
2025-12-13,Butter Naan,Breads,116,98,Saturday,1,0,Rainy,11,0
2025-12-13,Garlic Naan,Breads,123,90,Saturday,1,0,Rainy,11,0
2025-12-13,Tandoori Roti,Breads,116,89,Saturday,1,0,Rainy,11,0
2025-12-13,Gulab Jamun,Desserts,64,43,Saturday,1,0,Rainy,11,0
2025-12-13,Ras Malai,Desserts,63,52,Saturday,1,0,Rainy,11,0
2025-12-13,Kheer,Desserts,43,33,Saturday,1,0,Rainy,11,0
2025-12-13,Kulfi,Desserts,42,24,Saturday,1,0,Rainy,11,0
2025-12-14,Paneer Butter Masala,Main Course,65,63,Sunday,1,0,Stormy,16,0
2025-12-14,Dal Makhani,Main Course,75,53,Sunday,1,0,Stormy,16,0
2025-12-14,Chicken Biryani,Main Course,62,56,Sunday,1,0,Stormy,16,0
2025-12-14,Mutton Rogan Josh,Main Course,54,38,Sunday,1,0,Stormy,16,0
2025-12-14,Paneer Tikka,Starters,76,64,Sunday,1,0,Stormy,16,0
2025-12-14,Chicken Tandoori,Starters,75,50,Sunday,1,0,Stormy,16,0
2025-12-14,Veg Spring Rolls,Starters,85,68,Sunday,1,0,Stormy,16,0
2025-12-14,Fish Amritsari,Starters,68,45,Sunday,1,0,Stormy,16,0
2025-12-14,Butter Naan,Breads,118,110,Sunday,1,0,Stormy,16,0
2025-12-14,Garlic Naan,Breads,110,93,Sunday,1,0,Stormy,16,0
2025-12-14,Tandoori Roti,Breads,120,88,Sunday,1,0,Stormy,16,0
2025-12-14,Gulab Jamun,Desserts,49,32,Sunday,1,0,Stormy,16,0
2025-12-14,Ras Malai,Desserts,54,36,Sunday,1,0,Stormy,16,0
2025-12-14,Kheer,Desserts,40,26,Sunday,1,0,Stormy,16,0
2025-12-14,Kulfi,Desserts,44,26,Sunday,1,0,Stormy,16,0
2025-12-15,Paneer Butter Masala,Main Course,56,49,Monday,0,0,Cloudy,12,0
2025-12-15,Dal Makhani,Main Course,52,36,Monday,0,0,Cloudy,12,0
2025-12-15,Chicken Biryani,Main Course,46,39,Monday,0,0,Cloudy,12,0
2025-12-15,Mutton Rogan Josh,Main Course,44,26,Monday,0,0,Cloudy,12,0
2025-12-15,Paneer Tikka,Starters,60,41,Monday,0,0,Cloudy,12,0
2025-12-15,Chicken Tandoori,Starters,53,47,Monday,0,0,Cloudy,12,0
2025-12-15,Veg Spring Rolls,Starters,72,56,Monday,0,0,Cloudy,12,0
2025-12-15,Fish Amritsari,Starters,56,37,Monday,0,0,Cloudy,12,0
2025-12-15,Butter Naan,Breads,95,83,Monday,0,0,Cloudy,12,0
2025-12-15,Garlic Naan,Breads,86,81,Monday,0,0,Cloudy,12,0
2025-12-15,Tandoori Roti,Breads,84,68,Monday,0,0,Cloudy,12,0
2025-12-15,Gulab Jamun,Desserts,45,29,Monday,0,0,Cloudy,12,0
2025-12-15,Ras Malai,Desserts,48,33,Monday,0,0,Cloudy,12,0
2025-12-15,Kheer,Desserts,36,31,Monday,0,0,Cloudy,12,0
2025-12-15,Kulfi,Desserts,31,20,Monday,0,0,Cloudy,12,0
2025-12-16,Paneer Butter Masala,Main Course,59,53,Tuesday,0,0,Cloudy,9,1
2025-12-16,Dal Makhani,Main Course,62,54,Tuesday,0,0,Cloudy,9,1
2025-12-16,Chicken Biryani,Main Course,59,53,Tuesday,0,0,Cloudy,9,1
2025-12-16,Mutton Rogan Josh,Main Course,59,39,Tuesday,0,0,Cloudy,9,1
2025-12-16,Paneer Tikka,Starters,79,72,Tuesday,0,0,Cloudy,9,1
2025-12-16,Chicken Tandoori,Starters,68,61,Tuesday,0,0,Cloudy,9,1
2025-12-16,Veg Spring Rolls,Starters,84,58,Tuesday,0,0,Cloudy,9,1
2025-12-16,Fish Amritsari,Starters,69,52,Tuesday,0,0,Cloudy,9,1
2025-12-16,Butter Naan,Breads,110,92,Tuesday,0,0,Cloudy,9,1
2025-12-16,Garlic Naan,Breads,101,66,Tuesday,0,0,Cloudy,9,1
2025-12-16,Tandoori Roti,Breads,107,75,Tuesday,0,0,Cloudy,9,1
2025-12-16,Gulab Jamun,Desserts,56,48,Tuesday,0,0,Cloudy,9,1
2025-12-16,Ras Malai,Desserts,54,43,Tuesday,0,0,Cloudy,9,1
2025-12-16,Kheer,Desserts,43,13,Tuesday,0,0,Cloudy,9,1
2025-12-16,Kulfi,Desserts,40,25,Tuesday,0,0,Cloudy,9,1
2025-12-17,Paneer Butter Masala,Main Course,52,49,Wednesday,0,0,Sunny,10,0
2025-12-17,Dal Makhani,Main Course,50,37,Wednesday,0,0,Sunny,10,0
2025-12-17,Chicken Biryani,Main Course,52,48,Wednesday,0,0,Sunny,10,0
2025-12-17,Mutton Rogan Josh,Main Course,52,36,Wednesday,0,0,Sunny,10,0
2025-12-17,Paneer Tikka,Starters,59,44,Wednesday,0,0,Sunny,10,0
2025-12-17,Chicken Tandoori,Starters,64,59,Wednesday,0,0,Sunny,10,0
2025-12-17,Veg Spring Rolls,Starters,65,59,Wednesday,0,0,Sunny,10,0
2025-12-17,Fish Amritsari,Starters,126,35,Wednesday,0,0,Sunny,10,0
2025-12-17,Butter Naan,Breads,91,82,Wednesday,0,0,Sunny,10,0
2025-12-17,Garlic Naan,Breads,78,53,Wednesday,0,0,Sunny,10,0
2025-12-17,Tandoori Roti,Breads,100,84,Wednesday,0,0,Sunny,10,0
2025-12-17,Gulab Jamun,Desserts,48,16,Wednesday,0,0,Sunny,10,0
2025-12-17,Ras Malai,Desserts,38,24,Wednesday,0,0,Sunny,10,0
2025-12-17,Kheer,Desserts,40,28,Wednesday,0,0,Sunny,10,0
2025-12-17,Kulfi,Desserts,31,10,Wednesday,0,0,Sunny,10,0
2025-12-18,Paneer Butter Masala,Main Course,48,42,Thursday,0,0,Rainy,9,0
2025-12-18,Dal Makhani,Main Course,50,42,Thursday,0,0,Rainy,9,0
2025-12-18,Chicken Biryani,Main Course,44,40,Thursday,0,0,Rainy,9,0
2025-12-18,Mutton Rogan Josh,Main Course,46,35,Thursday,0,0,Rainy,9,0
2025-12-18,Paneer Tikka,Starters,57,44,Thursday,0,0,Rainy,9,0
2025-12-18,Chicken Tandoori,Starters,55,46,Thursday,0,0,Rainy,9,0
2025-12-18,Veg Spring Rolls,Starters,68,47,Thursday,0,0,Rainy,9,0
2025-12-18,Fish Amritsari,Starters,64,50,Thursday,0,0,Rainy,9,0
2025-12-18,Butter Naan,Breads,81,75,Thursday,0,0,Rainy,9,0
2025-12-18,Garlic Naan,Breads,76,70,Thursday,0,0,Rainy,9,0
2025-12-18,Tandoori Roti,Breads,75,65,Thursday,0,0,Rainy,9,0
2025-12-18,Gulab Jamun,Desserts,44,41,Thursday,0,0,Rainy,9,0
2025-12-18,Ras Malai,Desserts,42,37,Thursday,0,0,Rainy,9,0
2025-12-18,Kheer,Desserts,31,20,Thursday,0,0,Rainy,9,0
2025-12-18,Kulfi,Desserts,29,15,Thursday,0,0,Rainy,9,0
2025-12-19,Paneer Butter Masala,Main Course,51,41,Friday,0,0,Sunny,11,0
2025-12-19,Dal Makhani,Main Course,53,37,Friday,0,0,Sunny,11,0
2025-12-19,Chicken Biryani,Main Course,50,44,Friday,0,0,Sunny,11,0
2025-12-19,Mutton Rogan Josh,Main Course,49,27,Friday,0,0,Sunny,11,0
2025-12-19,Paneer Tikka,Starters,67,56,Friday,0,0,Sunny,11,0
2025-12-19,Chicken Tandoori,Starters,65,58,Friday,0,0,Sunny,11,0
2025-12-19,Veg Spring Rolls,Starters,63,41,Friday,0,0,Sunny,11,0
2025-12-19,Fish Amritsari,Starters,69,47,Friday,0,0,Sunny,11,0
2025-12-19,Butter Naan,Breads,96,92,Friday,0,0,Sunny,11,0
2025-12-19,Garlic Naan,Breads,78,63,Friday,0,0,Sunny,11,0
2025-12-19,Tandoori Roti,Breads,93,79,Friday,0,0,Sunny,11,0
2025-12-19,Gulab Jamun,Desserts,43,30,Friday,0,0,Sunny,11,0
2025-12-19,Ras Malai,Desserts,41,36,Friday,0,0,Sunny,11,0
2025-12-19,Kheer,Desserts,38,28,Friday,0,0,Sunny,11,0
2025-12-19,Kulfi,Desserts,39,22,Friday,0,0,Sunny,11,0
2025-12-20,Paneer Butter Masala,Main Course,75,69,Saturday,1,0,Cloudy,13,0
2025-12-20,Dal Makhani,Main Course,88,71,Saturday,1,0,Cloudy,13,0
2025-12-20,Chicken Biryani,Main Course,66,61,Saturday,1,0,Cloudy,13,0
2025-12-20,Mutton Rogan Josh,Main Course,70,20,Saturday,1,0,Cloudy,13,0
2025-12-20,Paneer Tikka,Starters,92,83,Saturday,1,0,Cloudy,13,0
2025-12-20,Chicken Tandoori,Starters,79,64,Saturday,1,0,Cloudy,13,0
2025-12-20,Veg Spring Rolls,Starters,95,67,Saturday,1,0,Cloudy,13,0
2025-12-20,Fish Amritsari,Starters,86,61,Saturday,1,0,Cloudy,13,0
2025-12-20,Butter Naan,Breads,138,121,Saturday,1,0,Cloudy,13,0
2025-12-20,Garlic Naan,Breads,115,75,Saturday,1,0,Cloudy,13,0
2025-12-20,Tandoori Roti,Breads,128,103,Saturday,1,0,Cloudy,13,0
2025-12-20,Gulab Jamun,Desserts,57,46,Saturday,1,0,Cloudy,13,0
2025-12-20,Ras Malai,Desserts,64,51,Saturday,1,0,Cloudy,13,0
2025-12-20,Kheer,Desserts,51,45,Saturday,1,0,Cloudy,13,0
2025-12-20,Kulfi,Desserts,44,22,Saturday,1,0,Cloudy,13,0
2025-12-21,Paneer Butter Masala,Main Course,75,63,Sunday,1,0,Rainy,16,1
2025-12-21,Dal Makhani,Main Course,80,67,Sunday,1,0,Rainy,16,1
2025-12-21,Chicken Biryani,Main Course,71,66,Sunday,1,0,Rainy,16,1
2025-12-21,Mutton Rogan Josh,Main Course,81,47,Sunday,1,0,Rainy,16,1
2025-12-21,Paneer Tikka,Starters,97,83,Sunday,1,0,Rainy,16,1
2025-12-21,Chicken Tandoori,Starters,89,78,Sunday,1,0,Rainy,16,1
2025-12-21,Veg Spring Rolls,Starters,108,82,Sunday,1,0,Rainy,16,1
2025-12-21,Fish Amritsari,Starters,108,76,Sunday,1,0,Rainy,16,1
2025-12-21,Butter Naan,Breads,125,116,Sunday,1,0,Rainy,16,1
2025-12-21,Garlic Naan,Breads,128,115,Sunday,1,0,Rainy,16,1
2025-12-21,Tandoori Roti,Breads,155,145,Sunday,1,0,Rainy,16,1
2025-12-21,Gulab Jamun,Desserts,78,53,Sunday,1,0,Rainy,16,1
2025-12-21,Ras Malai,Desserts,75,69,Sunday,1,0,Rainy,16,1
2025-12-21,Kheer,Desserts,59,48,Sunday,1,0,Rainy,16,1
2025-12-21,Kulfi,Desserts,49,30,Sunday,1,0,Rainy,16,1
2025-12-22,Paneer Butter Masala,Main Course,47,43,Monday,0,0,Cloudy,11,0
2025-12-22,Dal Makhani,Main Course,62,45,Monday,0,0,Cloudy,11,0
2025-12-22,Chicken Biryani,Main Course,48,39,Monday,0,0,Cloudy,11,0
2025-12-22,Mutton Rogan Josh,Main Course,49,36,Monday,0,0,Cloudy,11,0
2025-12-22,Paneer Tikka,Starters,71,63,Monday,0,0,Cloudy,11,0
2025-12-22,Chicken Tandoori,Starters,59,38,Monday,0,0,Cloudy,11,0
2025-12-22,Veg Spring Rolls,Starters,72,61,Monday,0,0,Cloudy,11,0
2025-12-22,Fish Amritsari,Starters,61,38,Monday,0,0,Cloudy,11,0
2025-12-22,Butter Naan,Breads,87,78,Monday,0,0,Cloudy,11,0
2025-12-22,Garlic Naan,Breads,82,67,Monday,0,0,Cloudy,11,0
2025-12-22,Tandoori Roti,Breads,90,70,Monday,0,0,Cloudy,11,0
2025-12-22,Gulab Jamun,Desserts,41,37,Monday,0,0,Cloudy,11,0
2025-12-22,Ras Malai,Desserts,41,31,Monday,0,0,Cloudy,11,0
2025-12-22,Kheer,Desserts,35,30,Monday,0,0,Cloudy,11,0
2025-12-22,Kulfi,Desserts,34,26,Monday,0,0,Cloudy,11,0
2025-12-23,Paneer Butter Masala,Main Course,53,50,Tuesday,0,0,Cloudy,12,0
2025-12-23,Dal Makhani,Main Course,57,42,Tuesday,0,0,Cloudy,12,0
2025-12-23,Chicken Biryani,Main Course,45,37,Tuesday,0,0,Cloudy,12,0
2025-12-23,Mutton Rogan Josh,Main Course,49,24,Tuesday,0,0,Cloudy,12,0
2025-12-23,Paneer Tikka,Starters,116,56,Tuesday,0,0,Cloudy,12,0
2025-12-23,Chicken Tandoori,Starters,62,46,Tuesday,0,0,Cloudy,12,0
2025-12-23,Veg Spring Rolls,Starters,71,54,Tuesday,0,0,Cloudy,12,0
2025-12-23,Fish Amritsari,Starters,66,43,Tuesday,0,0,Cloudy,12,0
2025-12-23,Butter Naan,Breads,83,70,Tuesday,0,0,Cloudy,12,0
2025-12-23,Garlic Naan,Breads,97,65,Tuesday,0,0,Cloudy,12,0
2025-12-23,Tandoori Roti,Breads,86,73,Tuesday,0,0,Cloudy,12,0
2025-12-23,Gulab Jamun,Desserts,51,45,Tuesday,0,0,Cloudy,12,0
2025-12-23,Ras Malai,Desserts,45,33,Tuesday,0,0,Cloudy,12,0
2025-12-23,Kheer,Desserts,33,31,Tuesday,0,0,Cloudy,12,0
2025-12-23,Kulfi,Desserts,32,16,Tuesday,0,0,Cloudy,12,0
2025-12-24,Paneer Butter Masala,Main Course,48,42,Wednesday,0,0,Rainy,12,0
2025-12-24,Dal Makhani,Main Course,49,42,Wednesday,0,0,Rainy,12,0
2025-12-24,Chicken Biryani,Main Course,43,40,Wednesday,0,0,Rainy,12,0
2025-12-24,Mutton Rogan Josh,Main Course,39,28,Wednesday,0,0,Rainy,12,0
2025-12-24,Paneer Tikka,Starters,57,38,Wednesday,0,0,Rainy,12,0
2025-12-24,Chicken Tandoori,Starters,49,44,Wednesday,0,0,Rainy,12,0
2025-12-24,Veg Spring Rolls,Starters,57,44,Wednesday,0,0,Rainy,12,0
2025-12-24,Fish Amritsari,Starters,56,43,Wednesday,0,0,Rainy,12,0
2025-12-24,Butter Naan,Breads,86,83,Wednesday,0,0,Rainy,12,0
2025-12-24,Garlic Naan,Breads,73,68,Wednesday,0,0,Rainy,12,0
2025-12-24,Tandoori Roti,Breads,78,64,Wednesday,0,0,Rainy,12,0
2025-12-24,Gulab Jamun,Desserts,45,35,Wednesday,0,0,Rainy,12,0
2025-12-24,Ras Malai,Desserts,42,29,Wednesday,0,0,Rainy,12,0
2025-12-24,Kheer,Desserts,36,32,Wednesday,0,0,Rainy,12,0
2025-12-24,Kulfi,Desserts,34,26,Wednesday,0,0,Rainy,12,0
2025-12-25,Paneer Butter Masala,Main Course,76,73,Thursday,0,1,Sunny,11,1
2025-12-25,Dal Makhani,Main Course,77,53,Thursday,0,1,Sunny,11,1
2025-12-25,Chicken Biryani,Main Course,64,56,Thursday,0,1,Sunny,11,1
2025-12-25,Mutton Rogan Josh,Main Course,69,39,Thursday,0,1,Sunny,11,1
2025-12-25,Paneer Tikka,Starters,95,86,Thursday,0,1,Sunny,11,1
2025-12-25,Chicken Tandoori,Starters,74,54,Thursday,0,1,Sunny,11,1
2025-12-25,Veg Spring Rolls,Starters,99,75,Thursday,0,1,Sunny,11,1
2025-12-25,Fish Amritsari,Starters,92,51,Thursday,0,1,Sunny,11,1
2025-12-25,Butter Naan,Breads,142,135,Thursday,0,1,Sunny,11,1
2025-12-25,Garlic Naan,Breads,114,96,Thursday,0,1,Sunny,11,1
2025-12-25,Tandoori Roti,Breads,150,103,Thursday,0,1,Sunny,11,1
2025-12-25,Gulab Jamun,Desserts,56,49,Thursday,0,1,Sunny,11,1
2025-12-25,Ras Malai,Desserts,64,48,Thursday,0,1,Sunny,11,1
2025-12-25,Kheer,Desserts,52,48,Thursday,0,1,Sunny,11,1
2025-12-25,Kulfi,Desserts,59,31,Thursday,0,1,Sunny,11,1
2025-12-26,Paneer Butter Masala,Main Course,45,43,Friday,0,0,Cloudy,8,0
2025-12-26,Dal Makhani,Main Course,63,52,Friday,0,0,Cloudy,8,0
2025-12-26,Chicken Biryani,Main Course,46,42,Friday,0,0,Cloudy,8,0
2025-12-26,Mutton Rogan Josh,Main Course,41,31,Friday,0,0,Cloudy,8,0
2025-12-26,Paneer Tikka,Starters,60,48,Friday,0,0,Cloudy,8,0
2025-12-26,Chicken Tandoori,Starters,58,46,Friday,0,0,Cloudy,8,0
2025-12-26,Veg Spring Rolls,Starters,72,47,Friday,0,0,Cloudy,8,0
2025-12-26,Fish Amritsari,Starters,60,38,Friday,0,0,Cloudy,8,0
2025-12-26,Butter Naan,Breads,81,77,Friday,0,0,Cloudy,8,0
2025-12-26,Garlic Naan,Breads,94,68,Friday,0,0,Cloudy,8,0
2025-12-26,Tandoori Roti,Breads,96,88,Friday,0,0,Cloudy,8,0
2025-12-26,Gulab Jamun,Desserts,46,30,Friday,0,0,Cloudy,8,0
2025-12-26,Ras Malai,Desserts,43,33,Friday,0,0,Cloudy,8,0
2025-12-26,Kheer,Desserts,34,30,Friday,0,0,Cloudy,8,0
2025-12-26,Kulfi,Desserts,31,23,Friday,0,0,Cloudy,8,0
2025-12-27,Paneer Butter Masala,Main Course,88,81,Saturday,1,0,Cloudy,13,1
2025-12-27,Dal Makhani,Main Course,98,67,Saturday,1,0,Cloudy,13,1
2025-12-27,Chicken Biryani,Main Course,87,83,Saturday,1,0,Cloudy,13,1
2025-12-27,Mutton Rogan Josh,Main Course,87,60,Saturday,1,0,Cloudy,13,1
2025-12-27,Paneer Tikka,Starters,123,83,Saturday,1,0,Cloudy,13,1
2025-12-27,Chicken Tandoori,Starters,89,62,Saturday,1,0,Cloudy,13,1
2025-12-27,Veg Spring Rolls,Starters,98,90,Saturday,1,0,Cloudy,13,1
2025-12-27,Fish Amritsari,Starters,103,63,Saturday,1,0,Cloudy,13,1
2025-12-27,Butter Naan,Breads,135,119,Saturday,1,0,Cloudy,13,1
2025-12-27,Garlic Naan,Breads,155,104,Saturday,1,0,Cloudy,13,1
2025-12-27,Tandoori Roti,Breads,170,133,Saturday,1,0,Cloudy,13,1
2025-12-27,Gulab Jamun,Desserts,70,51,Saturday,1,0,Cloudy,13,1
2025-12-27,Ras Malai,Desserts,75,54,Saturday,1,0,Cloudy,13,1
2025-12-27,Kheer,Desserts,61,43,Saturday,1,0,Cloudy,13,1
2025-12-27,Kulfi,Desserts,56,30,Saturday,1,0,Cloudy,13,1
2025-12-28,Paneer Butter Masala,Main Course,92,82,Sunday,1,0,Cloudy,15,1
2025-12-28,Dal Makhani,Main Course,91,61,Sunday,1,0,Cloudy,15,1
2025-12-28,Chicken Biryani,Main Course,89,76,Sunday,1,0,Cloudy,15,1
2025-12-28,Mutton Rogan Josh,Main Course,84,58,Sunday,1,0,Cloudy,15,1
2025-12-28,Paneer Tikka,Starters,115,101,Sunday,1,0,Cloudy,15,1
2025-12-28,Chicken Tandoori,Starters,108,73,Sunday,1,0,Cloudy,15,1
2025-12-28,Veg Spring Rolls,Starters,122,111,Sunday,1,0,Cloudy,15,1
2025-12-28,Fish Amritsari,Starters,99,73,Sunday,1,0,Cloudy,15,1
2025-12-28,Butter Naan,Breads,160,152,Sunday,1,0,Cloudy,15,1
2025-12-28,Garlic Naan,Breads,281,139,Sunday,1,0,Cloudy,15,1
2025-12-28,Tandoori Roti,Breads,139,100,Sunday,1,0,Cloudy,15,1
2025-12-28,Gulab Jamun,Desserts,76,71,Sunday,1,0,Cloudy,15,1
2025-12-28,Ras Malai,Desserts,81,65,Sunday,1,0,Cloudy,15,1
2025-12-28,Kheer,Desserts,64,60,Sunday,1,0,Cloudy,15,1
2025-12-28,Kulfi,Desserts,65,43,Sunday,1,0,Cloudy,15,1
2025-12-29,Paneer Butter Masala,Main Course,50,43,Monday,0,0,Cloudy,12,0
2025-12-29,Dal Makhani,Main Course,52,35,Monday,0,0,Cloudy,12,0
2025-12-29,Chicken Biryani,Main Course,49,44,Monday,0,0,Cloudy,12,0
2025-12-29,Mutton Rogan Josh,Main Course,45,25,Monday,0,0,Cloudy,12,0
2025-12-29,Paneer Tikka,Starters,70,50,Monday,0,0,Cloudy,12,0
2025-12-29,Chicken Tandoori,Starters,51,38,Monday,0,0,Cloudy,12,0
2025-12-29,Veg Spring Rolls,Starters,67,55,Monday,0,0,Cloudy,12,0
2025-12-29,Fish Amritsari,Starters,69,14,Monday,0,0,Cloudy,12,0
2025-12-29,Butter Naan,Breads,82,66,Monday,0,0,Cloudy,12,0
2025-12-29,Garlic Naan,Breads,82,71,Monday,0,0,Cloudy,12,0
2025-12-29,Tandoori Roti,Breads,83,77,Monday,0,0,Cloudy,12,0
2025-12-29,Gulab Jamun,Desserts,42,27,Monday,0,0,Cloudy,12,0
2025-12-29,Ras Malai,Desserts,42,33,Monday,0,0,Cloudy,12,0
2025-12-29,Kheer,Desserts,37,24,Monday,0,0,Cloudy,12,0
2025-12-29,Kulfi,Desserts,32,24,Monday,0,0,Cloudy,12,0
2025-12-30,Paneer Butter Masala,Main Course,47,42,Tuesday,0,0,Rainy,10,0
2025-12-30,Dal Makhani,Main Course,55,49,Tuesday,0,0,Rainy,10,0
2025-12-30,Chicken Biryani,Main Course,46,37,Tuesday,0,0,Rainy,10,0
2025-12-30,Mutton Rogan Josh,Main Course,43,29,Tuesday,0,0,Rainy,10,0
2025-12-30,Paneer Tikka,Starters,65,59,Tuesday,0,0,Rainy,10,0
2025-12-30,Chicken Tandoori,Starters,48,44,Tuesday,0,0,Rainy,10,0
2025-12-30,Veg Spring Rolls,Starters,56,39,Tuesday,0,0,Rainy,10,0
2025-12-30,Fish Amritsari,Starters,62,34,Tuesday,0,0,Rainy,10,0
2025-12-30,Butter Naan,Breads,89,75,Tuesday,0,0,Rainy,10,0
2025-12-30,Garlic Naan,Breads,80,64,Tuesday,0,0,Rainy,10,0
2025-12-30,Tandoori Roti,Breads,91,70,Tuesday,0,0,Rainy,10,0
2025-12-30,Gulab Jamun,Desserts,47,39,Tuesday,0,0,Rainy,10,0
2025-12-30,Ras Malai,Desserts,80,29,Tuesday,0,0,Rainy,10,0
2025-12-30,Kheer,Desserts,36,25,Tuesday,0,0,Rainy,10,0
2025-12-30,Kulfi,Desserts,33,23,Tuesday,0,0,Rainy,10,0
