date,item_name,category,leftover_qty,waste_kg,waste_cost_inr,day_of_week,is_weekend,is_holiday,weather,staff_count,event_flag
2024-01-01,Paneer Butter Masala,Main Course,7,2.05,656.0,Monday,0,0,Sunny,12,0
2024-01-01,Dal Makhani,Main Course,17,4.27,1366.4,Monday,0,0,Sunny,12,0
2024-01-01,Chicken Biryani,Main Course,11,3.41,1091.2,Monday,0,0,Sunny,12,0
2024-01-01,Mutton Rogan Josh,Main Course,24,6.89,2204.8,Monday,0,0,Sunny,12,0
2024-01-01,Paneer Tikka,Starters,4,0.58,145.0,Monday,0,0,Sunny,12,0
2024-01-01,Chicken Tandoori,Starters,15,2.52,630.0,Monday,0,0,Sunny,12,0
2024-01-01,Veg Spring Rolls,Starters,11,1.55,387.5,Monday,0,0,Sunny,12,0
2024-01-01,Fish Amritsari,Starters,52,8.65,2162.5,Monday,0,0,Sunny,12,0
2024-01-01,Butter Naan,Breads,16,1.0,120.0,Monday,0,0,Sunny,12,0
2024-01-01,Garlic Naan,Breads,24,1.66,199.2,Monday,0,0,Sunny,12,0
2024-01-01,Tandoori Roti,Breads,5,0.39,46.8,Monday,0,0,Sunny,12,0
2024-01-01,Gulab Jamun,Desserts,9,0.98,274.4,Monday,0,0,Sunny,12,0
2024-01-01,Ras Malai,Desserts,14,1.71,478.8,Monday,0,0,Sunny,12,0
2024-01-01,Kheer,Desserts,4,0.47,131.6,Monday,0,0,Sunny,12,0
2024-01-01,Kulfi,Desserts,10,1.49,417.2,Monday,0,0,Sunny,12,0
2024-01-02,Paneer Butter Masala,Main Course,4,1.23,393.6,Tuesday,0,0,Cloudy,11,0
2024-01-02,Dal Makhani,Main Course,10,3.34,1068.8,Tuesday,0,0,Cloudy,11,0
2024-01-02,Chicken Biryani,Main Course,7,2.2,704.0,Tuesday,0,0,Cloudy,11,0
2024-01-02,Mutton Rogan Josh,Main Course,16,5.55,1776.0,Tuesday,0,0,Cloudy,11,0
2024-01-02,Paneer Tikka,Starters,10,1.55,387.5,Tuesday,0,0,Cloudy,11,0
2024-01-02,Chicken Tandoori,Starters,8,1.33,332.5,Tuesday,0,0,Cloudy,11,0
2024-01-02,Veg Spring Rolls,Starters,5,0.87,217.5,Tuesday,0,0,Cloudy,11,0
2024-01-02,Fish Amritsari,Starters,22,3.35,837.5,Tuesday,0,0,Cloudy,11,0
2024-01-02,Butter Naan,Breads,8,0.57,68.4,Tuesday,0,0,Cloudy,11,0
2024-01-02,Garlic Naan,Breads,27,1.65,198.0,Tuesday,0,0,Cloudy,11,0
2024-01-02,Tandoori Roti,Breads,8,0.47,56.4,Tuesday,0,0,Cloudy,11,0
2024-01-02,Gulab Jamun,Desserts,4,0.54,151.2,Tuesday,0,0,Cloudy,11,0
2024-01-02,Ras Malai,Desserts,10,1.12,313.6,Tuesday,0,0,Cloudy,11,0
2024-01-02,Kheer,Desserts,8,0.94,263.2,Tuesday,0,0,Cloudy,11,0
2024-01-02,Kulfi,Desserts,15,1.85,518.0,Tuesday,0,0,Cloudy,11,0
2024-01-03,Paneer Butter Masala,Main Course,7,1.74,556.8,Wednesday,0,0,Sunny,9,0
2024-01-03,Dal Makhani,Main Course,12,3.29,1052.8,Wednesday,0,0,Sunny,9,0
2024-01-03,Chicken Biryani,Main Course,10,3.48,1113.6,Wednesday,0,0,Sunny,9,0
2024-01-03,Mutton Rogan Josh,Main Course,12,3.86,1235.2,Wednesday,0,0,Sunny,9,0
2024-01-03,Paneer Tikka,Starters,11,1.89,472.5,Wednesday,0,0,Sunny,9,0
2024-01-03,Chicken Tandoori,Starters,6,0.91,227.5,Wednesday,0,0,Sunny,9,0
2024-01-03,Veg Spring Rolls,Starters,11,1.55,387.5,Wednesday,0,0,Sunny,9,0
2024-01-03,Fish Amritsari,Starters,20,3.63,907.5,Wednesday,0,0,Sunny,9,0
2024-01-03,Butter Naan,Breads,16,0.94,112.8,Wednesday,0,0,Sunny,9,0
2024-01-03,Garlic Naan,Breads,9,0.65,78.0,Wednesday,0,0,Sunny,9,0
2024-01-03,Tandoori Roti,Breads,19,1.17,140.4,Wednesday,0,0,Sunny,9,0
2024-01-03,Gulab Jamun,Desserts,4,0.53,148.4,Wednesday,0,0,Sunny,9,0
2024-01-03,Ras Malai,Desserts,11,1.6,448.0,Wednesday,0,0,Sunny,9,0
2024-01-03,Kheer,Desserts,5,0.54,151.2,Wednesday,0,0,Sunny,9,0
2024-01-03,Kulfi,Desserts,22,3.27,915.6,Wednesday,0,0,Sunny,9,0
2024-01-04,Paneer Butter Masala,Main Course,36,11.64,3724.8,Thursday,0,0,Sunny,9,0
2024-01-04,Dal Makhani,Main Course,6,1.83,585.6,Thursday,0,0,Sunny,9,0
2024-01-04,Chicken Biryani,Main Course,7,2.43,777.6,Thursday,0,0,Sunny,9,0
2024-01-04,Mutton Rogan Josh,Main Course,14,4.17,1334.4,Thursday,0,0,Sunny,9,0
2024-01-04,Paneer Tikka,Starters,14,2.57,642.5,Thursday,0,0,Sunny,9,0
2024-01-04,Chicken Tandoori,Starters,19,2.86,715.0,Thursday,0,0,Sunny,9,0
2024-01-04,Veg Spring Rolls,Starters,5,0.81,202.5,Thursday,0,0,Sunny,9,0
2024-01-04,Fish Amritsari,Starters,21,4.15,1037.5,Thursday,0,0,Sunny,9,0
2024-01-04,Butter Naan,Breads,13,0.83,99.6,Thursday,0,0,Sunny,9,0
2024-01-04,Garlic Naan,Breads,15,1.09,130.8,Thursday,0,0,Sunny,9,0
2024-01-04,Tandoori Roti,Breads,30,2.39,286.8,Thursday,0,0,Sunny,9,0
2024-01-04,Gulab Jamun,Desserts,8,1.11,310.8,Thursday,0,0,Sunny,9,0
2024-01-04,Ras Malai,Desserts,7,0.83,232.4,Thursday,0,0,Sunny,9,0
2024-01-04,Kheer,Desserts,5,0.73,204.4,Thursday,0,0,Sunny,9,0
2024-01-04,Kulfi,Desserts,10,1.37,383.6,Thursday,0,0,Sunny,9,0
2024-01-05,Paneer Butter Masala,Main Course,6,1.68,537.6,Friday,0,0,Cloudy,11,0
2024-01-05,Dal Makhani,Main Course,3,1.01,323.2,Friday,0,0,Cloudy,11,0
2024-01-05,Chicken Biryani,Main Course,7,1.96,627.2,Friday,0,0,Cloudy,11,0
2024-01-05,Mutton Rogan Josh,Main Course,11,3.67,1174.4,Friday,0,0,Cloudy,11,0
2024-01-05,Paneer Tikka,Starters,14,2.08,520.0,Friday,0,0,Cloudy,11,0
2024-01-05,Chicken Tandoori,Starters,4,0.57,142.5,Friday,0,0,Cloudy,11,0
2024-01-05,Veg Spring Rolls,Starters,15,2.33,582.5,Friday,0,0,Cloudy,11,0
2024-01-05,Fish Amritsari,Starters,22,3.16,790.0,Friday,0,0,Cloudy,11,0
2024-01-05,Butter Naan,Breads,16,0.97,116.4,Friday,0,0,Cloudy,11,0
2024-01-05,Garlic Naan,Breads,16,1.15,138.0,Friday,0,0,Cloudy,11,0
2024-01-05,Tandoori Roti,Breads,12,0.84,100.8,Friday,0,0,Cloudy,11,0
2024-01-05,Gulab Jamun,Desserts,14,1.53,428.4,Friday,0,0,Cloudy,11,0
2024-01-05,Ras Malai,Desserts,11,1.24,347.2,Friday,0,0,Cloudy,11,0
2024-01-05,Kheer,Desserts,4,0.48,134.4,Friday,0,0,Cloudy,11,0
2024-01-05,Kulfi,Desserts,17,2.46,688.8,Friday,0,0,Cloudy,11,0
2024-01-06,Paneer Butter Masala,Main Course,7,2.41,771.2,Saturday,1,0,Sunny,12,0
2024-01-06,Dal Makhani,Main Course,14,4.43,1417.6,Saturday,1,0,Sunny,12,0
2024-01-06,Chicken Biryani,Main Course,4,1.24,396.8,Saturday,1,0,Sunny,12,0
2024-01-06,Mutton Rogan Josh,Main Course,32,8.56,2739.2,Saturday,1,0,Sunny,12,0
2024-01-06,Paneer Tikka,Starters,31,4.97,1242.5,Saturday,1,0,Sunny,12,0
2024-01-06,Chicken Tandoori,Starters,20,3.21,802.5,Saturday,1,0,Sunny,12,0
2024-01-06,Veg Spring Rolls,Starters,18,2.9,725.0,Saturday,1,0,Sunny,12,0
2024-01-06,Fish Amritsari,Starters,37,6.4,1600.0,Saturday,1,0,Sunny,12,0
2024-01-06,Butter Naan,Breads,12,0.71,85.2,Saturday,1,0,Sunny,12,0
2024-01-06,Garlic Naan,Breads,21,1.46,175.2,Saturday,1,0,Sunny,12,0
2024-01-06,Tandoori Roti,Breads,18,1.11,133.2,Saturday,1,0,Sunny,12,0
2024-01-06,Gulab Jamun,Desserts,12,1.47,411.6,Saturday,1,0,Sunny,12,0
2024-01-06,Ras Malai,Desserts,19,2.81,786.8,Saturday,1,0,Sunny,12,0
2024-01-06,Kheer,Desserts,14,1.9,532.0,Saturday,1,0,Sunny,12,0
2024-01-06,Kulfi,Desserts,24,3.17,887.6,Saturday,1,0,Sunny,12,0
2024-01-07,Paneer Butter Masala,Main Course,12,3.5,1120.0,Sunday,1,0,Cloudy,14,0
2024-01-07,Dal Makhani,Main Course,22,5.72,1830.4,Sunday,1,0,Cloudy,14,0
2024-01-07,Chicken Biryani,Main Course,14,4.46,1427.2,Sunday,1,0,Cloudy,14,0
2024-01-07,Mutton Rogan Josh,Main Course,17,4.32,1382.4,Sunday,1,0,Cloudy,14,0
2024-01-07,Paneer Tikka,Starters,25,4.72,1180.0,Sunday,1,0,Cloudy,14,0
2024-01-07,Chicken Tandoori,Starters,5,0.81,202.5,Sunday,1,0,Cloudy,14,0
2024-01-07,Veg Spring Rolls,Starters,10,1.65,412.5,Sunday,1,0,Cloudy,14,0
2024-01-07,Fish Amritsari,Starters,72,13.28,3320.0,Sunday,1,0,Cloudy,14,0
2024-01-07,Butter Naan,Breads,9,0.56,67.2,Sunday,1,0,Cloudy,14,0
2024-01-07,Garlic Naan,Breads,25,1.72,206.4,Sunday,1,0,Cloudy,14,0
2024-01-07,Tandoori Roti,Breads,14,0.97,116.4,Sunday,1,0,Cloudy,14,0
2024-01-07,Gulab Jamun,Desserts,21,3.07,859.6,Sunday,1,0,Cloudy,14,0
2024-01-07,Ras Malai,Desserts,9,1.01,282.8,Sunday,1,0,Cloudy,14,0
2024-01-07,Kheer,Desserts,13,1.77,495.6,Sunday,1,0,Cloudy,14,0
2024-01-07,Kulfi,Desserts,11,1.18,330.4,Sunday,1,0,Cloudy,14,0
2024-01-08,Paneer Butter Masala,Main Course,6,1.64,524.8,Monday,0,0,Sunny,11,0
2024-01-08,Dal Makhani,Main Course,15,3.73,1193.6,Monday,0,0,Sunny,11,0
2024-01-08,Chicken Biryani,Main Course,5,1.29,412.8,Monday,0,0,Sunny,11,0
2024-01-08,Mutton Rogan Josh,Main Course,16,5.46,1747.2,Monday,0,0,Sunny,11,0
2024-01-08,Paneer Tikka,Starters,6,0.9,225.0,Monday,0,0,Sunny,11,0
2024-01-08,Chicken Tandoori,Starters,7,1.39,347.5,Monday,0,0,Sunny,11,0
2024-01-08,Veg Spring Rolls,Starters,9,1.71,427.5,Monday,0,0,Sunny,11,0
2024-01-08,Fish Amritsari,Starters,32,4.51,1127.5,Monday,0,0,Sunny,11,0
2024-01-08,Butter Naan,Breads,9,0.7,84.0,Monday,0,0,Sunny,11,0
2024-01-08,Garlic Naan,Breads,12,0.78,93.6,Monday,0,0,Sunny,11,0
2024-01-08,Tandoori Roti,Breads,25,1.56,187.2,Monday,0,0,Sunny,11,0
2024-01-08,Gulab Jamun,Desserts,4,0.43,120.4,Monday,0,0,Sunny,11,0
2024-01-08,Ras Malai,Desserts,15,1.9,532.0,Monday,0,0,Sunny,11,0
2024-01-08,Kheer,Desserts,11,1.63,456.4,Monday,0,0,Sunny,11,0
2024-01-08,Kulfi,Desserts,11,1.36,380.8,Monday,0,0,Sunny,11,0
2024-01-09,Paneer Butter Masala,Main Course,2,0.62,198.4,Tuesday,0,0,Cloudy,9,0
2024-01-09,Dal Makhani,Main Course,19,5.75,1840.0,Tuesday,0,0,Cloudy,9,0
2024-01-09,Chicken Biryani,Main Course,8,2.55,816.0,Tuesday,0,0,Cloudy,9,0
2024-01-09,Mutton Rogan Josh,Main Course,13,3.28,1049.6,Tuesday,0,0,Cloudy,9,0
2024-01-09,Paneer Tikka,Starters,10,1.53,382.5,Tuesday,0,0,Cloudy,9,0
2024-01-09,Chicken Tandoori,Starters,15,2.51,627.5,Tuesday,0,0,Cloudy,9,0
2024-01-09,Veg Spring Rolls,Starters,16,2.41,602.5,Tuesday,0,0,Cloudy,9,0
2024-01-09,Fish Amritsari,Starters,16,3.17,792.5,Tuesday,0,0,Cloudy,9,0
2024-01-09,Butter Naan,Breads,5,0.32,38.4,Tuesday,0,0,Cloudy,9,0
2024-01-09,Garlic Naan,Breads,15,0.97,116.4,Tuesday,0,0,Cloudy,9,0
2024-01-09,Tandoori Roti,Breads,32,2.04,244.8,Tuesday,0,0,Cloudy,9,0
2024-01-09,Gulab Jamun,Desserts,9,1.15,322.0,Tuesday,0,0,Cloudy,9,0
2024-01-09,Ras Malai,Desserts,26,3.61,1010.8,Tuesday,0,0,Cloudy,9,0
2024-01-09,Kheer,Desserts,10,1.27,355.6,Tuesday,0,0,Cloudy,9,0
2024-01-09,Kulfi,Desserts,14,1.49,417.2,Tuesday,0,0,Cloudy,9,0
2024-01-10,Paneer Butter Masala,Main Course,10,3.01,963.2,Wednesday,0,0,Sunny,10,0
2024-01-10,Dal Makhani,Main Course,15,3.71,1187.2,Wednesday,0,0,Sunny,10,0
2024-01-10,Chicken Biryani,Main Course,7,2.37,758.4,Wednesday,0,0,Sunny,10,0
2024-01-10,Mutton Rogan Josh,Main Course,13,3.3,1056.0,Wednesday,0,0,Sunny,10,0
2024-01-10,Paneer Tikka,Starters,12,1.99,497.5,Wednesday,0,0,Sunny,10,0
2024-01-10,Chicken Tandoori,Starters,15,2.68,670.0,Wednesday,0,0,Sunny,10,0
2024-01-10,Veg Spring Rolls,Starters,17,3.0,750.0,Wednesday,0,0,Sunny,10,0
2024-01-10,Fish Amritsari,Starters,27,4.04,1010.0,Wednesday,0,0,Sunny,10,0
2024-01-10,Butter Naan,Breads,14,0.81,97.2,Wednesday,0,0,Sunny,10,0
2024-01-10,Garlic Naan,Breads,20,1.17,140.4,Wednesday,0,0,Sunny,10,0
2024-01-10,Tandoori Roti,Breads,6,0.45,54.0,Wednesday,0,0,Sunny,10,0
2024-01-10,Gulab Jamun,Desserts,13,1.91,534.8,Wednesday,0,0,Sunny,10,0
2024-01-10,Ras Malai,Desserts,8,1.12,313.6,Wednesday,0,0,Sunny,10,0
2024-01-10,Kheer,Desserts,9,1.15,322.0,Wednesday,0,0,Sunny,10,0
2024-01-10,Kulfi,Desserts,11,1.44,403.2,Wednesday,0,0,Sunny,10,0
2024-01-11,Paneer Butter Masala,Main Course,7,2.12,678.4,Thursday,0,0,Sunny,11,0
2024-01-11,Dal Makhani,Main Course,8,2.08,665.6,Thursday,0,0,Sunny,11,0
2024-01-11,Chicken Biryani,Main Course,5,1.64,524.8,Thursday,0,0,Sunny,11,0
2024-01-11,Mutton Rogan Josh,Main Course,12,4.12,1318.4,Thursday,0,0,Sunny,11,0
2024-01-11,Paneer Tikka,Starters,22,4.3,1075.0,Thursday,0,0,Sunny,11,0
2024-01-11,Chicken Tandoori,Starters,21,3.98,995.0,Thursday,0,0,Sunny,11,0
2024-01-11,Veg Spring Rolls,Starters,8,1.21,302.5,Thursday,0,0,Sunny,11,0
2024-01-11,Fish Amritsari,Starters,14,2.45,612.5,Thursday,0,0,Sunny,11,0
2024-01-11,Butter Naan,Breads,7,0.5,60.0,Thursday,0,0,Sunny,11,0
2024-01-11,Garlic Naan,Breads,20,1.29,154.8,Thursday,0,0,Sunny,11,0
2024-01-11,Tandoori Roti,Breads,17,1.05,126.0,Thursday,0,0,Sunny,11,0
2024-01-11,Gulab Jamun,Desserts,11,1.52,425.6,Thursday,0,0,Sunny,11,0
2024-01-11,Ras Malai,Desserts,14,1.78,498.4,Thursday,0,0,Sunny,11,0
2024-01-11,Kheer,Desserts,7,0.97,271.6,Thursday,0,0,Sunny,11,0
2024-01-11,Kulfi,Desserts,17,2.33,652.4,Thursday,0,0,Sunny,11,0
2024-01-12,Paneer Butter Masala,Main Course,3,0.86,275.2,Friday,0,0,Cloudy,9,0
2024-01-12,Dal Makhani,Main Course,19,6.1,1952.0,Friday,0,0,Cloudy,9,0
2024-01-12,Chicken Biryani,Main Course,4,1.09,348.8,Friday,0,0,Cloudy,9,0
2024-01-12,Mutton Rogan Josh,Main Course,11,3.16,1011.2,Friday,0,0,Cloudy,9,0
2024-01-12,Paneer Tikka,Starters,5,0.88,220.0,Friday,0,0,Cloudy,9,0
2024-01-12,Chicken Tandoori,Starters,39,5.7,1425.0,Friday,0,0,Cloudy,9,0
2024-01-12,Veg Spring Rolls,Starters,50,8.73,2182.5,Friday,0,0,Cloudy,9,0
2024-01-12,Fish Amritsari,Starters,19,3.72,930.0,Friday,0,0,Cloudy,9,0
2024-01-12,Butter Naan,Breads,3,0.18,21.6,Friday,0,0,Cloudy,9,0
2024-01-12,Garlic Naan,Breads,9,0.63,75.6,Friday,0,0,Cloudy,9,0
2024-01-12,Tandoori Roti,Breads,30,2.26,271.2,Friday,0,0,Cloudy,9,0
2024-01-12,Gulab Jamun,Desserts,10,1.29,361.2,Friday,0,0,Cloudy,9,0
2024-01-12,Ras Malai,Desserts,12,1.66,464.8,Friday,0,0,Cloudy,9,0
2024-01-12,Kheer,Desserts,11,1.22,341.6,Friday,0,0,Cloudy,9,0
2024-01-12,Kulfi,Desserts,12,1.46,408.8,Friday,0,0,Cloudy,9,0
2024-01-13,Paneer Butter Masala,Main Course,10,3.5,1120.0,Saturday,1,0,Cloudy,12,0
2024-01-13,Dal Makhani,Main Course,14,4.53,1449.6,Saturday,1,0,Cloudy,12,0
2024-01-13,Chicken Biryani,Main Course,11,2.74,876.8,Saturday,1,0,Cloudy,12,0
2024-01-13,Mutton Rogan Josh,Main Course,32,9.36,2995.2,Saturday,1,0,Cloudy,12,0
2024-01-13,Paneer Tikka,Starters,21,3.65,912.5,Saturday,1,0,Cloudy,12,0
2024-01-13,Chicken Tandoori,Starters,23,4.53,1132.5,Saturday,1,0,Cloudy,12,0
2024-01-13,Veg Spring Rolls,Starters,24,3.95,987.5,Saturday,1,0,Cloudy,12,0
2024-01-13,Fish Amritsari,Starters,23,3.26,815.0,Saturday,1,0,Cloudy,12,0
2024-01-13,Butter Naan,Breads,78,5.43,651.6,Saturday,1,0,Cloudy,12,0
2024-01-13,Garlic Naan,Breads,25,1.88,225.6,Saturday,1,0,Cloudy,12,0
2024-01-13,Tandoori Roti,Breads,25,1.98,237.6,Saturday,1,0,Cloudy,12,0
2024-01-13,Gulab Jamun,Desserts,22,2.63,736.4,Saturday,1,0,Cloudy,12,0
2024-01-13,Ras Malai,Desserts,9,1.29,361.2,Saturday,1,0,Cloudy,12,0
2024-01-13,Kheer,Desserts,5,0.68,190.4,Saturday,1,0,Cloudy,12,0
2024-01-13,Kulfi,Desserts,22,2.67,747.6,Saturday,1,0,Cloudy,12,0
2024-01-14,Paneer Butter Masala,Main Course,11,3.6,1152.0,Sunday,1,0,Sunny,13,0
2024-01-14,Dal Makhani,Main Course,13,3.83,1225.6,Sunday,1,0,Sunny,13,0
2024-01-14,Chicken Biryani,Main Course,7,2.23,713.6,Sunday,1,0,Sunny,13,0
2024-01-14,Mutton Rogan Josh,Main Course,20,5.18,1657.6,Sunday,1,0,Sunny,13,0
2024-01-14,Paneer Tikka,Starters,15,2.84,710.0,Sunday,1,0,Sunny,13,0
2024-01-14,Chicken Tandoori,Starters,9,1.3,325.0,Sunday,1,0,Sunny,13,0
2024-01-14,Veg Spring Rolls,Starters,19,2.78,695.0,Sunday,1,0,Sunny,13,0
2024-01-14,Fish Amritsari,Starters,35,5.43,1357.5,Sunday,1,0,Sunny,13,0
2024-01-14,Butter Naan,Breads,13,0.85,102.0,Sunday,1,0,Sunny,13,0
2024-01-14,Garlic Naan,Breads,30,2.37,284.4,Sunday,1,0,Sunny,13,0
2024-01-14,Tandoori Roti,Breads,39,2.25,270.0,Sunday,1,0,Sunny,13,0
2024-01-14,Gulab Jamun,Desserts,16,2.2,616.0,Sunday,1,0,Sunny,13,0
2024-01-14,Ras Malai,Desserts,5,0.74,207.2,Sunday,1,0,Sunny,13,0
2024-01-14,Kheer,Desserts,10,1.29,361.2,Sunday,1,0,Sunny,13,0
2024-01-14,Kulfi,Desserts,12,1.34,375.2,Sunday,1,0,Sunny,13,0
2024-01-15,Paneer Butter Masala,Main Course,5,1.45,464.0,Monday,0,0,Cloudy,9,0
2024-01-15,Dal Makhani,Main Course,6,1.91,611.2,Monday,0,0,Cloudy,9,0
2024-01-15,Chicken Biryani,Main Course,7,2.39,764.8,Monday,0,0,Cloudy,9,0
2024-01-15,Mutton Rogan Josh,Main Course,16,4.83,1545.6,Monday,0,0,Cloudy,9,0
2024-01-15,Paneer Tikka,Starters,10,1.8,450.0,Monday,0,0,Cloudy,9,0
2024-01-15,Chicken Tandoori,Starters,6,1.02,255.0,Monday,0,0,Cloudy,9,0
2024-01-15,Veg Spring Rolls,Starters,4,0.57,142.5,Monday,0,0,Cloudy,9,0
2024-01-15,Fish Amritsari,Starters,30,5.85,1462.5,Monday,0,0,Cloudy,9,0
2024-01-15,Butter Naan,Breads,12,0.95,114.0,Monday,0,0,Cloudy,9,0
2024-01-15,Garlic Naan,Breads,21,1.6,192.0,Monday,0,0,Cloudy,9,0
2024-01-15,Tandoori Roti,Breads,9,0.63,75.6,Monday,0,0,Cloudy,9,0
2024-01-15,Gulab Jamun,Desserts,14,1.91,534.8,Monday,0,0,Cloudy,9,0
2024-01-15,Ras Malai,Desserts,6,0.72,201.6,Monday,0,0,Cloudy,9,0
2024-01-15,Kheer,Desserts,5,0.67,187.6,Monday,0,0,Cloudy,9,0
2024-01-15,Kulfi,Desserts,28,2.94,823.2,Monday,0,0,Cloudy,9,0
2024-01-16,Paneer Butter Masala,Main Course,8,2.3,736.0,Tuesday,0,0,Sunny,9,0
2024-01-16,Dal Makhani,Main Course,10,3.48,1113.6,Tuesday,0,0,Sunny,9,0
2024-01-16,Chicken Biryani,Main Course,7,1.89,604.8,Tuesday,0,0,Sunny,9,0
2024-01-16,Mutton Rogan Josh,Main Course,18,4.85,1552.0,Tuesday,0,0,Sunny,9,0
2024-01-16,Paneer Tikka,Starters,20,3.31,827.5,Tuesday,0,0,Sunny,9,0
2024-01-16,Chicken Tandoori,Starters,9,1.77,442.5,Tuesday,0,0,Sunny,9,0
2024-01-16,Veg Spring Rolls,Starters,23,4.43,1107.5,Tuesday,0,0,Sunny,9,0
2024-01-16,Fish Amritsari,Starters,23,4.59,1147.5,Tuesday,0,0,Sunny,9,0
2024-01-16,Butter Naan,Breads,7,0.48,57.6,Tuesday,0,0,Sunny,9,0
2024-01-16,Garlic Naan,Breads,25,1.51,181.2,Tuesday,0,0,Sunny,9,0
2024-01-16,Tandoori Roti,Breads,25,1.98,237.6,Tuesday,0,0,Sunny,9,0
2024-01-16,Gulab Jamun,Desserts,4,0.45,126.0,Tuesday,0,0,Sunny,9,0
2024-01-16,Ras Malai,Desserts,6,0.67,187.6,Tuesday,0,0,Sunny,9,0
2024-01-16,Kheer,Desserts,12,1.55,434.0,Tuesday,0,0,Sunny,9,0
2024-01-16,Kulfi,Desserts,18,2.11,590.8,Tuesday,0,0,Sunny,9,0
2024-01-17,Paneer Butter Masala,Main Course,10,3.22,1030.4,Wednesday,0,0,Sunny,8,1
2024-01-17,Dal Makhani,Main Course,73,21.69,6940.8,Wednesday,0,0,Sunny,8,1
2024-01-17,Chicken Biryani,Main Course,5,1.67,534.4,Wednesday,0,0,Sunny,8,1
2024-01-17,Mutton Rogan Josh,Main Course,19,5.35,1712.0,Wednesday,0,0,Sunny,8,1
2024-01-17,Paneer Tikka,Starters,15,2.89,722.5,Wednesday,0,0,Sunny,8,1
2024-01-17,Chicken Tandoori,Starters,12,2.3,575.0,Wednesday,0,0,Sunny,8,1
2024-01-17,Veg Spring Rolls,Starters,9,1.63,407.5,Wednesday,0,0,Sunny,8,1
2024-01-17,Fish Amritsari,Starters,36,6.92,1730.0,Wednesday,0,0,Sunny,8,1
2024-01-17,Butter Naan,Breads,17,1.26,151.2,Wednesday,0,0,Sunny,8,1
2024-01-17,Garlic Naan,Breads,11,0.75,90.0,Wednesday,0,0,Sunny,8,1
2024-01-17,Tandoori Roti,Breads,26,2.07,248.4,Wednesday,0,0,Sunny,8,1
2024-01-17,Gulab Jamun,Desserts,16,2.07,579.6,Wednesday,0,0,Sunny,8,1
2024-01-17,Ras Malai,Desserts,18,2.33,652.4,Wednesday,0,0,Sunny,8,1
2024-01-17,Kheer,Desserts,12,1.76,492.8,Wednesday,0,0,Sunny,8,1
2024-01-17,Kulfi,Desserts,12,1.42,397.6,Wednesday,0,0,Sunny,8,1
2024-01-18,Paneer Butter Masala,Main Course,10,3.47,1110.4,Thursday,0,0,Cloudy,8,0
2024-01-18,Dal Makhani,Main Course,8,2.6,832.0,Thursday,0,0,Cloudy,8,0
2024-01-18,Chicken Biryani,Main Course,7,2.28,729.6,Thursday,0,0,Cloudy,8,0
2024-01-18,Mutton Rogan Josh,Main Course,21,6.08,1945.6,Thursday,0,0,Cloudy,8,0
2024-01-18,Paneer Tikka,Starters,20,3.63,907.5,Thursday,0,0,Cloudy,8,0
2024-01-18,Chicken Tandoori,Starters,18,3.23,807.5,Thursday,0,0,Cloudy,8,0
2024-01-18,Veg Spring Rolls,Starters,5,0.83,207.5,Thursday,0,0,Cloudy,8,0
2024-01-18,Fish Amritsari,Starters,22,3.44,860.0,Thursday,0,0,Cloudy,8,0
2024-01-18,Butter Naan,Breads,4,0.24,28.8,Thursday,0,0,Cloudy,8,0
2024-01-18,Garlic Naan,Breads,13,1.0,120.0,Thursday,0,0,Cloudy,8,0
2024-01-18,Tandoori Roti,Breads,6,0.46,55.2,Thursday,0,0,Cloudy,8,0
2024-01-18,Gulab Jamun,Desserts,6,0.84,235.2,Thursday,0,0,Cloudy,8,0
2024-01-18,Ras Malai,Desserts,14,2.05,574.0,Thursday,0,0,Cloudy,8,0
2024-01-18,Kheer,Desserts,5,0.55,154.0,Thursday,0,0,Cloudy,8,0
2024-01-18,Kulfi,Desserts,12,1.53,428.4,Thursday,0,0,Cloudy,8,0
2024-01-19,Paneer Butter Masala,Main Course,34,9.74,3116.8,Friday,0,0,Sunny,12,0
2024-01-19,Dal Makhani,Main Course,9,2.92,934.4,Friday,0,0,Sunny,12,0
2024-01-19,Chicken Biryani,Main Course,4,1.04,332.8,Friday,0,0,Sunny,12,0
2024-01-19,Mutton Rogan Josh,Main Course,21,5.61,1795.2,Friday,0,0,Sunny,12,0
2024-01-19,Paneer Tikka,Starters,8,1.15,287.5,Friday,0,0,Sunny,12,0
2024-01-19,Chicken Tandoori,Starters,6,1.14,285.0,Friday,0,0,Sunny,12,0
2024-01-19,Veg Spring Rolls,Starters,16,2.43,607.5,Friday,0,0,Sunny,12,0
2024-01-19,Fish Amritsari,Starters,33,6.5,1625.0,Friday,0,0,Sunny,12,0
2024-01-19,Butter Naan,Breads,8,0.57,68.4,Friday,0,0,Sunny,12,0
2024-01-19,Garlic Naan,Breads,6,0.43,51.6,Friday,0,0,Sunny,12,0
2024-01-19,Tandoori Roti,Breads,17,1.22,146.4,Friday,0,0,Sunny,12,0
2024-01-19,Gulab Jamun,Desserts,8,1.01,282.8,Friday,0,0,Sunny,12,0
2024-01-19,Ras Malai,Desserts,12,1.65,462.0,Friday,0,0,Sunny,12,0
2024-01-19,Kheer,Desserts,6,0.8,224.0,Friday,0,0,Sunny,12,0
2024-01-19,Kulfi,Desserts,10,1.25,350.0,Friday,0,0,Sunny,12,0
2024-01-20,Paneer Butter Masala,Main Course,10,2.54,812.8,Saturday,1,0,Sunny,14,1
2024-01-20,Dal Makhani,Main Course,27,7.19,2300.8,Saturday,1,0,Sunny,14,1
2024-01-20,Chicken Biryani,Main Course,3,1.0,320.0,Saturday,1,0,Sunny,14,1
2024-01-20,Mutton Rogan Josh,Main Course,22,6.65,2128.0,Saturday,1,0,Sunny,14,1
2024-01-20,Paneer Tikka,Starters,75,14.43,3607.5,Saturday,1,0,Sunny,14,1
2024-01-20,Chicken Tandoori,Starters,25,4.39,1097.5,Saturday,1,0,Sunny,14,1
2024-01-20,Veg Spring Rolls,Starters,35,6.23,1557.5,Saturday,1,0,Sunny,14,1
2024-01-20,Fish Amritsari,Starters,33,4.98,1245.0,Saturday,1,0,Sunny,14,1
2024-01-20,Butter Naan,Breads,24,1.63,195.6,Saturday,1,0,Sunny,14,1
2024-01-20,Garlic Naan,Breads,13,0.89,106.8,Saturday,1,0,Sunny,14,1
2024-01-20,Tandoori Roti,Breads,26,1.7,204.0,Saturday,1,0,Sunny,14,1
2024-01-20,Gulab Jamun,Desserts,24,2.87,803.6,Saturday,1,0,Sunny,14,1
2024-01-20,Ras Malai,Desserts,25,3.14,879.2,Saturday,1,0,Sunny,14,1
2024-01-20,Kheer,Desserts,19,2.44,683.2,Saturday,1,0,Sunny,14,1
2024-01-20,Kulfi,Desserts,22,2.92,817.6,Saturday,1,0,Sunny,14,1
2024-01-21,Paneer Butter Masala,Main Course,6,2.01,643.2,Sunday,1,0,Cloudy,13,0
2024-01-21,Dal Makhani,Main Course,16,5.58,1785.6,Sunday,1,0,Cloudy,13,0
2024-01-21,Chicken Biryani,Main Course,12,3.22,1030.4,Sunday,1,0,Cloudy,13,0
2024-01-21,Mutton Rogan Josh,Main Course,29,9.2,2944.0,Sunday,1,0,Cloudy,13,0
2024-01-21,Paneer Tikka,Starters,19,2.68,670.0,Sunday,1,0,Cloudy,13,0
2024-01-21,Chicken Tandoori,Starters,5,0.78,195.0,Sunday,1,0,Cloudy,13,0
2024-01-21,Veg Spring Rolls,Starters,23,3.39,847.5,Sunday,1,0,Cloudy,13,0
2024-01-21,Fish Amritsari,Starters,18,2.7,675.0,Sunday,1,0,Cloudy,13,0
2024-01-21,Butter Naan,Breads,20,1.58,189.6,Sunday,1,0,Cloudy,13,0
2024-01-21,Garlic Naan,Breads,18,1.17,140.4,Sunday,1,0,Cloudy,13,0
2024-01-21,Tandoori Roti,Breads,32,2.46,295.2,Sunday,1,0,Cloudy,13,0
2024-01-21,Gulab Jamun,Desserts,22,3.22,901.6,Sunday,1,0,Cloudy,13,0
2024-01-21,Ras Malai,Desserts,5,0.68,190.4,Sunday,1,0,Cloudy,13,0
2024-01-21,Kheer,Desserts,13,1.72,481.6,Sunday,1,0,Cloudy,13,0
2024-01-21,Kulfi,Desserts,10,1.09,305.2,Sunday,1,0,Cloudy,13,0
2024-01-22,Paneer Butter Masala,Main Course,4,1.3,416.0,Monday,0,0,Sunny,10,0
2024-01-22,Dal Makhani,Main Course,14,3.61,1155.2,Monday,0,0,Sunny,10,0
2024-01-22,Chicken Biryani,Main Course,8,2.29,732.8,Monday,0,0,Sunny,10,0
2024-01-22,Mutton Rogan Josh,Main Course,18,5.12,1638.4,Monday,0,0,Sunny,10,0
2024-01-22,Paneer Tikka,Starters,21,3.78,945.0,Monday,0,0,Sunny,10,0
2024-01-22,Chicken Tandoori,Starters,13,2.49,622.5,Monday,0,0,Sunny,10,0
2024-01-22,Veg Spring Rolls,Starters,50,7.45,1862.5,Monday,0,0,Sunny,10,0
2024-01-22,Fish Amritsari,Starters,23,3.98,995.0,Monday,0,0,Sunny,10,0
2024-01-22,Butter Naan,Breads,10,0.66,79.2,Monday,0,0,Sunny,10,0
2024-01-22,Garlic Naan,Breads,32,2.29,274.8,Monday,0,0,Sunny,10,0
2024-01-22,Tandoori Roti,Breads,26,1.58,189.6,Monday,0,0,Sunny,10,0
2024-01-22,Gulab Jamun,Desserts,7,0.95,266.0,Monday,0,0,Sunny,10,0
2024-01-22,Ras Malai,Desserts,10,1.09,305.2,Monday,0,0,Sunny,10,0
2024-01-22,Kheer,Desserts,9,1.28,358.4,Monday,0,0,Sunny,10,0
2024-01-22,Kulfi,Desserts,9,1.02,285.6,Monday,0,0,Sunny,10,0
2024-01-23,Paneer Butter Masala,Main Course,6,1.82,582.4,Tuesday,0,0,Sunny,8,0
2024-01-23,Dal Makhani,Main Course,9,2.77,886.4,Tuesday,0,0,Sunny,8,0
2024-01-23,Chicken Biryani,Main Course,9,2.78,889.6,Tuesday,0,0,Sunny,8,0
2024-01-23,Mutton Rogan Josh,Main Course,11,2.97,950.4,Tuesday,0,0,Sunny,8,0
2024-01-23,Paneer Tikka,Starters,19,3.14,785.0,Tuesday,0,0,Sunny,8,0
2024-01-23,Chicken Tandoori,Starters,20,3.34,835.0,Tuesday,0,0,Sunny,8,0
2024-01-23,Veg Spring Rolls,Starters,21,4.03,1007.5,Tuesday,0,0,Sunny,8,0
2024-01-23,Fish Amritsari,Starters,30,5.29,1322.5,Tuesday,0,0,Sunny,8,0
2024-01-23,Butter Naan,Breads,12,0.82,98.4,Tuesday,0,0,Sunny,8,0
2024-01-23,Garlic Naan,Breads,31,2.04,244.8,Tuesday,0,0,Sunny,8,0
2024-01-23,Tandoori Roti,Breads,13,1.04,124.8,Tuesday,0,0,Sunny,8,0
2024-01-23,Gulab Jamun,Desserts,14,1.83,512.4,Tuesday,0,0,Sunny,8,0
2024-01-23,Ras Malai,Desserts,14,2.03,568.4,Tuesday,0,0,Sunny,8,0
2024-01-23,Kheer,Desserts,9,1.09,305.2,Tuesday,0,0,Sunny,8,0
2024-01-23,Kulfi,Desserts,15,1.73,484.4,Tuesday,0,0,Sunny,8,0
2024-01-24,Paneer Butter Masala,Main Course,8,2.28,729.6,Wednesday,0,0,Cloudy,9,0
2024-01-24,Dal Makhani,Main Course,3,0.84,268.8,Wednesday,0,0,Cloudy,9,0
2024-01-24,Chicken Biryani,Main Course,2,0.65,208.0,Wednesday,0,0,Cloudy,9,0
2024-01-24,Mutton Rogan Josh,Main Course,17,4.17,1334.4,Wednesday,0,0,Cloudy,9,0
2024-01-24,Paneer Tikka,Starters,4,0.65,162.5,Wednesday,0,0,Cloudy,9,0
2024-01-24,Chicken Tandoori,Starters,30,5.17,1292.5,Wednesday,0,0,Cloudy,9,0
2024-01-24,Veg Spring Rolls,Starters,14,2.03,507.5,Wednesday,0,0,Cloudy,9,0
2024-01-24,Fish Amritsari,Starters,17,3.1,775.0,Wednesday,0,0,Cloudy,9,0
2024-01-24,Butter Naan,Breads,13,0.76,91.2,Wednesday,0,0,Cloudy,9,0
2024-01-24,Garlic Naan,Breads,18,1.18,141.6,Wednesday,0,0,Cloudy,9,0
2024-01-24,Tandoori Roti,Breads,16,1.25,150.0,Wednesday,0,0,Cloudy,9,0
2024-01-24,Gulab Jamun,Desserts,3,0.34,95.2,Wednesday,0,0,Cloudy,9,0
2024-01-24,Ras Malai,Desserts,16,1.95,546.0,Wednesday,0,0,Cloudy,9,0
2024-01-24,Kheer,Desserts,4,0.56,156.8,Wednesday,0,0,Cloudy,9,0
2024-01-24,Kulfi,Desserts,13,1.77,495.6,Wednesday,0,0,Cloudy,9,0
2024-01-25,Paneer Butter Masala,Main Course,7,2.16,691.2,Thursday,0,0,Sunny,11,0
2024-01-25,Dal Makhani,Main Course,5,1.39,444.8,Thursday,0,0,Sunny,11,0
2024-01-25,Chicken Biryani,Main Course,5,1.48,473.6,Thursday,0,0,Sunny,11,0
2024-01-25,Mutton Rogan Josh,Main Course,23,5.93,1897.6,Thursday,0,0,Sunny,11,0
2024-01-25,Paneer Tikka,Starters,5,0.78,195.0,Thursday,0,0,Sunny,11,0
2024-01-25,Chicken Tandoori,Starters,46,6.86,1715.0,Thursday,0,0,Sunny,11,0
2024-01-25,Veg Spring Rolls,Starters,7,1.0,250.0,Thursday,0,0,Sunny,11,0
2024-01-25,Fish Amritsari,Starters,21,3.24,810.0,Thursday,0,0,Sunny,11,0
2024-01-25,Butter Naan,Breads,12,0.87,104.4,Thursday,0,0,Sunny,11,0
2024-01-25,Garlic Naan,Breads,16,1.21,145.2,Thursday,0,0,Sunny,11,0
2024-01-25,Tandoori Roti,Breads,25,1.72,206.4,Thursday,0,0,Sunny,11,0
2024-01-25,Gulab Jamun,Desserts,14,1.75,490.0,Thursday,0,0,Sunny,11,0
2024-01-25,Ras Malai,Desserts,10,1.42,397.6,Thursday,0,0,Sunny,11,0
2024-01-25,Kheer,Desserts,28,3.47,971.6,Thursday,0,0,Sunny,11,0
2024-01-25,Kulfi,Desserts,11,1.46,408.8,Thursday,0,0,Sunny,11,0
2024-01-26,Paneer Butter Masala,Main Course,14,3.82,1222.4,Friday,0,1,Sunny,11,1
2024-01-26,Dal Makhani,Main Course,23,5.94,1900.8,Friday,0,1,Sunny,11,1
2024-01-26,Chicken Biryani,Main Course,4,1.34,428.8,Friday,0,1,Sunny,11,1
2024-01-26,Mutton Rogan Josh,Main Course,35,12.04,3852.8,Friday,0,1,Sunny,11,1
2024-01-26,Paneer Tikka,Starters,25,3.88,970.0,Friday,0,1,Sunny,11,1
2024-01-26,Chicken Tandoori,Starters,20,3.34,835.0,Friday,0,1,Sunny,11,1
2024-01-26,Veg Spring Rolls,Starters,22,3.22,805.0,Friday,0,1,Sunny,11,1
2024-01-26,Fish Amritsari,Starters,49,8.8,2200.0,Friday,0,1,Sunny,11,1
2024-01-26,Butter Naan,Breads,14,0.94,112.8,Friday,0,1,Sunny,11,1
2024-01-26,Garlic Naan,Breads,11,0.71,85.2,Friday,0,1,Sunny,11,1
2024-01-26,Tandoori Roti,Breads,14,0.93,111.6,Friday,0,1,Sunny,11,1
2024-01-26,Gulab Jamun,Desserts,5,0.58,162.4,Friday,0,1,Sunny,11,1
2024-01-26,Ras Malai,Desserts,25,2.92,817.6,Friday,0,1,Sunny,11,1
2024-01-26,Kheer,Desserts,11,1.31,366.8,Friday,0,1,Sunny,11,1
2024-01-26,Kulfi,Desserts,17,2.18,610.4,Friday,0,1,Sunny,11,1
2024-01-27,Paneer Butter Masala,Main Course,15,4.54,1452.8,Saturday,1,0,Cloudy,13,1
2024-01-27,Dal Makhani,Main Course,28,9.59,3068.8,Saturday,1,0,Cloudy,13,1
2024-01-27,Chicken Biryani,Main Course,18,5.68,1817.6,Saturday,1,0,Cloudy,13,1
2024-01-27,Mutton Rogan Josh,Main Course,32,9.98,3193.6,Saturday,1,0,Cloudy,13,1
2024-01-27,Paneer Tikka,Starters,6,1.04,260.0,Saturday,1,0,Cloudy,13,1
2024-01-27,Chicken Tandoori,Starters,31,5.74,1435.0,Saturday,1,0,Cloudy,13,1
2024-01-27,Veg Spring Rolls,Starters,20,2.93,732.5,Saturday,1,0,Cloudy,13,1
2024-01-27,Fish Amritsari,Starters,24,3.58,895.0,Saturday,1,0,Cloudy,13,1
2024-01-27,Butter Naan,Breads,10,0.71,85.2,Saturday,1,0,Cloudy,13,1
2024-01-27,Garlic Naan,Breads,41,2.86,343.2,Saturday,1,0,Cloudy,13,1
2024-01-27,Tandoori Roti,Breads,37,2.57,308.4,Saturday,1,0,Cloudy,13,1
2024-01-27,Gulab Jamun,Desserts,11,1.29,361.2,Saturday,1,0,Cloudy,13,1
2024-01-27,Ras Malai,Desserts,6,0.71,198.8,Saturday,1,0,Cloudy,13,1
2024-01-27,Kheer,Desserts,7,0.95,266.0,Saturday,1,0,Cloudy,13,1
2024-01-27,Kulfi,Desserts,20,2.86,800.8,Saturday,1,0,Cloudy,13,1
2024-01-28,Paneer Butter Masala,Main Course,8,2.06,659.2,Sunday,1,0,Rainy,11,0
2024-01-28,Dal Makhani,Main Course,11,2.95,944.0,Sunday,1,0,Rainy,11,0
2024-01-28,Chicken Biryani,Main Course,12,2.98,953.6,Sunday,1,0,Rainy,11,0
2024-01-28,Mutton Rogan Josh,Main Course,22,7.41,2371.2,Sunday,1,0,Rainy,11,0
2024-01-28,Paneer Tikka,Starters,12,1.84,460.0,Sunday,1,0,Rainy,11,0
2024-01-28,Chicken Tandoori,Starters,27,4.75,1187.5,Sunday,1,0,Rainy,11,0
2024-01-28,Veg Spring Rolls,Starters,30,5.35,1337.5,Sunday,1,0,Rainy,11,0
2024-01-28,Fish Amritsari,Starters,21,3.2,800.0,Sunday,1,0,Rainy,11,0
2024-01-28,Butter Naan,Breads,17,1.25,150.0,Sunday,1,0,Rainy,11,0
2024-01-28,Garlic Naan,Breads,26,1.96,235.2,Sunday,1,0,Rainy,11,0
2024-01-28,Tandoori Roti,Breads,17,1.02,122.4,Sunday,1,0,Rainy,11,0
2024-01-28,Gulab Jamun,Desserts,13,1.77,495.6,Sunday,1,0,Rainy,11,0
2024-01-28,Ras Malai,Desserts,8,1.18,330.4,Sunday,1,0,Rainy,11,0
2024-01-28,Kheer,Desserts,8,0.9,252.0,Sunday,1,0,Rainy,11,0
2024-01-28,Kulfi,Desserts,16,2.35,658.0,Sunday,1,0,Rainy,11,0
2024-01-29,Paneer Butter Masala,Main Course,3,0.99,316.8,Monday,0,0,Cloudy,10,0
2024-01-29,Dal Makhani,Main Course,12,3.04,972.8,Monday,0,0,Cloudy,10,0
2024-01-29,Chicken Biryani,Main Course,7,2.28,729.6,Monday,0,0,Cloudy,10,0
2024-01-29,Mutton Rogan Josh,Main Course,20,6.28,2009.6,Monday,0,0,Cloudy,10,0
2024-01-29,Paneer Tikka,Starters,25,3.92,980.0,Monday,0,0,Cloudy,10,0
2024-01-29,Chicken Tandoori,Starters,16,2.48,620.0,Monday,0,0,Cloudy,10,0
2024-01-29,Veg Spring Rolls,Starters,8,1.49,372.5,Monday,0,0,Cloudy,10,0
2024-01-29,Fish Amritsari,Starters,28,5.44,1360.0,Monday,0,0,Cloudy,10,0
2024-01-29,Butter Naan,Breads,11,0.85,102.0,Monday,0,0,Cloudy,10,0
2024-01-29,Garlic Naan,Breads,12,0.83,99.6,Monday,0,0,Cloudy,10,0
2024-01-29,Tandoori Roti,Breads,34,2.12,254.4,Monday,0,0,Cloudy,10,0
2024-01-29,Gulab Jamun,Desserts,3,0.4,112.0,Monday,0,0,Cloudy,10,0
2024-01-29,Ras Malai,Desserts,8,1.19,333.2,Monday,0,0,Cloudy,10,0
2024-01-29,Kheer,Desserts,10,1.12,313.6,Monday,0,0,Cloudy,10,0
2024-01-29,Kulfi,Desserts,8,1.03,288.4,Monday,0,0,Cloudy,10,0
2024-01-30,Paneer Butter Masala,Main Course,6,1.61,515.2,Tuesday,0,0,Sunny,9,0
2024-01-30,Dal Makhani,Main Course,14,4.41,1411.2,Tuesday,0,0,Sunny,9,0
2024-01-30,Chicken Biryani,Main Course,3,0.97,310.4,Tuesday,0,0,Sunny,9,0
2024-01-30,Mutton Rogan Josh,Main Course,21,7.3,2336.0,Tuesday,0,0,Sunny,9,0
2024-01-30,Paneer Tikka,Starters,15,2.88,720.0,Tuesday,0,0,Sunny,9,0
2024-01-30,Chicken Tandoori,Starters,8,1.13,282.5,Tuesday,0,0,Sunny,9,0
2024-01-30,Veg Spring Rolls,Starters,9,1.4,350.0,Tuesday,0,0,Sunny,9,0
2024-01-30,Fish Amritsari,Starters,20,3.46,865.0,Tuesday,0,0,Sunny,9,0
2024-01-30,Butter Naan,Breads,12,0.9,108.0,Tuesday,0,0,Sunny,9,0
2024-01-30,Garlic Naan,Breads,19,1.11,133.2,Tuesday,0,0,Sunny,9,0
2024-01-30,Tandoori Roti,Breads,27,1.57,188.4,Tuesday,0,0,Sunny,9,0
2024-01-30,Gulab Jamun,Desserts,6,0.71,198.8,Tuesday,0,0,Sunny,9,0
2024-01-30,Ras Malai,Desserts,14,1.8,504.0,Tuesday,0,0,Sunny,9,0
2024-01-30,Kheer,Desserts,7,0.93,260.4,Tuesday,0,0,Sunny,9,0
2024-01-30,Kulfi,Desserts,16,2.11,590.8,Tuesday,0,0,Sunny,9,0
2024-01-31,Paneer Butter Masala,Main Course,4,1.34,428.8,Wednesday,0,0,Sunny,12,0
2024-01-31,Dal Makhani,Main Course,7,2.44,780.8,Wednesday,0,0,Sunny,12,0
2024-01-31,Chicken Biryani,Main Course,4,1.4,448.0,Wednesday,0,0,Sunny,12,0
2024-01-31,Mutton Rogan Josh,Main Course,24,6.11,1955.2,Wednesday,0,0,Sunny,12,0
2024-01-31,Paneer Tikka,Starters,6,0.98,245.0,Wednesday,0,0,Sunny,12,0
2024-01-31,Chicken Tandoori,Starters,17,3.32,830.0,Wednesday,0,0,Sunny,12,0
2024-01-31,Veg Spring Rolls,Starters,8,1.55,387.5,Wednesday,0,0,Sunny,12,0
2024-01-31,Fish Amritsari,Starters,28,5.4,1350.0,Wednesday,0,0,Sunny,12,0
2024-01-31,Butter Naan,Breads,17,1.25,150.0,Wednesday,0,0,Sunny,12,0
2024-01-31,Garlic Naan,Breads,7,0.42,50.4,Wednesday,0,0,Sunny,12,0
2024-01-31,Tandoori Roti,Breads,21,1.55,186.0,Wednesday,0,0,Sunny,12,0
2024-01-31,Gulab Jamun,Desserts,5,0.53,148.4,Wednesday,0,0,Sunny,12,0
2024-01-31,Ras Malai,Desserts,15,1.58,442.4,Wednesday,0,0,Sunny,12,0
2024-01-31,Kheer,Desserts,12,1.8,504.0,Wednesday,0,0,Sunny,12,0
2024-01-31,Kulfi,Desserts,13,1.49,417.2,Wednesday,0,0,Sunny,12,0
2024-02-01,Paneer Butter Masala,Main Course,2,0.65,208.0,Thursday,0,0,Sunny,12,1
2024-02-01,Dal Makhani,Main Course,10,3.4,1088.0,Thursday,0,0,Sunny,12,1
2024-02-01,Chicken Biryani,Main Course,10,2.93,937.6,Thursday,0,0,Sunny,12,1
2024-02-01,Mutton Rogan Josh,Main Course,21,5.39,1724.8,Thursday,0,0,Sunny,12,1
2024-02-01,Paneer Tikka,Starters,23,4.49,1122.5,Thursday,0,0,Sunny,12,1
2024-02-01,Chicken Tandoori,Starters,6,1.17,292.5,Thursday,0,0,Sunny,12,1
2024-02-01,Veg Spring Rolls,Starters,67,11.63,2907.5,Thursday,0,0,Sunny,12,1
2024-02-01,Fish Amritsari,Starters,22,3.37,842.5,Thursday,0,0,Sunny,12,1
2024-02-01,Butter Naan,Breads,13,0.9,108.0,Thursday,0,0,Sunny,12,1
2024-02-01,Garlic Naan,Breads,9,0.55,66.0,Thursday,0,0,Sunny,12,1
2024-02-01,Tandoori Roti,Breads,18,1.39,166.8,Thursday,0,0,Sunny,12,1
2024-02-01,Gulab Jamun,Desserts,14,2.09,585.2,Thursday,0,0,Sunny,12,1
2024-02-01,Ras Malai,Desserts,9,1.06,296.8,Thursday,0,0,Sunny,12,1
2024-02-01,Kheer,Desserts,10,1.31,366.8,Thursday,0,0,Sunny,12,1
2024-02-01,Kulfi,Desserts,17,2.35,658.0,Thursday,0,0,Sunny,12,1
2024-02-02,Paneer Butter Masala,Main Course,5,1.45,464.0,Friday,0,0,Cloudy,8,0
2024-02-02,Dal Makhani,Main Course,11,3.39,1084.8,Friday,0,0,Cloudy,8,0
2024-02-02,Chicken Biryani,Main Course,5,1.54,492.8,Friday,0,0,Cloudy,8,0
2024-02-02,Mutton Rogan Josh,Main Course,15,4.28,1369.6,Friday,0,0,Cloudy,8,0
2024-02-02,Paneer Tikka,Starters,9,1.58,395.0,Friday,0,0,Cloudy,8,0
2024-02-02,Chicken Tandoori,Starters,11,1.59,397.5,Friday,0,0,Cloudy,8,0
2024-02-02,Veg Spring Rolls,Starters,13,1.86,465.0,Friday,0,0,Cloudy,8,0
2024-02-02,Fish Amritsari,Starters,11,1.86,465.0,Friday,0,0,Cloudy,8,0
2024-02-02,Butter Naan,Breads,11,0.75,90.0,Friday,0,0,Cloudy,8,0
2024-02-02,Garlic Naan,Breads,24,1.37,164.4,Friday,0,0,Cloudy,8,0
2024-02-02,Tandoori Roti,Breads,18,1.26,151.2,Friday,0,0,Cloudy,8,0
2024-02-02,Gulab Jamun,Desserts,11,1.35,378.0,Friday,0,0,Cloudy,8,0
2024-02-02,Ras Malai,Desserts,6,0.72,201.6,Friday,0,0,Cloudy,8,0
2024-02-02,Kheer,Desserts,3,0.41,114.8,Friday,0,0,Cloudy,8,0
2024-02-02,Kulfi,Desserts,15,1.86,520.8,Friday,0,0,Cloudy,8,0
2024-02-03,Paneer Butter Masala,Main Course,2,0.67,214.4,Saturday,1,0,Cloudy,14,0
2024-02-03,Dal Makhani,Main Course,9,2.24,716.8,Saturday,1,0,Cloudy,14,0
2024-02-03,Chicken Biryani,Main Course,6,1.89,604.8,Saturday,1,0,Cloudy,14,0
2024-02-03,Mutton Rogan Josh,Main Course,18,5.17,1654.4,Saturday,1,0,Cloudy,14,0
2024-02-03,Paneer Tikka,Starters,10,1.79,447.5,Saturday,1,0,Cloudy,14,0
2024-02-03,Chicken Tandoori,Starters,7,1.19,297.5,Saturday,1,0,Cloudy,14,0
2024-02-03,Veg Spring Rolls,Starters,24,3.61,902.5,Saturday,1,0,Cloudy,14,0
2024-02-03,Fish Amritsari,Starters,28,5.59,1397.5,Saturday,1,0,Cloudy,14,0
2024-02-03,Butter Naan,Breads,13,0.75,90.0,Saturday,1,0,Cloudy,14,0
2024-02-03,Garlic Naan,Breads,9,0.55,66.0,Saturday,1,0,Cloudy,14,0
2024-02-03,Tandoori Roti,Breads,12,0.78,93.6,Saturday,1,0,Cloudy,14,0
2024-02-03,Gulab Jamun,Desserts,14,1.81,506.8,Saturday,1,0,Cloudy,14,0
2024-02-03,Ras Malai,Desserts,10,1.22,341.6,Saturday,1,0,Cloudy,14,0
2024-02-03,Kheer,Desserts,8,0.88,246.4,Saturday,1,0,Cloudy,14,0
2024-02-03,Kulfi,Desserts,35,4.26,1192.8,Saturday,1,0,Cloudy,14,0
2024-02-04,Paneer Butter Masala,Main Course,56,13.76,4403.2,Sunday,1,0,Sunny,16,1
2024-02-04,Dal Makhani,Main Course,9,2.3,736.0,Sunday,1,0,Sunny,16,1
2024-02-04,Chicken Biryani,Main Course,4,1.22,390.4,Sunday,1,0,Sunny,16,1
2024-02-04,Mutton Rogan Josh,Main Course,13,4.52,1446.4,Sunday,1,0,Sunny,16,1
2024-02-04,Paneer Tikka,Starters,30,4.58,1145.0,Sunday,1,0,Sunny,16,1
2024-02-04,Chicken Tandoori,Starters,22,3.49,872.5,Sunday,1,0,Sunny,16,1
2024-02-04,Veg Spring Rolls,Starters,18,3.42,855.0,Sunday,1,0,Sunny,16,1
2024-02-04,Fish Amritsari,Starters,33,6.59,1647.5,Sunday,1,0,Sunny,16,1
2024-02-04,Butter Naan,Breads,12,0.68,81.6,Sunday,1,0,Sunny,16,1
2024-02-04,Garlic Naan,Breads,17,1.15,138.0,Sunday,1,0,Sunny,16,1
2024-02-04,Tandoori Roti,Breads,41,3.12,374.4,Sunday,1,0,Sunny,16,1
2024-02-04,Gulab Jamun,Desserts,7,0.79,221.2,Sunday,1,0,Sunny,16,1
2024-02-04,Ras Malai,Desserts,10,1.42,397.6,Sunday,1,0,Sunny,16,1
2024-02-04,Kheer,Desserts,16,2.4,672.0,Sunday,1,0,Sunny,16,1
2024-02-04,Kulfi,Desserts,21,2.9,812.0,Sunday,1,0,Sunny,16,1
2024-02-05,Paneer Butter Masala,Main Course,8,2.56,819.2,Monday,0,0,Sunny,8,0
2024-02-05,Dal Makhani,Main Course,17,5.23,1673.6,Monday,0,0,Sunny,8,0
2024-02-05,Chicken Biryani,Main Course,8,2.42,774.4,Monday,0,0,Sunny,8,0
2024-02-05,Mutton Rogan Josh,Main Course,13,4.51,1443.2,Monday,0,0,Sunny,8,0
2024-02-05,Paneer Tikka,Starters,13,2.41,602.5,Monday,0,0,Sunny,8,0
2024-02-05,Chicken Tandoori,Starters,14,2.4,600.0,Monday,0,0,Sunny,8,0
2024-02-05,Veg Spring Rolls,Starters,13,2.54,635.0,Monday,0,0,Sunny,8,0
2024-02-05,Fish Amritsari,Starters,13,2.17,542.5,Monday,0,0,Sunny,8,0
2024-02-05,Butter Naan,Breads,5,0.4,48.0,Monday,0,0,Sunny,8,0
2024-02-05,Garlic Naan,Breads,24,1.52,182.4,Monday,0,0,Sunny,8,0
2024-02-05,Tandoori Roti,Breads,19,1.08,129.6,Monday,0,0,Sunny,8,0
2024-02-05,Gulab Jamun,Desserts,13,1.81,506.8,Monday,0,0,Sunny,8,0
2024-02-05,Ras Malai,Desserts,14,1.8,504.0,Monday,0,0,Sunny,8,0
2024-02-05,Kheer,Desserts,6,0.72,201.6,Monday,0,0,Sunny,8,0
2024-02-05,Kulfi,Desserts,9,1.03,288.4,Monday,0,0,Sunny,8,0
2024-02-06,Paneer Butter Masala,Main Course,7,2.28,729.6,Tuesday,0,0,Stormy,10,0
2024-02-06,Dal Makhani,Main Course,6,1.86,595.2,Tuesday,0,0,Stormy,10,0
2024-02-06,Chicken Biryani,Main Course,6,1.73,553.6,Tuesday,0,0,Stormy,10,0
2024-02-06,Mutton Rogan Josh,Main Course,15,5.17,1654.4,Tuesday,0,0,Stormy,10,0
2024-02-06,Paneer Tikka,Starters,3,0.47,117.5,Tuesday,0,0,Stormy,10,0
2024-02-06,Chicken Tandoori,Starters,8,1.46,365.0,Tuesday,0,0,Stormy,10,0
2024-02-06,Veg Spring Rolls,Starters,15,2.37,592.5,Tuesday,0,0,Stormy,10,0
2024-02-06,Fish Amritsari,Starters,12,1.97,492.5,Tuesday,0,0,Stormy,10,0
2024-02-06,Butter Naan,Breads,9,0.64,76.8,Tuesday,0,0,Stormy,10,0
2024-02-06,Garlic Naan,Breads,13,0.93,111.6,Tuesday,0,0,Stormy,10,0
2024-02-06,Tandoori Roti,Breads,6,0.4,48.0,Tuesday,0,0,Stormy,10,0
2024-02-06,Gulab Jamun,Desserts,6,0.81,226.8,Tuesday,0,0,Stormy,10,0
2024-02-06,Ras Malai,Desserts,5,0.71,198.8,Tuesday,0,0,Stormy,10,0
2024-02-06,Kheer,Desserts,6,0.84,235.2,Tuesday,0,0,Stormy,10,0
2024-02-06,Kulfi,Desserts,10,1.33,372.4,Tuesday,0,0,Stormy,10,0
2024-02-07,Paneer Butter Masala,Main Course,3,0.92,294.4,Wednesday,0,0,Sunny,11,0
2024-02-07,Dal Makhani,Main Course,10,2.81,899.2,Wednesday,0,0,Sunny,11,0
2024-02-07,Chicken Biryani,Main Course,2,0.52,166.4,Wednesday,0,0,Sunny,11,0
2024-02-07,Mutton Rogan Josh,Main Course,14,4.82,1542.4,Wednesday,0,0,Sunny,11,0
2024-02-07,Paneer Tikka,Starters,14,2.53,632.5,Wednesday,0,0,Sunny,11,0
2024-02-07,Chicken Tandoori,Starters,16,3.13,782.5,Wednesday,0,0,Sunny,11,0
2024-02-07,Veg Spring Rolls,Starters,10,1.55,387.5,Wednesday,0,0,Sunny,11,0
2024-02-07,Fish Amritsari,Starters,25,4.51,1127.5,Wednesday,0,0,Sunny,11,0
2024-02-07,Butter Naan,Breads,10,0.8,96.0,Wednesday,0,0,Sunny,11,0
2024-02-07,Garlic Naan,Breads,14,1.07,128.4,Wednesday,0,0,Sunny,11,0
2024-02-07,Tandoori Roti,Breads,26,1.94,232.8,Wednesday,0,0,Sunny,11,0
2024-02-07,Gulab Jamun,Desserts,4,0.52,145.6,Wednesday,0,0,Sunny,11,0
2024-02-07,Ras Malai,Desserts,5,0.72,201.6,Wednesday,0,0,Sunny,11,0
2024-02-07,Kheer,Desserts,6,0.83,232.4,Wednesday,0,0,Sunny,11,0
2024-02-07,Kulfi,Desserts,6,0.83,232.4,Wednesday,0,0,Sunny,11,0
2024-02-08,Paneer Butter Masala,Main Course,2,0.57,182.4,Thursday,0,0,Stormy,11,0
2024-02-08,Dal Makhani,Main Course,12,3.28,1049.6,Thursday,0,0,Stormy,11,0
2024-02-08,Chicken Biryani,Main Course,6,1.48,473.6,Thursday,0,0,Stormy,11,0
2024-02-08,Mutton Rogan Josh,Main Course,11,3.31,1059.2,Thursday,0,0,Stormy,11,0
2024-02-08,Paneer Tikka,Starters,18,3.56,890.0,Thursday,0,0,Stormy,11,0
2024-02-08,Chicken Tandoori,Starters,7,1.31,327.5,Thursday,0,0,Stormy,11,0
2024-02-08,Veg Spring Rolls,Starters,11,1.62,405.0,Thursday,0,0,Stormy,11,0
2024-02-08,Fish Amritsari,Starters,11,1.72,430.0,Thursday,0,0,Stormy,11,0
2024-02-08,Butter Naan,Breads,4,0.26,31.2,Thursday,0,0,Stormy,11,0
2024-02-08,Garlic Naan,Breads,23,1.64,196.8,Thursday,0,0,Stormy,11,0
2024-02-08,Tandoori Roti,Breads,76,5.36,643.2,Thursday,0,0,Stormy,11,0
2024-02-08,Gulab Jamun,Desserts,10,1.45,406.0,Thursday,0,0,Stormy,11,0
2024-02-08,Ras Malai,Desserts,3,0.38,106.4,Thursday,0,0,Stormy,11,0
2024-02-08,Kheer,Desserts,4,0.6,168.0,Thursday,0,0,Stormy,11,0
2024-02-08,Kulfi,Desserts,8,1.04,291.2,Thursday,0,0,Stormy,11,0
2024-02-09,Paneer Butter Masala,Main Course,4,1.22,390.4,Friday,0,0,Cloudy,8,0
2024-02-09,Dal Makhani,Main Course,5,1.43,457.6,Friday,0,0,Cloudy,8,0
2024-02-09,Chicken Biryani,Main Course,7,1.93,617.6,Friday,0,0,Cloudy,8,0
2024-02-09,Mutton Rogan Josh,Main Course,12,3.13,1001.6,Friday,0,0,Cloudy,8,0
2024-02-09,Paneer Tikka,Starters,9,1.33,332.5,Friday,0,0,Cloudy,8,0
2024-02-09,Chicken Tandoori,Starters,11,1.87,467.5,Friday,0,0,Cloudy,8,0
2024-02-09,Veg Spring Rolls,Starters,20,3.77,942.5,Friday,0,0,Cloudy,8,0
2024-02-09,Fish Amritsari,Starters,20,3.0,750.0,Friday,0,0,Cloudy,8,0
2024-02-09,Butter Naan,Breads,15,1.19,142.8,Friday,0,0,Cloudy,8,0
2024-02-09,Garlic Naan,Breads,8,0.63,75.6,Friday,0,0,Cloudy,8,0
2024-02-09,Tandoori Roti,Breads,5,0.37,44.4,Friday,0,0,Cloudy,8,0
2024-02-09,Gulab Jamun,Desserts,8,1.0,280.0,Friday,0,0,Cloudy,8,0
2024-02-09,Ras Malai,Desserts,13,1.94,543.2,Friday,0,0,Cloudy,8,0
2024-02-09,Kheer,Desserts,4,0.59,165.2,Friday,0,0,Cloudy,8,0
2024-02-09,Kulfi,Desserts,8,0.9,252.0,Friday,0,0,Cloudy,8,0
2024-02-10,Paneer Butter Masala,Main Course,2,0.67,214.4,Saturday,1,0,Cloudy,15,1
2024-02-10,Dal Makhani,Main Course,9,2.56,819.2,Saturday,1,0,Cloudy,15,1
2024-02-10,Chicken Biryani,Main Course,14,3.69,1180.8,Saturday,1,0,Cloudy,15,1
2024-02-10,Mutton Rogan Josh,Main Course,30,8.62,2758.4,Saturday,1,0,Cloudy,15,1
2024-02-10,Paneer Tikka,Starters,37,5.52,1380.0,Saturday,1,0,Cloudy,15,1
2024-02-10,Chicken Tandoori,Starters,7,1.2,300.0,Saturday,1,0,Cloudy,15,1
2024-02-10,Veg Spring Rolls,Starters,16,2.27,567.5,Saturday,1,0,Cloudy,15,1
2024-02-10,Fish Amritsari,Starters,35,6.98,1745.0,Saturday,1,0,Cloudy,15,1
2024-02-10,Butter Naan,Breads,16,1.24,148.8,Saturday,1,0,Cloudy,15,1
2024-02-10,Garlic Naan,Breads,95,5.41,649.2,Saturday,1,0,Cloudy,15,1
2024-02-10,Tandoori Roti,Breads,36,2.26,271.2,Saturday,1,0,Cloudy,15,1
2024-02-10,Gulab Jamun,Desserts,13,1.7,476.0,Saturday,1,0,Cloudy,15,1
2024-02-10,Ras Malai,Desserts,8,0.97,271.6,Saturday,1,0,Cloudy,15,1
2024-02-10,Kheer,Desserts,4,0.5,140.0,Saturday,1,0,Cloudy,15,1
2024-02-10,Kulfi,Desserts,20,2.63,736.4,Saturday,1,0,Cloudy,15,1
2024-02-11,Paneer Butter Masala,Main Course,12,3.52,1126.4,Sunday,1,0,Sunny,14,1
2024-02-11,Dal Makhani,Main Course,8,2.57,822.4,Sunday,1,0,Sunny,14,1
2024-02-11,Chicken Biryani,Main Course,4,1.17,374.4,Sunday,1,0,Sunny,14,1
2024-02-11,Mutton Rogan Josh,Main Course,14,4.23,1353.6,Sunday,1,0,Sunny,14,1
2024-02-11,Paneer Tikka,Starters,17,2.75,687.5,Sunday,1,0,Sunny,14,1
2024-02-11,Chicken Tandoori,Starters,27,3.8,950.0,Sunday,1,0,Sunny,14,1
2024-02-11,Veg Spring Rolls,Starters,9,1.36,340.0,Sunday,1,0,Sunny,14,1
2024-02-11,Fish Amritsari,Starters,28,5.2,1300.0,Sunday,1,0,Sunny,14,1
2024-02-11,Butter Naan,Breads,8,0.5,60.0,Sunday,1,0,Sunny,14,1
2024-02-11,Garlic Naan,Breads,30,1.97,236.4,Sunday,1,0,Sunny,14,1
2024-02-11,Tandoori Roti,Breads,16,0.95,114.0,Sunday,1,0,Sunny,14,1
2024-02-11,Gulab Jamun,Desserts,15,1.59,445.2,Sunday,1,0,Sunny,14,1
2024-02-11,Ras Malai,Desserts,12,1.6,448.0,Sunday,1,0,Sunny,14,1
2024-02-11,Kheer,Desserts,13,1.73,484.4,Sunday,1,0,Sunny,14,1
2024-02-11,Kulfi,Desserts,13,1.47,411.6,Sunday,1,0,Sunny,14,1
2024-02-12,Paneer Butter Masala,Main Course,2,0.64,204.8,Monday,0,0,Stormy,9,0
2024-02-12,Dal Makhani,Main Course,13,3.45,1104.0,Monday,0,0,Stormy,9,0
2024-02-12,Chicken Biryani,Main Course,1,0.32,102.4,Monday,0,0,Stormy,9,0
2024-02-12,Mutton Rogan Josh,Main Course,8,2.28,729.6,Monday,0,0,Stormy,9,0
2024-02-12,Paneer Tikka,Starters,6,0.98,245.0,Monday,0,0,Stormy,9,0
2024-02-12,Chicken Tandoori,Starters,24,4.57,1142.5,Monday,0,0,Stormy,9,0
2024-02-12,Veg Spring Rolls,Starters,9,1.64,410.0,Monday,0,0,Stormy,9,0
2024-02-12,Fish Amritsari,Starters,18,3.04,760.0,Monday,0,0,Stormy,9,0
2024-02-12,Butter Naan,Breads,5,0.31,37.2,Monday,0,0,Stormy,9,0
2024-02-12,Garlic Naan,Breads,8,0.57,68.4,Monday,0,0,Stormy,9,0
2024-02-12,Tandoori Roti,Breads,7,0.4,48.0,Monday,0,0,Stormy,9,0
2024-02-12,Gulab Jamun,Desserts,3,0.45,126.0,Monday,0,0,Stormy,9,0
2024-02-12,Ras Malai,Desserts,10,1.13,316.4,Monday,0,0,Stormy,9,0
2024-02-12,Kheer,Desserts,6,0.74,207.2,Monday,0,0,Stormy,9,0
2024-02-12,Kulfi,Desserts,7,0.81,226.8,Monday,0,0,Stormy,9,0
2024-02-13,Paneer Butter Masala,Main Course,9,3.1,992.0,Tuesday,0,0,Sunny,9,0
2024-02-13,Dal Makhani,Main Course,8,2.13,681.6,Tuesday,0,0,Sunny,9,0
2024-02-13,Chicken Biryani,Main Course,8,2.19,700.8,Tuesday,0,0,Sunny,9,0
2024-02-13,Mutton Rogan Josh,Main Course,20,5.28,1689.6,Tuesday,0,0,Sunny,9,0
2024-02-13,Paneer Tikka,Starters,20,3.69,922.5,Tuesday,0,0,Sunny,9,0
2024-02-13,Chicken Tandoori,Starters,12,1.97,492.5,Tuesday,0,0,Sunny,9,0
2024-02-13,Veg Spring Rolls,Starters,16,2.5,625.0,Tuesday,0,0,Sunny,9,0
2024-02-13,Fish Amritsari,Starters,11,1.59,397.5,Tuesday,0,0,Sunny,9,0
2024-02-13,Butter Naan,Breads,11,0.77,92.4,Tuesday,0,0,Sunny,9,0
2024-02-13,Garlic Naan,Breads,13,0.73,87.6,Tuesday,0,0,Sunny,9,0
2024-02-13,Tandoori Roti,Breads,25,1.82,218.4,Tuesday,0,0,Sunny,9,0
2024-02-13,Gulab Jamun,Desserts,11,1.45,406.0,Tuesday,0,0,Sunny,9,0
2024-02-13,Ras Malai,Desserts,3,0.34,95.2,Tuesday,0,0,Sunny,9,0
2024-02-13,Kheer,Desserts,5,0.57,159.6,Tuesday,0,0,Sunny,9,0
2024-02-13,Kulfi,Desserts,10,1.06,296.8,Tuesday,0,0,Sunny,9,0
2024-02-14,Paneer Butter Masala,Main Course,4,1.29,412.8,Wednesday,0,0,Cloudy,8,0
2024-02-14,Dal Makhani,Main Course,7,2.26,723.2,Wednesday,0,0,Cloudy,8,0
2024-02-14,Chicken Biryani,Main Course,8,2.68,857.6,Wednesday,0,0,Cloudy,8,0
2024-02-14,Mutton Rogan Josh,Main Course,17,4.57,1462.4,Wednesday,0,0,Cloudy,8,0
2024-02-14,Paneer Tikka,Starters,9,1.37,342.5,Wednesday,0,0,Cloudy,8,0
2024-02-14,Chicken Tandoori,Starters,6,1.17,292.5,Wednesday,0,0,Cloudy,8,0
2024-02-14,Veg Spring Rolls,Starters,44,6.33,1582.5,Wednesday,0,0,Cloudy,8,0
2024-02-14,Fish Amritsari,Starters,18,2.61,652.5,Wednesday,0,0,Cloudy,8,0
2024-02-14,Butter Naan,Breads,5,0.39,46.8,Wednesday,0,0,Cloudy,8,0
2024-02-14,Garlic Naan,Breads,23,1.7,204.0,Wednesday,0,0,Cloudy,8,0
2024-02-14,Tandoori Roti,Breads,17,1.1,132.0,Wednesday,0,0,Cloudy,8,0
2024-02-14,Gulab Jamun,Desserts,8,0.94,263.2,Wednesday,0,0,Cloudy,8,0
2024-02-14,Ras Malai,Desserts,3,0.42,117.6,Wednesday,0,0,Cloudy,8,0
2024-02-14,Kheer,Desserts,5,0.68,190.4,Wednesday,0,0,Cloudy,8,0
2024-02-14,Kulfi,Desserts,10,1.08,302.4,Wednesday,0,0,Cloudy,8,0
2024-02-15,Paneer Butter Masala,Main Course,5,1.24,396.8,Thursday,0,0,Rainy,10,0
2024-02-15,Dal Makhani,Main Course,12,2.95,944.0,Thursday,0,0,Rainy,10,0
2024-02-15,Chicken Biryani,Main Course,7,2.29,732.8,Thursday,0,0,Rainy,10,0
2024-02-15,Mutton Rogan Josh,Main Course,12,3.5,1120.0,Thursday,0,0,Rainy,10,0
2024-02-15,Paneer Tikka,Starters,20,3.33,832.5,Thursday,0,0,Rainy,10,0
2024-02-15,Chicken Tandoori,Starters,13,1.88,470.0,Thursday,0,0,Rainy,10,0
2024-02-15,Veg Spring Rolls,Starters,6,1.13,282.5,Thursday,0,0,Rainy,10,0
2024-02-15,Fish Amritsari,Starters,21,3.23,807.5,Thursday,0,0,Rainy,10,0
2024-02-15,Butter Naan,Breads,13,0.84,100.8,Thursday,0,0,Rainy,10,0
2024-02-15,Garlic Naan,Breads,8,0.51,61.2,Thursday,0,0,Rainy,10,0
2024-02-15,Tandoori Roti,Breads,58,4.19,502.8,Thursday,0,0,Rainy,10,0
2024-02-15,Gulab Jamun,Desserts,5,0.55,154.0,Thursday,0,0,Rainy,10,0
2024-02-15,Ras Malai,Desserts,12,1.66,464.8,Thursday,0,0,Rainy,10,0
2024-02-15,Kheer,Desserts,9,0.95,266.0,Thursday,0,0,Rainy,10,0
2024-02-15,Kulfi,Desserts,11,1.21,338.8,Thursday,0,0,Rainy,10,0
2024-02-16,Paneer Butter Masala,Main Course,7,1.96,627.2,Friday,0,0,Sunny,8,0
2024-02-16,Dal Makhani,Main Course,10,2.89,924.8,Friday,0,0,Sunny,8,0
2024-02-16,Chicken Biryani,Main Course,4,1.3,416.0,Friday,0,0,Sunny,8,0
2024-02-16,Mutton Rogan Josh,Main Course,13,3.22,1030.4,Friday,0,0,Sunny,8,0
2024-02-16,Paneer Tikka,Starters,9,1.76,440.0,Friday,0,0,Sunny,8,0
2024-02-16,Chicken Tandoori,Starters,3,0.44,110.0,Friday,0,0,Sunny,8,0
2024-02-16,Veg Spring Rolls,Starters,9,1.77,442.5,Friday,0,0,Sunny,8,0
2024-02-16,Fish Amritsari,Starters,15,2.47,617.5,Friday,0,0,Sunny,8,0
2024-02-16,Butter Naan,Breads,7,0.51,61.2,Friday,0,0,Sunny,8,0
2024-02-16,Garlic Naan,Breads,10,0.77,92.4,Friday,0,0,Sunny,8,0
2024-02-16,Tandoori Roti,Breads,24,1.65,198.0,Friday,0,0,Sunny,8,0
2024-02-16,Gulab Jamun,Desserts,5,0.63,176.4,Friday,0,0,Sunny,8,0
2024-02-16,Ras Malai,Desserts,8,0.85,238.0,Friday,0,0,Sunny,8,0
2024-02-16,Kheer,Desserts,9,1.14,319.2,Friday,0,0,Sunny,8,0
2024-02-16,Kulfi,Desserts,7,1.04,291.2,Friday,0,0,Sunny,8,0
2024-02-17,Paneer Butter Masala,Main Course,9,2.89,924.8,Saturday,1,0,Cloudy,14,0
2024-02-17,Dal Makhani,Main Course,10,2.84,908.8,Saturday,1,0,Cloudy,14,0
2024-02-17,Chicken Biryani,Main Course,2,0.66,211.2,Saturday,1,0,Cloudy,14,0
2024-02-17,Mutton Rogan Josh,Main Course,20,5.12,1638.4,Saturday,1,0,Cloudy,14,0
2024-02-17,Paneer Tikka,Starters,13,2.25,562.5,Saturday,1,0,Cloudy,14,0
2024-02-17,Chicken Tandoori,Starters,18,3.34,835.0,Saturday,1,0,Cloudy,14,0
2024-02-17,Veg Spring Rolls,Starters,21,3.43,857.5,Saturday,1,0,Cloudy,14,0
2024-02-17,Fish Amritsari,Starters,31,4.82,1205.0,Saturday,1,0,Cloudy,14,0
2024-02-17,Butter Naan,Breads,7,0.48,57.6,Saturday,1,0,Cloudy,14,0
2024-02-17,Garlic Naan,Breads,30,2.19,262.8,Saturday,1,0,Cloudy,14,0
2024-02-17,Tandoori Roti,Breads,19,1.34,160.8,Saturday,1,0,Cloudy,14,0
2024-02-17,Gulab Jamun,Desserts,6,0.83,232.4,Saturday,1,0,Cloudy,14,0
2024-02-17,Ras Malai,Desserts,10,1.25,350.0,Saturday,1,0,Cloudy,14,0
2024-02-17,Kheer,Desserts,3,0.39,109.2,Saturday,1,0,Cloudy,14,0
2024-02-17,Kulfi,Desserts,12,1.55,434.0,Saturday,1,0,Cloudy,14,0
2024-02-18,Paneer Butter Masala,Main Course,4,1.17,374.4,Sunday,1,0,Rainy,15,0
2024-02-18,Dal Makhani,Main Course,8,2.59,828.8,Sunday,1,0,Rainy,15,0
2024-02-18,Chicken Biryani,Main Course,6,1.73,553.6,Sunday,1,0,Rainy,15,0
2024-02-18,Mutton Rogan Josh,Main Course,18,5.89,1884.8,Sunday,1,0,Rainy,15,0
2024-02-18,Paneer Tikka,Starters,21,3.87,967.5,Sunday,1,0,Rainy,15,0
2024-02-18,Chicken Tandoori,Starters,10,1.85,462.5,Sunday,1,0,Rainy,15,0
2024-02-18,Veg Spring Rolls,Starters,11,2.09,522.5,Sunday,1,0,Rainy,15,0
2024-02-18,Fish Amritsari,Starters,21,2.95,737.5,Sunday,1,0,Rainy,15,0
2024-02-18,Butter Naan,Breads,15,1.19,142.8,Sunday,1,0,Rainy,15,0
2024-02-18,Garlic Naan,Breads,11,0.62,74.4,Sunday,1,0,Rainy,15,0
2024-02-18,Tandoori Roti,Breads,105,7.45,894.0,Sunday,1,0,Rainy,15,0
2024-02-18,Gulab Jamun,Desserts,19,2.52,705.6,Sunday,1,0,Rainy,15,0
2024-02-18,Ras Malai,Desserts,8,1.05,294.0,Sunday,1,0,Rainy,15,0
2024-02-18,Kheer,Desserts,3,0.37,103.6,Sunday,1,0,Rainy,15,0
2024-02-18,Kulfi,Desserts,18,2.64,739.2,Sunday,1,0,Rainy,15,0
2024-02-19,Paneer Butter Masala,Main Course,1,0.33,105.6,Monday,0,0,Rainy,11,0
2024-02-19,Dal Makhani,Main Course,9,2.63,841.6,Monday,0,0,Rainy,11,0
2024-02-19,Chicken Biryani,Main Course,6,1.58,505.6,Monday,0,0,Rainy,11,0
2024-02-19,Mutton Rogan Josh,Main Course,11,3.01,963.2,Monday,0,0,Rainy,11,0
2024-02-19,Paneer Tikka,Starters,8,1.21,302.5,Monday,0,0,Rainy,11,0
2024-02-19,Chicken Tandoori,Starters,11,2.09,522.5,Monday,0,0,Rainy,11,0
2024-02-19,Veg Spring Rolls,Starters,17,3.0,750.0,Monday,0,0,Rainy,11,0
2024-02-19,Fish Amritsari,Starters,14,2.41,602.5,Monday,0,0,Rainy,11,0
2024-02-19,Butter Naan,Breads,13,0.81,97.2,Monday,0,0,Rainy,11,0
2024-02-19,Garlic Naan,Breads,14,0.9,108.0,Monday,0,0,Rainy,11,0
2024-02-19,Tandoori Roti,Breads,23,1.33,159.6,Monday,0,0,Rainy,11,0
2024-02-19,Gulab Jamun,Desserts,4,0.54,151.2,Monday,0,0,Rainy,11,0
2024-02-19,Ras Malai,Desserts,3,0.34,95.2,Monday,0,0,Rainy,11,0
2024-02-19,Kheer,Desserts,8,1.2,336.0,Monday,0,0,Rainy,11,0
2024-02-19,Kulfi,Desserts,8,1.01,282.8,Monday,0,0,Rainy,11,0
2024-02-20,Paneer Butter Masala,Main Course,4,1.11,355.2,Tuesday,0,0,Rainy,11,0
2024-02-20,Dal Makhani,Main Course,6,1.58,505.6,Tuesday,0,0,Rainy,11,0
2024-02-20,Chicken Biryani,Main Course,2,0.58,185.6,Tuesday,0,0,Rainy,11,0
2024-02-20,Mutton Rogan Josh,Main Course,17,4.18,1337.6,Tuesday,0,0,Rainy,11,0
2024-02-20,Paneer Tikka,Starters,14,2.14,535.0,Tuesday,0,0,Rainy,11,0
2024-02-20,Chicken Tandoori,Starters,5,0.81,202.5,Tuesday,0,0,Rainy,11,0
2024-02-20,Veg Spring Rolls,Starters,3,0.58,145.0,Tuesday,0,0,Rainy,11,0
2024-02-20,Fish Amritsari,Starters,12,1.75,437.5,Tuesday,0,0,Rainy,11,0
2024-02-20,Butter Naan,Breads,7,0.47,56.4,Tuesday,0,0,Rainy,11,0
2024-02-20,Garlic Naan,Breads,20,1.12,134.4,Tuesday,0,0,Rainy,11,0
2024-02-20,Tandoori Roti,Breads,6,0.48,57.6,Tuesday,0,0,Rainy,11,0
2024-02-20,Gulab Jamun,Desserts,5,0.61,170.8,Tuesday,0,0,Rainy,11,0
2024-02-20,Ras Malai,Desserts,8,1.2,336.0,Tuesday,0,0,Rainy,11,0
2024-02-20,Kheer,Desserts,9,1.0,280.0,Tuesday,0,0,Rainy,11,0
2024-02-20,Kulfi,Desserts,27,3.74,1047.2,Tuesday,0,0,Rainy,11,0
2024-02-21,Paneer Butter Masala,Main Course,3,0.96,307.2,Wednesday,0,0,Cloudy,11,0
2024-02-21,Dal Makhani,Main Course,10,3.38,1081.6,Wednesday,0,0,Cloudy,11,0
2024-02-21,Chicken Biryani,Main Course,4,1.35,432.0,Wednesday,0,0,Cloudy,11,0
2024-02-21,Mutton Rogan Josh,Main Course,9,2.47,790.4,Wednesday,0,0,Cloudy,11,0
2024-02-21,Paneer Tikka,Starters,5,0.96,240.0,Wednesday,0,0,Cloudy,11,0
2024-02-21,Chicken Tandoori,Starters,12,2.11,527.5,Wednesday,0,0,Cloudy,11,0
2024-02-21,Veg Spring Rolls,Starters,11,2.06,515.0,Wednesday,0,0,Cloudy,11,0
2024-02-21,Fish Amritsari,Starters,13,2.39,597.5,Wednesday,0,0,Cloudy,11,0
2024-02-21,Butter Naan,Breads,50,3.85,462.0,Wednesday,0,0,Cloudy,11,0
2024-02-21,Garlic Naan,Breads,77,4.41,529.2,Wednesday,0,0,Cloudy,11,0
2024-02-21,Tandoori Roti,Breads,22,1.52,182.4,Wednesday,0,0,Cloudy,11,0
2024-02-21,Gulab Jamun,Desserts,10,1.48,414.4,Wednesday,0,0,Cloudy,11,0
2024-02-21,Ras Malai,Desserts,8,1.12,313.6,Wednesday,0,0,Cloudy,11,0
2024-02-21,Kheer,Desserts,12,1.64,459.2,Wednesday,0,0,Cloudy,11,0
2024-02-21,Kulfi,Desserts,11,1.62,453.6,Wednesday,0,0,Cloudy,11,0
2024-02-22,Paneer Butter Masala,Main Course,6,1.86,595.2,Thursday,0,0,Sunny,9,0
2024-02-22,Dal Makhani,Main Course,11,2.75,880.0,Thursday,0,0,Sunny,9,0
2024-02-22,Chicken Biryani,Main Course,5,1.31,419.2,Thursday,0,0,Sunny,9,0
2024-02-22,Mutton Rogan Josh,Main Course,16,5.14,1644.8,Thursday,0,0,Sunny,9,0
2024-02-22,Paneer Tikka,Starters,9,1.35,337.5,Thursday,0,0,Sunny,9,0
2024-02-22,Chicken Tandoori,Starters,6,1.11,277.5,Thursday,0,0,Sunny,9,0
2024-02-22,Veg Spring Rolls,Starters,7,1.26,315.0,Thursday,0,0,Sunny,9,0
2024-02-22,Fish Amritsari,Starters,22,3.11,777.5,Thursday,0,0,Sunny,9,0
2024-02-22,Butter Naan,Breads,6,0.39,46.8,Thursday,0,0,Sunny,9,0
2024-02-22,Garlic Naan,Breads,5,0.39,46.8,Thursday,0,0,Sunny,9,0
2024-02-22,Tandoori Roti,Breads,13,0.83,99.6,Thursday,0,0,Sunny,9,0
2024-02-22,Gulab Jamun,Desserts,3,0.41,114.8,Thursday,0,0,Sunny,9,0
2024-02-22,Ras Malai,Desserts,10,1.05,294.0,Thursday,0,0,Sunny,9,0
2024-02-22,Kheer,Desserts,5,0.75,210.0,Thursday,0,0,Sunny,9,0
2024-02-22,Kulfi,Desserts,14,1.63,456.4,Thursday,0,0,Sunny,9,0
2024-02-23,Paneer Butter Masala,Main Course,2,0.51,163.2,Friday,0,0,Sunny,8,0
2024-02-23,Dal Makhani,Main Course,8,2.77,886.4,Friday,0,0,Sunny,8,0
2024-02-23,Chicken Biryani,Main Course,7,2.2,704.0,Friday,0,0,Sunny,8,0
2024-02-23,Mutton Rogan Josh,Main Course,15,4.96,1587.2,Friday,0,0,Sunny,8,0
2024-02-23,Paneer Tikka,Starters,42,6.51,1627.5,Friday,0,0,Sunny,8,0
2024-02-23,Chicken Tandoori,Starters,5,0.93,232.5,Friday,0,0,Sunny,8,0
2024-02-23,Veg Spring Rolls,Starters,15,2.5,625.0,Friday,0,0,Sunny,8,0
2024-02-23,Fish Amritsari,Starters,19,3.6,900.0,Friday,0,0,Sunny,8,0
2024-02-23,Butter Naan,Breads,13,1.02,122.4,Friday,0,0,Sunny,8,0
2024-02-23,Garlic Naan,Breads,10,0.7,84.0,Friday,0,0,Sunny,8,0
2024-02-23,Tandoori Roti,Breads,19,1.16,139.2,Friday,0,0,Sunny,8,0
2024-02-23,Gulab Jamun,Desserts,7,1.01,282.8,Friday,0,0,Sunny,8,0
2024-02-23,Ras Malai,Desserts,6,0.78,218.4,Friday,0,0,Sunny,8,0
2024-02-23,Kheer,Desserts,12,1.68,470.4,Friday,0,0,Sunny,8,0
2024-02-23,Kulfi,Desserts,11,1.44,403.2,Friday,0,0,Sunny,8,0
2024-02-24,Paneer Butter Masala,Main Course,14,4.26,1363.2,Saturday,1,0,Sunny,13,1
2024-02-24,Dal Makhani,Main Course,6,2.09,668.8,Saturday,1,0,Sunny,13,1
2024-02-24,Chicken Biryani,Main Course,9,2.25,720.0,Saturday,1,0,Sunny,13,1
2024-02-24,Mutton Rogan Josh,Main Course,23,7.12,2278.4,Saturday,1,0,Sunny,13,1
2024-02-24,Paneer Tikka,Starters,16,3.03,757.5,Saturday,1,0,Sunny,13,1
2024-02-24,Chicken Tandoori,Starters,20,3.24,810.0,Saturday,1,0,Sunny,13,1
2024-02-24,Veg Spring Rolls,Starters,26,3.77,942.5,Saturday,1,0,Sunny,13,1
2024-02-24,Fish Amritsari,Starters,23,3.75,937.5,Saturday,1,0,Sunny,13,1
2024-02-24,Butter Naan,Breads,19,1.2,144.0,Saturday,1,0,Sunny,13,1
2024-02-24,Garlic Naan,Breads,45,3.26,391.2,Saturday,1,0,Sunny,13,1
2024-02-24,Tandoori Roti,Breads,46,3.03,363.6,Saturday,1,0,Sunny,13,1
2024-02-24,Gulab Jamun,Desserts,10,1.3,364.0,Saturday,1,0,Sunny,13,1
2024-02-24,Ras Malai,Desserts,23,2.54,711.2,Saturday,1,0,Sunny,13,1
2024-02-24,Kheer,Desserts,4,0.43,120.4,Saturday,1,0,Sunny,13,1
2024-02-24,Kulfi,Desserts,19,2.69,753.2,Saturday,1,0,Sunny,13,1
2024-02-25,Paneer Butter Masala,Main Course,5,1.26,403.2,Sunday,1,0,Cloudy,12,0
2024-02-25,Dal Makhani,Main Course,20,6.64,2124.8,Sunday,1,0,Cloudy,12,0
2024-02-25,Chicken Biryani,Main Course,9,2.73,873.6,Sunday,1,0,Cloudy,12,0
2024-02-25,Mutton Rogan Josh,Main Course,15,4.02,1286.4,Sunday,1,0,Cloudy,12,0
2024-02-25,Paneer Tikka,Starters,7,1.25,312.5,Sunday,1,0,Cloudy,12,0
2024-02-25,Chicken Tandoori,Starters,17,2.92,730.0,Sunday,1,0,Cloudy,12,0
2024-02-25,Veg Spring Rolls,Starters,19,3.6,900.0,Sunday,1,0,Cloudy,12,0
2024-02-25,Fish Amritsari,Starters,24,3.98,995.0,Sunday,1,0,Cloudy,12,0
2024-02-25,Butter Naan,Breads,17,1.15,138.0,Sunday,1,0,Cloudy,12,0
2024-02-25,Garlic Naan,Breads,28,1.79,214.8,Sunday,1,0,Cloudy,12,0
2024-02-25,Tandoori Roti,Breads,110,7.02,842.4,Sunday,1,0,Cloudy,12,0
2024-02-25,Gulab Jamun,Desserts,15,2.13,596.4,Sunday,1,0,Cloudy,12,0
2024-02-25,Ras Malai,Desserts,17,2.26,632.8,Sunday,1,0,Cloudy,12,0
2024-02-25,Kheer,Desserts,5,0.57,159.6,Sunday,1,0,Cloudy,12,0
2024-02-25,Kulfi,Desserts,18,1.94,543.2,Sunday,1,0,Cloudy,12,0
2024-02-26,Paneer Butter Masala,Main Course,8,2.31,739.2,Monday,0,0,Rainy,12,0
2024-02-26,Dal Makhani,Main Course,4,1.15,368.0,Monday,0,0,Rainy,12,0
2024-02-26,Chicken Biryani,Main Course,3,0.79,252.8,Monday,0,0,Rainy,12,0
2024-02-26,Mutton Rogan Josh,Main Course,9,2.33,745.6,Monday,0,0,Rainy,12,0
2024-02-26,Paneer Tikka,Starters,5,0.83,207.5,Monday,0,0,Rainy,12,0
2024-02-26,Chicken Tandoori,Starters,14,2.29,572.5,Monday,0,0,Rainy,12,0
2024-02-26,Veg Spring Rolls,Starters,33,5.11,1277.5,Monday,0,0,Rainy,12,0
2024-02-26,Fish Amritsari,Starters,41,7.49,1872.5,Monday,0,0,Rainy,12,0
2024-02-26,Butter Naan,Breads,9,0.51,61.2,Monday,0,0,Rainy,12,0
2024-02-26,Garlic Naan,Breads,7,0.43,51.6,Monday,0,0,Rainy,12,0
2024-02-26,Tandoori Roti,Breads,8,0.47,56.4,Monday,0,0,Rainy,12,0
2024-02-26,Gulab Jamun,Desserts,9,0.98,274.4,Monday,0,0,Rainy,12,0
2024-02-26,Ras Malai,Desserts,4,0.51,142.8,Monday,0,0,Rainy,12,0
2024-02-26,Kheer,Desserts,7,0.9,252.0,Monday,0,0,Rainy,12,0
2024-02-26,Kulfi,Desserts,7,0.78,218.4,Monday,0,0,Rainy,12,0
2024-02-27,Paneer Butter Masala,Main Course,3,0.84,268.8,Tuesday,0,0,Sunny,11,0
2024-02-27,Dal Makhani,Main Course,15,4.22,1350.4,Tuesday,0,0,Sunny,11,0
2024-02-27,Chicken Biryani,Main Course,8,2.5,800.0,Tuesday,0,0,Sunny,11,0
2024-02-27,Mutton Rogan Josh,Main Course,21,5.38,1721.6,Tuesday,0,0,Sunny,11,0
2024-02-27,Paneer Tikka,Starters,8,1.16,290.0,Tuesday,0,0,Sunny,11,0
2024-02-27,Chicken Tandoori,Starters,3,0.5,125.0,Tuesday,0,0,Sunny,11,0
2024-02-27,Veg Spring Rolls,Starters,18,2.9,725.0,Tuesday,0,0,Sunny,11,0
2024-02-27,Fish Amritsari,Starters,18,3.35,837.5,Tuesday,0,0,Sunny,11,0
2024-02-27,Butter Naan,Breads,7,0.48,57.6,Tuesday,0,0,Sunny,11,0
2024-02-27,Garlic Naan,Breads,28,1.76,211.2,Tuesday,0,0,Sunny,11,0
2024-02-27,Tandoori Roti,Breads,24,1.65,198.0,Tuesday,0,0,Sunny,11,0
2024-02-27,Gulab Jamun,Desserts,8,0.91,254.8,Tuesday,0,0,Sunny,11,0
2024-02-27,Ras Malai,Desserts,5,0.66,184.8,Tuesday,0,0,Sunny,11,0
2024-02-27,Kheer,Desserts,11,1.2,336.0,Tuesday,0,0,Sunny,11,0
2024-02-27,Kulfi,Desserts,16,2.36,660.8,Tuesday,0,0,Sunny,11,0
2024-02-28,Paneer Butter Masala,Main Course,3,0.95,304.0,Wednesday,0,0,Cloudy,9,0
2024-02-28,Dal Makhani,Main Course,8,2.14,684.8,Wednesday,0,0,Cloudy,9,0
2024-02-28,Chicken Biryani,Main Course,4,1.0,320.0,Wednesday,0,0,Cloudy,9,0
2024-02-28,Mutton Rogan Josh,Main Course,16,4.48,1433.6,Wednesday,0,0,Cloudy,9,0
2024-02-28,Paneer Tikka,Starters,20,3.11,777.5,Wednesday,0,0,Cloudy,9,0
2024-02-28,Chicken Tandoori,Starters,8,1.38,345.0,Wednesday,0,0,Cloudy,9,0
2024-02-28,Veg Spring Rolls,Starters,14,2.77,692.5,Wednesday,0,0,Cloudy,9,0
2024-02-28,Fish Amritsari,Starters,17,2.89,722.5,Wednesday,0,0,Cloudy,9,0
2024-02-28,Butter Naan,Breads,7,0.55,66.0,Wednesday,0,0,Cloudy,9,0
2024-02-28,Garlic Naan,Breads,24,1.51,181.2,Wednesday,0,0,Cloudy,9,0
2024-02-28,Tandoori Roti,Breads,12,0.9,108.0,Wednesday,0,0,Cloudy,9,0
2024-02-28,Gulab Jamun,Desserts,6,0.71,198.8,Wednesday,0,0,Cloudy,9,0
2024-02-28,Ras Malai,Desserts,9,1.21,338.8,Wednesday,0,0,Cloudy,9,0
2024-02-28,Kheer,Desserts,21,3.06,856.8,Wednesday,0,0,Cloudy,9,0
2024-02-28,Kulfi,Desserts,16,2.35,658.0,Wednesday,0,0,Cloudy,9,0
2024-02-29,Paneer Butter Masala,Main Course,3,0.77,246.4,Thursday,0,0,Cloudy,11,0
2024-02-29,Dal Makhani,Main Course,6,1.63,521.6,Thursday,0,0,Cloudy,11,0
2024-02-29,Chicken Biryani,Main Course,2,0.61,195.2,Thursday,0,0,Cloudy,11,0
2024-02-29,Mutton Rogan Josh,Main Course,14,4.32,1382.4,Thursday,0,0,Cloudy,11,0
2024-02-29,Paneer Tikka,Starters,16,2.54,635.0,Thursday,0,0,Cloudy,11,0
2024-02-29,Chicken Tandoori,Starters,14,2.33,582.5,Thursday,0,0,Cloudy,11,0
2024-02-29,Veg Spring Rolls,Starters,6,1.05,262.5,Thursday,0,0,Cloudy,11,0
2024-02-29,Fish Amritsari,Starters,25,4.51,1127.5,Thursday,0,0,Cloudy,11,0
2024-02-29,Butter Naan,Breads,15,0.89,106.8,Thursday,0,0,Cloudy,11,0
2024-02-29,Garlic Naan,Breads,12,0.89,106.8,Thursday,0,0,Cloudy,11,0
2024-02-29,Tandoori Roti,Breads,18,1.28,153.6,Thursday,0,0,Cloudy,11,0
2024-02-29,Gulab Jamun,Desserts,13,1.62,453.6,Thursday,0,0,Cloudy,11,0
2024-02-29,Ras Malai,Desserts,4,0.44,123.2,Thursday,0,0,Cloudy,11,0
2024-02-29,Kheer,Desserts,12,1.58,442.4,Thursday,0,0,Cloudy,11,0
2024-02-29,Kulfi,Desserts,15,1.97,551.6,Thursday,0,0,Cloudy,11,0
2024-03-01,Paneer Butter Masala,Main Course,6,1.63,521.6,Friday,0,0,Sunny,10,0
2024-03-01,Dal Makhani,Main Course,8,2.64,844.8,Friday,0,0,Sunny,10,0
2024-03-01,Chicken Biryani,Main Course,6,1.76,563.2,Friday,0,0,Sunny,10,0
2024-03-01,Mutton Rogan Josh,Main Course,13,4.43,1417.6,Friday,0,0,Sunny,10,0
2024-03-01,Paneer Tikka,Starters,13,2.42,605.0,Friday,0,0,Sunny,10,0
2024-03-01,Chicken Tandoori,Starters,14,2.29,572.5,Friday,0,0,Sunny,10,0
2024-03-01,Veg Spring Rolls,Starters,13,2.55,637.5,Friday,0,0,Sunny,10,0
2024-03-01,Fish Amritsari,Starters,17,2.77,692.5,Friday,0,0,Sunny,10,0
2024-03-01,Butter Naan,Breads,8,0.57,68.4,Friday,0,0,Sunny,10,0
2024-03-01,Garlic Naan,Breads,19,1.25,150.0,Friday,0,0,Sunny,10,0
2024-03-01,Tandoori Roti,Breads,7,0.46,55.2,Friday,0,0,Sunny,10,0
2024-03-01,Gulab Jamun,Desserts,9,0.97,271.6,Friday,0,0,Sunny,10,0
2024-03-01,Ras Malai,Desserts,3,0.44,123.2,Friday,0,0,Sunny,10,0
2024-03-01,Kheer,Desserts,6,0.79,221.2,Friday,0,0,Sunny,10,0
2024-03-01,Kulfi,Desserts,14,1.57,439.6,Friday,0,0,Sunny,10,0
2024-03-02,Paneer Butter Masala,Main Course,4,1.13,361.6,Saturday,1,0,Cloudy,13,1
2024-03-02,Dal Makhani,Main Course,17,5.18,1657.6,Saturday,1,0,Cloudy,13,1
2024-03-02,Chicken Biryani,Main Course,12,3.13,1001.6,Saturday,1,0,Cloudy,13,1
2024-03-02,Mutton Rogan Josh,Main Course,32,10.38,3321.6,Saturday,1,0,Cloudy,13,1
2024-03-02,Paneer Tikka,Starters,10,1.69,422.5,Saturday,1,0,Cloudy,13,1
2024-03-02,Chicken Tandoori,Starters,9,1.41,352.5,Saturday,1,0,Cloudy,13,1
2024-03-02,Veg Spring Rolls,Starters,34,6.74,1685.0,Saturday,1,0,Cloudy,13,1
2024-03-02,Fish Amritsari,Starters,42,7.18,1795.0,Saturday,1,0,Cloudy,13,1
2024-03-02,Butter Naan,Breads,11,0.83,99.6,Saturday,1,0,Cloudy,13,1
2024-03-02,Garlic Naan,Breads,50,2.9,348.0,Saturday,1,0,Cloudy,13,1
2024-03-02,Tandoori Roti,Breads,39,2.6,312.0,Saturday,1,0,Cloudy,13,1
2024-03-02,Gulab Jamun,Desserts,17,2.24,627.2,Saturday,1,0,Cloudy,13,1
2024-03-02,Ras Malai,Desserts,17,2.12,593.6,Saturday,1,0,Cloudy,13,1
2024-03-02,Kheer,Desserts,5,0.66,184.8,Saturday,1,0,Cloudy,13,1
2024-03-02,Kulfi,Desserts,17,2.27,635.6,Saturday,1,0,Cloudy,13,1
2024-03-03,Paneer Butter Masala,Main Course,10,3.05,976.0,Sunday,1,0,Cloudy,10,0
2024-03-03,Dal Makhani,Main Course,21,6.83,2185.6,Sunday,1,0,Cloudy,10,0
2024-03-03,Chicken Biryani,Main Course,5,1.46,467.2,Sunday,1,0,Cloudy,10,0
2024-03-03,Mutton Rogan Josh,Main Course,23,5.76,1843.2,Sunday,1,0,Cloudy,10,0
2024-03-03,Paneer Tikka,Starters,16,2.61,652.5,Sunday,1,0,Cloudy,10,0
2024-03-03,Chicken Tandoori,Starters,24,3.45,862.5,Sunday,1,0,Cloudy,10,0
2024-03-03,Veg Spring Rolls,Starters,13,2.5,625.0,Sunday,1,0,Cloudy,10,0
2024-03-03,Fish Amritsari,Starters,38,5.42,1355.0,Sunday,1,0,Cloudy,10,0
2024-03-03,Butter Naan,Breads,9,0.71,85.2,Sunday,1,0,Cloudy,10,0
2024-03-03,Garlic Naan,Breads,31,1.86,223.2,Sunday,1,0,Cloudy,10,0
2024-03-03,Tandoori Roti,Breads,32,1.98,237.6,Sunday,1,0,Cloudy,10,0
2024-03-03,Gulab Jamun,Desserts,3,0.44,123.2,Sunday,1,0,Cloudy,10,0
2024-03-03,Ras Malai,Desserts,12,1.3,364.0,Sunday,1,0,Cloudy,10,0
2024-03-03,Kheer,Desserts,6,0.74,207.2,Sunday,1,0,Cloudy,10,0
2024-03-03,Kulfi,Desserts,21,2.37,663.6,Sunday,1,0,Cloudy,10,0
2024-03-04,Paneer Butter Masala,Main Course,8,2.1,672.0,Monday,0,0,Sunny,10,0
2024-03-04,Dal Makhani,Main Course,8,2.45,784.0,Monday,0,0,Sunny,10,0
2024-03-04,Chicken Biryani,Main Course,3,0.93,297.6,Monday,0,0,Sunny,10,0
2024-03-04,Mutton Rogan Josh,Main Course,17,5.88,1881.6,Monday,0,0,Sunny,10,0
2024-03-04,Paneer Tikka,Starters,13,2.4,600.0,Monday,0,0,Sunny,10,0
2024-03-04,Chicken Tandoori,Starters,18,3.4,850.0,Monday,0,0,Sunny,10,0
2024-03-04,Veg Spring Rolls,Starters,8,1.37,342.5,Monday,0,0,Sunny,10,0
2024-03-04,Fish Amritsari,Starters,11,1.97,492.5,Monday,0,0,Sunny,10,0
2024-03-04,Butter Naan,Breads,7,0.4,48.0,Monday,0,0,Sunny,10,0
2024-03-04,Garlic Naan,Breads,10,0.56,67.2,Monday,0,0,Sunny,10,0
2024-03-04,Tandoori Roti,Breads,15,0.89,106.8,Monday,0,0,Sunny,10,0
2024-03-04,Gulab Jamun,Desserts,10,1.38,386.4,Monday,0,0,Sunny,10,0
2024-03-04,Ras Malai,Desserts,7,0.85,238.0,Monday,0,0,Sunny,10,0
2024-03-04,Kheer,Desserts,5,0.6,168.0,Monday,0,0,Sunny,10,0
2024-03-04,Kulfi,Desserts,8,1.01,282.8,Monday,0,0,Sunny,10,0
2024-03-05,Paneer Butter Masala,Main Course,3,0.93,297.6,Tuesday,0,0,Sunny,10,0
2024-03-05,Dal Makhani,Main Course,16,4.62,1478.4,Tuesday,0,0,Sunny,10,0
2024-03-05,Chicken Biryani,Main Course,27,7.3,2336.0,Tuesday,0,0,Sunny,10,0
2024-03-05,Mutton Rogan Josh,Main Course,17,5.19,1660.8,Tuesday,0,0,Sunny,10,0
2024-03-05,Paneer Tikka,Starters,18,2.91,727.5,Tuesday,0,0,Sunny,10,0
2024-03-05,Chicken Tandoori,Starters,13,2.03,507.5,Tuesday,0,0,Sunny,10,0
2024-03-05,Veg Spring Rolls,Starters,18,2.86,715.0,Tuesday,0,0,Sunny,10,0
2024-03-05,Fish Amritsari,Starters,19,2.95,737.5,Tuesday,0,0,Sunny,10,0
2024-03-05,Butter Naan,Breads,13,0.85,102.0,Tuesday,0,0,Sunny,10,0
2024-03-05,Garlic Naan,Breads,13,0.75,90.0,Tuesday,0,0,Sunny,10,0
2024-03-05,Tandoori Roti,Breads,26,1.94,232.8,Tuesday,0,0,Sunny,10,0
2024-03-05,Gulab Jamun,Desserts,46,4.86,1360.8,Tuesday,0,0,Sunny,10,0
2024-03-05,Ras Malai,Desserts,6,0.88,246.4,Tuesday,0,0,Sunny,10,0
2024-03-05,Kheer,Desserts,9,1.13,316.4,Tuesday,0,0,Sunny,10,0
2024-03-05,Kulfi,Desserts,10,1.5,420.0,Tuesday,0,0,Sunny,10,0
2024-03-06,Paneer Butter Masala,Main Course,2,0.54,172.8,Wednesday,0,0,Cloudy,8,0
2024-03-06,Dal Makhani,Main Course,5,1.58,505.6,Wednesday,0,0,Cloudy,8,0
2024-03-06,Chicken Biryani,Main Course,3,0.86,275.2,Wednesday,0,0,Cloudy,8,0
2024-03-06,Mutton Rogan Josh,Main Course,12,3.32,1062.4,Wednesday,0,0,Cloudy,8,0
2024-03-06,Paneer Tikka,Starters,8,1.58,395.0,Wednesday,0,0,Cloudy,8,0
2024-03-06,Chicken Tandoori,Starters,16,2.94,735.0,Wednesday,0,0,Cloudy,8,0
2024-03-06,Veg Spring Rolls,Starters,17,2.7,675.0,Wednesday,0,0,Cloudy,8,0
2024-03-06,Fish Amritsari,Starters,15,2.46,615.0,Wednesday,0,0,Cloudy,8,0
2024-03-06,Butter Naan,Breads,5,0.32,38.4,Wednesday,0,0,Cloudy,8,0
2024-03-06,Garlic Naan,Breads,7,0.42,50.4,Wednesday,0,0,Cloudy,8,0
2024-03-06,Tandoori Roti,Breads,21,1.21,145.2,Wednesday,0,0,Cloudy,8,0
2024-03-06,Gulab Jamun,Desserts,13,1.55,434.0,Wednesday,0,0,Cloudy,8,0
2024-03-06,Ras Malai,Desserts,4,0.57,159.6,Wednesday,0,0,Cloudy,8,0
2024-03-06,Kheer,Desserts,5,0.68,190.4,Wednesday,0,0,Cloudy,8,0
2024-03-06,Kulfi,Desserts,14,1.88,526.4,Wednesday,0,0,Cloudy,8,0
2024-03-07,Paneer Butter Masala,Main Course,8,2.03,649.6,Thursday,0,0,Sunny,10,0
2024-03-07,Dal Makhani,Main Course,15,5.05,1616.0,Thursday,0,0,Sunny,10,0
2024-03-07,Chicken Biryani,Main Course,3,0.92,294.4,Thursday,0,0,Sunny,10,0
2024-03-07,Mutton Rogan Josh,Main Course,12,3.33,1065.6,Thursday,0,0,Sunny,10,0
2024-03-07,Paneer Tikka,Starters,4,0.58,145.0,Thursday,0,0,Sunny,10,0
2024-03-07,Chicken Tandoori,Starters,5,0.89,222.5,Thursday,0,0,Sunny,10,0
2024-03-07,Veg Spring Rolls,Starters,10,1.69,422.5,Thursday,0,0,Sunny,10,0
2024-03-07,Fish Amritsari,Starters,13,2.13,532.5,Thursday,0,0,Sunny,10,0
2024-03-07,Butter Naan,Breads,3,0.19,22.8,Thursday,0,0,Sunny,10,0
2024-03-07,Garlic Naan,Breads,12,0.77,92.4,Thursday,0,0,Sunny,10,0
2024-03-07,Tandoori Roti,Breads,18,1.11,133.2,Thursday,0,0,Sunny,10,0
2024-03-07,Gulab Jamun,Desserts,7,0.78,218.4,Thursday,0,0,Sunny,10,0
2024-03-07,Ras Malai,Desserts,8,1.17,327.6,Thursday,0,0,Sunny,10,0
2024-03-07,Kheer,Desserts,10,1.29,361.2,Thursday,0,0,Sunny,10,0
2024-03-07,Kulfi,Desserts,11,1.22,341.6,Thursday,0,0,Sunny,10,0
2024-03-08,Paneer Butter Masala,Main Course,4,1.16,371.2,Friday,0,0,Sunny,10,0
2024-03-08,Dal Makhani,Main Course,16,5.01,1603.2,Friday,0,0,Sunny,10,0
2024-03-08,Chicken Biryani,Main Course,7,2.09,668.8,Friday,0,0,Sunny,10,0
2024-03-08,Mutton Rogan Josh,Main Course,8,2.73,873.6,Friday,0,0,Sunny,10,0
2024-03-08,Paneer Tikka,Starters,19,3.14,785.0,Friday,0,0,Sunny,10,0
2024-03-08,Chicken Tandoori,Starters,17,3.24,810.0,Friday,0,0,Sunny,10,0
2024-03-08,Veg Spring Rolls,Starters,18,2.59,647.5,Friday,0,0,Sunny,10,0
2024-03-08,Fish Amritsari,Starters,22,3.76,940.0,Friday,0,0,Sunny,10,0
2024-03-08,Butter Naan,Breads,7,0.41,49.2,Friday,0,0,Sunny,10,0
2024-03-08,Garlic Naan,Breads,4,0.23,27.6,Friday,0,0,Sunny,10,0
2024-03-08,Tandoori Roti,Breads,25,1.88,225.6,Friday,0,0,Sunny,10,0
2024-03-08,Gulab Jamun,Desserts,9,1.15,322.0,Friday,0,0,Sunny,10,0
2024-03-08,Ras Malai,Desserts,26,2.77,775.6,Friday,0,0,Sunny,10,0
2024-03-08,Kheer,Desserts,9,1.06,296.8,Friday,0,0,Sunny,10,0
2024-03-08,Kulfi,Desserts,13,1.52,425.6,Friday,0,0,Sunny,10,0
2024-03-09,Paneer Butter Masala,Main Course,3,1.05,336.0,Saturday,1,0,Sunny,12,0
2024-03-09,Dal Makhani,Main Course,24,6.35,2032.0,Saturday,1,0,Sunny,12,0
2024-03-09,Chicken Biryani,Main Course,10,2.91,931.2,Saturday,1,0,Sunny,12,0
2024-03-09,Mutton Rogan Josh,Main Course,18,6.0,1920.0,Saturday,1,0,Sunny,12,0
2024-03-09,Paneer Tikka,Starters,11,1.75,437.5,Saturday,1,0,Sunny,12,0
2024-03-09,Chicken Tandoori,Starters,8,1.46,365.0,Saturday,1,0,Sunny,12,0
2024-03-09,Veg Spring Rolls,Starters,58,10.98,2745.0,Saturday,1,0,Sunny,12,0
2024-03-09,Fish Amritsari,Starters,17,3.26,815.0,Saturday,1,0,Sunny,12,0
2024-03-09,Butter Naan,Breads,20,1.49,178.8,Saturday,1,0,Sunny,12,0
2024-03-09,Garlic Naan,Breads,10,0.77,92.4,Saturday,1,0,Sunny,12,0
2024-03-09,Tandoori Roti,Breads,28,1.82,218.4,Saturday,1,0,Sunny,12,0
2024-03-09,Gulab Jamun,Desserts,11,1.5,420.0,Saturday,1,0,Sunny,12,0
2024-03-09,Ras Malai,Desserts,13,1.83,512.4,Saturday,1,0,Sunny,12,0
2024-03-09,Kheer,Desserts,8,1.04,291.2,Saturday,1,0,Sunny,12,0
2024-03-09,Kulfi,Desserts,15,1.76,492.8,Saturday,1,0,Sunny,12,0
2024-03-10,Paneer Butter Masala,Main Course,2,0.65,208.0,Sunday,1,0,Stormy,15,1
2024-03-10,Dal Makhani,Main Course,4,1.31,419.2,Sunday,1,0,Stormy,15,1
2024-03-10,Chicken Biryani,Main Course,10,3.43,1097.6,Sunday,1,0,Stormy,15,1
2024-03-10,Mutton Rogan Josh,Main Course,20,5.04,1612.8,Sunday,1,0,Stormy,15,1
2024-03-10,Paneer Tikka,Starters,20,3.23,807.5,Sunday,1,0,Stormy,15,1
2024-03-10,Chicken Tandoori,Starters,12,1.96,490.0,Sunday,1,0,Stormy,15,1
2024-03-10,Veg Spring Rolls,Starters,22,3.48,870.0,Sunday,1,0,Stormy,15,1
2024-03-10,Fish Amritsari,Starters,24,4.55,1137.5,Sunday,1,0,Stormy,15,1
2024-03-10,Butter Naan,Breads,6,0.35,42.0,Sunday,1,0,Stormy,15,1
2024-03-10,Garlic Naan,Breads,30,1.7,204.0,Sunday,1,0,Stormy,15,1
2024-03-10,Tandoori Roti,Breads,31,2.19,262.8,Sunday,1,0,Stormy,15,1
2024-03-10,Gulab Jamun,Desserts,13,1.45,406.0,Sunday,1,0,Stormy,15,1
2024-03-10,Ras Malai,Desserts,17,1.79,501.2,Sunday,1,0,Stormy,15,1
2024-03-10,Kheer,Desserts,15,2.2,616.0,Sunday,1,0,Stormy,15,1
2024-03-10,Kulfi,Desserts,18,2.33,652.4,Sunday,1,0,Stormy,15,1
2024-03-11,Paneer Butter Masala,Main Course,2,0.57,182.4,Monday,0,0,Rainy,9,0
2024-03-11,Dal Makhani,Main Course,12,3.87,1238.4,Monday,0,0,Rainy,9,0
2024-03-11,Chicken Biryani,Main Course,8,2.35,752.0,Monday,0,0,Rainy,9,0
2024-03-11,Mutton Rogan Josh,Main Course,8,2.25,720.0,Monday,0,0,Rainy,9,0
2024-03-11,Paneer Tikka,Starters,13,2.09,522.5,Monday,0,0,Rainy,9,0
2024-03-11,Chicken Tandoori,Starters,10,1.89,472.5,Monday,0,0,Rainy,9,0
2024-03-11,Veg Spring Rolls,Starters,11,1.78,445.0,Monday,0,0,Rainy,9,0
2024-03-11,Fish Amritsari,Starters,17,3.2,800.0,Monday,0,0,Rainy,9,0
2024-03-11,Butter Naan,Breads,15,1.08,129.6,Monday,0,0,Rainy,9,0
2024-03-11,Garlic Naan,Breads,9,0.64,76.8,Monday,0,0,Rainy,9,0
2024-03-11,Tandoori Roti,Breads,9,0.55,66.0,Monday,0,0,Rainy,9,0
2024-03-11,Gulab Jamun,Desserts,5,0.57,159.6,Monday,0,0,Rainy,9,0
2024-03-11,Ras Malai,Desserts,6,0.75,210.0,Monday,0,0,Rainy,9,0
2024-03-11,Kheer,Desserts,3,0.41,114.8,Monday,0,0,Rainy,9,0
2024-03-11,Kulfi,Desserts,13,1.37,383.6,Monday,0,0,Rainy,9,0
2024-03-12,Paneer Butter Masala,Main Course,8,2.68,857.6,Tuesday,0,0,Sunny,8,0
2024-03-12,Dal Makhani,Main Course,11,3.68,1177.6,Tuesday,0,0,Sunny,8,0
2024-03-12,Chicken Biryani,Main Course,2,0.59,188.8,Tuesday,0,0,Sunny,8,0
2024-03-12,Mutton Rogan Josh,Main Course,10,2.79,892.8,Tuesday,0,0,Sunny,8,0
2024-03-12,Paneer Tikka,Starters,10,1.52,380.0,Tuesday,0,0,Sunny,8,0
2024-03-12,Chicken Tandoori,Starters,18,3.25,812.5,Tuesday,0,0,Sunny,8,0
2024-03-12,Veg Spring Rolls,Starters,6,1.12,280.0,Tuesday,0,0,Sunny,8,0
2024-03-12,Fish Amritsari,Starters,21,3.88,970.0,Tuesday,0,0,Sunny,8,0
2024-03-12,Butter Naan,Breads,3,0.19,22.8,Tuesday,0,0,Sunny,8,0
2024-03-12,Garlic Naan,Breads,11,0.64,76.8,Tuesday,0,0,Sunny,8,0
2024-03-12,Tandoori Roti,Breads,9,0.68,81.6,Tuesday,0,0,Sunny,8,0
2024-03-12,Gulab Jamun,Desserts,9,1.02,285.6,Tuesday,0,0,Sunny,8,0
2024-03-12,Ras Malai,Desserts,6,0.79,221.2,Tuesday,0,0,Sunny,8,0
2024-03-12,Kheer,Desserts,9,1.02,285.6,Tuesday,0,0,Sunny,8,0
2024-03-12,Kulfi,Desserts,15,1.85,518.0,Tuesday,0,0,Sunny,8,0
2024-03-13,Paneer Butter Masala,Main Course,7,2.04,652.8,Wednesday,0,0,Sunny,11,0
2024-03-13,Dal Makhani,Main Course,12,3.64,1164.8,Wednesday,0,0,Sunny,11,0
2024-03-13,Chicken Biryani,Main Course,2,0.56,179.2,Wednesday,0,0,Sunny,11,0
2024-03-13,Mutton Rogan Josh,Main Course,16,5.47,1750.4,Wednesday,0,0,Sunny,11,0
2024-03-13,Paneer Tikka,Starters,10,1.69,422.5,Wednesday,0,0,Sunny,11,0
2024-03-13,Chicken Tandoori,Starters,3,0.53,132.5,Wednesday,0,0,Sunny,11,0
2024-03-13,Veg Spring Rolls,Starters,11,1.59,397.5,Wednesday,0,0,Sunny,11,0
2024-03-13,Fish Amritsari,Starters,22,3.75,937.5,Wednesday,0,0,Sunny,11,0
2024-03-13,Butter Naan,Breads,8,0.46,55.2,Wednesday,0,0,Sunny,11,0
2024-03-13,Garlic Naan,Breads,7,0.4,48.0,Wednesday,0,0,Sunny,11,0
2024-03-13,Tandoori Roti,Breads,8,0.53,63.6,Wednesday,0,0,Sunny,11,0
2024-03-13,Gulab Jamun,Desserts,8,1.05,294.0,Wednesday,0,0,Sunny,11,0
2024-03-13,Ras Malai,Desserts,10,1.22,341.6,Wednesday,0,0,Sunny,11,0
2024-03-13,Kheer,Desserts,4,0.59,165.2,Wednesday,0,0,Sunny,11,0
2024-03-13,Kulfi,Desserts,10,1.33,372.4,Wednesday,0,0,Sunny,11,0
2024-03-14,Paneer Butter Masala,Main Course,8,2.06,659.2,Thursday,0,0,Sunny,10,0
2024-03-14,Dal Makhani,Main Course,9,2.27,726.4,Thursday,0,0,Sunny,10,0
2024-03-14,Chicken Biryani,Main Course,5,1.62,518.4,Thursday,0,0,Sunny,10,0
2024-03-14,Mutton Rogan Josh,Main Course,16,5.09,1628.8,Thursday,0,0,Sunny,10,0
2024-03-14,Paneer Tikka,Starters,12,1.93,482.5,Thursday,0,0,Sunny,10,0
2024-03-14,Chicken Tandoori,Starters,6,0.9,225.0,Thursday,0,0,Sunny,10,0
2024-03-14,Veg Spring Rolls,Starters,17,2.66,665.0,Thursday,0,0,Sunny,10,0
2024-03-14,Fish Amritsari,Starters,19,3.12,780.0,Thursday,0,0,Sunny,10,0
2024-03-14,Butter Naan,Breads,13,0.79,94.8,Thursday,0,0,Sunny,10,0
2024-03-14,Garlic Naan,Breads,6,0.4,48.0,Thursday,0,0,Sunny,10,0
2024-03-14,Tandoori Roti,Breads,17,1.04,124.8,Thursday,0,0,Sunny,10,0
2024-03-14,Gulab Jamun,Desserts,11,1.57,439.6,Thursday,0,0,Sunny,10,0
2024-03-14,Ras Malai,Desserts,27,3.91,1094.8,Thursday,0,0,Sunny,10,0
2024-03-14,Kheer,Desserts,6,0.73,204.4,Thursday,0,0,Sunny,10,0
2024-03-14,Kulfi,Desserts,8,1.18,330.4,Thursday,0,0,Sunny,10,0
2024-03-15,Paneer Butter Masala,Main Course,4,1.37,438.4,Friday,0,0,Cloudy,10,0
2024-03-15,Dal Makhani,Main Course,5,1.26,403.2,Friday,0,0,Cloudy,10,0
2024-03-15,Chicken Biryani,Main Course,6,1.87,598.4,Friday,0,0,Cloudy,10,0
2024-03-15,Mutton Rogan Josh,Main Course,17,4.94,1580.8,Friday,0,0,Cloudy,10,0
2024-03-15,Paneer Tikka,Starters,19,2.91,727.5,Friday,0,0,Cloudy,10,0
2024-03-15,Chicken Tandoori,Starters,7,1.24,310.0,Friday,0,0,Cloudy,10,0
2024-03-15,Veg Spring Rolls,Starters,8,1.15,287.5,Friday,0,0,Cloudy,10,0
2024-03-15,Fish Amritsari,Starters,24,3.94,985.0,Friday,0,0,Cloudy,10,0
2024-03-15,Butter Naan,Breads,3,0.21,25.2,Friday,0,0,Cloudy,10,0
2024-03-15,Garlic Naan,Breads,18,1.19,142.8,Friday,0,0,Cloudy,10,0
2024-03-15,Tandoori Roti,Breads,28,2.01,241.2,Friday,0,0,Cloudy,10,0
2024-03-15,Gulab Jamun,Desserts,9,1.12,313.6,Friday,0,0,Cloudy,10,0
2024-03-15,Ras Malai,Desserts,3,0.39,109.2,Friday,0,0,Cloudy,10,0
2024-03-15,Kheer,Desserts,4,0.51,142.8,Friday,0,0,Cloudy,10,0
2024-03-15,Kulfi,Desserts,9,1.29,361.2,Friday,0,0,Cloudy,10,0
2024-03-16,Paneer Butter Masala,Main Course,13,3.27,1046.4,Saturday,1,0,Sunny,12,1
2024-03-16,Dal Makhani,Main Course,23,6.85,2192.0,Saturday,1,0,Sunny,12,1
2024-03-16,Chicken Biryani,Main Course,7,2.09,668.8,Saturday,1,0,Sunny,12,1
2024-03-16,Mutton Rogan Josh,Main Course,79,27.15,8688.0,Saturday,1,0,Sunny,12,1
2024-03-16,Paneer Tikka,Starters,5,0.75,187.5,Saturday,1,0,Sunny,12,1
2024-03-16,Chicken Tandoori,Starters,20,3.98,995.0,Saturday,1,0,Sunny,12,1
2024-03-16,Veg Spring Rolls,Starters,28,4.39,1097.5,Saturday,1,0,Sunny,12,1
2024-03-16,Fish Amritsari,Starters,42,6.22,1555.0,Saturday,1,0,Sunny,12,1
2024-03-16,Butter Naan,Breads,83,4.87,584.4,Saturday,1,0,Sunny,12,1
2024-03-16,Garlic Naan,Breads,24,1.91,229.2,Saturday,1,0,Sunny,12,1
2024-03-16,Tandoori Roti,Breads,25,1.87,224.4,Saturday,1,0,Sunny,12,1
2024-03-16,Gulab Jamun,Desserts,5,0.73,204.4,Saturday,1,0,Sunny,12,1
2024-03-16,Ras Malai,Desserts,11,1.29,361.2,Saturday,1,0,Sunny,12,1
2024-03-16,Kheer,Desserts,14,1.99,557.2,Saturday,1,0,Sunny,12,1
2024-03-16,Kulfi,Desserts,14,1.75,490.0,Saturday,1,0,Sunny,12,1
2024-03-17,Paneer Butter Masala,Main Course,3,0.96,307.2,Sunday,1,0,Cloudy,15,1
2024-03-17,Dal Makhani,Main Course,22,7.22,2310.4,Sunday,1,0,Cloudy,15,1
2024-03-17,Chicken Biryani,Main Course,6,1.85,592.0,Sunday,1,0,Cloudy,15,1
2024-03-17,Mutton Rogan Josh,Main Course,38,12.06,3859.2,Sunday,1,0,Cloudy,15,1
2024-03-17,Paneer Tikka,Starters,30,5.92,1480.0,Sunday,1,0,Cloudy,15,1
2024-03-17,Chicken Tandoori,Starters,7,1.0,250.0,Sunday,1,0,Cloudy,15,1
2024-03-17,Veg Spring Rolls,Starters,29,4.16,1040.0,Sunday,1,0,Cloudy,15,1
2024-03-17,Fish Amritsari,Starters,36,6.48,1620.0,Sunday,1,0,Cloudy,15,1
2024-03-17,Butter Naan,Breads,87,5.77,692.4,Sunday,1,0,Cloudy,15,1
2024-03-17,Garlic Naan,Breads,29,2.03,243.6,Sunday,1,0,Cloudy,15,1
2024-03-17,Tandoori Roti,Breads,14,0.86,103.2,Sunday,1,0,Cloudy,15,1
2024-03-17,Gulab Jamun,Desserts,51,6.53,1828.4,Sunday,1,0,Cloudy,15,1
2024-03-17,Ras Malai,Desserts,23,3.09,865.2,Sunday,1,0,Cloudy,15,1
2024-03-17,Kheer,Desserts,17,2.49,697.2,Sunday,1,0,Cloudy,15,1
2024-03-17,Kulfi,Desserts,25,3.28,918.4,Sunday,1,0,Cloudy,15,1
2024-03-18,Paneer Butter Masala,Main Course,2,0.58,185.6,Monday,0,0,Cloudy,10,0
2024-03-18,Dal Makhani,Main Course,10,2.74,876.8,Monday,0,0,Cloudy,10,0
2024-03-18,Chicken Biryani,Main Course,9,2.54,812.8,Monday,0,0,Cloudy,10,0
2024-03-18,Mutton Rogan Josh,Main Course,16,4.44,1420.8,Monday,0,0,Cloudy,10,0
2024-03-18,Paneer Tikka,Starters,15,2.62,655.0,Monday,0,0,Cloudy,10,0
2024-03-18,Chicken Tandoori,Starters,16,2.93,732.5,Monday,0,0,Cloudy,10,0
2024-03-18,Veg Spring Rolls,Starters,19,2.73,682.5,Monday,0,0,Cloudy,10,0
2024-03-18,Fish Amritsari,Starters,25,3.55,887.5,Monday,0,0,Cloudy,10,0
2024-03-18,Butter Naan,Breads,14,1.1,132.0,Monday,0,0,Cloudy,10,0
2024-03-18,Garlic Naan,Breads,20,1.42,170.4,Monday,0,0,Cloudy,10,0
2024-03-18,Tandoori Roti,Breads,25,1.54,184.8,Monday,0,0,Cloudy,10,0
2024-03-18,Gulab Jamun,Desserts,9,1.03,288.4,Monday,0,0,Cloudy,10,0
2024-03-18,Ras Malai,Desserts,9,1.33,372.4,Monday,0,0,Cloudy,10,0
2024-03-18,Kheer,Desserts,10,1.19,333.2,Monday,0,0,Cloudy,10,0
2024-03-18,Kulfi,Desserts,8,1.14,319.2,Monday,0,0,Cloudy,10,0
2024-03-19,Paneer Butter Masala,Main Course,1,0.27,86.4,Tuesday,0,0,Sunny,8,0
2024-03-19,Dal Makhani,Main Course,5,1.3,416.0,Tuesday,0,0,Sunny,8,0
2024-03-19,Chicken Biryani,Main Course,2,0.67,214.4,Tuesday,0,0,Sunny,8,0
2024-03-19,Mutton Rogan Josh,Main Course,12,3.52,1126.4,Tuesday,0,0,Sunny,8,0
2024-03-19,Paneer Tikka,Starters,13,1.82,455.0,Tuesday,0,0,Sunny,8,0
2024-03-19,Chicken Tandoori,Starters,10,1.5,375.0,Tuesday,0,0,Sunny,8,0
2024-03-19,Veg Spring Rolls,Starters,8,1.13,282.5,Tuesday,0,0,Sunny,8,0
2024-03-19,Fish Amritsari,Starters,12,2.15,537.5,Tuesday,0,0,Sunny,8,0
2024-03-19,Butter Naan,Breads,7,0.47,56.4,Tuesday,0,0,Sunny,8,0
2024-03-19,Garlic Naan,Breads,19,1.2,144.0,Tuesday,0,0,Sunny,8,0
2024-03-19,Tandoori Roti,Breads,15,0.85,102.0,Tuesday,0,0,Sunny,8,0
2024-03-19,Gulab Jamun,Desserts,5,0.71,198.8,Tuesday,0,0,Sunny,8,0
2024-03-19,Ras Malai,Desserts,4,0.58,162.4,Tuesday,0,0,Sunny,8,0
2024-03-19,Kheer,Desserts,9,1.12,313.6,Tuesday,0,0,Sunny,8,0
2024-03-19,Kulfi,Desserts,16,2.03,568.4,Tuesday,0,0,Sunny,8,0
2024-03-20,Paneer Butter Masala,Main Course,2,0.62,198.4,Wednesday,0,0,Sunny,12,0
2024-03-20,Dal Makhani,Main Course,14,3.81,1219.2,Wednesday,0,0,Sunny,12,0
2024-03-20,Chicken Biryani,Main Course,6,1.85,592.0,Wednesday,0,0,Sunny,12,0
2024-03-20,Mutton Rogan Josh,Main Course,21,5.75,1840.0,Wednesday,0,0,Sunny,12,0
2024-03-20,Paneer Tikka,Starters,15,2.34,585.0,Wednesday,0,0,Sunny,12,0
2024-03-20,Chicken Tandoori,Starters,35,5.37,1342.5,Wednesday,0,0,Sunny,12,0
2024-03-20,Veg Spring Rolls,Starters,37,6.61,1652.5,Wednesday,0,0,Sunny,12,0
2024-03-20,Fish Amritsari,Starters,18,3.5,875.0,Wednesday,0,0,Sunny,12,0
2024-03-20,Butter Naan,Breads,11,0.8,96.0,Wednesday,0,0,Sunny,12,0
2024-03-20,Garlic Naan,Breads,26,1.75,210.0,Wednesday,0,0,Sunny,12,0
2024-03-20,Tandoori Roti,Breads,14,0.96,115.2,Wednesday,0,0,Sunny,12,0
2024-03-20,Gulab Jamun,Desserts,3,0.38,106.4,Wednesday,0,0,Sunny,12,0
2024-03-20,Ras Malai,Desserts,6,0.82,229.6,Wednesday,0,0,Sunny,12,0
2024-03-20,Kheer,Desserts,8,1.08,302.4,Wednesday,0,0,Sunny,12,0
2024-03-20,Kulfi,Desserts,7,0.88,246.4,Wednesday,0,0,Sunny,12,0
2024-03-21,Paneer Butter Masala,Main Course,5,1.72,550.4,Thursday,0,0,Sunny,12,0
2024-03-21,Dal Makhani,Main Course,11,3.08,985.6,Thursday,0,0,Sunny,12,0
2024-03-21,Chicken Biryani,Main Course,8,2.39,764.8,Thursday,0,0,Sunny,12,0
2024-03-21,Mutton Rogan Josh,Main Course,15,4.75,1520.0,Thursday,0,0,Sunny,12,0
2024-03-21,Paneer Tikka,Starters,8,1.21,302.5,Thursday,0,0,Sunny,12,0
2024-03-21,Chicken Tandoori,Starters,4,0.59,147.5,Thursday,0,0,Sunny,12,0
2024-03-21,Veg Spring Rolls,Starters,19,3.8,950.0,Thursday,0,0,Sunny,12,0
2024-03-21,Fish Amritsari,Starters,12,2.0,500.0,Thursday,0,0,Sunny,12,0
2024-03-21,Butter Naan,Breads,6,0.46,55.2,Thursday,0,0,Sunny,12,0
2024-03-21,Garlic Naan,Breads,22,1.39,166.8,Thursday,0,0,Sunny,12,0
2024-03-21,Tandoori Roti,Breads,14,0.96,115.2,Thursday,0,0,Sunny,12,0
2024-03-21,Gulab Jamun,Desserts,10,1.2,336.0,Thursday,0,0,Sunny,12,0
2024-03-21,Ras Malai,Desserts,14,1.98,554.4,Thursday,0,0,Sunny,12,0
2024-03-21,Kheer,Desserts,7,0.83,232.4,Thursday,0,0,Sunny,12,0
2024-03-21,Kulfi,Desserts,14,1.6,448.0,Thursday,0,0,Sunny,12,0
2024-03-22,Paneer Butter Masala,Main Course,28,8.33,2665.6,Friday,0,0,Cloudy,10,0
2024-03-22,Dal Makhani,Main Course,17,4.58,1465.6,Friday,0,0,Cloudy,10,0
2024-03-22,Chicken Biryani,Main Course,4,1.11,355.2,Friday,0,0,Cloudy,10,0
2024-03-22,Mutton Rogan Josh,Main Course,9,2.48,793.6,Friday,0,0,Cloudy,10,0
2024-03-22,Paneer Tikka,Starters,10,1.95,487.5,Friday,0,0,Cloudy,10,0
2024-03-22,Chicken Tandoori,Starters,4,0.72,180.0,Friday,0,0,Cloudy,10,0
2024-03-22,Veg Spring Rolls,Starters,19,3.18,795.0,Friday,0,0,Cloudy,10,0
2024-03-22,Fish Amritsari,Starters,25,3.96,990.0,Friday,0,0,Cloudy,10,0
2024-03-22,Butter Naan,Breads,13,0.98,117.6,Friday,0,0,Cloudy,10,0
2024-03-22,Garlic Naan,Breads,22,1.34,160.8,Friday,0,0,Cloudy,10,0
2024-03-22,Tandoori Roti,Breads,22,1.67,200.4,Friday,0,0,Cloudy,10,0
2024-03-22,Gulab Jamun,Desserts,6,0.81,226.8,Friday,0,0,Cloudy,10,0
2024-03-22,Ras Malai,Desserts,7,0.75,210.0,Friday,0,0,Cloudy,10,0
2024-03-22,Kheer,Desserts,3,0.43,120.4,Friday,0,0,Cloudy,10,0
2024-03-22,Kulfi,Desserts,10,1.49,417.2,Friday,0,0,Cloudy,10,0
2024-03-23,Paneer Butter Masala,Main Course,3,0.89,284.8,Saturday,1,0,Stormy,13,0
2024-03-23,Dal Makhani,Main Course,18,4.6,1472.0,Saturday,1,0,Stormy,13,0
2024-03-23,Chicken Biryani,Main Course,2,0.62,198.4,Saturday,1,0,Stormy,13,0
2024-03-23,Mutton Rogan Josh,Main Course,37,10.06,3219.2,Saturday,1,0,Stormy,13,0
2024-03-23,Paneer Tikka,Starters,25,4.44,1110.0,Saturday,1,0,Stormy,13,0
2024-03-23,Chicken Tandoori,Starters,6,1.07,267.5,Saturday,1,0,Stormy,13,0
2024-03-23,Veg Spring Rolls,Starters,12,1.69,422.5,Saturday,1,0,Stormy,13,0
2024-03-23,Fish Amritsari,Starters,19,2.9,725.0,Saturday,1,0,Stormy,13,0
2024-03-23,Butter Naan,Breads,3,0.2,24.0,Saturday,1,0,Stormy,13,0
2024-03-23,Garlic Naan,Breads,31,2.45,294.0,Saturday,1,0,Stormy,13,0
2024-03-23,Tandoori Roti,Breads,23,1.44,172.8,Saturday,1,0,Stormy,13,0
2024-03-23,Gulab Jamun,Desserts,13,1.57,439.6,Saturday,1,0,Stormy,13,0
2024-03-23,Ras Malai,Desserts,9,1.01,282.8,Saturday,1,0,Stormy,13,0
2024-03-23,Kheer,Desserts,5,0.54,151.2,Saturday,1,0,Stormy,13,0
2024-03-23,Kulfi,Desserts,11,1.4,392.0,Saturday,1,0,Stormy,13,0
2024-03-24,Paneer Butter Masala,Main Course,5,1.41,451.2,Sunday,1,0,Cloudy,12,0
2024-03-24,Dal Makhani,Main Course,4,1.32,422.4,Sunday,1,0,Cloudy,12,0
2024-03-24,Chicken Biryani,Main Course,6,1.73,553.6,Sunday,1,0,Cloudy,12,0
2024-03-24,Mutton Rogan Josh,Main Course,22,5.61,1795.2,Sunday,1,0,Cloudy,12,0
2024-03-24,Paneer Tikka,Starters,7,1.07,267.5,Sunday,1,0,Cloudy,12,0
2024-03-24,Chicken Tandoori,Starters,20,3.0,750.0,Sunday,1,0,Cloudy,12,0
2024-03-24,Veg Spring Rolls,Starters,9,1.48,370.0,Sunday,1,0,Cloudy,12,0
2024-03-24,Fish Amritsari,Starters,67,11.49,2872.5,Sunday,1,0,Cloudy,12,0
2024-03-24,Butter Naan,Breads,7,0.54,64.8,Sunday,1,0,Cloudy,12,0
2024-03-24,Garlic Naan,Breads,6,0.36,43.2,Sunday,1,0,Cloudy,12,0
2024-03-24,Tandoori Roti,Breads,24,1.68,201.6,Sunday,1,0,Cloudy,12,0
2024-03-24,Gulab Jamun,Desserts,49,6.22,1741.6,Sunday,1,0,Cloudy,12,0
2024-03-24,Ras Malai,Desserts,8,1.2,336.0,Sunday,1,0,Cloudy,12,0
2024-03-24,Kheer,Desserts,9,1.32,369.6,Sunday,1,0,Cloudy,12,0
2024-03-24,Kulfi,Desserts,14,1.78,498.4,Sunday,1,0,Cloudy,12,0
2024-03-25,Paneer Butter Masala,Main Course,6,1.87,598.4,Monday,0,0,Sunny,12,0
2024-03-25,Dal Makhani,Main Course,12,4.11,1315.2,Monday,0,0,Sunny,12,0
2024-03-25,Chicken Biryani,Main Course,7,2.06,659.2,Monday,0,0,Sunny,12,0
2024-03-25,Mutton Rogan Josh,Main Course,10,2.85,912.0,Monday,0,0,Sunny,12,0
2024-03-25,Paneer Tikka,Starters,5,0.89,222.5,Monday,0,0,Sunny,12,0
2024-03-25,Chicken Tandoori,Starters,12,2.37,592.5,Monday,0,0,Sunny,12,0
2024-03-25,Veg Spring Rolls,Starters,17,3.37,842.5,Monday,0,0,Sunny,12,0
2024-03-25,Fish Amritsari,Starters,23,3.25,812.5,Monday,0,0,Sunny,12,0
2024-03-25,Butter Naan,Breads,8,0.6,72.0,Monday,0,0,Sunny,12,0
2024-03-25,Garlic Naan,Breads,14,0.85,102.0,Monday,0,0,Sunny,12,0
2024-03-25,Tandoori Roti,Breads,22,1.6,192.0,Monday,0,0,Sunny,12,0
2024-03-25,Gulab Jamun,Desserts,11,1.58,442.4,Monday,0,0,Sunny,12,0
2024-03-25,Ras Malai,Desserts,3,0.42,117.6,Monday,0,0,Sunny,12,0
2024-03-25,Kheer,Desserts,9,1.31,366.8,Monday,0,0,Sunny,12,0
2024-03-25,Kulfi,Desserts,15,1.67,467.6,Monday,0,0,Sunny,12,0
2024-03-26,Paneer Butter Masala,Main Course,9,2.99,956.8,Tuesday,0,0,Sunny,11,0
2024-03-26,Dal Makhani,Main Course,16,5.35,1712.0,Tuesday,0,0,Sunny,11,0
2024-03-26,Chicken Biryani,Main Course,8,2.41,771.2,Tuesday,0,0,Sunny,11,0
2024-03-26,Mutton Rogan Josh,Main Course,21,5.24,1676.8,Tuesday,0,0,Sunny,11,0
2024-03-26,Paneer Tikka,Starters,18,3.53,882.5,Tuesday,0,0,Sunny,11,0
2024-03-26,Chicken Tandoori,Starters,56,10.24,2560.0,Tuesday,0,0,Sunny,11,0
2024-03-26,Veg Spring Rolls,Starters,10,1.86,465.0,Tuesday,0,0,Sunny,11,0
2024-03-26,Fish Amritsari,Starters,13,2.49,622.5,Tuesday,0,0,Sunny,11,0
2024-03-26,Butter Naan,Breads,14,1.04,124.8,Tuesday,0,0,Sunny,11,0
2024-03-26,Garlic Naan,Breads,22,1.3,156.0,Tuesday,0,0,Sunny,11,0
2024-03-26,Tandoori Roti,Breads,6,0.44,52.8,Tuesday,0,0,Sunny,11,0
2024-03-26,Gulab Jamun,Desserts,9,1.28,358.4,Tuesday,0,0,Sunny,11,0
2024-03-26,Ras Malai,Desserts,29,3.16,884.8,Tuesday,0,0,Sunny,11,0
2024-03-26,Kheer,Desserts,3,0.41,114.8,Tuesday,0,0,Sunny,11,0
2024-03-26,Kulfi,Desserts,11,1.27,355.6,Tuesday,0,0,Sunny,11,0
2024-03-27,Paneer Butter Masala,Main Course,6,1.65,528.0,Wednesday,0,0,Cloudy,8,0
2024-03-27,Dal Makhani,Main Course,16,5.35,1712.0,Wednesday,0,0,Cloudy,8,0
2024-03-27,Chicken Biryani,Main Course,8,2.26,723.2,Wednesday,0,0,Cloudy,8,0
2024-03-27,Mutton Rogan Josh,Main Course,13,3.65,1168.0,Wednesday,0,0,Cloudy,8,0
2024-03-27,Paneer Tikka,Starters,16,2.77,692.5,Wednesday,0,0,Cloudy,8,0
2024-03-27,Chicken Tandoori,Starters,4,0.78,195.0,Wednesday,0,0,Cloudy,8,0
2024-03-27,Veg Spring Rolls,Starters,11,1.91,477.5,Wednesday,0,0,Cloudy,8,0
2024-03-27,Fish Amritsari,Starters,29,4.36,1090.0,Wednesday,0,0,Cloudy,8,0
2024-03-27,Butter Naan,Breads,6,0.38,45.6,Wednesday,0,0,Cloudy,8,0
2024-03-27,Garlic Naan,Breads,18,1.15,138.0,Wednesday,0,0,Cloudy,8,0
2024-03-27,Tandoori Roti,Breads,23,1.44,172.8,Wednesday,0,0,Cloudy,8,0
2024-03-27,Gulab Jamun,Desserts,14,1.62,453.6,Wednesday,0,0,Cloudy,8,0
2024-03-27,Ras Malai,Desserts,10,1.48,414.4,Wednesday,0,0,Cloudy,8,0
2024-03-27,Kheer,Desserts,7,0.99,277.2,Wednesday,0,0,Cloudy,8,0
2024-03-27,Kulfi,Desserts,9,1.02,285.6,Wednesday,0,0,Cloudy,8,0
2024-03-28,Paneer Butter Masala,Main Course,8,2.58,825.6,Thursday,0,0,Sunny,8,0
2024-03-28,Dal Makhani,Main Course,16,5.46,1747.2,Thursday,0,0,Sunny,8,0
2024-03-28,Chicken Biryani,Main Course,9,2.7,864.0,Thursday,0,0,Sunny,8,0
2024-03-28,Mutton Rogan Josh,Main Course,15,5.04,1612.8,Thursday,0,0,Sunny,8,0
2024-03-28,Paneer Tikka,Starters,8,1.4,350.0,Thursday,0,0,Sunny,8,0
2024-03-28,Chicken Tandoori,Starters,16,2.43,607.5,Thursday,0,0,Sunny,8,0
2024-03-28,Veg Spring Rolls,Starters,9,1.64,410.0,Thursday,0,0,Sunny,8,0
2024-03-28,Fish Amritsari,Starters,18,3.58,895.0,Thursday,0,0,Sunny,8,0
2024-03-28,Butter Naan,Breads,6,0.34,40.8,Thursday,0,0,Sunny,8,0
2024-03-28,Garlic Naan,Breads,4,0.29,34.8,Thursday,0,0,Sunny,8,0
2024-03-28,Tandoori Roti,Breads,10,0.72,86.4,Thursday,0,0,Sunny,8,0
2024-03-28,Gulab Jamun,Desserts,5,0.67,187.6,Thursday,0,0,Sunny,8,0
2024-03-28,Ras Malai,Desserts,28,3.26,912.8,Thursday,0,0,Sunny,8,0
2024-03-28,Kheer,Desserts,8,0.86,240.8,Thursday,0,0,Sunny,8,0
2024-03-28,Kulfi,Desserts,9,1.28,358.4,Thursday,0,0,Sunny,8,0
2024-03-29,Paneer Butter Masala,Main Course,8,2.29,732.8,Friday,0,1,Sunny,11,1
2024-03-29,Dal Makhani,Main Course,15,4.08,1305.6,Friday,0,1,Sunny,11,1
2024-03-29,Chicken Biryani,Main Course,35,9.47,3030.4,Friday,0,1,Sunny,11,1
2024-03-29,Mutton Rogan Josh,Main Course,18,6.15,1968.0,Friday,0,1,Sunny,11,1
2024-03-29,Paneer Tikka,Starters,6,0.96,240.0,Friday,0,1,Sunny,11,1
2024-03-29,Chicken Tandoori,Starters,13,2.13,532.5,Friday,0,1,Sunny,11,1
2024-03-29,Veg Spring Rolls,Starters,10,1.62,405.0,Friday,0,1,Sunny,11,1
2024-03-29,Fish Amritsari,Starters,21,3.4,850.0,Friday,0,1,Sunny,11,1
2024-03-29,Butter Naan,Breads,3,0.2,24.0,Friday,0,1,Sunny,11,1
2024-03-29,Garlic Naan,Breads,23,1.5,180.0,Friday,0,1,Sunny,11,1
2024-03-29,Tandoori Roti,Breads,20,1.55,186.0,Friday,0,1,Sunny,11,1
2024-03-29,Gulab Jamun,Desserts,11,1.53,428.4,Friday,0,1,Sunny,11,1
2024-03-29,Ras Malai,Desserts,6,0.65,182.0,Friday,0,1,Sunny,11,1
2024-03-29,Kheer,Desserts,40,4.27,1195.6,Friday,0,1,Sunny,11,1
2024-03-29,Kulfi,Desserts,12,1.54,431.2,Friday,0,1,Sunny,11,1
2024-03-30,Paneer Butter Masala,Main Course,3,0.95,304.0,Saturday,1,0,Sunny,13,0
2024-03-30,Dal Makhani,Main Course,16,5.54,1772.8,Saturday,1,0,Sunny,13,0
2024-03-30,Chicken Biryani,Main Course,6,1.81,579.2,Saturday,1,0,Sunny,13,0
2024-03-30,Mutton Rogan Josh,Main Course,30,8.75,2800.0,Saturday,1,0,Sunny,13,0
2024-03-30,Paneer Tikka,Starters,24,3.48,870.0,Saturday,1,0,Sunny,13,0
2024-03-30,Chicken Tandoori,Starters,9,1.65,412.5,Saturday,1,0,Sunny,13,0
2024-03-30,Veg Spring Rolls,Starters,13,2.34,585.0,Saturday,1,0,Sunny,13,0
2024-03-30,Fish Amritsari,Starters,41,5.79,1447.5,Saturday,1,0,Sunny,13,0
2024-03-30,Butter Naan,Breads,11,0.62,74.4,Saturday,1,0,Sunny,13,0
2024-03-30,Garlic Naan,Breads,18,1.39,166.8,Saturday,1,0,Sunny,13,0
2024-03-30,Tandoori Roti,Breads,15,0.96,115.2,Saturday,1,0,Sunny,13,0
2024-03-30,Gulab Jamun,Desserts,10,1.09,305.2,Saturday,1,0,Sunny,13,0
2024-03-30,Ras Malai,Desserts,8,0.87,243.6,Saturday,1,0,Sunny,13,0
2024-03-30,Kheer,Desserts,10,1.19,333.2,Saturday,1,0,Sunny,13,0
2024-03-30,Kulfi,Desserts,19,2.33,652.4,Saturday,1,0,Sunny,13,0
2024-03-31,Paneer Butter Masala,Main Course,5,1.57,502.4,Sunday,1,0,Sunny,15,1
2024-03-31,Dal Makhani,Main Course,11,3.63,1161.6,Sunday,1,0,Sunny,15,1
2024-03-31,Chicken Biryani,Main Course,10,2.73,873.6,Sunday,1,0,Sunny,15,1
2024-03-31,Mutton Rogan Josh,Main Course,39,12.73,4073.6,Sunday,1,0,Sunny,15,1
2024-03-31,Paneer Tikka,Starters,21,4.1,1025.0,Sunday,1,0,Sunny,15,1
2024-03-31,Chicken Tandoori,Starters,24,4.66,1165.0,Sunday,1,0,Sunny,15,1
2024-03-31,Veg Spring Rolls,Starters,16,3.01,752.5,Sunday,1,0,Sunny,15,1
2024-03-31,Fish Amritsari,Starters,46,8.14,2035.0,Sunday,1,0,Sunny,15,1
2024-03-31,Butter Naan,Breads,10,0.73,87.6,Sunday,1,0,Sunny,15,1
2024-03-31,Garlic Naan,Breads,9,0.53,63.6,Sunday,1,0,Sunny,15,1
2024-03-31,Tandoori Roti,Breads,18,1.39,166.8,Sunday,1,0,Sunny,15,1
2024-03-31,Gulab Jamun,Desserts,14,1.64,459.2,Sunday,1,0,Sunny,15,1
2024-03-31,Ras Malai,Desserts,16,2.2,616.0,Sunday,1,0,Sunny,15,1
2024-03-31,Kheer,Desserts,17,2.21,618.8,Sunday,1,0,Sunny,15,1
2024-03-31,Kulfi,Desserts,13,1.69,473.2,Sunday,1,0,Sunny,15,1
2024-04-01,Paneer Butter Masala,Main Course,6,1.79,572.8,Monday,0,0,Cloudy,9,0
2024-04-01,Dal Makhani,Main Course,19,6.36,2035.2,Monday,0,0,Cloudy,9,0
2024-04-01,Chicken Biryani,Main Course,6,2.05,656.0,Monday,0,0,Cloudy,9,0
2024-04-01,Mutton Rogan Josh,Main Course,9,2.26,723.2,Monday,0,0,Cloudy,9,0
2024-04-01,Paneer Tikka,Starters,12,2.36,590.0,Monday,0,0,Cloudy,9,0
2024-04-01,Chicken Tandoori,Starters,15,2.75,687.5,Monday,0,0,Cloudy,9,0
2024-04-01,Veg Spring Rolls,Starters,6,1.12,280.0,Monday,0,0,Cloudy,9,0
2024-04-01,Fish Amritsari,Starters,27,4.64,1160.0,Monday,0,0,Cloudy,9,0
2024-04-01,Butter Naan,Breads,6,0.42,50.4,Monday,0,0,Cloudy,9,0
2024-04-01,Garlic Naan,Breads,5,0.29,34.8,Monday,0,0,Cloudy,9,0
2024-04-01,Tandoori Roti,Breads,8,0.53,63.6,Monday,0,0,Cloudy,9,0
2024-04-01,Gulab Jamun,Desserts,3,0.4,112.0,Monday,0,0,Cloudy,9,0
2024-04-01,Ras Malai,Desserts,13,1.52,425.6,Monday,0,0,Cloudy,9,0
2024-04-01,Kheer,Desserts,3,0.42,117.6,Monday,0,0,Cloudy,9,0
2024-04-01,Kulfi,Desserts,13,1.81,506.8,Monday,0,0,Cloudy,9,0
2024-04-02,Paneer Butter Masala,Main Course,4,1.24,396.8,Tuesday,0,0,Cloudy,9,0
2024-04-02,Dal Makhani,Main Course,7,2.18,697.6,Tuesday,0,0,Cloudy,9,0
2024-04-02,Chicken Biryani,Main Course,2,0.55,176.0,Tuesday,0,0,Cloudy,9,0
2024-04-02,Mutton Rogan Josh,Main Course,19,4.79,1532.8,Tuesday,0,0,Cloudy,9,0
2024-04-02,Paneer Tikka,Starters,17,2.83,707.5,Tuesday,0,0,Cloudy,9,0
2024-04-02,Chicken Tandoori,Starters,13,2.23,557.5,Tuesday,0,0,Cloudy,9,0
2024-04-02,Veg Spring Rolls,Starters,11,2.1,525.0,Tuesday,0,0,Cloudy,9,0
2024-04-02,Fish Amritsari,Starters,21,3.29,822.5,Tuesday,0,0,Cloudy,9,0
2024-04-02,Butter Naan,Breads,13,0.74,88.8,Tuesday,0,0,Cloudy,9,0
2024-04-02,Garlic Naan,Breads,7,0.52,62.4,Tuesday,0,0,Cloudy,9,0
2024-04-02,Tandoori Roti,Breads,14,0.99,118.8,Tuesday,0,0,Cloudy,9,0
2024-04-02,Gulab Jamun,Desserts,3,0.44,123.2,Tuesday,0,0,Cloudy,9,0
2024-04-02,Ras Malai,Desserts,6,0.73,204.4,Tuesday,0,0,Cloudy,9,0
2024-04-02,Kheer,Desserts,10,1.2,336.0,Tuesday,0,0,Cloudy,9,0
2024-04-02,Kulfi,Desserts,7,0.75,210.0,Tuesday,0,0,Cloudy,9,0
2024-04-03,Paneer Butter Masala,Main Course,8,2.03,649.6,Wednesday,0,0,Cloudy,11,0
2024-04-03,Dal Makhani,Main Course,10,2.91,931.2,Wednesday,0,0,Cloudy,11,0
2024-04-03,Chicken Biryani,Main Course,30,8.25,2640.0,Wednesday,0,0,Cloudy,11,0
2024-04-03,Mutton Rogan Josh,Main Course,18,5.53,1769.6,Wednesday,0,0,Cloudy,11,0
2024-04-03,Paneer Tikka,Starters,14,2.12,530.0,Wednesday,0,0,Cloudy,11,0
2024-04-03,Chicken Tandoori,Starters,18,2.89,722.5,Wednesday,0,0,Cloudy,11,0
2024-04-03,Veg Spring Rolls,Starters,12,1.8,450.0,Wednesday,0,0,Cloudy,11,0
2024-04-03,Fish Amritsari,Starters,15,2.44,610.0,Wednesday,0,0,Cloudy,11,0
2024-04-03,Butter Naan,Breads,7,0.54,64.8,Wednesday,0,0,Cloudy,11,0
2024-04-03,Garlic Naan,Breads,17,1.25,150.0,Wednesday,0,0,Cloudy,11,0
2024-04-03,Tandoori Roti,Breads,21,1.27,152.4,Wednesday,0,0,Cloudy,11,0
2024-04-03,Gulab Jamun,Desserts,7,0.86,240.8,Wednesday,0,0,Cloudy,11,0
2024-04-03,Ras Malai,Desserts,14,2.04,571.2,Wednesday,0,0,Cloudy,11,0
2024-04-03,Kheer,Desserts,6,0.69,193.2,Wednesday,0,0,Cloudy,11,0
2024-04-03,Kulfi,Desserts,13,1.89,529.2,Wednesday,0,0,Cloudy,11,0
2024-04-04,Paneer Butter Masala,Main Course,8,2.13,681.6,Thursday,0,0,Cloudy,10,0
2024-04-04,Dal Makhani,Main Course,10,2.57,822.4,Thursday,0,0,Cloudy,10,0
2024-04-04,Chicken Biryani,Main Course,5,1.32,422.4,Thursday,0,0,Cloudy,10,0
2024-04-04,Mutton Rogan Josh,Main Course,15,4.32,1382.4,Thursday,0,0,Cloudy,10,0
2024-04-04,Paneer Tikka,Starters,8,1.43,357.5,Thursday,0,0,Cloudy,10,0
2024-04-04,Chicken Tandoori,Starters,4,0.58,145.0,Thursday,0,0,Cloudy,10,0
2024-04-04,Veg Spring Rolls,Starters,7,1.19,297.5,Thursday,0,0,Cloudy,10,0
2024-04-04,Fish Amritsari,Starters,23,4.46,1115.0,Thursday,0,0,Cloudy,10,0
2024-04-04,Butter Naan,Breads,15,0.96,115.2,Thursday,0,0,Cloudy,10,0
2024-04-04,Garlic Naan,Breads,20,1.24,148.8,Thursday,0,0,Cloudy,10,0
2024-04-04,Tandoori Roti,Breads,24,1.67,200.4,Thursday,0,0,Cloudy,10,0
2024-04-04,Gulab Jamun,Desserts,10,1.45,406.0,Thursday,0,0,Cloudy,10,0
2024-04-04,Ras Malai,Desserts,11,1.23,344.4,Thursday,0,0,Cloudy,10,0
2024-04-04,Kheer,Desserts,7,0.81,226.8,Thursday,0,0,Cloudy,10,0
2024-04-04,Kulfi,Desserts,7,0.81,226.8,Thursday,0,0,Cloudy,10,0
2024-04-05,Paneer Butter Masala,Main Course,34,10.76,3443.2,Friday,0,0,Sunny,8,0
2024-04-05,Dal Makhani,Main Course,5,1.44,460.8,Friday,0,0,Sunny,8,0
2024-04-05,Chicken Biryani,Main Course,5,1.41,451.2,Friday,0,0,Sunny,8,0
2024-04-05,Mutton Rogan Josh,Main Course,46,12.73,4073.6,Friday,0,0,Sunny,8,0
2024-04-05,Paneer Tikka,Starters,6,1.04,260.0,Friday,0,0,Sunny,8,0
2024-04-05,Chicken Tandoori,Starters,5,0.77,192.5,Friday,0,0,Sunny,8,0
2024-04-05,Veg Spring Rolls,Starters,7,1.15,287.5,Friday,0,0,Sunny,8,0
2024-04-05,Fish Amritsari,Starters,22,4.1,1025.0,Friday,0,0,Sunny,8,0
2024-04-05,Butter Naan,Breads,9,0.52,62.4,Friday,0,0,Sunny,8,0
2024-04-05,Garlic Naan,Breads,24,1.81,217.2,Friday,0,0,Sunny,8,0
2024-04-05,Tandoori Roti,Breads,23,1.48,177.6,Friday,0,0,Sunny,8,0
2024-04-05,Gulab Jamun,Desserts,7,0.74,207.2,Friday,0,0,Sunny,8,0
2024-04-05,Ras Malai,Desserts,3,0.33,92.4,Friday,0,0,Sunny,8,0
2024-04-05,Kheer,Desserts,3,0.45,126.0,Friday,0,0,Sunny,8,0
2024-04-05,Kulfi,Desserts,7,0.83,232.4,Friday,0,0,Sunny,8,0
2024-04-06,Paneer Butter Masala,Main Course,4,1.4,448.0,Saturday,1,0,Sunny,12,1
2024-04-06,Dal Makhani,Main Course,21,5.51,1763.2,Saturday,1,0,Sunny,12,1
2024-04-06,Chicken Biryani,Main Course,3,0.81,259.2,Saturday,1,0,Sunny,12,1
2024-04-06,Mutton Rogan Josh,Main Course,35,10.91,3491.2,Saturday,1,0,Sunny,12,1
2024-04-06,Paneer Tikka,Starters,20,3.68,920.0,Saturday,1,0,Sunny,12,1
2024-04-06,Chicken Tandoori,Starters,5,0.81,202.5,Saturday,1,0,Sunny,12,1
2024-04-06,Veg Spring Rolls,Starters,20,3.68,920.0,Saturday,1,0,Sunny,12,1
2024-04-06,Fish Amritsari,Starters,27,4.67,1167.5,Saturday,1,0,Sunny,12,1
2024-04-06,Butter Naan,Breads,19,1.28,153.6,Saturday,1,0,Sunny,12,1
2024-04-06,Garlic Naan,Breads,8,0.47,56.4,Saturday,1,0,Sunny,12,1
2024-04-06,Tandoori Roti,Breads,45,2.76,331.2,Saturday,1,0,Sunny,12,1
2024-04-06,Gulab Jamun,Desserts,15,2.07,579.6,Saturday,1,0,Sunny,12,1
2024-04-06,Ras Malai,Desserts,16,2.24,627.2,Saturday,1,0,Sunny,12,1
2024-04-06,Kheer,Desserts,17,2.15,602.0,Saturday,1,0,Sunny,12,1
2024-04-06,Kulfi,Desserts,11,1.51,422.8,Saturday,1,0,Sunny,12,1
2024-04-07,Paneer Butter Masala,Main Course,10,3.16,1011.2,Sunday,1,0,Sunny,12,0
2024-04-07,Dal Makhani,Main Course,5,1.49,476.8,Sunday,1,0,Sunny,12,0
2024-04-07,Chicken Biryani,Main Course,12,3.72,1190.4,Sunday,1,0,Sunny,12,0
2024-04-07,Mutton Rogan Josh,Main Course,12,3.09,988.8,Sunday,1,0,Sunny,12,0
2024-04-07,Paneer Tikka,Starters,6,0.99,247.5,Sunday,1,0,Sunny,12,0
2024-04-07,Chicken Tandoori,Starters,12,1.84,460.0,Sunday,1,0,Sunny,12,0
2024-04-07,Veg Spring Rolls,Starters,7,0.99,247.5,Sunday,1,0,Sunny,12,0
2024-04-07,Fish Amritsari,Starters,31,5.52,1380.0,Sunday,1,0,Sunny,12,0
2024-04-07,Butter Naan,Breads,3,0.21,25.2,Sunday,1,0,Sunny,12,0
2024-04-07,Garlic Naan,Breads,24,1.68,201.6,Sunday,1,0,Sunny,12,0
2024-04-07,Tandoori Roti,Breads,25,1.77,212.4,Sunday,1,0,Sunny,12,0
2024-04-07,Gulab Jamun,Desserts,5,0.57,159.6,Sunday,1,0,Sunny,12,0
2024-04-07,Ras Malai,Desserts,6,0.84,235.2,Sunday,1,0,Sunny,12,0
2024-04-07,Kheer,Desserts,11,1.62,453.6,Sunday,1,0,Sunny,12,0
2024-04-07,Kulfi,Desserts,19,2.43,680.4,Sunday,1,0,Sunny,12,0
2024-04-08,Paneer Butter Masala,Main Course,6,1.54,492.8,Monday,0,0,Sunny,10,0
2024-04-08,Dal Makhani,Main Course,10,3.16,1011.2,Monday,0,0,Sunny,10,0
2024-04-08,Chicken Biryani,Main Course,3,0.85,272.0,Monday,0,0,Sunny,10,0
2024-04-08,Mutton Rogan Josh,Main Course,15,3.78,1209.6,Monday,0,0,Sunny,10,0
2024-04-08,Paneer Tikka,Starters,4,0.65,162.5,Monday,0,0,Sunny,10,0
2024-04-08,Chicken Tandoori,Starters,9,1.31,327.5,Monday,0,0,Sunny,10,0
2024-04-08,Veg Spring Rolls,Starters,6,1.15,287.5,Monday,0,0,Sunny,10,0
2024-04-08,Fish Amritsari,Starters,19,2.98,745.0,Monday,0,0,Sunny,10,0
2024-04-08,Butter Naan,Breads,7,0.42,50.4,Monday,0,0,Sunny,10,0
2024-04-08,Garlic Naan,Breads,15,1.04,124.8,Monday,0,0,Sunny,10,0
2024-04-08,Tandoori Roti,Breads,10,0.7,84.0,Monday,0,0,Sunny,10,0
2024-04-08,Gulab Jamun,Desserts,14,1.65,462.0,Monday,0,0,Sunny,10,0
2024-04-08,Ras Malai,Desserts,13,1.93,540.4,Monday,0,0,Sunny,10,0
2024-04-08,Kheer,Desserts,10,1.09,305.2,Monday,0,0,Sunny,10,0
2024-04-08,Kulfi,Desserts,10,1.18,330.4,Monday,0,0,Sunny,10,0
2024-04-09,Paneer Butter Masala,Main Course,4,1.03,329.6,Tuesday,0,0,Sunny,8,0
2024-04-09,Dal Makhani,Main Course,13,3.83,1225.6,Tuesday,0,0,Sunny,8,0
2024-04-09,Chicken Biryani,Main Course,8,2.42,774.4,Tuesday,0,0,Sunny,8,0
2024-04-09,Mutton Rogan Josh,Main Course,11,2.74,876.8,Tuesday,0,0,Sunny,8,0
2024-04-09,Paneer Tikka,Starters,11,2.09,522.5,Tuesday,0,0,Sunny,8,0
2024-04-09,Chicken Tandoori,Starters,15,2.52,630.0,Tuesday,0,0,Sunny,8,0
2024-04-09,Veg Spring Rolls,Starters,18,2.78,695.0,Tuesday,0,0,Sunny,8,0
2024-04-09,Fish Amritsari,Starters,12,2.16,540.0,Tuesday,0,0,Sunny,8,0
2024-04-09,Butter Naan,Breads,8,0.48,57.6,Tuesday,0,0,Sunny,8,0
2024-04-09,Garlic Naan,Breads,10,0.65,78.0,Tuesday,0,0,Sunny,8,0
2024-04-09,Tandoori Roti,Breads,28,1.71,205.2,Tuesday,0,0,Sunny,8,0
2024-04-09,Gulab Jamun,Desserts,5,0.57,159.6,Tuesday,0,0,Sunny,8,0
2024-04-09,Ras Malai,Desserts,4,0.43,120.4,Tuesday,0,0,Sunny,8,0
2024-04-09,Kheer,Desserts,4,0.57,159.6,Tuesday,0,0,Sunny,8,0
2024-04-09,Kulfi,Desserts,11,1.17,327.6,Tuesday,0,0,Sunny,8,0
2024-04-10,Paneer Butter Masala,Main Course,6,1.76,563.2,Wednesday,0,0,Stormy,8,1
2024-04-10,Dal Makhani,Main Course,5,1.31,419.2,Wednesday,0,0,Stormy,8,1
2024-04-10,Chicken Biryani,Main Course,5,1.23,393.6,Wednesday,0,0,Stormy,8,1
2024-04-10,Mutton Rogan Josh,Main Course,14,4.6,1472.0,Wednesday,0,0,Stormy,8,1
2024-04-10,Paneer Tikka,Starters,12,1.9,475.0,Wednesday,0,0,Stormy,8,1
2024-04-10,Chicken Tandoori,Starters,14,2.71,677.5,Wednesday,0,0,Stormy,8,1
2024-04-10,Veg Spring Rolls,Starters,11,1.84,460.0,Wednesday,0,0,Stormy,8,1
2024-04-10,Fish Amritsari,Starters,19,3.17,792.5,Wednesday,0,0,Stormy,8,1
2024-04-10,Butter Naan,Breads,12,0.82,98.4,Wednesday,0,0,Stormy,8,1
2024-04-10,Garlic Naan,Breads,24,1.47,176.4,Wednesday,0,0,Stormy,8,1
2024-04-10,Tandoori Roti,Breads,29,2.23,267.6,Wednesday,0,0,Stormy,8,1
2024-04-10,Gulab Jamun,Desserts,15,1.85,518.0,Wednesday,0,0,Stormy,8,1
2024-04-10,Ras Malai,Desserts,10,1.32,369.6,Wednesday,0,0,Stormy,8,1
2024-04-10,Kheer,Desserts,9,1.35,378.0,Wednesday,0,0,Stormy,8,1
2024-04-10,Kulfi,Desserts,12,1.43,400.4,Wednesday,0,0,Stormy,8,1
2024-04-11,Paneer Butter Masala,Main Course,10,3.46,1107.2,Thursday,0,0,Sunny,12,1
2024-04-11,Dal Makhani,Main Course,17,4.22,1350.4,Thursday,0,0,Sunny,12,1
2024-04-11,Chicken Biryani,Main Course,7,2.39,764.8,Thursday,0,0,Sunny,12,1
2024-04-11,Mutton Rogan Josh,Main Course,17,5.6,1792.0,Thursday,0,0,Sunny,12,1
2024-04-11,Paneer Tikka,Starters,9,1.75,437.5,Thursday,0,0,Sunny,12,1
2024-04-11,Chicken Tandoori,Starters,11,1.81,452.5,Thursday,0,0,Sunny,12,1
2024-04-11,Veg Spring Rolls,Starters,23,3.67,917.5,Thursday,0,0,Sunny,12,1
2024-04-11,Fish Amritsari,Starters,27,4.04,1010.0,Thursday,0,0,Sunny,12,1
2024-04-11,Butter Naan,Breads,5,0.36,43.2,Thursday,0,0,Sunny,12,1
2024-04-11,Garlic Naan,Breads,6,0.45,54.0,Thursday,0,0,Sunny,12,1
2024-04-11,Tandoori Roti,Breads,7,0.52,62.4,Thursday,0,0,Sunny,12,1
2024-04-11,Gulab Jamun,Desserts,10,1.4,392.0,Thursday,0,0,Sunny,12,1
2024-04-11,Ras Malai,Desserts,3,0.35,98.0,Thursday,0,0,Sunny,12,1
2024-04-11,Kheer,Desserts,8,0.95,266.0,Thursday,0,0,Sunny,12,1
2024-04-11,Kulfi,Desserts,14,1.91,534.8,Thursday,0,0,Sunny,12,1
2024-04-12,Paneer Butter Masala,Main Course,7,2.32,742.4,Friday,0,0,Cloudy,10,0
2024-04-12,Dal Makhani,Main Course,6,1.53,489.6,Friday,0,0,Cloudy,10,0
2024-04-12,Chicken Biryani,Main Course,6,1.67,534.4,Friday,0,0,Cloudy,10,0
2024-04-12,Mutton Rogan Josh,Main Course,19,5.61,1795.2,Friday,0,0,Cloudy,10,0
2024-04-12,Paneer Tikka,Starters,17,2.64,660.0,Friday,0,0,Cloudy,10,0
2024-04-12,Chicken Tandoori,Starters,18,3.34,835.0,Friday,0,0,Cloudy,10,0
2024-04-12,Veg Spring Rolls,Starters,6,0.92,230.0,Friday,0,0,Cloudy,10,0
2024-04-12,Fish Amritsari,Starters,16,3.08,770.0,Friday,0,0,Cloudy,10,0
2024-04-12,Butter Naan,Breads,11,0.73,87.6,Friday,0,0,Cloudy,10,0
2024-04-12,Garlic Naan,Breads,19,1.48,177.6,Friday,0,0,Cloudy,10,0
2024-04-12,Tandoori Roti,Breads,29,2.17,260.4,Friday,0,0,Cloudy,10,0
2024-04-12,Gulab Jamun,Desserts,12,1.27,355.6,Friday,0,0,Cloudy,10,0
2024-04-12,Ras Malai,Desserts,3,0.39,109.2,Friday,0,0,Cloudy,10,0
2024-04-12,Kheer,Desserts,10,1.3,364.0,Friday,0,0,Cloudy,10,0
2024-04-12,Kulfi,Desserts,11,1.53,428.4,Friday,0,0,Cloudy,10,0
2024-04-13,Paneer Butter Masala,Main Course,5,1.63,521.6,Saturday,1,0,Sunny,14,0
2024-04-13,Dal Makhani,Main Course,11,3.65,1168.0,Saturday,1,0,Sunny,14,0
2024-04-13,Chicken Biryani,Main Course,6,1.67,534.4,Saturday,1,0,Sunny,14,0
2024-04-13,Mutton Rogan Josh,Main Course,13,3.72,1190.4,Saturday,1,0,Sunny,14,0
2024-04-13,Paneer Tikka,Starters,5,0.98,245.0,Saturday,1,0,Sunny,14,0
2024-04-13,Chicken Tandoori,Starters,20,3.29,822.5,Saturday,1,0,Sunny,14,0
2024-04-13,Veg Spring Rolls,Starters,10,1.43,357.5,Saturday,1,0,Sunny,14,0
2024-04-13,Fish Amritsari,Starters,18,2.65,662.5,Saturday,1,0,Sunny,14,0
2024-04-13,Butter Naan,Breads,19,1.26,151.2,Saturday,1,0,Sunny,14,0
2024-04-13,Garlic Naan,Breads,6,0.34,40.8,Saturday,1,0,Sunny,14,0
2024-04-13,Tandoori Roti,Breads,9,0.68,81.6,Saturday,1,0,Sunny,14,0
2024-04-13,Gulab Jamun,Desserts,5,0.65,182.0,Saturday,1,0,Sunny,14,0
2024-04-13,Ras Malai,Desserts,4,0.43,120.4,Saturday,1,0,Sunny,14,0
2024-04-13,Kheer,Desserts,8,1.08,302.4,Saturday,1,0,Sunny,14,0
2024-04-13,Kulfi,Desserts,11,1.3,364.0,Saturday,1,0,Sunny,14,0
2024-04-14,Paneer Butter Masala,Main Course,16,5.21,1667.2,Sunday,1,1,Sunny,14,1
2024-04-14,Dal Makhani,Main Course,13,4.01,1283.2,Sunday,1,1,Sunny,14,1
2024-04-14,Chicken Biryani,Main Course,13,3.73,1193.6,Sunday,1,1,Sunny,14,1
2024-04-14,Mutton Rogan Josh,Main Course,26,6.64,2124.8,Sunday,1,1,Sunny,14,1
2024-04-14,Paneer Tikka,Starters,35,5.07,1267.5,Sunday,1,1,Sunny,14,1
2024-04-14,Chicken Tandoori,Starters,9,1.78,445.0,Sunday,1,1,Sunny,14,1
2024-04-14,Veg Spring Rolls,Starters,11,1.82,455.0,Sunday,1,1,Sunny,14,1
2024-04-14,Fish Amritsari,Starters,28,4.86,1215.0,Sunday,1,1,Sunny,14,1
2024-04-14,Butter Naan,Breads,4,0.29,34.8,Sunday,1,1,Sunny,14,1
2024-04-14,Garlic Naan,Breads,22,1.37,164.4,Sunday,1,1,Sunny,14,1
2024-04-14,Tandoori Roti,Breads,48,2.87,344.4,Sunday,1,1,Sunny,14,1
2024-04-14,Gulab Jamun,Desserts,28,3.59,1005.2,Sunday,1,1,Sunny,14,1
2024-04-14,Ras Malai,Desserts,19,2.13,596.4,Sunday,1,1,Sunny,14,1
2024-04-14,Kheer,Desserts,9,1.15,322.0,Sunday,1,1,Sunny,14,1
2024-04-14,Kulfi,Desserts,23,3.34,935.2,Sunday,1,1,Sunny,14,1
2024-04-15,Paneer Butter Masala,Main Course,4,1.03,329.6,Monday,0,0,Sunny,12,0
2024-04-15,Dal Makhani,Main Course,7,2.18,697.6,Monday,0,0,Sunny,12,0
2024-04-15,Chicken Biryani,Main Course,5,1.49,476.8,Monday,0,0,Sunny,12,0
2024-04-15,Mutton Rogan Josh,Main Course,20,5.81,1859.2,Monday,0,0,Sunny,12,0
2024-04-15,Paneer Tikka,Starters,11,1.99,497.5,Monday,0,0,Sunny,12,0
2024-04-15,Chicken Tandoori,Starters,15,2.2,550.0,Monday,0,0,Sunny,12,0
2024-04-15,Veg Spring Rolls,Starters,13,2.33,582.5,Monday,0,0,Sunny,12,0
2024-04-15,Fish Amritsari,Starters,18,2.58,645.0,Monday,0,0,Sunny,12,0
2024-04-15,Butter Naan,Breads,14,0.93,111.6,Monday,0,0,Sunny,12,0
2024-04-15,Garlic Naan,Breads,8,0.61,73.2,Monday,0,0,Sunny,12,0
2024-04-15,Tandoori Roti,Breads,24,1.79,214.8,Monday,0,0,Sunny,12,0
2024-04-15,Gulab Jamun,Desserts,5,0.7,196.0,Monday,0,0,Sunny,12,0
2024-04-15,Ras Malai,Desserts,5,0.71,198.8,Monday,0,0,Sunny,12,0
2024-04-15,Kheer,Desserts,3,0.41,114.8,Monday,0,0,Sunny,12,0
2024-04-15,Kulfi,Desserts,13,1.93,540.4,Monday,0,0,Sunny,12,0
2024-04-16,Paneer Butter Masala,Main Course,2,0.67,214.4,Tuesday,0,0,Sunny,8,0
2024-04-16,Dal Makhani,Main Course,6,1.65,528.0,Tuesday,0,0,Sunny,8,0
2024-04-16,Chicken Biryani,Main Course,9,2.87,918.4,Tuesday,0,0,Sunny,8,0
2024-04-16,Mutton Rogan Josh,Main Course,44,11.42,3654.4,Tuesday,0,0,Sunny,8,0
2024-04-16,Paneer Tikka,Starters,12,2.17,542.5,Tuesday,0,0,Sunny,8,0
2024-04-16,Chicken Tandoori,Starters,4,0.75,187.5,Tuesday,0,0,Sunny,8,0
2024-04-16,Veg Spring Rolls,Starters,12,2.09,522.5,Tuesday,0,0,Sunny,8,0
2024-04-16,Fish Amritsari,Starters,29,4.43,1107.5,Tuesday,0,0,Sunny,8,0
2024-04-16,Butter Naan,Breads,5,0.3,36.0,Tuesday,0,0,Sunny,8,0
2024-04-16,Garlic Naan,Breads,6,0.38,45.6,Tuesday,0,0,Sunny,8,0
2024-04-16,Tandoori Roti,Breads,6,0.48,57.6,Tuesday,0,0,Sunny,8,0
2024-04-16,Gulab Jamun,Desserts,12,1.7,476.0,Tuesday,0,0,Sunny,8,0
2024-04-16,Ras Malai,Desserts,10,1.08,302.4,Tuesday,0,0,Sunny,8,0
2024-04-16,Kheer,Desserts,6,0.83,232.4,Tuesday,0,0,Sunny,8,0
2024-04-16,Kulfi,Desserts,10,1.34,375.2,Tuesday,0,0,Sunny,8,0
2024-04-17,Paneer Butter Masala,Main Course,2,0.66,211.2,Wednesday,0,0,Sunny,12,0
2024-04-17,Dal Makhani,Main Course,11,2.92,934.4,Wednesday,0,0,Sunny,12,0
2024-04-17,Chicken Biryani,Main Course,1,0.25,80.0,Wednesday,0,0,Sunny,12,0
2024-04-17,Mutton Rogan Josh,Main Course,11,3.79,1212.8,Wednesday,0,0,Sunny,12,0
2024-04-17,Paneer Tikka,Starters,9,1.6,400.0,Wednesday,0,0,Sunny,12,0
2024-04-17,Chicken Tandoori,Starters,15,2.58,645.0,Wednesday,0,0,Sunny,12,0
2024-04-17,Veg Spring Rolls,Starters,8,1.17,292.5,Wednesday,0,0,Sunny,12,0
2024-04-17,Fish Amritsari,Starters,14,2.01,502.5,Wednesday,0,0,Sunny,12,0
2024-04-17,Butter Naan,Breads,12,0.71,85.2,Wednesday,0,0,Sunny,12,0
2024-04-17,Garlic Naan,Breads,29,2.03,243.6,Wednesday,0,0,Sunny,12,0
2024-04-17,Tandoori Roti,Breads,7,0.5,60.0,Wednesday,0,0,Sunny,12,0
2024-04-17,Gulab Jamun,Desserts,14,1.81,506.8,Wednesday,0,0,Sunny,12,0
2024-04-17,Ras Malai,Desserts,9,1.16,324.8,Wednesday,0,0,Sunny,12,0
2024-04-17,Kheer,Desserts,9,1.24,347.2,Wednesday,0,0,Sunny,12,0
2024-04-17,Kulfi,Desserts,7,0.74,207.2,Wednesday,0,0,Sunny,12,0
2024-04-18,Paneer Butter Masala,Main Course,5,1.67,534.4,Thursday,0,0,Stormy,12,0
2024-04-18,Dal Makhani,Main Course,6,1.98,633.6,Thursday,0,0,Stormy,12,0
2024-04-18,Chicken Biryani,Main Course,2,0.59,188.8,Thursday,0,0,Stormy,12,0
2024-04-18,Mutton Rogan Josh,Main Course,15,5.19,1660.8,Thursday,0,0,Stormy,12,0
2024-04-18,Paneer Tikka,Starters,7,1.29,322.5,Thursday,0,0,Stormy,12,0
2024-04-18,Chicken Tandoori,Starters,6,0.89,222.5,Thursday,0,0,Stormy,12,0
2024-04-18,Veg Spring Rolls,Starters,15,2.14,535.0,Thursday,0,0,Stormy,12,0
2024-04-18,Fish Amritsari,Starters,12,2.34,585.0,Thursday,0,0,Stormy,12,0
2024-04-18,Butter Naan,Breads,6,0.48,57.6,Thursday,0,0,Stormy,12,0
2024-04-18,Garlic Naan,Breads,15,1.11,133.2,Thursday,0,0,Stormy,12,0
2024-04-18,Tandoori Roti,Breads,22,1.59,190.8,Thursday,0,0,Stormy,12,0
2024-04-18,Gulab Jamun,Desserts,13,1.7,476.0,Thursday,0,0,Stormy,12,0
2024-04-18,Ras Malai,Desserts,4,0.44,123.2,Thursday,0,0,Stormy,12,0
2024-04-18,Kheer,Desserts,9,1.24,347.2,Thursday,0,0,Stormy,12,0
2024-04-18,Kulfi,Desserts,12,1.28,358.4,Thursday,0,0,Stormy,12,0
2024-04-19,Paneer Butter Masala,Main Course,5,1.5,480.0,Friday,0,0,Cloudy,9,0
2024-04-19,Dal Makhani,Main Course,9,3.12,998.4,Friday,0,0,Cloudy,9,0
2024-04-19,Chicken Biryani,Main Course,2,0.62,198.4,Friday,0,0,Cloudy,9,0
2024-04-19,Mutton Rogan Josh,Main Course,11,3.06,979.2,Friday,0,0,Cloudy,9,0
2024-04-19,Paneer Tikka,Starters,6,1.16,290.0,Friday,0,0,Cloudy,9,0
2024-04-19,Chicken Tandoori,Starters,9,1.63,407.5,Friday,0,0,Cloudy,9,0
2024-04-19,Veg Spring Rolls,Starters,9,1.41,352.5,Friday,0,0,Cloudy,9,0
2024-04-19,Fish Amritsari,Starters,20,2.86,715.0,Friday,0,0,Cloudy,9,0
2024-04-19,Butter Naan,Breads,5,0.38,45.6,Friday,0,0,Cloudy,9,0
2024-04-19,Garlic Naan,Breads,17,1.13,135.6,Friday,0,0,Cloudy,9,0
2024-04-19,Tandoori Roti,Breads,5,0.39,46.8,Friday,0,0,Cloudy,9,0
2024-04-19,Gulab Jamun,Desserts,3,0.44,123.2,Friday,0,0,Cloudy,9,0
2024-04-19,Ras Malai,Desserts,5,0.56,156.8,Friday,0,0,Cloudy,9,0
2024-04-19,Kheer,Desserts,7,0.91,254.8,Friday,0,0,Cloudy,9,0
2024-04-19,Kulfi,Desserts,15,1.63,456.4,Friday,0,0,Cloudy,9,0
2024-04-20,Paneer Butter Masala,Main Course,8,2.58,825.6,Saturday,1,0,Cloudy,15,1
2024-04-20,Dal Makhani,Main Course,17,4.47,1430.4,Saturday,1,0,Cloudy,15,1
2024-04-20,Chicken Biryani,Main Course,7,2.22,710.4,Saturday,1,0,Cloudy,15,1
2024-04-20,Mutton Rogan Josh,Main Course,27,7.36,2355.2,Saturday,1,0,Cloudy,15,1
2024-04-20,Paneer Tikka,Starters,9,1.59,397.5,Saturday,1,0,Cloudy,15,1
2024-04-20,Chicken Tandoori,Starters,18,3.23,807.5,Saturday,1,0,Cloudy,15,1
2024-04-20,Veg Spring Rolls,Starters,27,3.95,987.5,Saturday,1,0,Cloudy,15,1
2024-04-20,Fish Amritsari,Starters,28,4.47,1117.5,Saturday,1,0,Cloudy,15,1
2024-04-20,Butter Naan,Breads,18,1.4,168.0,Saturday,1,0,Cloudy,15,1
2024-04-20,Garlic Naan,Breads,28,2.16,259.2,Saturday,1,0,Cloudy,15,1
2024-04-20,Tandoori Roti,Breads,8,0.51,61.2,Saturday,1,0,Cloudy,15,1
2024-04-20,Gulab Jamun,Desserts,26,3.37,943.6,Saturday,1,0,Cloudy,15,1
2024-04-20,Ras Malai,Desserts,14,1.93,540.4,Saturday,1,0,Cloudy,15,1
2024-04-20,Kheer,Desserts,4,0.46,128.8,Saturday,1,0,Cloudy,15,1
2024-04-20,Kulfi,Desserts,23,2.74,767.2,Saturday,1,0,Cloudy,15,1
2024-04-21,Paneer Butter Masala,Main Course,10,2.56,819.2,Sunday,1,0,Sunny,16,0
2024-04-21,Dal Makhani,Main Course,19,5.16,1651.2,Sunday,1,0,Sunny,16,0
2024-04-21,Chicken Biryani,Main Course,7,2.0,640.0,Sunday,1,0,Sunny,16,0
2024-04-21,Mutton Rogan Josh,Main Course,21,7.23,2313.6,Sunday,1,0,Sunny,16,0
2024-04-21,Paneer Tikka,Starters,14,2.13,532.5,Sunday,1,0,Sunny,16,0
2024-04-21,Chicken Tandoori,Starters,21,3.14,785.0,Sunday,1,0,Sunny,16,0
2024-04-21,Veg Spring Rolls,Starters,14,2.28,570.0,Sunday,1,0,Sunny,16,0
2024-04-21,Fish Amritsari,Starters,31,5.2,1300.0,Sunday,1,0,Sunny,16,0
2024-04-21,Butter Naan,Breads,6,0.35,42.0,Sunday,1,0,Sunny,16,0
2024-04-21,Garlic Naan,Breads,25,1.87,224.4,Sunday,1,0,Sunny,16,0
2024-04-21,Tandoori Roti,Breads,22,1.45,174.0,Sunday,1,0,Sunny,16,0
2024-04-21,Gulab Jamun,Desserts,17,1.83,512.4,Sunday,1,0,Sunny,16,0
2024-04-21,Ras Malai,Desserts,18,2.15,602.0,Sunday,1,0,Sunny,16,0
2024-04-21,Kheer,Desserts,15,1.82,509.6,Sunday,1,0,Sunny,16,0
2024-04-21,Kulfi,Desserts,19,2.76,772.8,Sunday,1,0,Sunny,16,0
2024-04-22,Paneer Butter Masala,Main Course,9,2.64,844.8,Monday,0,0,Sunny,12,0
2024-04-22,Dal Makhani,Main Course,5,1.66,531.2,Monday,0,0,Sunny,12,0
2024-04-22,Chicken Biryani,Main Course,6,1.56,499.2,Monday,0,0,Sunny,12,0
2024-04-22,Mutton Rogan Josh,Main Course,16,5.35,1712.0,Monday,0,0,Sunny,12,0
2024-04-22,Paneer Tikka,Starters,13,2.51,627.5,Monday,0,0,Sunny,12,0
2024-04-22,Chicken Tandoori,Starters,15,2.82,705.0,Monday,0,0,Sunny,12,0
2024-04-22,Veg Spring Rolls,Starters,3,0.56,140.0,Monday,0,0,Sunny,12,0
2024-04-22,Fish Amritsari,Starters,13,2.24,560.0,Monday,0,0,Sunny,12,0
2024-04-22,Butter Naan,Breads,11,0.65,78.0,Monday,0,0,Sunny,12,0
2024-04-22,Garlic Naan,Breads,16,1.17,140.4,Monday,0,0,Sunny,12,0
2024-04-22,Tandoori Roti,Breads,24,1.49,178.8,Monday,0,0,Sunny,12,0
2024-04-22,Gulab Jamun,Desserts,4,0.45,126.0,Monday,0,0,Sunny,12,0
2024-04-22,Ras Malai,Desserts,5,0.6,168.0,Monday,0,0,Sunny,12,0
2024-04-22,Kheer,Desserts,10,1.31,366.8,Monday,0,0,Sunny,12,0
2024-04-22,Kulfi,Desserts,12,1.75,490.0,Monday,0,0,Sunny,12,0
2024-04-23,Paneer Butter Masala,Main Course,3,0.84,268.8,Tuesday,0,0,Sunny,8,0
2024-04-23,Dal Makhani,Main Course,15,4.91,1571.2,Tuesday,0,0,Sunny,8,0
2024-04-23,Chicken Biryani,Main Course,2,0.54,172.8,Tuesday,0,0,Sunny,8,0
2024-04-23,Mutton Rogan Josh,Main Course,19,6.45,2064.0,Tuesday,0,0,Sunny,8,0
2024-04-23,Paneer Tikka,Starters,18,3.17,792.5,Tuesday,0,0,Sunny,8,0
2024-04-23,Chicken Tandoori,Starters,16,2.49,622.5,Tuesday,0,0,Sunny,8,0
2024-04-23,Veg Spring Rolls,Starters,17,2.74,685.0,Tuesday,0,0,Sunny,8,0
2024-04-23,Fish Amritsari,Starters,23,4.07,1017.5,Tuesday,0,0,Sunny,8,0
2024-04-23,Butter Naan,Breads,12,0.77,92.4,Tuesday,0,0,Sunny,8,0
2024-04-23,Garlic Naan,Breads,22,1.3,156.0,Tuesday,0,0,Sunny,8,0
2024-04-23,Tandoori Roti,Breads,7,0.49,58.8,Tuesday,0,0,Sunny,8,0
2024-04-23,Gulab Jamun,Desserts,8,0.95,266.0,Tuesday,0,0,Sunny,8,0
2024-04-23,Ras Malai,Desserts,6,0.72,201.6,Tuesday,0,0,Sunny,8,0
2024-04-23,Kheer,Desserts,12,1.29,361.2,Tuesday,0,0,Sunny,8,0
2024-04-23,Kulfi,Desserts,10,1.35,378.0,Tuesday,0,0,Sunny,8,0
2024-04-24,Paneer Butter Masala,Main Course,6,1.76,563.2,Wednesday,0,0,Cloudy,11,0
2024-04-24,Dal Makhani,Main Course,11,3.62,1158.4,Wednesday,0,0,Cloudy,11,0
2024-04-24,Chicken Biryani,Main Course,6,1.61,515.2,Wednesday,0,0,Cloudy,11,0
2024-04-24,Mutton Rogan Josh,Main Course,17,4.6,1472.0,Wednesday,0,0,Cloudy,11,0
2024-04-24,Paneer Tikka,Starters,6,0.94,235.0,Wednesday,0,0,Cloudy,11,0
2024-04-24,Chicken Tandoori,Starters,14,2.78,695.0,Wednesday,0,0,Cloudy,11,0
2024-04-24,Veg Spring Rolls,Starters,19,3.17,792.5,Wednesday,0,0,Cloudy,11,0
2024-04-24,Fish Amritsari,Starters,25,3.71,927.5,Wednesday,0,0,Cloudy,11,0
2024-04-24,Butter Naan,Breads,2,0.15,18.0,Wednesday,0,0,Cloudy,11,0
2024-04-24,Garlic Naan,Breads,19,1.28,153.6,Wednesday,0,0,Cloudy,11,0
2024-04-24,Tandoori Roti,Breads,13,1.02,122.4,Wednesday,0,0,Cloudy,11,0
2024-04-24,Gulab Jamun,Desserts,25,3.55,994.0,Wednesday,0,0,Cloudy,11,0
2024-04-24,Ras Malai,Desserts,10,1.37,383.6,Wednesday,0,0,Cloudy,11,0
2024-04-24,Kheer,Desserts,8,1.04,291.2,Wednesday,0,0,Cloudy,11,0
2024-04-24,Kulfi,Desserts,8,0.97,271.6,Wednesday,0,0,Cloudy,11,0
2024-04-25,Paneer Butter Masala,Main Course,2,0.5,160.0,Thursday,0,0,Cloudy,9,0
2024-04-25,Dal Makhani,Main Course,5,1.53,489.6,Thursday,0,0,Cloudy,9,0
2024-04-25,Chicken Biryani,Main Course,2,0.53,169.6,Thursday,0,0,Cloudy,9,0
2024-04-25,Mutton Rogan Josh,Main Course,11,3.14,1004.8,Thursday,0,0,Cloudy,9,0
2024-04-25,Paneer Tikka,Starters,6,0.91,227.5,Thursday,0,0,Cloudy,9,0
2024-04-25,Chicken Tandoori,Starters,7,1.19,297.5,Thursday,0,0,Cloudy,9,0
2024-04-25,Veg Spring Rolls,Starters,4,0.66,165.0,Thursday,0,0,Cloudy,9,0
2024-04-25,Fish Amritsari,Starters,23,3.95,987.5,Thursday,0,0,Cloudy,9,0
2024-04-25,Butter Naan,Breads,14,0.88,105.6,Thursday,0,0,Cloudy,9,0
2024-04-25,Garlic Naan,Breads,21,1.61,193.2,Thursday,0,0,Cloudy,9,0
2024-04-25,Tandoori Roti,Breads,9,0.71,85.2,Thursday,0,0,Cloudy,9,0
2024-04-25,Gulab Jamun,Desserts,6,0.74,207.2,Thursday,0,0,Cloudy,9,0
2024-04-25,Ras Malai,Desserts,8,0.88,246.4,Thursday,0,0,Cloudy,9,0
2024-04-25,Kheer,Desserts,6,0.89,249.2,Thursday,0,0,Cloudy,9,0
2024-04-25,Kulfi,Desserts,7,0.81,226.8,Thursday,0,0,Cloudy,9,0
2024-04-26,Paneer Butter Masala,Main Course,4,1.35,432.0,Friday,0,0,Sunny,12,0
2024-04-26,Dal Makhani,Main Course,7,2.07,662.4,Friday,0,0,Sunny,12,0
2024-04-26,Chicken Biryani,Main Course,2,0.49,156.8,Friday,0,0,Sunny,12,0
2024-04-26,Mutton Rogan Josh,Main Course,9,2.82,902.4,Friday,0,0,Sunny,12,0
2024-04-26,Paneer Tikka,Starters,15,2.92,730.0,Friday,0,0,Sunny,12,0
2024-04-26,Chicken Tandoori,Starters,17,2.44,610.0,Friday,0,0,Sunny,12,0
2024-04-26,Veg Spring Rolls,Starters,78,12.27,3067.5,Friday,0,0,Sunny,12,0
2024-04-26,Fish Amritsari,Starters,11,1.78,445.0,Friday,0,0,Sunny,12,0
2024-04-26,Butter Naan,Breads,12,0.78,93.6,Friday,0,0,Sunny,12,0
2024-04-26,Garlic Naan,Breads,11,0.77,92.4,Friday,0,0,Sunny,12,0
2024-04-26,Tandoori Roti,Breads,21,1.65,198.0,Friday,0,0,Sunny,12,0
2024-04-26,Gulab Jamun,Desserts,6,0.66,184.8,Friday,0,0,Sunny,12,0
2024-04-26,Ras Malai,Desserts,9,1.02,285.6,Friday,0,0,Sunny,12,0
2024-04-26,Kheer,Desserts,12,1.46,408.8,Friday,0,0,Sunny,12,0
2024-04-26,Kulfi,Desserts,13,1.79,501.2,Friday,0,0,Sunny,12,0
2024-04-27,Paneer Butter Masala,Main Course,7,2.27,726.4,Saturday,1,0,Rainy,13,1
2024-04-27,Dal Makhani,Main Course,26,7.81,2499.2,Saturday,1,0,Rainy,13,1
2024-04-27,Chicken Biryani,Main Course,8,2.72,870.4,Saturday,1,0,Rainy,13,1
2024-04-27,Mutton Rogan Josh,Main Course,29,9.12,2918.4,Saturday,1,0,Rainy,13,1
2024-04-27,Paneer Tikka,Starters,20,3.23,807.5,Saturday,1,0,Rainy,13,1
2024-04-27,Chicken Tandoori,Starters,28,5.25,1312.5,Saturday,1,0,Rainy,13,1
2024-04-27,Veg Spring Rolls,Starters,13,2.01,502.5,Saturday,1,0,Rainy,13,1
2024-04-27,Fish Amritsari,Starters,43,6.87,1717.5,Saturday,1,0,Rainy,13,1
2024-04-27,Butter Naan,Breads,13,0.74,88.8,Saturday,1,0,Rainy,13,1
2024-04-27,Garlic Naan,Breads,20,1.35,162.0,Saturday,1,0,Rainy,13,1
2024-04-27,Tandoori Roti,Breads,45,3.05,366.0,Saturday,1,0,Rainy,13,1
2024-04-27,Gulab Jamun,Desserts,5,0.56,156.8,Saturday,1,0,Rainy,13,1
2024-04-27,Ras Malai,Desserts,16,1.81,506.8,Saturday,1,0,Rainy,13,1
2024-04-27,Kheer,Desserts,16,2.26,632.8,Saturday,1,0,Rainy,13,1
2024-04-27,Kulfi,Desserts,12,1.74,487.2,Saturday,1,0,Rainy,13,1
2024-04-28,Paneer Butter Masala,Main Course,4,1.27,406.4,Sunday,1,0,Sunny,14,0
2024-04-28,Dal Makhani,Main Course,22,6.58,2105.6,Sunday,1,0,Sunny,14,0
2024-04-28,Chicken Biryani,Main Course,6,2.1,672.0,Sunday,1,0,Sunny,14,0
2024-04-28,Mutton Rogan Josh,Main Course,20,6.24,1996.8,Sunday,1,0,Sunny,14,0
2024-04-28,Paneer Tikka,Starters,6,0.98,245.0,Sunday,1,0,Sunny,14,0
2024-04-28,Chicken Tandoori,Starters,20,2.93,732.5,Sunday,1,0,Sunny,14,0
2024-04-28,Veg Spring Rolls,Starters,19,3.47,867.5,Sunday,1,0,Sunny,14,0
2024-04-28,Fish Amritsari,Starters,21,4.08,1020.0,Sunday,1,0,Sunny,14,0
2024-04-28,Butter Naan,Breads,13,0.9,108.0,Sunday,1,0,Sunny,14,0
2024-04-28,Garlic Naan,Breads,28,1.79,214.8,Sunday,1,0,Sunny,14,0
2024-04-28,Tandoori Roti,Breads,21,1.24,148.8,Sunday,1,0,Sunny,14,0
2024-04-28,Gulab Jamun,Desserts,17,1.82,509.6,Sunday,1,0,Sunny,14,0
2024-04-28,Ras Malai,Desserts,5,0.62,173.6,Sunday,1,0,Sunny,14,0
2024-04-28,Kheer,Desserts,5,0.7,196.0,Sunday,1,0,Sunny,14,0
2024-04-28,Kulfi,Desserts,11,1.42,397.6,Sunday,1,0,Sunny,14,0
2024-04-29,Paneer Butter Masala,Main Course,3,1.04,332.8,Monday,0,0,Stormy,8,0
2024-04-29,Dal Makhani,Main Course,10,2.95,944.0,Monday,0,0,Stormy,8,0
2024-04-29,Chicken Biryani,Main Course,4,1.1,352.0,Monday,0,0,Stormy,8,0
2024-04-29,Mutton Rogan Josh,Main Course,15,4.19,1340.8,Monday,0,0,Stormy,8,0
2024-04-29,Paneer Tikka,Starters,17,2.95,737.5,Monday,0,0,Stormy,8,0
2024-04-29,Chicken Tandoori,Starters,7,1.18,295.0,Monday,0,0,Stormy,8,0
2024-04-29,Veg Spring Rolls,Starters,7,1.29,322.5,Monday,0,0,Stormy,8,0
2024-04-29,Fish Amritsari,Starters,15,2.35,587.5,Monday,0,0,Stormy,8,0
2024-04-29,Butter Naan,Breads,11,0.84,100.8,Monday,0,0,Stormy,8,0
2024-04-29,Garlic Naan,Breads,7,0.46,55.2,Monday,0,0,Stormy,8,0
2024-04-29,Tandoori Roti,Breads,21,1.35,162.0,Monday,0,0,Stormy,8,0
2024-04-29,Gulab Jamun,Desserts,5,0.74,207.2,Monday,0,0,Stormy,8,0
2024-04-29,Ras Malai,Desserts,9,1.25,350.0,Monday,0,0,Stormy,8,0
2024-04-29,Kheer,Desserts,6,0.88,246.4,Monday,0,0,Stormy,8,0
2024-04-29,Kulfi,Desserts,11,1.16,324.8,Monday,0,0,Stormy,8,0
2024-04-30,Paneer Butter Masala,Main Course,2,0.54,172.8,Tuesday,0,0,Rainy,12,0
2024-04-30,Dal Makhani,Main Course,16,4.62,1478.4,Tuesday,0,0,Rainy,12,0
2024-04-30,Chicken Biryani,Main Course,4,1.06,339.2,Tuesday,0,0,Rainy,12,0
2024-04-30,Mutton Rogan Josh,Main Course,10,3.27,1046.4,Tuesday,0,0,Rainy,12,0
2024-04-30,Paneer Tikka,Starters,18,3.0,750.0,Tuesday,0,0,Rainy,12,0
2024-04-30,Chicken Tandoori,Starters,16,2.61,652.5,Tuesday,0,0,Rainy,12,0
2024-04-30,Veg Spring Rolls,Starters,15,2.91,727.5,Tuesday,0,0,Rainy,12,0
2024-04-30,Fish Amritsari,Starters,10,1.66,415.0,Tuesday,0,0,Rainy,12,0
2024-04-30,Butter Naan,Breads,15,0.94,112.8,Tuesday,0,0,Rainy,12,0
2024-04-30,Garlic Naan,Breads,21,1.53,183.6,Tuesday,0,0,Rainy,12,0
2024-04-30,Tandoori Roti,Breads,11,0.87,104.4,Tuesday,0,0,Rainy,12,0
2024-04-30,Gulab Jamun,Desserts,9,1.32,369.6,Tuesday,0,0,Rainy,12,0
2024-04-30,Ras Malai,Desserts,5,0.64,179.2,Tuesday,0,0,Rainy,12,0
2024-04-30,Kheer,Desserts,8,0.89,249.2,Tuesday,0,0,Rainy,12,0
2024-04-30,Kulfi,Desserts,13,1.95,546.0,Tuesday,0,0,Rainy,12,0
2024-05-01,Paneer Butter Masala,Main Course,3,0.95,304.0,Wednesday,0,1,Sunny,9,1
2024-05-01,Dal Makhani,Main Course,17,5.81,1859.2,Wednesday,0,1,Sunny,9,1
2024-05-01,Chicken Biryani,Main Course,13,3.75,1200.0,Wednesday,0,1,Sunny,9,1
2024-05-01,Mutton Rogan Josh,Main Course,25,8.21,2627.2,Wednesday,0,1,Sunny,9,1
2024-05-01,Paneer Tikka,Starters,16,2.75,687.5,Wednesday,0,1,Sunny,9,1
2024-05-01,Chicken Tandoori,Starters,5,0.82,205.0,Wednesday,0,1,Sunny,9,1
2024-05-01,Veg Spring Rolls,Starters,26,4.09,1022.5,Wednesday,0,1,Sunny,9,1
2024-05-01,Fish Amritsari,Starters,24,4.6,1150.0,Wednesday,0,1,Sunny,9,1
2024-05-01,Butter Naan,Breads,7,0.41,49.2,Wednesday,0,1,Sunny,9,1
2024-05-01,Garlic Naan,Breads,34,2.04,244.8,Wednesday,0,1,Sunny,9,1
2024-05-01,Tandoori Roti,Breads,32,1.99,238.8,Wednesday,0,1,Sunny,9,1
2024-05-01,Gulab Jamun,Desserts,4,0.56,156.8,Wednesday,0,1,Sunny,9,1
2024-05-01,Ras Malai,Desserts,10,1.14,319.2,Wednesday,0,1,Sunny,9,1
2024-05-01,Kheer,Desserts,15,1.76,492.8,Wednesday,0,1,Sunny,9,1
2024-05-01,Kulfi,Desserts,14,1.61,450.8,Wednesday,0,1,Sunny,9,1
2024-05-02,Paneer Butter Masala,Main Course,5,1.63,521.6,Thursday,0,0,Sunny,10,0
2024-05-02,Dal Makhani,Main Course,8,1.97,630.4,Thursday,0,0,Sunny,10,0
2024-05-02,Chicken Biryani,Main Course,3,0.9,288.0,Thursday,0,0,Sunny,10,0
2024-05-02,Mutton Rogan Josh,Main Course,12,3.84,1228.8,Thursday,0,0,Sunny,10,0
2024-05-02,Paneer Tikka,Starters,19,3.13,782.5,Thursday,0,0,Sunny,10,0
2024-05-02,Chicken Tandoori,Starters,15,2.89,722.5,Thursday,0,0,Sunny,10,0
2024-05-02,Veg Spring Rolls,Starters,5,0.73,182.5,Thursday,0,0,Sunny,10,0
2024-05-02,Fish Amritsari,Starters,11,1.55,387.5,Thursday,0,0,Sunny,10,0
2024-05-02,Butter Naan,Breads,12,0.92,110.4,Thursday,0,0,Sunny,10,0
2024-05-02,Garlic Naan,Breads,12,0.92,110.4,Thursday,0,0,Sunny,10,0
2024-05-02,Tandoori Roti,Breads,11,0.67,80.4,Thursday,0,0,Sunny,10,0
2024-05-02,Gulab Jamun,Desserts,8,1.13,316.4,Thursday,0,0,Sunny,10,0
2024-05-02,Ras Malai,Desserts,9,1.19,333.2,Thursday,0,0,Sunny,10,0
2024-05-02,Kheer,Desserts,8,0.94,263.2,Thursday,0,0,Sunny,10,0
2024-05-02,Kulfi,Desserts,12,1.65,462.0,Thursday,0,0,Sunny,10,0
2024-05-03,Paneer Butter Masala,Main Course,9,2.66,851.2,Friday,0,0,Sunny,10,0
2024-05-03,Dal Makhani,Main Course,13,3.85,1232.0,Friday,0,0,Sunny,10,0
2024-05-03,Chicken Biryani,Main Course,2,0.69,220.8,Friday,0,0,Sunny,10,0
2024-05-03,Mutton Rogan Josh,Main Course,46,11.93,3817.6,Friday,0,0,Sunny,10,0
2024-05-03,Paneer Tikka,Starters,17,2.71,677.5,Friday,0,0,Sunny,10,0
2024-05-03,Chicken Tandoori,Starters,7,1.04,260.0,Friday,0,0,Sunny,10,0
2024-05-03,Veg Spring Rolls,Starters,6,1.06,265.0,Friday,0,0,Sunny,10,0
2024-05-03,Fish Amritsari,Starters,22,3.37,842.5,Friday,0,0,Sunny,10,0
2024-05-03,Butter Naan,Breads,6,0.34,40.8,Friday,0,0,Sunny,10,0
2024-05-03,Garlic Naan,Breads,13,0.91,109.2,Friday,0,0,Sunny,10,0
2024-05-03,Tandoori Roti,Breads,15,1.14,136.8,Friday,0,0,Sunny,10,0
2024-05-03,Gulab Jamun,Desserts,11,1.4,392.0,Friday,0,0,Sunny,10,0
2024-05-03,Ras Malai,Desserts,8,1.1,308.0,Friday,0,0,Sunny,10,0
2024-05-03,Kheer,Desserts,9,1.12,313.6,Friday,0,0,Sunny,10,0
2024-05-03,Kulfi,Desserts,12,1.74,487.2,Friday,0,0,Sunny,10,0
2024-05-04,Paneer Butter Masala,Main Course,6,1.6,512.0,Saturday,1,0,Sunny,10,0
2024-05-04,Dal Makhani,Main Course,16,5.27,1686.4,Saturday,1,0,Sunny,10,0
2024-05-04,Chicken Biryani,Main Course,9,2.63,841.6,Saturday,1,0,Sunny,10,0
2024-05-04,Mutton Rogan Josh,Main Course,22,6.04,1932.8,Saturday,1,0,Sunny,10,0
2024-05-04,Paneer Tikka,Starters,10,1.77,442.5,Saturday,1,0,Sunny,10,0
2024-05-04,Chicken Tandoori,Starters,16,2.92,730.0,Saturday,1,0,Sunny,10,0
2024-05-04,Veg Spring Rolls,Starters,25,4.75,1187.5,Saturday,1,0,Sunny,10,0
2024-05-04,Fish Amritsari,Starters,29,4.79,1197.5,Saturday,1,0,Sunny,10,0
2024-05-04,Butter Naan,Breads,7,0.43,51.6,Saturday,1,0,Sunny,10,0
2024-05-04,Garlic Naan,Breads,112,6.73,807.6,Saturday,1,0,Sunny,10,0
2024-05-04,Tandoori Roti,Breads,29,1.91,229.2,Saturday,1,0,Sunny,10,0
2024-05-04,Gulab Jamun,Desserts,20,2.31,646.8,Saturday,1,0,Sunny,10,0
2024-05-04,Ras Malai,Desserts,14,2.01,562.8,Saturday,1,0,Sunny,10,0
2024-05-04,Kheer,Desserts,7,0.88,246.4,Saturday,1,0,Sunny,10,0
2024-05-04,Kulfi,Desserts,21,3.05,854.0,Saturday,1,0,Sunny,10,0
2024-05-05,Paneer Butter Masala,Main Course,7,1.82,582.4,Sunday,1,0,Sunny,12,0
2024-05-05,Dal Makhani,Main Course,9,2.41,771.2,Sunday,1,0,Sunny,12,0
2024-05-05,Chicken Biryani,Main Course,5,1.27,406.4,Sunday,1,0,Sunny,12,0
2024-05-05,Mutton Rogan Josh,Main Course,21,6.82,2182.4,Sunday,1,0,Sunny,12,0
2024-05-05,Paneer Tikka,Starters,17,3.02,755.0,Sunday,1,0,Sunny,12,0
2024-05-05,Chicken Tandoori,Starters,5,0.74,185.0,Sunday,1,0,Sunny,12,0
2024-05-05,Veg Spring Rolls,Starters,19,3.62,905.0,Sunday,1,0,Sunny,12,0
2024-05-05,Fish Amritsari,Starters,53,7.55,1887.5,Sunday,1,0,Sunny,12,0
2024-05-05,Butter Naan,Breads,4,0.28,33.6,Sunday,1,0,Sunny,12,0
2024-05-05,Garlic Naan,Breads,33,1.86,223.2,Sunday,1,0,Sunny,12,0
2024-05-05,Tandoori Roti,Breads,9,0.6,72.0,Sunday,1,0,Sunny,12,0
2024-05-05,Gulab Jamun,Desserts,4,0.43,120.4,Sunday,1,0,Sunny,12,0
2024-05-05,Ras Malai,Desserts,12,1.38,386.4,Sunday,1,0,Sunny,12,0
2024-05-05,Kheer,Desserts,7,0.89,249.2,Sunday,1,0,Sunny,12,0
2024-05-05,Kulfi,Desserts,32,3.65,1022.0,Sunday,1,0,Sunny,12,0
2024-05-06,Paneer Butter Masala,Main Course,41,10.71,3427.2,Monday,0,0,Sunny,12,0
2024-05-06,Dal Makhani,Main Course,4,1.32,422.4,Monday,0,0,Sunny,12,0
2024-05-06,Chicken Biryani,Main Course,2,0.56,179.2,Monday,0,0,Sunny,12,0
2024-05-06,Mutton Rogan Josh,Main Course,14,3.7,1184.0,Monday,0,0,Sunny,12,0
2024-05-06,Paneer Tikka,Starters,17,2.68,670.0,Monday,0,0,Sunny,12,0
2024-05-06,Chicken Tandoori,Starters,11,2.16,540.0,Monday,0,0,Sunny,12,0
2024-05-06,Veg Spring Rolls,Starters,15,2.4,600.0,Monday,0,0,Sunny,12,0
2024-05-06,Fish Amritsari,Starters,17,3.08,770.0,Monday,0,0,Sunny,12,0
2024-05-06,Butter Naan,Breads,9,0.51,61.2,Monday,0,0,Sunny,12,0
2024-05-06,Garlic Naan,Breads,29,1.72,206.4,Monday,0,0,Sunny,12,0
2024-05-06,Tandoori Roti,Breads,16,0.94,112.8,Monday,0,0,Sunny,12,0
2024-05-06,Gulab Jamun,Desserts,5,0.64,179.2,Monday,0,0,Sunny,12,0
2024-05-06,Ras Malai,Desserts,14,2.0,560.0,Monday,0,0,Sunny,12,0
2024-05-06,Kheer,Desserts,10,1.38,386.4,Monday,0,0,Sunny,12,0
2024-05-06,Kulfi,Desserts,13,1.4,392.0,Monday,0,0,Sunny,12,0
2024-05-07,Paneer Butter Masala,Main Course,2,0.55,176.0,Tuesday,0,0,Cloudy,8,0
2024-05-07,Dal Makhani,Main Course,7,1.9,608.0,Tuesday,0,0,Cloudy,8,0
2024-05-07,Chicken Biryani,Main Course,41,13.81,4419.2,Tuesday,0,0,Cloudy,8,0
2024-05-07,Mutton Rogan Josh,Main Course,16,5.24,1676.8,Tuesday,0,0,Cloudy,8,0
2024-05-07,Paneer Tikka,Starters,9,1.78,445.0,Tuesday,0,0,Cloudy,8,0
2024-05-07,Chicken Tandoori,Starters,6,0.91,227.5,Tuesday,0,0,Cloudy,8,0
2024-05-07,Veg Spring Rolls,Starters,11,1.94,485.0,Tuesday,0,0,Cloudy,8,0
2024-05-07,Fish Amritsari,Starters,24,4.29,1072.5,Tuesday,0,0,Cloudy,8,0
2024-05-07,Butter Naan,Breads,13,0.97,116.4,Tuesday,0,0,Cloudy,8,0
2024-05-07,Garlic Naan,Breads,13,0.95,114.0,Tuesday,0,0,Cloudy,8,0
2024-05-07,Tandoori Roti,Breads,13,0.87,104.4,Tuesday,0,0,Cloudy,8,0
2024-05-07,Gulab Jamun,Desserts,6,0.8,224.0,Tuesday,0,0,Cloudy,8,0
2024-05-07,Ras Malai,Desserts,3,0.37,103.6,Tuesday,0,0,Cloudy,8,0
2024-05-07,Kheer,Desserts,11,1.28,358.4,Tuesday,0,0,Cloudy,8,0
2024-05-07,Kulfi,Desserts,11,1.35,378.0,Tuesday,0,0,Cloudy,8,0
2024-05-08,Paneer Butter Masala,Main Course,8,2.17,694.4,Wednesday,0,0,Sunny,12,0
2024-05-08,Dal Makhani,Main Course,15,3.74,1196.8,Wednesday,0,0,Sunny,12,0
2024-05-08,Chicken Biryani,Main Course,2,0.55,176.0,Wednesday,0,0,Sunny,12,0
2024-05-08,Mutton Rogan Josh,Main Course,14,4.9,1568.0,Wednesday,0,0,Sunny,12,0
2024-05-08,Paneer Tikka,Starters,14,2.27,567.5,Wednesday,0,0,Sunny,12,0
2024-05-08,Chicken Tandoori,Starters,12,1.76,440.0,Wednesday,0,0,Sunny,12,0
2024-05-08,Veg Spring Rolls,Starters,9,1.34,335.0,Wednesday,0,0,Sunny,12,0
2024-05-08,Fish Amritsari,Starters,22,3.12,780.0,Wednesday,0,0,Sunny,12,0
2024-05-08,Butter Naan,Breads,3,0.23,27.6,Wednesday,0,0,Sunny,12,0
2024-05-08,Garlic Naan,Breads,27,1.88,225.6,Wednesday,0,0,Sunny,12,0
2024-05-08,Tandoori Roti,Breads,9,0.55,66.0,Wednesday,0,0,Sunny,12,0
2024-05-08,Gulab Jamun,Desserts,3,0.42,117.6,Wednesday,0,0,Sunny,12,0
2024-05-08,Ras Malai,Desserts,8,0.93,260.4,Wednesday,0,0,Sunny,12,0
2024-05-08,Kheer,Desserts,11,1.59,445.2,Wednesday,0,0,Sunny,12,0
2024-05-08,Kulfi,Desserts,12,1.66,464.8,Wednesday,0,0,Sunny,12,0
2024-05-09,Paneer Butter Masala,Main Course,6,1.68,537.6,Thursday,0,0,Cloudy,8,0
2024-05-09,Dal Makhani,Main Course,11,2.96,947.2,Thursday,0,0,Cloudy,8,0
2024-05-09,Chicken Biryani,Main Course,9,2.87,918.4,Thursday,0,0,Cloudy,8,0
2024-05-09,Mutton Rogan Josh,Main Course,17,5.84,1868.8,Thursday,0,0,Cloudy,8,0
2024-05-09,Paneer Tikka,Starters,10,1.59,397.5,Thursday,0,0,Cloudy,8,0
2024-05-09,Chicken Tandoori,Starters,17,2.53,632.5,Thursday,0,0,Cloudy,8,0
2024-05-09,Veg Spring Rolls,Starters,18,3.54,885.0,Thursday,0,0,Cloudy,8,0
2024-05-09,Fish Amritsari,Starters,20,3.37,842.5,Thursday,0,0,Cloudy,8,0
2024-05-09,Butter Naan,Breads,3,0.23,27.6,Thursday,0,0,Cloudy,8,0
2024-05-09,Garlic Naan,Breads,12,0.79,94.8,Thursday,0,0,Cloudy,8,0
2024-05-09,Tandoori Roti,Breads,20,1.46,175.2,Thursday,0,0,Cloudy,8,0
2024-05-09,Gulab Jamun,Desserts,13,1.67,467.6,Thursday,0,0,Cloudy,8,0
2024-05-09,Ras Malai,Desserts,5,0.67,187.6,Thursday,0,0,Cloudy,8,0
2024-05-09,Kheer,Desserts,7,0.86,240.8,Thursday,0,0,Cloudy,8,0
2024-05-09,Kulfi,Desserts,10,1.23,344.4,Thursday,0,0,Cloudy,8,0
2024-05-10,Paneer Butter Masala,Main Course,8,2.65,848.0,Friday,0,0,Sunny,8,0
2024-05-10,Dal Makhani,Main Course,13,3.47,1110.4,Friday,0,0,Sunny,8,0
2024-05-10,Chicken Biryani,Main Course,5,1.71,547.2,Friday,0,0,Sunny,8,0
2024-05-10,Mutton Rogan Josh,Main Course,14,4.22,1350.4,Friday,0,0,Sunny,8,0
2024-05-10,Paneer Tikka,Starters,18,2.99,747.5,Friday,0,0,Sunny,8,0
2024-05-10,Chicken Tandoori,Starters,6,1.06,265.0,Friday,0,0,Sunny,8,0
2024-05-10,Veg Spring Rolls,Starters,11,1.55,387.5,Friday,0,0,Sunny,8,0
2024-05-10,Fish Amritsari,Starters,23,4.15,1037.5,Friday,0,0,Sunny,8,0
2024-05-10,Butter Naan,Breads,13,1.04,124.8,Friday,0,0,Sunny,8,0
2024-05-10,Garlic Naan,Breads,18,1.37,164.4,Friday,0,0,Sunny,8,0
2024-05-10,Tandoori Roti,Breads,23,1.58,189.6,Friday,0,0,Sunny,8,0
2024-05-10,Gulab Jamun,Desserts,8,1.16,324.8,Friday,0,0,Sunny,8,0
2024-05-10,Ras Malai,Desserts,3,0.37,103.6,Friday,0,0,Sunny,8,0
2024-05-10,Kheer,Desserts,5,0.61,170.8,Friday,0,0,Sunny,8,0
2024-05-10,Kulfi,Desserts,22,2.64,739.2,Friday,0,0,Sunny,8,0
2024-05-11,Paneer Butter Masala,Main Course,6,2.04,652.8,Saturday,1,0,Sunny,13,0
2024-05-11,Dal Makhani,Main Course,18,5.14,1644.8,Saturday,1,0,Sunny,13,0
2024-05-11,Chicken Biryani,Main Course,12,3.51,1123.2,Saturday,1,0,Sunny,13,0
2024-05-11,Mutton Rogan Josh,Main Course,30,8.91,2851.2,Saturday,1,0,Sunny,13,0
2024-05-11,Paneer Tikka,Starters,21,3.82,955.0,Saturday,1,0,Sunny,13,0
2024-05-11,Chicken Tandoori,Starters,16,2.71,677.5,Saturday,1,0,Sunny,13,0
2024-05-11,Veg Spring Rolls,Starters,23,3.28,820.0,Saturday,1,0,Sunny,13,0
2024-05-11,Fish Amritsari,Starters,33,5.27,1317.5,Saturday,1,0,Sunny,13,0
2024-05-11,Butter Naan,Breads,7,0.47,56.4,Saturday,1,0,Sunny,13,0
2024-05-11,Garlic Naan,Breads,16,1.21,145.2,Saturday,1,0,Sunny,13,0
2024-05-11,Tandoori Roti,Breads,26,1.55,186.0,Saturday,1,0,Sunny,13,0
2024-05-11,Gulab Jamun,Desserts,14,1.89,529.2,Saturday,1,0,Sunny,13,0
2024-05-11,Ras Malai,Desserts,7,0.83,232.4,Saturday,1,0,Sunny,13,0
2024-05-11,Kheer,Desserts,16,1.98,554.4,Saturday,1,0,Sunny,13,0
2024-05-11,Kulfi,Desserts,23,3.17,887.6,Saturday,1,0,Sunny,13,0
2024-05-12,Paneer Butter Masala,Main Course,7,2.21,707.2,Sunday,1,0,Cloudy,14,0
2024-05-12,Dal Makhani,Main Course,25,6.36,2035.2,Sunday,1,0,Cloudy,14,0
2024-05-12,Chicken Biryani,Main Course,9,2.27,726.4,Sunday,1,0,Cloudy,14,0
2024-05-12,Mutton Rogan Josh,Main Course,19,5.45,1744.0,Sunday,1,0,Cloudy,14,0
2024-05-12,Paneer Tikka,Starters,19,3.29,822.5,Sunday,1,0,Cloudy,14,0
2024-05-12,Chicken Tandoori,Starters,14,2.62,655.0,Sunday,1,0,Cloudy,14,0
2024-05-12,Veg Spring Rolls,Starters,22,3.89,972.5,Sunday,1,0,Cloudy,14,0
2024-05-12,Fish Amritsari,Starters,28,5.56,1390.0,Sunday,1,0,Cloudy,14,0
2024-05-12,Butter Naan,Breads,5,0.33,39.6,Sunday,1,0,Cloudy,14,0
2024-05-12,Garlic Naan,Breads,23,1.49,178.8,Sunday,1,0,Cloudy,14,0
2024-05-12,Tandoori Roti,Breads,35,2.54,304.8,Sunday,1,0,Cloudy,14,0
2024-05-12,Gulab Jamun,Desserts,8,1.01,282.8,Sunday,1,0,Cloudy,14,0
2024-05-12,Ras Malai,Desserts,15,2.17,607.6,Sunday,1,0,Cloudy,14,0
2024-05-12,Kheer,Desserts,10,1.3,364.0,Sunday,1,0,Cloudy,14,0
2024-05-12,Kulfi,Desserts,17,2.18,610.4,Sunday,1,0,Cloudy,14,0
2024-05-13,Paneer Butter Masala,Main Course,6,1.65,528.0,Monday,0,0,Sunny,9,0
2024-05-13,Dal Makhani,Main Course,10,3.28,1049.6,Monday,0,0,Sunny,9,0
2024-05-13,Chicken Biryani,Main Course,8,2.69,860.8,Monday,0,0,Sunny,9,0
2024-05-13,Mutton Rogan Josh,Main Course,11,3.71,1187.2,Monday,0,0,Sunny,9,0
2024-05-13,Paneer Tikka,Starters,19,3.32,830.0,Monday,0,0,Sunny,9,0
2024-05-13,Chicken Tandoori,Starters,10,1.95,487.5,Monday,0,0,Sunny,9,0
2024-05-13,Veg Spring Rolls,Starters,12,2.36,590.0,Monday,0,0,Sunny,9,0
2024-05-13,Fish Amritsari,Starters,18,2.53,632.5,Monday,0,0,Sunny,9,0
2024-05-13,Butter Naan,Breads,48,3.66,439.2,Monday,0,0,Sunny,9,0
2024-05-13,Garlic Naan,Breads,51,3.51,421.2,Monday,0,0,Sunny,9,0
2024-05-13,Tandoori Roti,Breads,15,1.08,129.6,Monday,0,0,Sunny,9,0
2024-05-13,Gulab Jamun,Desserts,14,1.51,422.8,Monday,0,0,Sunny,9,0
2024-05-13,Ras Malai,Desserts,11,1.41,394.8,Monday,0,0,Sunny,9,0
2024-05-13,Kheer,Desserts,7,0.86,240.8,Monday,0,0,Sunny,9,0
2024-05-13,Kulfi,Desserts,15,1.87,523.6,Monday,0,0,Sunny,9,0
2024-05-14,Paneer Butter Masala,Main Course,1,0.31,99.2,Tuesday,0,0,Cloudy,9,0
2024-05-14,Dal Makhani,Main Course,16,4.69,1500.8,Tuesday,0,0,Cloudy,9,0
2024-05-14,Chicken Biryani,Main Course,8,1.97,630.4,Tuesday,0,0,Cloudy,9,0
2024-05-14,Mutton Rogan Josh,Main Course,20,6.56,2099.2,Tuesday,0,0,Cloudy,9,0
2024-05-14,Paneer Tikka,Starters,17,2.74,685.0,Tuesday,0,0,Cloudy,9,0
2024-05-14,Chicken Tandoori,Starters,7,1.11,277.5,Tuesday,0,0,Cloudy,9,0
2024-05-14,Veg Spring Rolls,Starters,21,3.5,875.0,Tuesday,0,0,Cloudy,9,0
2024-05-14,Fish Amritsari,Starters,23,4.22,1055.0,Tuesday,0,0,Cloudy,9,0
2024-05-14,Butter Naan,Breads,11,0.65,78.0,Tuesday,0,0,Cloudy,9,0
2024-05-14,Garlic Naan,Breads,18,1.29,154.8,Tuesday,0,0,Cloudy,9,0
2024-05-14,Tandoori Roti,Breads,26,1.89,226.8,Tuesday,0,0,Cloudy,9,0
2024-05-14,Gulab Jamun,Desserts,28,3.73,1044.4,Tuesday,0,0,Cloudy,9,0
2024-05-14,Ras Malai,Desserts,10,1.21,338.8,Tuesday,0,0,Cloudy,9,0
2024-05-14,Kheer,Desserts,11,1.24,347.2,Tuesday,0,0,Cloudy,9,0
2024-05-14,Kulfi,Desserts,11,1.63,456.4,Tuesday,0,0,Cloudy,9,0
2024-05-15,Paneer Butter Masala,Main Course,5,1.32,422.4,Wednesday,0,0,Sunny,12,0
2024-05-15,Dal Makhani,Main Course,15,3.77,1206.4,Wednesday,0,0,Sunny,12,0
2024-05-15,Chicken Biryani,Main Course,7,1.88,601.6,Wednesday,0,0,Sunny,12,0
2024-05-15,Mutton Rogan Josh,Main Course,16,4.35,1392.0,Wednesday,0,0,Sunny,12,0
2024-05-15,Paneer Tikka,Starters,4,0.63,157.5,Wednesday,0,0,Sunny,12,0
2024-05-15,Chicken Tandoori,Starters,11,1.65,412.5,Wednesday,0,0,Sunny,12,0
2024-05-15,Veg Spring Rolls,Starters,8,1.19,297.5,Wednesday,0,0,Sunny,12,0
2024-05-15,Fish Amritsari,Starters,26,4.69,1172.5,Wednesday,0,0,Sunny,12,0
2024-05-15,Butter Naan,Breads,15,0.94,112.8,Wednesday,0,0,Sunny,12,0
2024-05-15,Garlic Naan,Breads,25,1.64,196.8,Wednesday,0,0,Sunny,12,0
2024-05-15,Tandoori Roti,Breads,17,0.99,118.8,Wednesday,0,0,Sunny,12,0
2024-05-15,Gulab Jamun,Desserts,11,1.62,453.6,Wednesday,0,0,Sunny,12,0
2024-05-15,Ras Malai,Desserts,6,0.77,215.6,Wednesday,0,0,Sunny,12,0
2024-05-15,Kheer,Desserts,3,0.39,109.2,Wednesday,0,0,Sunny,12,0
2024-05-15,Kulfi,Desserts,19,2.42,677.6,Wednesday,0,0,Sunny,12,0
2024-05-16,Paneer Butter Masala,Main Course,4,1.28,409.6,Thursday,0,0,Cloudy,9,0
2024-05-16,Dal Makhani,Main Course,13,4.49,1436.8,Thursday,0,0,Cloudy,9,0
2024-05-16,Chicken Biryani,Main Course,9,2.6,832.0,Thursday,0,0,Cloudy,9,0
2024-05-16,Mutton Rogan Josh,Main Course,14,4.4,1408.0,Thursday,0,0,Cloudy,9,0
2024-05-16,Paneer Tikka,Starters,16,2.92,730.0,Thursday,0,0,Cloudy,9,0
2024-05-16,Chicken Tandoori,Starters,4,0.57,142.5,Thursday,0,0,Cloudy,9,0
2024-05-16,Veg Spring Rolls,Starters,5,0.94,235.0,Thursday,0,0,Cloudy,9,0
2024-05-16,Fish Amritsari,Starters,21,2.97,742.5,Thursday,0,0,Cloudy,9,0
2024-05-16,Butter Naan,Breads,4,0.26,31.2,Thursday,0,0,Cloudy,9,0
2024-05-16,Garlic Naan,Breads,5,0.36,43.2,Thursday,0,0,Cloudy,9,0
2024-05-16,Tandoori Roti,Breads,23,1.52,182.4,Thursday,0,0,Cloudy,9,0
2024-05-16,Gulab Jamun,Desserts,8,0.98,274.4,Thursday,0,0,Cloudy,9,0
2024-05-16,Ras Malai,Desserts,5,0.58,162.4,Thursday,0,0,Cloudy,9,0
2024-05-16,Kheer,Desserts,3,0.41,114.8,Thursday,0,0,Cloudy,9,0
2024-05-16,Kulfi,Desserts,13,1.9,532.0,Thursday,0,0,Cloudy,9,0
2024-05-17,Paneer Butter Masala,Main Course,8,2.1,672.0,Friday,0,0,Cloudy,9,0
2024-05-17,Dal Makhani,Main Course,5,1.39,444.8,Friday,0,0,Cloudy,9,0
2024-05-17,Chicken Biryani,Main Course,2,0.64,204.8,Friday,0,0,Cloudy,9,0
2024-05-17,Mutton Rogan Josh,Main Course,11,3.77,1206.4,Friday,0,0,Cloudy,9,0
2024-05-17,Paneer Tikka,Starters,13,2.1,525.0,Friday,0,0,Cloudy,9,0
2024-05-17,Chicken Tandoori,Starters,17,2.8,700.0,Friday,0,0,Cloudy,9,0
2024-05-17,Veg Spring Rolls,Starters,14,2.39,597.5,Friday,0,0,Cloudy,9,0
2024-05-17,Fish Amritsari,Starters,22,3.27,817.5,Friday,0,0,Cloudy,9,0
2024-05-17,Butter Naan,Breads,9,0.66,79.2,Friday,0,0,Cloudy,9,0
2024-05-17,Garlic Naan,Breads,55,3.46,415.2,Friday,0,0,Cloudy,9,0
2024-05-17,Tandoori Roti,Breads,18,1.43,171.6,Friday,0,0,Cloudy,9,0
2024-05-17,Gulab Jamun,Desserts,10,1.24,347.2,Friday,0,0,Cloudy,9,0
2024-05-17,Ras Malai,Desserts,11,1.42,397.6,Friday,0,0,Cloudy,9,0
2024-05-17,Kheer,Desserts,4,0.55,154.0,Friday,0,0,Cloudy,9,0
2024-05-17,Kulfi,Desserts,45,5.74,1607.2,Friday,0,0,Cloudy,9,0
2024-05-18,Paneer Butter Masala,Main Course,10,2.63,841.6,Saturday,1,0,Sunny,10,0
2024-05-18,Dal Makhani,Main Course,9,2.88,921.6,Saturday,1,0,Sunny,10,0
2024-05-18,Chicken Biryani,Main Course,2,0.53,169.6,Saturday,1,0,Sunny,10,0
2024-05-18,Mutton Rogan Josh,Main Course,25,7.36,2355.2,Saturday,1,0,Sunny,10,0
2024-05-18,Paneer Tikka,Starters,11,1.99,497.5,Saturday,1,0,Sunny,10,0
2024-05-18,Chicken Tandoori,Starters,17,2.39,597.5,Saturday,1,0,Sunny,10,0
2024-05-18,Veg Spring Rolls,Starters,7,1.09,272.5,Saturday,1,0,Sunny,10,0
2024-05-18,Fish Amritsari,Starters,34,6.66,1665.0,Saturday,1,0,Sunny,10,0
2024-05-18,Butter Naan,Breads,12,0.74,88.8,Saturday,1,0,Sunny,10,0
2024-05-18,Garlic Naan,Breads,28,1.7,204.0,Saturday,1,0,Sunny,10,0
2024-05-18,Tandoori Roti,Breads,9,0.71,85.2,Saturday,1,0,Sunny,10,0
2024-05-18,Gulab Jamun,Desserts,6,0.8,224.0,Saturday,1,0,Sunny,10,0
2024-05-18,Ras Malai,Desserts,4,0.56,156.8,Saturday,1,0,Sunny,10,0
2024-05-18,Kheer,Desserts,13,1.83,512.4,Saturday,1,0,Sunny,10,0
2024-05-18,Kulfi,Desserts,9,1.19,333.2,Saturday,1,0,Sunny,10,0
2024-05-19,Paneer Butter Masala,Main Course,12,3.57,1142.4,Sunday,1,0,Sunny,13,0
2024-05-19,Dal Makhani,Main Course,17,4.19,1340.8,Sunday,1,0,Sunny,13,0
2024-05-19,Chicken Biryani,Main Course,6,1.88,601.6,Sunday,1,0,Sunny,13,0
2024-05-19,Mutton Rogan Josh,Main Course,15,3.88,1241.6,Sunday,1,0,Sunny,13,0
2024-05-19,Paneer Tikka,Starters,16,2.95,737.5,Sunday,1,0,Sunny,13,0
2024-05-19,Chicken Tandoori,Starters,4,0.59,147.5,Sunday,1,0,Sunny,13,0
2024-05-19,Veg Spring Rolls,Starters,24,4.74,1185.0,Sunday,1,0,Sunny,13,0
2024-05-19,Fish Amritsari,Starters,30,4.84,1210.0,Sunday,1,0,Sunny,13,0
2024-05-19,Butter Naan,Breads,9,0.61,73.2,Sunday,1,0,Sunny,13,0
2024-05-19,Garlic Naan,Breads,24,1.79,214.8,Sunday,1,0,Sunny,13,0
2024-05-19,Tandoori Roti,Breads,27,1.62,194.4,Sunday,1,0,Sunny,13,0
2024-05-19,Gulab Jamun,Desserts,75,9.08,2542.4,Sunday,1,0,Sunny,13,0
2024-05-19,Ras Malai,Desserts,3,0.37,103.6,Sunday,1,0,Sunny,13,0
2024-05-19,Kheer,Desserts,7,0.99,277.2,Sunday,1,0,Sunny,13,0
2024-05-19,Kulfi,Desserts,19,2.77,775.6,Sunday,1,0,Sunny,13,0
2024-05-20,Paneer Butter Masala,Main Course,9,2.52,806.4,Monday,0,0,Sunny,11,0
2024-05-20,Dal Makhani,Main Course,5,1.71,547.2,Monday,0,0,Sunny,11,0
2024-05-20,Chicken Biryani,Main Course,10,2.66,851.2,Monday,0,0,Sunny,11,0
2024-05-20,Mutton Rogan Josh,Main Course,19,5.18,1657.6,Monday,0,0,Sunny,11,0
2024-05-20,Paneer Tikka,Starters,10,1.43,357.5,Monday,0,0,Sunny,11,0
2024-05-20,Chicken Tandoori,Starters,7,1.16,290.0,Monday,0,0,Sunny,11,0
2024-05-20,Veg Spring Rolls,Starters,14,2.01,502.5,Monday,0,0,Sunny,11,0
2024-05-20,Fish Amritsari,Starters,15,2.37,592.5,Monday,0,0,Sunny,11,0
2024-05-20,Butter Naan,Breads,5,0.37,44.4,Monday,0,0,Sunny,11,0
2024-05-20,Garlic Naan,Breads,10,0.76,91.2,Monday,0,0,Sunny,11,0
2024-05-20,Tandoori Roti,Breads,25,1.49,178.8,Monday,0,0,Sunny,11,0
2024-05-20,Gulab Jamun,Desserts,3,0.43,120.4,Monday,0,0,Sunny,11,0
2024-05-20,Ras Malai,Desserts,10,1.2,336.0,Monday,0,0,Sunny,11,0
2024-05-20,Kheer,Desserts,11,1.38,386.4,Monday,0,0,Sunny,11,0
2024-05-20,Kulfi,Desserts,28,3.62,1013.6,Monday,0,0,Sunny,11,0
2024-05-21,Paneer Butter Masala,Main Course,6,2.0,640.0,Tuesday,0,0,Sunny,8,0
2024-05-21,Dal Makhani,Main Course,6,1.61,515.2,Tuesday,0,0,Sunny,8,0
2024-05-21,Chicken Biryani,Main Course,7,2.21,707.2,Tuesday,0,0,Sunny,8,0
2024-05-21,Mutton Rogan Josh,Main Course,10,2.46,787.2,Tuesday,0,0,Sunny,8,0
2024-05-21,Paneer Tikka,Starters,16,2.56,640.0,Tuesday,0,0,Sunny,8,0
2024-05-21,Chicken Tandoori,Starters,10,1.71,427.5,Tuesday,0,0,Sunny,8,0
2024-05-21,Veg Spring Rolls,Starters,14,2.1,525.0,Tuesday,0,0,Sunny,8,0
2024-05-21,Fish Amritsari,Starters,15,2.31,577.5,Tuesday,0,0,Sunny,8,0
2024-05-21,Butter Naan,Breads,9,0.61,73.2,Tuesday,0,0,Sunny,8,0
2024-05-21,Garlic Naan,Breads,11,0.81,97.2,Tuesday,0,0,Sunny,8,0
2024-05-21,Tandoori Roti,Breads,24,1.9,228.0,Tuesday,0,0,Sunny,8,0
2024-05-21,Gulab Jamun,Desserts,8,1.01,282.8,Tuesday,0,0,Sunny,8,0
2024-05-21,Ras Malai,Desserts,3,0.36,100.8,Tuesday,0,0,Sunny,8,0
2024-05-21,Kheer,Desserts,9,1.3,364.0,Tuesday,0,0,Sunny,8,0
2024-05-21,Kulfi,Desserts,13,1.84,515.2,Tuesday,0,0,Sunny,8,0
2024-05-22,Paneer Butter Masala,Main Course,3,1.03,329.6,Wednesday,0,0,Sunny,8,0
2024-05-22,Dal Makhani,Main Course,14,3.92,1254.4,Wednesday,0,0,Sunny,8,0
2024-05-22,Chicken Biryani,Main Course,5,1.24,396.8,Wednesday,0,0,Sunny,8,0
2024-05-22,Mutton Rogan Josh,Main Course,12,3.86,1235.2,Wednesday,0,0,Sunny,8,0
2024-05-22,Paneer Tikka,Starters,16,2.25,562.5,Wednesday,0,0,Sunny,8,0
2024-05-22,Chicken Tandoori,Starters,13,2.02,505.0,Wednesday,0,0,Sunny,8,0
2024-05-22,Veg Spring Rolls,Starters,18,2.53,632.5,Wednesday,0,0,Sunny,8,0
2024-05-22,Fish Amritsari,Starters,14,2.51,627.5,Wednesday,0,0,Sunny,8,0
2024-05-22,Butter Naan,Breads,2,0.15,18.0,Wednesday,0,0,Sunny,8,0
2024-05-22,Garlic Naan,Breads,20,1.26,151.2,Wednesday,0,0,Sunny,8,0
2024-05-22,Tandoori Roti,Breads,26,1.54,184.8,Wednesday,0,0,Sunny,8,0
2024-05-22,Gulab Jamun,Desserts,7,0.93,260.4,Wednesday,0,0,Sunny,8,0
2024-05-22,Ras Malai,Desserts,13,1.94,543.2,Wednesday,0,0,Sunny,8,0
2024-05-22,Kheer,Desserts,8,0.99,277.2,Wednesday,0,0,Sunny,8,0
2024-05-22,Kulfi,Desserts,11,1.42,397.6,Wednesday,0,0,Sunny,8,0
2024-05-23,Paneer Butter Masala,Main Course,3,0.81,259.2,Thursday,0,0,Sunny,8,0
2024-05-23,Dal Makhani,Main Course,7,2.32,742.4,Thursday,0,0,Sunny,8,0
2024-05-23,Chicken Biryani,Main Course,9,2.33,745.6,Thursday,0,0,Sunny,8,0
2024-05-23,Mutton Rogan Josh,Main Course,14,4.77,1526.4,Thursday,0,0,Sunny,8,0
2024-05-23,Paneer Tikka,Starters,13,2.42,605.0,Thursday,0,0,Sunny,8,0
2024-05-23,Chicken Tandoori,Starters,18,2.59,647.5,Thursday,0,0,Sunny,8,0
2024-05-23,Veg Spring Rolls,Starters,8,1.29,322.5,Thursday,0,0,Sunny,8,0
2024-05-23,Fish Amritsari,Starters,12,1.87,467.5,Thursday,0,0,Sunny,8,0
2024-05-23,Butter Naan,Breads,8,0.54,64.8,Thursday,0,0,Sunny,8,0
2024-05-23,Garlic Naan,Breads,22,1.41,169.2,Thursday,0,0,Sunny,8,0
2024-05-23,Tandoori Roti,Breads,12,0.81,97.2,Thursday,0,0,Sunny,8,0
2024-05-23,Gulab Jamun,Desserts,32,3.61,1010.8,Thursday,0,0,Sunny,8,0
2024-05-23,Ras Malai,Desserts,6,0.83,232.4,Thursday,0,0,Sunny,8,0
2024-05-23,Kheer,Desserts,8,1.1,308.0,Thursday,0,0,Sunny,8,0
2024-05-23,Kulfi,Desserts,10,1.32,369.6,Thursday,0,0,Sunny,8,0
2024-05-24,Paneer Butter Masala,Main Course,29,9.17,2934.4,Friday,0,0,Cloudy,9,0
2024-05-24,Dal Makhani,Main Course,12,4.09,1308.8,Friday,0,0,Cloudy,9,0
2024-05-24,Chicken Biryani,Main Course,9,3.04,972.8,Friday,0,0,Cloudy,9,0
2024-05-24,Mutton Rogan Josh,Main Course,16,4.72,1510.4,Friday,0,0,Cloudy,9,0
2024-05-24,Paneer Tikka,Starters,12,1.87,467.5,Friday,0,0,Cloudy,9,0
2024-05-24,Chicken Tandoori,Starters,11,1.84,460.0,Friday,0,0,Cloudy,9,0
2024-05-24,Veg Spring Rolls,Starters,7,1.2,300.0,Friday,0,0,Cloudy,9,0
2024-05-24,Fish Amritsari,Starters,19,3.66,915.0,Friday,0,0,Cloudy,9,0
2024-05-24,Butter Naan,Breads,13,0.86,103.2,Friday,0,0,Cloudy,9,0
2024-05-24,Garlic Naan,Breads,16,1.08,129.6,Friday,0,0,Cloudy,9,0
2024-05-24,Tandoori Roti,Breads,17,1.17,140.4,Friday,0,0,Cloudy,9,0
2024-05-24,Gulab Jamun,Desserts,4,0.45,126.0,Friday,0,0,Cloudy,9,0
2024-05-24,Ras Malai,Desserts,12,1.36,380.8,Friday,0,0,Cloudy,9,0
2024-05-24,Kheer,Desserts,6,0.65,182.0,Friday,0,0,Cloudy,9,0
2024-05-24,Kulfi,Desserts,7,0.81,226.8,Friday,0,0,Cloudy,9,0
2024-05-25,Paneer Butter Masala,Main Course,3,0.94,300.8,Saturday,1,0,Cloudy,14,1
2024-05-25,Dal Makhani,Main Course,18,6.02,1926.4,Saturday,1,0,Cloudy,14,1
2024-05-25,Chicken Biryani,Main Course,3,0.96,307.2,Saturday,1,0,Cloudy,14,1
2024-05-25,Mutton Rogan Josh,Main Course,20,5.49,1756.8,Saturday,1,0,Cloudy,14,1
2024-05-25,Paneer Tikka,Starters,8,1.42,355.0,Saturday,1,0,Cloudy,14,1
2024-05-25,Chicken Tandoori,Starters,13,2.14,535.0,Saturday,1,0,Cloudy,14,1
2024-05-25,Veg Spring Rolls,Starters,22,3.93,982.5,Saturday,1,0,Cloudy,14,1
2024-05-25,Fish Amritsari,Starters,44,7.27,1817.5,Saturday,1,0,Cloudy,14,1
2024-05-25,Butter Naan,Breads,18,1.15,138.0,Saturday,1,0,Cloudy,14,1
2024-05-25,Garlic Naan,Breads,27,2.0,240.0,Saturday,1,0,Cloudy,14,1
2024-05-25,Tandoori Roti,Breads,12,0.76,91.2,Saturday,1,0,Cloudy,14,1
2024-05-25,Gulab Jamun,Desserts,9,1.21,338.8,Saturday,1,0,Cloudy,14,1
2024-05-25,Ras Malai,Desserts,5,0.57,159.6,Saturday,1,0,Cloudy,14,1
2024-05-25,Kheer,Desserts,13,1.78,498.4,Saturday,1,0,Cloudy,14,1
2024-05-25,Kulfi,Desserts,13,1.4,392.0,Saturday,1,0,Cloudy,14,1
2024-05-26,Paneer Butter Masala,Main Course,7,2.33,745.6,Sunday,1,0,Sunny,15,0
2024-05-26,Dal Makhani,Main Course,15,4.27,1366.4,Sunday,1,0,Sunny,15,0
2024-05-26,Chicken Biryani,Main Course,12,3.48,1113.6,Sunday,1,0,Sunny,15,0
2024-05-26,Mutton Rogan Josh,Main Course,24,5.9,1888.0,Sunday,1,0,Sunny,15,0
2024-05-26,Paneer Tikka,Starters,12,2.38,595.0,Sunday,1,0,Sunny,15,0
2024-05-26,Chicken Tandoori,Starters,19,3.62,905.0,Sunday,1,0,Sunny,15,0
2024-05-26,Veg Spring Rolls,Starters,10,2.0,500.0,Sunday,1,0,Sunny,15,0
2024-05-26,Fish Amritsari,Starters,17,3.31,827.5,Sunday,1,0,Sunny,15,0
2024-05-26,Butter Naan,Breads,16,0.92,110.4,Sunday,1,0,Sunny,15,0
2024-05-26,Garlic Naan,Breads,22,1.35,162.0,Sunday,1,0,Sunny,15,0
2024-05-26,Tandoori Roti,Breads,35,2.17,260.4,Sunday,1,0,Sunny,15,0
2024-05-26,Gulab Jamun,Desserts,22,2.55,714.0,Sunday,1,0,Sunny,15,0
2024-05-26,Ras Malai,Desserts,15,2.16,604.8,Sunday,1,0,Sunny,15,0
2024-05-26,Kheer,Desserts,9,1.23,344.4,Sunday,1,0,Sunny,15,0
2024-05-26,Kulfi,Desserts,17,2.05,574.0,Sunday,1,0,Sunny,15,0
2024-05-27,Paneer Butter Masala,Main Course,2,0.59,188.8,Monday,0,0,Rainy,9,0
2024-05-27,Dal Makhani,Main Course,10,3.06,979.2,Monday,0,0,Rainy,9,0
2024-05-27,Chicken Biryani,Main Course,3,0.76,243.2,Monday,0,0,Rainy,9,0
2024-05-27,Mutton Rogan Josh,Main Course,19,6.41,2051.2,Monday,0,0,Rainy,9,0
2024-05-27,Paneer Tikka,Starters,4,0.56,140.0,Monday,0,0,Rainy,9,0
2024-05-27,Chicken Tandoori,Starters,5,0.88,220.0,Monday,0,0,Rainy,9,0
2024-05-27,Veg Spring Rolls,Starters,13,2.21,552.5,Monday,0,0,Rainy,9,0
2024-05-27,Fish Amritsari,Starters,18,3.07,767.5,Monday,0,0,Rainy,9,0
2024-05-27,Butter Naan,Breads,5,0.31,37.2,Monday,0,0,Rainy,9,0
2024-05-27,Garlic Naan,Breads,7,0.41,49.2,Monday,0,0,Rainy,9,0
2024-05-27,Tandoori Roti,Breads,8,0.62,74.4,Monday,0,0,Rainy,9,0
2024-05-27,Gulab Jamun,Desserts,6,0.64,179.2,Monday,0,0,Rainy,9,0
2024-05-27,Ras Malai,Desserts,8,1.02,285.6,Monday,0,0,Rainy,9,0
2024-05-27,Kheer,Desserts,9,1.01,282.8,Monday,0,0,Rainy,9,0
2024-05-27,Kulfi,Desserts,12,1.58,442.4,Monday,0,0,Rainy,9,0
2024-05-28,Paneer Butter Masala,Main Course,7,2.32,742.4,Tuesday,0,0,Cloudy,8,0
2024-05-28,Dal Makhani,Main Course,17,5.16,1651.2,Tuesday,0,0,Cloudy,8,0
2024-05-28,Chicken Biryani,Main Course,4,1.31,419.2,Tuesday,0,0,Cloudy,8,0
2024-05-28,Mutton Rogan Josh,Main Course,11,3.66,1171.2,Tuesday,0,0,Cloudy,8,0
2024-05-28,Paneer Tikka,Starters,17,2.86,715.0,Tuesday,0,0,Cloudy,8,0
2024-05-28,Chicken Tandoori,Starters,14,2.38,595.0,Tuesday,0,0,Cloudy,8,0
2024-05-28,Veg Spring Rolls,Starters,14,2.6,650.0,Tuesday,0,0,Cloudy,8,0
2024-05-28,Fish Amritsari,Starters,26,4.26,1065.0,Tuesday,0,0,Cloudy,8,0
2024-05-28,Butter Naan,Breads,2,0.16,19.2,Tuesday,0,0,Cloudy,8,0
2024-05-28,Garlic Naan,Breads,7,0.47,56.4,Tuesday,0,0,Cloudy,8,0
2024-05-28,Tandoori Roti,Breads,71,4.76,571.2,Tuesday,0,0,Cloudy,8,0
2024-05-28,Gulab Jamun,Desserts,13,1.77,495.6,Tuesday,0,0,Cloudy,8,0
2024-05-28,Ras Malai,Desserts,13,1.4,392.0,Tuesday,0,0,Cloudy,8,0
2024-05-28,Kheer,Desserts,6,0.81,226.8,Tuesday,0,0,Cloudy,8,0
2024-05-28,Kulfi,Desserts,7,0.89,249.2,Tuesday,0,0,Cloudy,8,0
2024-05-29,Paneer Butter Masala,Main Course,7,2.34,748.8,Wednesday,0,0,Stormy,8,0
2024-05-29,Dal Makhani,Main Course,3,0.84,268.8,Wednesday,0,0,Stormy,8,0
2024-05-29,Chicken Biryani,Main Course,6,1.86,595.2,Wednesday,0,0,Stormy,8,0
2024-05-29,Mutton Rogan Josh,Main Course,11,2.74,876.8,Wednesday,0,0,Stormy,8,0
2024-05-29,Paneer Tikka,Starters,15,2.39,597.5,Wednesday,0,0,Stormy,8,0
2024-05-29,Chicken Tandoori,Starters,11,1.88,470.0,Wednesday,0,0,Stormy,8,0
2024-05-29,Veg Spring Rolls,Starters,14,2.43,607.5,Wednesday,0,0,Stormy,8,0
2024-05-29,Fish Amritsari,Starters,14,2.48,620.0,Wednesday,0,0,Stormy,8,0
2024-05-29,Butter Naan,Breads,5,0.36,43.2,Wednesday,0,0,Stormy,8,0
2024-05-29,Garlic Naan,Breads,16,1.19,142.8,Wednesday,0,0,Stormy,8,0
2024-05-29,Tandoori Roti,Breads,23,1.3,156.0,Wednesday,0,0,Stormy,8,0
2024-05-29,Gulab Jamun,Desserts,5,0.54,151.2,Wednesday,0,0,Stormy,8,0
2024-05-29,Ras Malai,Desserts,8,0.87,243.6,Wednesday,0,0,Stormy,8,0
2024-05-29,Kheer,Desserts,6,0.8,224.0,Wednesday,0,0,Stormy,8,0
2024-05-29,Kulfi,Desserts,7,1.04,291.2,Wednesday,0,0,Stormy,8,0
2024-05-30,Paneer Butter Masala,Main Course,4,1.29,412.8,Thursday,0,0,Rainy,10,0
2024-05-30,Dal Makhani,Main Course,15,4.16,1331.2,Thursday,0,0,Rainy,10,0
2024-05-30,Chicken Biryani,Main Course,2,0.54,172.8,Thursday,0,0,Rainy,10,0
2024-05-30,Mutton Rogan Josh,Main Course,9,3.08,985.6,Thursday,0,0,Rainy,10,0
2024-05-30,Paneer Tikka,Starters,9,1.42,355.0,Thursday,0,0,Rainy,10,0
2024-05-30,Chicken Tandoori,Starters,4,0.79,197.5,Thursday,0,0,Rainy,10,0
2024-05-30,Veg Spring Rolls,Starters,18,2.96,740.0,Thursday,0,0,Rainy,10,0
2024-05-30,Fish Amritsari,Starters,20,3.19,797.5,Thursday,0,0,Rainy,10,0
2024-05-30,Butter Naan,Breads,4,0.3,36.0,Thursday,0,0,Rainy,10,0
2024-05-30,Garlic Naan,Breads,17,1.3,156.0,Thursday,0,0,Rainy,10,0
2024-05-30,Tandoori Roti,Breads,15,0.87,104.4,Thursday,0,0,Rainy,10,0
2024-05-30,Gulab Jamun,Desserts,11,1.48,414.4,Thursday,0,0,Rainy,10,0
2024-05-30,Ras Malai,Desserts,9,1.21,338.8,Thursday,0,0,Rainy,10,0
2024-05-30,Kheer,Desserts,4,0.52,145.6,Thursday,0,0,Rainy,10,0
2024-05-30,Kulfi,Desserts,12,1.54,431.2,Thursday,0,0,Rainy,10,0
2024-05-31,Paneer Butter Masala,Main Course,9,2.75,880.0,Friday,0,0,Rainy,11,0
2024-05-31,Dal Makhani,Main Course,10,3.2,1024.0,Friday,0,0,Rainy,11,0
2024-05-31,Chicken Biryani,Main Course,4,1.15,368.0,Friday,0,0,Rainy,11,0
2024-05-31,Mutton Rogan Josh,Main Course,9,3.09,988.8,Friday,0,0,Rainy,11,0
2024-05-31,Paneer Tikka,Starters,7,1.16,290.0,Friday,0,0,Rainy,11,0
2024-05-31,Chicken Tandoori,Starters,13,2.05,512.5,Friday,0,0,Rainy,11,0
2024-05-31,Veg Spring Rolls,Starters,12,2.39,597.5,Friday,0,0,Rainy,11,0
2024-05-31,Fish Amritsari,Starters,20,3.4,850.0,Friday,0,0,Rainy,11,0
2024-05-31,Butter Naan,Breads,8,0.59,70.8,Friday,0,0,Rainy,11,0
2024-05-31,Garlic Naan,Breads,11,0.75,90.0,Friday,0,0,Rainy,11,0
2024-05-31,Tandoori Roti,Breads,18,1.12,134.4,Friday,0,0,Rainy,11,0
2024-05-31,Gulab Jamun,Desserts,8,0.93,260.4,Friday,0,0,Rainy,11,0
2024-05-31,Ras Malai,Desserts,12,1.66,464.8,Friday,0,0,Rainy,11,0
2024-05-31,Kheer,Desserts,4,0.59,165.2,Friday,0,0,Rainy,11,0
2024-05-31,Kulfi,Desserts,12,1.76,492.8,Friday,0,0,Rainy,11,0
2024-06-01,Paneer Butter Masala,Main Course,2,0.52,166.4,Saturday,1,0,Sunny,12,1
2024-06-01,Dal Makhani,Main Course,7,1.77,566.4,Saturday,1,0,Sunny,12,1
2024-06-01,Chicken Biryani,Main Course,9,2.23,713.6,Saturday,1,0,Sunny,12,1
2024-06-01,Mutton Rogan Josh,Main Course,24,7.98,2553.6,Saturday,1,0,Sunny,12,1
2024-06-01,Paneer Tikka,Starters,10,1.8,450.0,Saturday,1,0,Sunny,12,1
2024-06-01,Chicken Tandoori,Starters,9,1.74,435.0,Saturday,1,0,Sunny,12,1
2024-06-01,Veg Spring Rolls,Starters,18,3.14,785.0,Saturday,1,0,Sunny,12,1
2024-06-01,Fish Amritsari,Starters,29,5.79,1447.5,Saturday,1,0,Sunny,12,1
2024-06-01,Butter Naan,Breads,17,1.17,140.4,Saturday,1,0,Sunny,12,1
2024-06-01,Garlic Naan,Breads,74,5.23,627.6,Saturday,1,0,Sunny,12,1
2024-06-01,Tandoori Roti,Breads,30,2.03,243.6,Saturday,1,0,Sunny,12,1
2024-06-01,Gulab Jamun,Desserts,15,2.1,588.0,Saturday,1,0,Sunny,12,1
2024-06-01,Ras Malai,Desserts,10,1.31,366.8,Saturday,1,0,Sunny,12,1
2024-06-01,Kheer,Desserts,5,0.53,148.4,Saturday,1,0,Sunny,12,1
2024-06-01,Kulfi,Desserts,14,1.57,439.6,Saturday,1,0,Sunny,12,1
2024-06-02,Paneer Butter Masala,Main Course,6,1.61,515.2,Sunday,1,0,Rainy,14,0
2024-06-02,Dal Makhani,Main Course,9,2.54,812.8,Sunday,1,0,Rainy,14,0
2024-06-02,Chicken Biryani,Main Course,6,1.74,556.8,Sunday,1,0,Rainy,14,0
2024-06-02,Mutton Rogan Josh,Main Course,20,6.47,2070.4,Sunday,1,0,Rainy,14,0
2024-06-02,Paneer Tikka,Starters,19,3.23,807.5,Sunday,1,0,Rainy,14,0
2024-06-02,Chicken Tandoori,Starters,9,1.31,327.5,Sunday,1,0,Rainy,14,0
2024-06-02,Veg Spring Rolls,Starters,20,3.21,802.5,Sunday,1,0,Rainy,14,0
2024-06-02,Fish Amritsari,Starters,16,2.41,602.5,Sunday,1,0,Rainy,14,0
2024-06-02,Butter Naan,Breads,11,0.64,76.8,Sunday,1,0,Rainy,14,0
2024-06-02,Garlic Naan,Breads,8,0.63,75.6,Sunday,1,0,Rainy,14,0
2024-06-02,Tandoori Roti,Breads,30,1.95,234.0,Sunday,1,0,Rainy,14,0
2024-06-02,Gulab Jamun,Desserts,8,1.11,310.8,Sunday,1,0,Rainy,14,0
2024-06-02,Ras Malai,Desserts,4,0.52,145.6,Sunday,1,0,Rainy,14,0
2024-06-02,Kheer,Desserts,5,0.62,173.6,Sunday,1,0,Rainy,14,0
2024-06-02,Kulfi,Desserts,7,0.95,266.0,Sunday,1,0,Rainy,14,0
2024-06-03,Paneer Butter Masala,Main Course,1,0.25,80.0,Monday,0,0,Rainy,11,0
2024-06-03,Dal Makhani,Main Course,8,2.0,640.0,Monday,0,0,Rainy,11,0
2024-06-03,Chicken Biryani,Main Course,2,0.57,182.4,Monday,0,0,Rainy,11,0
2024-06-03,Mutton Rogan Josh,Main Course,11,2.85,912.0,Monday,0,0,Rainy,11,0
2024-06-03,Paneer Tikka,Starters,7,1.28,320.0,Monday,0,0,Rainy,11,0
2024-06-03,Chicken Tandoori,Starters,4,0.67,167.5,Monday,0,0,Rainy,11,0
2024-06-03,Veg Spring Rolls,Starters,13,2.22,555.0,Monday,0,0,Rainy,11,0
2024-06-03,Fish Amritsari,Starters,15,2.71,677.5,Monday,0,0,Rainy,11,0
2024-06-03,Butter Naan,Breads,10,0.71,85.2,Monday,0,0,Rainy,11,0
2024-06-03,Garlic Naan,Breads,13,1.04,124.8,Monday,0,0,Rainy,11,0
2024-06-03,Tandoori Roti,Breads,9,0.56,67.2,Monday,0,0,Rainy,11,0
2024-06-03,Gulab Jamun,Desserts,8,0.87,243.6,Monday,0,0,Rainy,11,0
2024-06-03,Ras Malai,Desserts,5,0.57,159.6,Monday,0,0,Rainy,11,0
2024-06-03,Kheer,Desserts,3,0.35,98.0,Monday,0,0,Rainy,11,0
2024-06-03,Kulfi,Desserts,11,1.57,439.6,Monday,0,0,Rainy,11,0
2024-06-04,Paneer Butter Masala,Main Course,6,1.79,572.8,Tuesday,0,0,Rainy,11,0
2024-06-04,Dal Makhani,Main Course,5,1.54,492.8,Tuesday,0,0,Rainy,11,0
2024-06-04,Chicken Biryani,Main Course,4,1.08,345.6,Tuesday,0,0,Rainy,11,0
2024-06-04,Mutton Rogan Josh,Main Course,12,4.02,1286.4,Tuesday,0,0,Rainy,11,0
2024-06-04,Paneer Tikka,Starters,12,2.12,530.0,Tuesday,0,0,Rainy,11,0
2024-06-04,Chicken Tandoori,Starters,5,0.8,200.0,Tuesday,0,0,Rainy,11,0
2024-06-04,Veg Spring Rolls,Starters,5,0.95,237.5,Tuesday,0,0,Rainy,11,0
2024-06-04,Fish Amritsari,Starters,10,1.62,405.0,Tuesday,0,0,Rainy,11,0
2024-06-04,Butter Naan,Breads,7,0.54,64.8,Tuesday,0,0,Rainy,11,0
2024-06-04,Garlic Naan,Breads,41,2.61,313.2,Tuesday,0,0,Rainy,11,0
2024-06-04,Tandoori Roti,Breads,5,0.38,45.6,Tuesday,0,0,Rainy,11,0
2024-06-04,Gulab Jamun,Desserts,3,0.36,100.8,Tuesday,0,0,Rainy,11,0
2024-06-04,Ras Malai,Desserts,5,0.53,148.4,Tuesday,0,0,Rainy,11,0
2024-06-04,Kheer,Desserts,2,0.25,70.0,Tuesday,0,0,Rainy,11,0
2024-06-04,Kulfi,Desserts,10,1.45,406.0,Tuesday,0,0,Rainy,11,0
2024-06-05,Paneer Butter Masala,Main Course,5,1.44,460.8,Wednesday,0,0,Stormy,9,0
2024-06-05,Dal Makhani,Main Course,17,5.48,1753.6,Wednesday,0,0,Stormy,9,0
2024-06-05,Chicken Biryani,Main Course,3,1.01,323.2,Wednesday,0,0,Stormy,9,0
2024-06-05,Mutton Rogan Josh,Main Course,12,2.99,956.8,Wednesday,0,0,Stormy,9,0
2024-06-05,Paneer Tikka,Starters,7,1.24,310.0,Wednesday,0,0,Stormy,9,0
2024-06-05,Chicken Tandoori,Starters,8,1.29,322.5,Wednesday,0,0,Stormy,9,0
2024-06-05,Veg Spring Rolls,Starters,7,1.22,305.0,Wednesday,0,0,Stormy,9,0
2024-06-05,Fish Amritsari,Starters,12,1.72,430.0,Wednesday,0,0,Stormy,9,0
2024-06-05,Butter Naan,Breads,3,0.19,22.8,Wednesday,0,0,Stormy,9,0
2024-06-05,Garlic Naan,Breads,8,0.5,60.0,Wednesday,0,0,Stormy,9,0
2024-06-05,Tandoori Roti,Breads,5,0.39,46.8,Wednesday,0,0,Stormy,9,0
2024-06-05,Gulab Jamun,Desserts,2,0.21,58.8,Wednesday,0,0,Stormy,9,0
2024-06-05,Ras Malai,Desserts,6,0.78,218.4,Wednesday,0,0,Stormy,9,0
2024-06-05,Kheer,Desserts,4,0.42,117.6,Wednesday,0,0,Stormy,9,0
2024-06-05,Kulfi,Desserts,8,1.13,316.4,Wednesday,0,0,Stormy,9,0
2024-06-06,Paneer Butter Masala,Main Course,3,0.96,307.2,Thursday,0,0,Stormy,11,0
2024-06-06,Dal Makhani,Main Course,5,1.43,457.6,Thursday,0,0,Stormy,11,0
2024-06-06,Chicken Biryani,Main Course,6,1.88,601.6,Thursday,0,0,Stormy,11,0
2024-06-06,Mutton Rogan Josh,Main Course,12,4.12,1318.4,Thursday,0,0,Stormy,11,0
2024-06-06,Paneer Tikka,Starters,5,0.73,182.5,Thursday,0,0,Stormy,11,0
2024-06-06,Chicken Tandoori,Starters,4,0.58,145.0,Thursday,0,0,Stormy,11,0
2024-06-06,Veg Spring Rolls,Starters,9,1.55,387.5,Thursday,0,0,Stormy,11,0
2024-06-06,Fish Amritsari,Starters,14,2.21,552.5,Thursday,0,0,Stormy,11,0
2024-06-06,Butter Naan,Breads,8,0.61,73.2,Thursday,0,0,Stormy,11,0
2024-06-06,Garlic Naan,Breads,15,1.06,127.2,Thursday,0,0,Stormy,11,0
2024-06-06,Tandoori Roti,Breads,14,0.97,116.4,Thursday,0,0,Stormy,11,0
2024-06-06,Gulab Jamun,Desserts,5,0.7,196.0,Thursday,0,0,Stormy,11,0
2024-06-06,Ras Malai,Desserts,6,0.71,198.8,Thursday,0,0,Stormy,11,0
2024-06-06,Kheer,Desserts,3,0.45,126.0,Thursday,0,0,Stormy,11,0
2024-06-06,Kulfi,Desserts,6,0.83,232.4,Thursday,0,0,Stormy,11,0
2024-06-07,Paneer Butter Masala,Main Course,4,1.34,428.8,Friday,0,0,Sunny,10,0
2024-06-07,Dal Makhani,Main Course,10,3.31,1059.2,Friday,0,0,Sunny,10,0
2024-06-07,Chicken Biryani,Main Course,1,0.35,112.0,Friday,0,0,Sunny,10,0
2024-06-07,Mutton Rogan Josh,Main Course,16,5.0,1600.0,Friday,0,0,Sunny,10,0
2024-06-07,Paneer Tikka,Starters,4,0.66,165.0,Friday,0,0,Sunny,10,0
2024-06-07,Chicken Tandoori,Starters,6,1.18,295.0,Friday,0,0,Sunny,10,0
2024-06-07,Veg Spring Rolls,Starters,10,1.8,450.0,Friday,0,0,Sunny,10,0
2024-06-07,Fish Amritsari,Starters,20,3.05,762.5,Friday,0,0,Sunny,10,0
2024-06-07,Butter Naan,Breads,10,0.56,67.2,Friday,0,0,Sunny,10,0
2024-06-07,Garlic Naan,Breads,7,0.52,62.4,Friday,0,0,Sunny,10,0
2024-06-07,Tandoori Roti,Breads,18,1.09,130.8,Friday,0,0,Sunny,10,0
2024-06-07,Gulab Jamun,Desserts,12,1.3,364.0,Friday,0,0,Sunny,10,0
2024-06-07,Ras Malai,Desserts,21,2.71,758.8,Friday,0,0,Sunny,10,0
2024-06-07,Kheer,Desserts,7,0.76,212.8,Friday,0,0,Sunny,10,0
2024-06-07,Kulfi,Desserts,6,0.88,246.4,Friday,0,0,Sunny,10,0
2024-06-08,Paneer Butter Masala,Main Course,4,1.14,364.8,Saturday,1,0,Rainy,13,0
2024-06-08,Dal Makhani,Main Course,14,4.78,1529.6,Saturday,1,0,Rainy,13,0
2024-06-08,Chicken Biryani,Main Course,3,0.75,240.0,Saturday,1,0,Rainy,13,0
2024-06-08,Mutton Rogan Josh,Main Course,15,4.91,1571.2,Saturday,1,0,Rainy,13,0
2024-06-08,Paneer Tikka,Starters,11,2.08,520.0,Saturday,1,0,Rainy,13,0
2024-06-08,Chicken Tandoori,Starters,33,5.07,1267.5,Saturday,1,0,Rainy,13,0
2024-06-08,Veg Spring Rolls,Starters,13,2.37,592.5,Saturday,1,0,Rainy,13,0
2024-06-08,Fish Amritsari,Starters,15,2.49,622.5,Saturday,1,0,Rainy,13,0
2024-06-08,Butter Naan,Breads,11,0.72,86.4,Saturday,1,0,Rainy,13,0
2024-06-08,Garlic Naan,Breads,7,0.46,55.2,Saturday,1,0,Rainy,13,0
2024-06-08,Tandoori Roti,Breads,6,0.4,48.0,Saturday,1,0,Rainy,13,0
2024-06-08,Gulab Jamun,Desserts,8,1.07,299.6,Saturday,1,0,Rainy,13,0
2024-06-08,Ras Malai,Desserts,8,1.16,324.8,Saturday,1,0,Rainy,13,0
2024-06-08,Kheer,Desserts,9,1.3,364.0,Saturday,1,0,Rainy,13,0
2024-06-08,Kulfi,Desserts,13,1.64,459.2,Saturday,1,0,Rainy,13,0
2024-06-09,Paneer Butter Masala,Main Course,30,8.61,2755.2,Sunday,1,0,Cloudy,12,0
2024-06-09,Dal Makhani,Main Course,5,1.4,448.0,Sunday,1,0,Cloudy,12,0
2024-06-09,Chicken Biryani,Main Course,8,2.49,796.8,Sunday,1,0,Cloudy,12,0
2024-06-09,Mutton Rogan Josh,Main Course,14,4.41,1411.2,Sunday,1,0,Cloudy,12,0
2024-06-09,Paneer Tikka,Starters,6,0.86,215.0,Sunday,1,0,Cloudy,12,0
2024-06-09,Chicken Tandoori,Starters,7,1.04,260.0,Sunday,1,0,Cloudy,12,0
2024-06-09,Veg Spring Rolls,Starters,6,0.92,230.0,Sunday,1,0,Cloudy,12,0
2024-06-09,Fish Amritsari,Starters,27,4.15,1037.5,Sunday,1,0,Cloudy,12,0
2024-06-09,Butter Naan,Breads,16,0.99,118.8,Sunday,1,0,Cloudy,12,0
2024-06-09,Garlic Naan,Breads,9,0.59,70.8,Sunday,1,0,Cloudy,12,0
2024-06-09,Tandoori Roti,Breads,28,2.05,246.0,Sunday,1,0,Cloudy,12,0
2024-06-09,Gulab Jamun,Desserts,13,1.92,537.6,Sunday,1,0,Cloudy,12,0
2024-06-09,Ras Malai,Desserts,10,1.38,386.4,Sunday,1,0,Cloudy,12,0
2024-06-09,Kheer,Desserts,11,1.57,439.6,Sunday,1,0,Cloudy,12,0
2024-06-09,Kulfi,Desserts,17,2.38,666.4,Sunday,1,0,Cloudy,12,0
2024-06-10,Paneer Butter Masala,Main Course,3,0.98,313.6,Monday,0,0,Stormy,12,0
2024-06-10,Dal Makhani,Main Course,3,0.95,304.0,Monday,0,0,Stormy,12,0
2024-06-10,Chicken Biryani,Main Course,4,1.05,336.0,Monday,0,0,Stormy,12,0
2024-06-10,Mutton Rogan Josh,Main Course,7,2.09,668.8,Monday,0,0,Stormy,12,0
2024-06-10,Paneer Tikka,Starters,5,0.73,182.5,Monday,0,0,Stormy,12,0
2024-06-10,Chicken Tandoori,Starters,4,0.73,182.5,Monday,0,0,Stormy,12,0
2024-06-10,Veg Spring Rolls,Starters,3,0.54,135.0,Monday,0,0,Stormy,12,0
2024-06-10,Fish Amritsari,Starters,9,1.43,357.5,Monday,0,0,Stormy,12,0
2024-06-10,Butter Naan,Breads,10,0.74,88.8,Monday,0,0,Stormy,12,0
2024-06-10,Garlic Naan,Breads,19,1.18,141.6,Monday,0,0,Stormy,12,0
2024-06-10,Tandoori Roti,Breads,14,0.81,97.2,Monday,0,0,Stormy,12,0
2024-06-10,Gulab Jamun,Desserts,9,1.02,285.6,Monday,0,0,Stormy,12,0
2024-06-10,Ras Malai,Desserts,4,0.49,137.2,Monday,0,0,Stormy,12,0
2024-06-10,Kheer,Desserts,15,1.9,532.0,Monday,0,0,Stormy,12,0
2024-06-10,Kulfi,Desserts,4,0.42,117.6,Monday,0,0,Stormy,12,0
2024-06-11,Paneer Butter Masala,Main Course,3,0.84,268.8,Tuesday,0,0,Cloudy,12,0
2024-06-11,Dal Makhani,Main Course,12,4.05,1296.0,Tuesday,0,0,Cloudy,12,0
2024-06-11,Chicken Biryani,Main Course,4,1.22,390.4,Tuesday,0,0,Cloudy,12,0
2024-06-11,Mutton Rogan Josh,Main Course,15,3.79,1212.8,Tuesday,0,0,Cloudy,12,0
2024-06-11,Paneer Tikka,Starters,10,1.96,490.0,Tuesday,0,0,Cloudy,12,0
2024-06-11,Chicken Tandoori,Starters,5,0.91,227.5,Tuesday,0,0,Cloudy,12,0
2024-06-11,Veg Spring Rolls,Starters,3,0.57,142.5,Tuesday,0,0,Cloudy,12,0
2024-06-11,Fish Amritsari,Starters,43,6.87,1717.5,Tuesday,0,0,Cloudy,12,0
2024-06-11,Butter Naan,Breads,2,0.15,18.0,Tuesday,0,0,Cloudy,12,0
2024-06-11,Garlic Naan,Breads,16,0.93,111.6,Tuesday,0,0,Cloudy,12,0
2024-06-11,Tandoori Roti,Breads,15,1.07,128.4,Tuesday,0,0,Cloudy,12,0
2024-06-11,Gulab Jamun,Desserts,5,0.7,196.0,Tuesday,0,0,Cloudy,12,0
2024-06-11,Ras Malai,Desserts,3,0.35,98.0,Tuesday,0,0,Cloudy,12,0
2024-06-11,Kheer,Desserts,6,0.73,204.4,Tuesday,0,0,Cloudy,12,0
2024-06-11,Kulfi,Desserts,8,1.04,291.2,Tuesday,0,0,Cloudy,12,0
2024-06-12,Paneer Butter Masala,Main Course,6,2.0,640.0,Wednesday,0,0,Cloudy,8,0
2024-06-12,Dal Makhani,Main Course,4,1.33,425.6,Wednesday,0,0,Cloudy,8,0
2024-06-12,Chicken Biryani,Main Course,5,1.64,524.8,Wednesday,0,0,Cloudy,8,0
2024-06-12,Mutton Rogan Josh,Main Course,13,3.28,1049.6,Wednesday,0,0,Cloudy,8,0
2024-06-12,Paneer Tikka,Starters,4,0.62,155.0,Wednesday,0,0,Cloudy,8,0
2024-06-12,Chicken Tandoori,Starters,3,0.54,135.0,Wednesday,0,0,Cloudy,8,0
2024-06-12,Veg Spring Rolls,Starters,6,0.97,242.5,Wednesday,0,0,Cloudy,8,0
2024-06-12,Fish Amritsari,Starters,23,4.18,1045.0,Wednesday,0,0,Cloudy,8,0
2024-06-12,Butter Naan,Breads,8,0.52,62.4,Wednesday,0,0,Cloudy,8,0
2024-06-12,Garlic Naan,Breads,4,0.27,32.4,Wednesday,0,0,Cloudy,8,0
2024-06-12,Tandoori Roti,Breads,23,1.49,178.8,Wednesday,0,0,Cloudy,8,0
2024-06-12,Gulab Jamun,Desserts,10,1.41,394.8,Wednesday,0,0,Cloudy,8,0
2024-06-12,Ras Malai,Desserts,3,0.41,114.8,Wednesday,0,0,Cloudy,8,0
2024-06-12,Kheer,Desserts,3,0.36,100.8,Wednesday,0,0,Cloudy,8,0
2024-06-12,Kulfi,Desserts,8,0.91,254.8,Wednesday,0,0,Cloudy,8,0
2024-06-13,Paneer Butter Masala,Main Course,2,0.61,195.2,Thursday,0,0,Sunny,12,0
2024-06-13,Dal Makhani,Main Course,5,1.65,528.0,Thursday,0,0,Sunny,12,0
2024-06-13,Chicken Biryani,Main Course,5,1.72,550.4,Thursday,0,0,Sunny,12,0
2024-06-13,Mutton Rogan Josh,Main Course,15,4.95,1584.0,Thursday,0,0,Sunny,12,0
2024-06-13,Paneer Tikka,Starters,8,1.53,382.5,Thursday,0,0,Sunny,12,0
2024-06-13,Chicken Tandoori,Starters,14,2.31,577.5,Thursday,0,0,Sunny,12,0
2024-06-13,Veg Spring Rolls,Starters,4,0.75,187.5,Thursday,0,0,Sunny,12,0
2024-06-13,Fish Amritsari,Starters,15,2.78,695.0,Thursday,0,0,Sunny,12,0
2024-06-13,Butter Naan,Breads,11,0.82,98.4,Thursday,0,0,Sunny,12,0
2024-06-13,Garlic Naan,Breads,9,0.65,78.0,Thursday,0,0,Sunny,12,0
2024-06-13,Tandoori Roti,Breads,22,1.7,204.0,Thursday,0,0,Sunny,12,0
2024-06-13,Gulab Jamun,Desserts,6,0.74,207.2,Thursday,0,0,Sunny,12,0
2024-06-13,Ras Malai,Desserts,3,0.38,106.4,Thursday,0,0,Sunny,12,0
2024-06-13,Kheer,Desserts,7,1.01,282.8,Thursday,0,0,Sunny,12,0
2024-06-13,Kulfi,Desserts,12,1.61,450.8,Thursday,0,0,Sunny,12,0
2024-06-14,Paneer Butter Masala,Main Course,3,0.79,252.8,Friday,0,0,Cloudy,8,0
2024-06-14,Dal Makhani,Main Course,8,2.16,691.2,Friday,0,0,Cloudy,8,0
2024-06-14,Chicken Biryani,Main Course,7,1.95,624.0,Friday,0,0,Cloudy,8,0
2024-06-14,Mutton Rogan Josh,Main Course,14,3.83,1225.6,Friday,0,0,Cloudy,8,0
2024-06-14,Paneer Tikka,Starters,14,2.02,505.0,Friday,0,0,Cloudy,8,0
2024-06-14,Chicken Tandoori,Starters,9,1.49,372.5,Friday,0,0,Cloudy,8,0
2024-06-14,Veg Spring Rolls,Starters,4,0.77,192.5,Friday,0,0,Cloudy,8,0
2024-06-14,Fish Amritsari,Starters,14,2.36,590.0,Friday,0,0,Cloudy,8,0
2024-06-14,Butter Naan,Breads,4,0.29,34.8,Friday,0,0,Cloudy,8,0
2024-06-14,Garlic Naan,Breads,19,1.25,150.0,Friday,0,0,Cloudy,8,0
2024-06-14,Tandoori Roti,Breads,6,0.42,50.4,Friday,0,0,Cloudy,8,0
2024-06-14,Gulab Jamun,Desserts,9,1.19,333.2,Friday,0,0,Cloudy,8,0
2024-06-14,Ras Malai,Desserts,2,0.24,67.2,Friday,0,0,Cloudy,8,0
2024-06-14,Kheer,Desserts,2,0.28,78.4,Friday,0,0,Cloudy,8,0
2024-06-14,Kulfi,Desserts,9,1.22,341.6,Friday,0,0,Cloudy,8,0
2024-06-15,Paneer Butter Masala,Main Course,11,3.05,976.0,Saturday,1,0,Sunny,10,1
2024-06-15,Dal Makhani,Main Course,13,3.41,1091.2,Saturday,1,0,Sunny,10,1
2024-06-15,Chicken Biryani,Main Course,9,2.64,844.8,Saturday,1,0,Sunny,10,1
2024-06-15,Mutton Rogan Josh,Main Course,20,5.49,1756.8,Saturday,1,0,Sunny,10,1
2024-06-15,Paneer Tikka,Starters,10,1.56,390.0,Saturday,1,0,Sunny,10,1
2024-06-15,Chicken Tandoori,Starters,14,2.72,680.0,Saturday,1,0,Sunny,10,1
2024-06-15,Veg Spring Rolls,Starters,22,3.22,805.0,Saturday,1,0,Sunny,10,1
2024-06-15,Fish Amritsari,Starters,22,4.4,1100.0,Saturday,1,0,Sunny,10,1
2024-06-15,Butter Naan,Breads,5,0.36,43.2,Saturday,1,0,Sunny,10,1
2024-06-15,Garlic Naan,Breads,30,1.73,207.6,Saturday,1,0,Sunny,10,1
2024-06-15,Tandoori Roti,Breads,31,1.83,219.6,Saturday,1,0,Sunny,10,1
2024-06-15,Gulab Jamun,Desserts,12,1.57,439.6,Saturday,1,0,Sunny,10,1
2024-06-15,Ras Malai,Desserts,15,1.66,464.8,Saturday,1,0,Sunny,10,1
2024-06-15,Kheer,Desserts,6,0.71,198.8,Saturday,1,0,Sunny,10,1
2024-06-15,Kulfi,Desserts,12,1.61,450.8,Saturday,1,0,Sunny,10,1
2024-06-16,Paneer Butter Masala,Main Course,9,2.26,723.2,Sunday,1,0,Rainy,14,0
2024-06-16,Dal Makhani,Main Course,8,2.32,742.4,Sunday,1,0,Rainy,14,0
2024-06-16,Chicken Biryani,Main Course,2,0.56,179.2,Sunday,1,0,Rainy,14,0
2024-06-16,Mutton Rogan Josh,Main Course,13,4.3,1376.0,Sunday,1,0,Rainy,14,0
2024-06-16,Paneer Tikka,Starters,11,1.98,495.0,Sunday,1,0,Rainy,14,0
2024-06-16,Chicken Tandoori,Starters,5,0.85,212.5,Sunday,1,0,Rainy,14,0
2024-06-16,Veg Spring Rolls,Starters,4,0.56,140.0,Sunday,1,0,Rainy,14,0
2024-06-16,Fish Amritsari,Starters,31,5.05,1262.5,Sunday,1,0,Rainy,14,0
2024-06-16,Butter Naan,Breads,2,0.15,18.0,Sunday,1,0,Rainy,14,0
2024-06-16,Garlic Naan,Breads,10,0.72,86.4,Sunday,1,0,Rainy,14,0
2024-06-16,Tandoori Roti,Breads,17,1.23,147.6,Sunday,1,0,Rainy,14,0
2024-06-16,Gulab Jamun,Desserts,8,1.11,310.8,Sunday,1,0,Rainy,14,0
2024-06-16,Ras Malai,Desserts,6,0.84,235.2,Sunday,1,0,Rainy,14,0
2024-06-16,Kheer,Desserts,9,1.31,366.8,Sunday,1,0,Rainy,14,0
2024-06-16,Kulfi,Desserts,15,2.05,574.0,Sunday,1,0,Rainy,14,0
2024-06-17,Paneer Butter Masala,Main Course,3,0.97,310.4,Monday,0,0,Stormy,11,0
2024-06-17,Dal Makhani,Main Course,3,0.87,278.4,Monday,0,0,Stormy,11,0
2024-06-17,Chicken Biryani,Main Course,5,1.72,550.4,Monday,0,0,Stormy,11,0
2024-06-17,Mutton Rogan Josh,Main Course,10,3.26,1043.2,Monday,0,0,Stormy,11,0
2024-06-17,Paneer Tikka,Starters,9,1.58,395.0,Monday,0,0,Stormy,11,0
2024-06-17,Chicken Tandoori,Starters,12,1.69,422.5,Monday,0,0,Stormy,11,0
2024-06-17,Veg Spring Rolls,Starters,4,0.8,200.0,Monday,0,0,Stormy,11,0
2024-06-17,Fish Amritsari,Starters,9,1.79,447.5,Monday,0,0,Stormy,11,0
2024-06-17,Butter Naan,Breads,3,0.21,25.2,Monday,0,0,Stormy,11,0
2024-06-17,Garlic Naan,Breads,9,0.68,81.6,Monday,0,0,Stormy,11,0
2024-06-17,Tandoori Roti,Breads,37,2.59,310.8,Monday,0,0,Stormy,11,0
2024-06-17,Gulab Jamun,Desserts,6,0.83,232.4,Monday,0,0,Stormy,11,0
2024-06-17,Ras Malai,Desserts,4,0.51,142.8,Monday,0,0,Stormy,11,0
2024-06-17,Kheer,Desserts,8,0.9,252.0,Monday,0,0,Stormy,11,0
2024-06-17,Kulfi,Desserts,11,1.5,420.0,Monday,0,0,Stormy,11,0
2024-06-18,Paneer Butter Masala,Main Course,7,2.13,681.6,Tuesday,0,0,Sunny,11,1
2024-06-18,Dal Makhani,Main Course,7,1.81,579.2,Tuesday,0,0,Sunny,11,1
2024-06-18,Chicken Biryani,Main Course,7,2.37,758.4,Tuesday,0,0,Sunny,11,1
2024-06-18,Mutton Rogan Josh,Main Course,20,6.33,2025.6,Tuesday,0,0,Sunny,11,1
2024-06-18,Paneer Tikka,Starters,8,1.49,372.5,Tuesday,0,0,Sunny,11,1
2024-06-18,Chicken Tandoori,Starters,31,5.68,1420.0,Tuesday,0,0,Sunny,11,1
2024-06-18,Veg Spring Rolls,Starters,10,1.47,367.5,Tuesday,0,0,Sunny,11,1
2024-06-18,Fish Amritsari,Starters,21,3.8,950.0,Tuesday,0,0,Sunny,11,1
2024-06-18,Butter Naan,Breads,13,0.87,104.4,Tuesday,0,0,Sunny,11,1
2024-06-18,Garlic Naan,Breads,7,0.48,57.6,Tuesday,0,0,Sunny,11,1
2024-06-18,Tandoori Roti,Breads,9,0.6,72.0,Tuesday,0,0,Sunny,11,1
2024-06-18,Gulab Jamun,Desserts,5,0.68,190.4,Tuesday,0,0,Sunny,11,1
2024-06-18,Ras Malai,Desserts,3,0.34,95.2,Tuesday,0,0,Sunny,11,1
2024-06-18,Kheer,Desserts,4,0.45,126.0,Tuesday,0,0,Sunny,11,1
2024-06-18,Kulfi,Desserts,12,1.63,456.4,Tuesday,0,0,Sunny,11,1
2024-06-19,Paneer Butter Masala,Main Course,7,1.98,633.6,Wednesday,0,0,Sunny,10,0
2024-06-19,Dal Makhani,Main Course,11,3.38,1081.6,Wednesday,0,0,Sunny,10,0
2024-06-19,Chicken Biryani,Main Course,4,1.24,396.8,Wednesday,0,0,Sunny,10,0
2024-06-19,Mutton Rogan Josh,Main Course,10,2.84,908.8,Wednesday,0,0,Sunny,10,0
2024-06-19,Paneer Tikka,Starters,11,1.56,390.0,Wednesday,0,0,Sunny,10,0
2024-06-19,Chicken Tandoori,Starters,5,0.75,187.5,Wednesday,0,0,Sunny,10,0
2024-06-19,Veg Spring Rolls,Starters,8,1.33,332.5,Wednesday,0,0,Sunny,10,0
2024-06-19,Fish Amritsari,Starters,45,6.72,1680.0,Wednesday,0,0,Sunny,10,0
2024-06-19,Butter Naan,Breads,36,2.49,298.8,Wednesday,0,0,Sunny,10,0
2024-06-19,Garlic Naan,Breads,11,0.8,96.0,Wednesday,0,0,Sunny,10,0
2024-06-19,Tandoori Roti,Breads,22,1.3,156.0,Wednesday,0,0,Sunny,10,0
2024-06-19,Gulab Jamun,Desserts,7,0.77,215.6,Wednesday,0,0,Sunny,10,0
2024-06-19,Ras Malai,Desserts,4,0.58,162.4,Wednesday,0,0,Sunny,10,0
2024-06-19,Kheer,Desserts,7,1.02,285.6,Wednesday,0,0,Sunny,10,0
2024-06-19,Kulfi,Desserts,8,1.13,316.4,Wednesday,0,0,Sunny,10,0
2024-06-20,Paneer Butter Masala,Main Course,3,1.04,332.8,Thursday,0,0,Cloudy,10,0
2024-06-20,Dal Makhani,Main Course,3,0.75,240.0,Thursday,0,0,Cloudy,10,0
2024-06-20,Chicken Biryani,Main Course,3,0.8,256.0,Thursday,0,0,Cloudy,10,0
2024-06-20,Mutton Rogan Josh,Main Course,26,7.45,2384.0,Thursday,0,0,Cloudy,10,0
2024-06-20,Paneer Tikka,Starters,6,0.94,235.0,Thursday,0,0,Cloudy,10,0
2024-06-20,Chicken Tandoori,Starters,7,1.29,322.5,Thursday,0,0,Cloudy,10,0
2024-06-20,Veg Spring Rolls,Starters,5,0.74,185.0,Thursday,0,0,Cloudy,10,0
2024-06-20,Fish Amritsari,Starters,12,2.15,537.5,Thursday,0,0,Cloudy,10,0
2024-06-20,Butter Naan,Breads,10,0.77,92.4,Thursday,0,0,Cloudy,10,0
2024-06-20,Garlic Naan,Breads,13,0.77,92.4,Thursday,0,0,Cloudy,10,0
2024-06-20,Tandoori Roti,Breads,17,1.03,123.6,Thursday,0,0,Cloudy,10,0
2024-06-20,Gulab Jamun,Desserts,11,1.44,403.2,Thursday,0,0,Cloudy,10,0
2024-06-20,Ras Malai,Desserts,11,1.19,333.2,Thursday,0,0,Cloudy,10,0
2024-06-20,Kheer,Desserts,4,0.53,148.4,Thursday,0,0,Cloudy,10,0
2024-06-20,Kulfi,Desserts,11,1.58,442.4,Thursday,0,0,Cloudy,10,0
2024-06-21,Paneer Butter Masala,Main Course,6,1.54,492.8,Friday,0,0,Rainy,10,0
2024-06-21,Dal Makhani,Main Course,11,3.49,1116.8,Friday,0,0,Rainy,10,0
2024-06-21,Chicken Biryani,Main Course,4,1.38,441.6,Friday,0,0,Rainy,10,0
2024-06-21,Mutton Rogan Josh,Main Course,10,2.7,864.0,Friday,0,0,Rainy,10,0
2024-06-21,Paneer Tikka,Starters,5,0.95,237.5,Friday,0,0,Rainy,10,0
2024-06-21,Chicken Tandoori,Starters,11,1.64,410.0,Friday,0,0,Rainy,10,0
2024-06-21,Veg Spring Rolls,Starters,8,1.4,350.0,Friday,0,0,Rainy,10,0
2024-06-21,Fish Amritsari,Starters,11,1.75,437.5,Friday,0,0,Rainy,10,0
2024-06-21,Butter Naan,Breads,3,0.17,20.4,Friday,0,0,Rainy,10,0
2024-06-21,Garlic Naan,Breads,10,0.7,84.0,Friday,0,0,Rainy,10,0
2024-06-21,Tandoori Roti,Breads,7,0.47,56.4,Friday,0,0,Rainy,10,0
2024-06-21,Gulab Jamun,Desserts,2,0.28,78.4,Friday,0,0,Rainy,10,0
2024-06-21,Ras Malai,Desserts,7,0.76,212.8,Friday,0,0,Rainy,10,0
2024-06-21,Kheer,Desserts,8,1.03,288.4,Friday,0,0,Rainy,10,0
2024-06-21,Kulfi,Desserts,8,1.18,330.4,Friday,0,0,Rainy,10,0
2024-06-22,Paneer Butter Masala,Main Course,11,3.1,992.0,Saturday,1,0,Cloudy,14,1
2024-06-22,Dal Makhani,Main Course,7,2.03,649.6,Saturday,1,0,Cloudy,14,1
2024-06-22,Chicken Biryani,Main Course,4,1.34,428.8,Saturday,1,0,Cloudy,14,1
2024-06-22,Mutton Rogan Josh,Main Course,21,7.18,2297.6,Saturday,1,0,Cloudy,14,1
2024-06-22,Paneer Tikka,Starters,9,1.75,437.5,Saturday,1,0,Cloudy,14,1
2024-06-22,Chicken Tandoori,Starters,18,3.56,890.0,Saturday,1,0,Cloudy,14,1
2024-06-22,Veg Spring Rolls,Starters,7,1.18,295.0,Saturday,1,0,Cloudy,14,1
2024-06-22,Fish Amritsari,Starters,29,5.21,1302.5,Saturday,1,0,Cloudy,14,1
2024-06-22,Butter Naan,Breads,6,0.46,55.2,Saturday,1,0,Cloudy,14,1
2024-06-22,Garlic Naan,Breads,15,1.06,127.2,Saturday,1,0,Cloudy,14,1
2024-06-22,Tandoori Roti,Breads,10,0.59,70.8,Saturday,1,0,Cloudy,14,1
2024-06-22,Gulab Jamun,Desserts,7,0.84,235.2,Saturday,1,0,Cloudy,14,1
2024-06-22,Ras Malai,Desserts,10,1.2,336.0,Saturday,1,0,Cloudy,14,1
2024-06-22,Kheer,Desserts,9,1.05,294.0,Saturday,1,0,Cloudy,14,1
2024-06-22,Kulfi,Desserts,19,2.27,635.6,Saturday,1,0,Cloudy,14,1
2024-06-23,Paneer Butter Masala,Main Course,2,0.63,201.6,Sunday,1,0,Sunny,13,0
2024-06-23,Dal Makhani,Main Course,5,1.27,406.4,Sunday,1,0,Sunny,13,0
2024-06-23,Chicken Biryani,Main Course,3,0.8,256.0,Sunday,1,0,Sunny,13,0
2024-06-23,Mutton Rogan Josh,Main Course,13,3.97,1270.4,Sunday,1,0,Sunny,13,0
2024-06-23,Paneer Tikka,Starters,19,3.38,845.0,Sunday,1,0,Sunny,13,0
2024-06-23,Chicken Tandoori,Starters,12,2.0,500.0,Sunday,1,0,Sunny,13,0
2024-06-23,Veg Spring Rolls,Starters,18,3.22,805.0,Sunday,1,0,Sunny,13,0
2024-06-23,Fish Amritsari,Starters,16,2.28,570.0,Sunday,1,0,Sunny,13,0
2024-06-23,Butter Naan,Breads,5,0.39,46.8,Sunday,1,0,Sunny,13,0
2024-06-23,Garlic Naan,Breads,26,1.86,223.2,Sunday,1,0,Sunny,13,0
2024-06-23,Tandoori Roti,Breads,29,2.17,260.4,Sunday,1,0,Sunny,13,0
2024-06-23,Gulab Jamun,Desserts,11,1.36,380.8,Sunday,1,0,Sunny,13,0
2024-06-23,Ras Malai,Desserts,4,0.6,168.0,Sunday,1,0,Sunny,13,0
2024-06-23,Kheer,Desserts,8,1.18,330.4,Sunday,1,0,Sunny,13,0
2024-06-23,Kulfi,Desserts,13,1.64,459.2,Sunday,1,0,Sunny,13,0
2024-06-24,Paneer Butter Masala,Main Course,3,0.95,304.0,Monday,0,0,Stormy,10,0
2024-06-24,Dal Makhani,Main Course,9,2.41,771.2,Monday,0,0,Stormy,10,0
2024-06-24,Chicken Biryani,Main Course,6,1.74,556.8,Monday,0,0,Stormy,10,0
2024-06-24,Mutton Rogan Josh,Main Course,11,3.61,1155.2,Monday,0,0,Stormy,10,0
2024-06-24,Paneer Tikka,Starters,13,1.97,492.5,Monday,0,0,Stormy,10,0
2024-06-24,Chicken Tandoori,Starters,2,0.39,97.5,Monday,0,0,Stormy,10,0
2024-06-24,Veg Spring Rolls,Starters,12,2.04,510.0,Monday,0,0,Stormy,10,0
2024-06-24,Fish Amritsari,Starters,13,2.09,522.5,Monday,0,0,Stormy,10,0
2024-06-24,Butter Naan,Breads,3,0.22,26.4,Monday,0,0,Stormy,10,0
2024-06-24,Garlic Naan,Breads,14,1.07,128.4,Monday,0,0,Stormy,10,0
2024-06-24,Tandoori Roti,Breads,13,0.79,94.8,Monday,0,0,Stormy,10,0
2024-06-24,Gulab Jamun,Desserts,4,0.5,140.0,Monday,0,0,Stormy,10,0
2024-06-24,Ras Malai,Desserts,7,0.75,210.0,Monday,0,0,Stormy,10,0
2024-06-24,Kheer,Desserts,7,0.85,238.0,Monday,0,0,Stormy,10,0
2024-06-24,Kulfi,Desserts,10,1.22,341.6,Monday,0,0,Stormy,10,0
2024-06-25,Paneer Butter Masala,Main Course,4,1.11,355.2,Tuesday,0,0,Cloudy,8,0
2024-06-25,Dal Makhani,Main Course,8,2.34,748.8,Tuesday,0,0,Cloudy,8,0
2024-06-25,Chicken Biryani,Main Course,4,1.09,348.8,Tuesday,0,0,Cloudy,8,0
2024-06-25,Mutton Rogan Josh,Main Course,11,3.65,1168.0,Tuesday,0,0,Cloudy,8,0
2024-06-25,Paneer Tikka,Starters,8,1.38,345.0,Tuesday,0,0,Cloudy,8,0
2024-06-25,Chicken Tandoori,Starters,5,0.82,205.0,Tuesday,0,0,Cloudy,8,0
2024-06-25,Veg Spring Rolls,Starters,3,0.43,107.5,Tuesday,0,0,Cloudy,8,0
2024-06-25,Fish Amritsari,Starters,9,1.74,435.0,Tuesday,0,0,Cloudy,8,0
2024-06-25,Butter Naan,Breads,10,0.59,70.8,Tuesday,0,0,Cloudy,8,0
2024-06-25,Garlic Naan,Breads,8,0.64,76.8,Tuesday,0,0,Cloudy,8,0
2024-06-25,Tandoori Roti,Breads,19,1.37,164.4,Tuesday,0,0,Cloudy,8,0
2024-06-25,Gulab Jamun,Desserts,8,0.94,263.2,Tuesday,0,0,Cloudy,8,0
2024-06-25,Ras Malai,Desserts,2,0.29,81.2,Tuesday,0,0,Cloudy,8,0
2024-06-25,Kheer,Desserts,7,0.89,249.2,Tuesday,0,0,Cloudy,8,0
2024-06-25,Kulfi,Desserts,10,1.33,372.4,Tuesday,0,0,Cloudy,8,0
2024-06-26,Paneer Butter Masala,Main Course,2,0.58,185.6,Wednesday,0,0,Stormy,8,0
2024-06-26,Dal Makhani,Main Course,4,1.22,390.4,Wednesday,0,0,Stormy,8,0
2024-06-26,Chicken Biryani,Main Course,5,1.61,515.2,Wednesday,0,0,Stormy,8,0
2024-06-26,Mutton Rogan Josh,Main Course,7,2.19,700.8,Wednesday,0,0,Stormy,8,0
2024-06-26,Paneer Tikka,Starters,10,1.61,402.5,Wednesday,0,0,Stormy,8,0
2024-06-26,Chicken Tandoori,Starters,5,0.76,190.0,Wednesday,0,0,Stormy,8,0
2024-06-26,Veg Spring Rolls,Starters,4,0.69,172.5,Wednesday,0,0,Stormy,8,0
2024-06-26,Fish Amritsari,Starters,18,3.38,845.0,Wednesday,0,0,Stormy,8,0
2024-06-26,Butter Naan,Breads,11,0.62,74.4,Wednesday,0,0,Stormy,8,0
2024-06-26,Garlic Naan,Breads,11,0.77,92.4,Wednesday,0,0,Stormy,8,0
2024-06-26,Tandoori Roti,Breads,11,0.64,76.8,Wednesday,0,0,Stormy,8,0
2024-06-26,Gulab Jamun,Desserts,3,0.4,112.0,Wednesday,0,0,Stormy,8,0
2024-06-26,Ras Malai,Desserts,6,0.71,198.8,Wednesday,0,0,Stormy,8,0
2024-06-26,Kheer,Desserts,3,0.44,123.2,Wednesday,0,0,Stormy,8,0
2024-06-26,Kulfi,Desserts,9,1.11,310.8,Wednesday,0,0,Stormy,8,0
2024-06-27,Paneer Butter Masala,Main Course,5,1.74,556.8,Thursday,0,0,Cloudy,12,0
2024-06-27,Dal Makhani,Main Course,7,2.33,745.6,Thursday,0,0,Cloudy,12,0
2024-06-27,Chicken Biryani,Main Course,7,1.72,550.4,Thursday,0,0,Cloudy,12,0
2024-06-27,Mutton Rogan Josh,Main Course,13,4.08,1305.6,Thursday,0,0,Cloudy,12,0
2024-06-27,Paneer Tikka,Starters,11,1.92,480.0,Thursday,0,0,Cloudy,12,0
2024-06-27,Chicken Tandoori,Starters,6,0.87,217.5,Thursday,0,0,Cloudy,12,0
2024-06-27,Veg Spring Rolls,Starters,10,1.53,382.5,Thursday,0,0,Cloudy,12,0
2024-06-27,Fish Amritsari,Starters,14,2.5,625.0,Thursday,0,0,Cloudy,12,0
2024-06-27,Butter Naan,Breads,12,0.86,103.2,Thursday,0,0,Cloudy,12,0
2024-06-27,Garlic Naan,Breads,13,0.93,111.6,Thursday,0,0,Cloudy,12,0
2024-06-27,Tandoori Roti,Breads,13,0.81,97.2,Thursday,0,0,Cloudy,12,0
2024-06-27,Gulab Jamun,Desserts,3,0.42,117.6,Thursday,0,0,Cloudy,12,0
2024-06-27,Ras Malai,Desserts,11,1.22,341.6,Thursday,0,0,Cloudy,12,0
2024-06-27,Kheer,Desserts,3,0.33,92.4,Thursday,0,0,Cloudy,12,0
2024-06-27,Kulfi,Desserts,13,1.59,445.2,Thursday,0,0,Cloudy,12,0
2024-06-28,Paneer Butter Masala,Main Course,2,0.62,198.4,Friday,0,0,Sunny,12,0
2024-06-28,Dal Makhani,Main Course,8,2.16,691.2,Friday,0,0,Sunny,12,0
2024-06-28,Chicken Biryani,Main Course,7,2.08,665.6,Friday,0,0,Sunny,12,0
2024-06-28,Mutton Rogan Josh,Main Course,9,2.82,902.4,Friday,0,0,Sunny,12,0
2024-06-28,Paneer Tikka,Starters,8,1.18,295.0,Friday,0,0,Sunny,12,0
2024-06-28,Chicken Tandoori,Starters,8,1.57,392.5,Friday,0,0,Sunny,12,0
2024-06-28,Veg Spring Rolls,Starters,15,2.19,547.5,Friday,0,0,Sunny,12,0
2024-06-28,Fish Amritsari,Starters,10,1.9,475.0,Friday,0,0,Sunny,12,0
2024-06-28,Butter Naan,Breads,5,0.35,42.0,Friday,0,0,Sunny,12,0
2024-06-28,Garlic Naan,Breads,15,0.85,102.0,Friday,0,0,Sunny,12,0
2024-06-28,Tandoori Roti,Breads,11,0.69,82.8,Friday,0,0,Sunny,12,0
2024-06-28,Gulab Jamun,Desserts,6,0.66,184.8,Friday,0,0,Sunny,12,0
2024-06-28,Ras Malai,Desserts,9,1.06,296.8,Friday,0,0,Sunny,12,0
2024-06-28,Kheer,Desserts,5,0.59,165.2,Friday,0,0,Sunny,12,0
2024-06-28,Kulfi,Desserts,10,1.09,305.2,Friday,0,0,Sunny,12,0
2024-06-29,Paneer Butter Masala,Main Course,3,1.03,329.6,Saturday,1,0,Cloudy,11,1
2024-06-29,Dal Makhani,Main Course,19,6.09,1948.8,Saturday,1,0,Cloudy,11,1
2024-06-29,Chicken Biryani,Main Course,7,1.79,572.8,Saturday,1,0,Cloudy,11,1
2024-06-29,Mutton Rogan Josh,Main Course,21,6.47,2070.4,Saturday,1,0,Cloudy,11,1
2024-06-29,Paneer Tikka,Starters,19,3.41,852.5,Saturday,1,0,Cloudy,11,1
2024-06-29,Chicken Tandoori,Starters,22,3.3,825.0,Saturday,1,0,Cloudy,11,1
2024-06-29,Veg Spring Rolls,Starters,23,4.45,1112.5,Saturday,1,0,Cloudy,11,1
2024-06-29,Fish Amritsari,Starters,17,3.15,787.5,Saturday,1,0,Cloudy,11,1
2024-06-29,Butter Naan,Breads,16,1.11,133.2,Saturday,1,0,Cloudy,11,1
2024-06-29,Garlic Naan,Breads,34,2.02,242.4,Saturday,1,0,Cloudy,11,1
2024-06-29,Tandoori Roti,Breads,28,1.64,196.8,Saturday,1,0,Cloudy,11,1
2024-06-29,Gulab Jamun,Desserts,20,2.81,786.8,Saturday,1,0,Cloudy,11,1
2024-06-29,Ras Malai,Desserts,11,1.46,408.8,Saturday,1,0,Cloudy,11,1
2024-06-29,Kheer,Desserts,11,1.37,383.6,Saturday,1,0,Cloudy,11,1
2024-06-29,Kulfi,Desserts,10,1.29,361.2,Saturday,1,0,Cloudy,11,1
2024-06-30,Paneer Butter Masala,Main Course,5,1.29,412.8,Sunday,1,0,Sunny,13,0
2024-06-30,Dal Makhani,Main Course,13,3.72,1190.4,Sunday,1,0,Sunny,13,0
2024-06-30,Chicken Biryani,Main Course,2,0.61,195.2,Sunday,1,0,Sunny,13,0
2024-06-30,Mutton Rogan Josh,Main Course,60,17.77,5686.4,Sunday,1,0,Sunny,13,0
2024-06-30,Paneer Tikka,Starters,5,0.73,182.5,Sunday,1,0,Sunny,13,0
2024-06-30,Chicken Tandoori,Starters,18,2.55,637.5,Sunday,1,0,Sunny,13,0
2024-06-30,Veg Spring Rolls,Starters,18,3.23,807.5,Sunday,1,0,Sunny,13,0
2024-06-30,Fish Amritsari,Starters,16,2.55,637.5,Sunday,1,0,Sunny,13,0
2024-06-30,Butter Naan,Breads,10,0.74,88.8,Sunday,1,0,Sunny,13,0
2024-06-30,Garlic Naan,Breads,15,0.95,114.0,Sunday,1,0,Sunny,13,0
2024-06-30,Tandoori Roti,Breads,12,0.72,86.4,Sunday,1,0,Sunny,13,0
2024-06-30,Gulab Jamun,Desserts,10,1.13,316.4,Sunday,1,0,Sunny,13,0
2024-06-30,Ras Malai,Desserts,6,0.81,226.8,Sunday,1,0,Sunny,13,0
2024-06-30,Kheer,Desserts,13,1.68,470.4,Sunday,1,0,Sunny,13,0
2024-06-30,Kulfi,Desserts,8,0.97,271.6,Sunday,1,0,Sunny,13,0
2024-07-01,Paneer Butter Masala,Main Course,6,1.64,524.8,Monday,0,0,Cloudy,8,0
2024-07-01,Dal Makhani,Main Course,9,2.61,835.2,Monday,0,0,Cloudy,8,0
2024-07-01,Chicken Biryani,Main Course,2,0.61,195.2,Monday,0,0,Cloudy,8,0
2024-07-01,Mutton Rogan Josh,Main Course,12,3.71,1187.2,Monday,0,0,Cloudy,8,0
2024-07-01,Paneer Tikka,Starters,9,1.8,450.0,Monday,0,0,Cloudy,8,0
2024-07-01,Chicken Tandoori,Starters,2,0.3,75.0,Monday,0,0,Cloudy,8,0
2024-07-01,Veg Spring Rolls,Starters,7,1.1,275.0,Monday,0,0,Cloudy,8,0
2024-07-01,Fish Amritsari,Starters,18,3.38,845.0,Monday,0,0,Cloudy,8,0
2024-07-01,Butter Naan,Breads,2,0.14,16.8,Monday,0,0,Cloudy,8,0
2024-07-01,Garlic Naan,Breads,10,0.73,87.6,Monday,0,0,Cloudy,8,0
2024-07-01,Tandoori Roti,Breads,14,0.86,103.2,Monday,0,0,Cloudy,8,0
2024-07-01,Gulab Jamun,Desserts,2,0.26,72.8,Monday,0,0,Cloudy,8,0
2024-07-01,Ras Malai,Desserts,10,1.29,361.2,Monday,0,0,Cloudy,8,0
2024-07-01,Kheer,Desserts,3,0.33,92.4,Monday,0,0,Cloudy,8,0
2024-07-01,Kulfi,Desserts,7,0.77,215.6,Monday,0,0,Cloudy,8,0
2024-07-02,Paneer Butter Masala,Main Course,5,1.63,521.6,Tuesday,0,0,Rainy,9,0
2024-07-02,Dal Makhani,Main Course,10,3.15,1008.0,Tuesday,0,0,Rainy,9,0
2024-07-02,Chicken Biryani,Main Course,4,1.38,441.6,Tuesday,0,0,Rainy,9,0
2024-07-02,Mutton Rogan Josh,Main Course,8,2.13,681.6,Tuesday,0,0,Rainy,9,0
2024-07-02,Paneer Tikka,Starters,5,0.85,212.5,Tuesday,0,0,Rainy,9,0
2024-07-02,Chicken Tandoori,Starters,10,1.59,397.5,Tuesday,0,0,Rainy,9,0
2024-07-02,Veg Spring Rolls,Starters,5,0.86,215.0,Tuesday,0,0,Rainy,9,0
2024-07-02,Fish Amritsari,Starters,13,2.21,552.5,Tuesday,0,0,Rainy,9,0
2024-07-02,Butter Naan,Breads,12,0.75,90.0,Tuesday,0,0,Rainy,9,0
2024-07-02,Garlic Naan,Breads,5,0.35,42.0,Tuesday,0,0,Rainy,9,0
2024-07-02,Tandoori Roti,Breads,6,0.46,55.2,Tuesday,0,0,Rainy,9,0
2024-07-02,Gulab Jamun,Desserts,2,0.22,61.6,Tuesday,0,0,Rainy,9,0
2024-07-02,Ras Malai,Desserts,6,0.8,224.0,Tuesday,0,0,Rainy,9,0
2024-07-02,Kheer,Desserts,4,0.46,128.8,Tuesday,0,0,Rainy,9,0
2024-07-02,Kulfi,Desserts,8,1.0,280.0,Tuesday,0,0,Rainy,9,0
2024-07-03,Paneer Butter Masala,Main Course,2,0.51,163.2,Wednesday,0,0,Rainy,10,0
2024-07-03,Dal Makhani,Main Course,8,2.01,643.2,Wednesday,0,0,Rainy,10,0
2024-07-03,Chicken Biryani,Main Course,3,0.95,304.0,Wednesday,0,0,Rainy,10,0
2024-07-03,Mutton Rogan Josh,Main Course,7,2.14,684.8,Wednesday,0,0,Rainy,10,0
2024-07-03,Paneer Tikka,Starters,6,0.88,220.0,Wednesday,0,0,Rainy,10,0
2024-07-03,Chicken Tandoori,Starters,7,1.03,257.5,Wednesday,0,0,Rainy,10,0
2024-07-03,Veg Spring Rolls,Starters,8,1.34,335.0,Wednesday,0,0,Rainy,10,0
2024-07-03,Fish Amritsari,Starters,18,2.67,667.5,Wednesday,0,0,Rainy,10,0
2024-07-03,Butter Naan,Breads,2,0.16,19.2,Wednesday,0,0,Rainy,10,0
2024-07-03,Garlic Naan,Breads,5,0.36,43.2,Wednesday,0,0,Rainy,10,0
2024-07-03,Tandoori Roti,Breads,17,0.97,116.4,Wednesday,0,0,Rainy,10,0
2024-07-03,Gulab Jamun,Desserts,2,0.22,61.6,Wednesday,0,0,Rainy,10,0
2024-07-03,Ras Malai,Desserts,3,0.36,100.8,Wednesday,0,0,Rainy,10,0
2024-07-03,Kheer,Desserts,8,1.12,313.6,Wednesday,0,0,Rainy,10,0
2024-07-03,Kulfi,Desserts,10,1.47,411.6,Wednesday,0,0,Rainy,10,0
2024-07-04,Paneer Butter Masala,Main Course,17,4.51,1443.2,Thursday,0,0,Cloudy,9,0
2024-07-04,Dal Makhani,Main Course,3,0.93,297.6,Thursday,0,0,Cloudy,9,0
2024-07-04,Chicken Biryani,Main Course,6,1.73,553.6,Thursday,0,0,Cloudy,9,0
2024-07-04,Mutton Rogan Josh,Main Course,8,2.19,700.8,Thursday,0,0,Cloudy,9,0
2024-07-04,Paneer Tikka,Starters,7,1.29,322.5,Thursday,0,0,Cloudy,9,0
2024-07-04,Chicken Tandoori,Starters,6,1.0,250.0,Thursday,0,0,Cloudy,9,0
2024-07-04,Veg Spring Rolls,Starters,4,0.72,180.0,Thursday,0,0,Cloudy,9,0
2024-07-04,Fish Amritsari,Starters,16,2.49,622.5,Thursday,0,0,Cloudy,9,0
2024-07-04,Butter Naan,Breads,5,0.35,42.0,Thursday,0,0,Cloudy,9,0
2024-07-04,Garlic Naan,Breads,4,0.24,28.8,Thursday,0,0,Cloudy,9,0
2024-07-04,Tandoori Roti,Breads,19,1.13,135.6,Thursday,0,0,Cloudy,9,0
2024-07-04,Gulab Jamun,Desserts,9,1.17,327.6,Thursday,0,0,Cloudy,9,0
2024-07-04,Ras Malai,Desserts,9,1.23,344.4,Thursday,0,0,Cloudy,9,0
2024-07-04,Kheer,Desserts,7,0.87,243.6,Thursday,0,0,Cloudy,9,0
2024-07-04,Kulfi,Desserts,6,0.69,193.2,Thursday,0,0,Cloudy,9,0
2024-07-05,Paneer Butter Masala,Main Course,4,1.38,441.6,Friday,0,0,Rainy,10,0
2024-07-05,Dal Makhani,Main Course,8,2.19,700.8,Friday,0,0,Rainy,10,0
2024-07-05,Chicken Biryani,Main Course,4,1.34,428.8,Friday,0,0,Rainy,10,0
2024-07-05,Mutton Rogan Josh,Main Course,8,2.04,652.8,Friday,0,0,Rainy,10,0
2024-07-05,Paneer Tikka,Starters,7,1.09,272.5,Friday,0,0,Rainy,10,0
2024-07-05,Chicken Tandoori,Starters,4,0.59,147.5,Friday,0,0,Rainy,10,0
2024-07-05,Veg Spring Rolls,Starters,12,1.72,430.0,Friday,0,0,Rainy,10,0
2024-07-05,Fish Amritsari,Starters,9,1.46,365.0,Friday,0,0,Rainy,10,0
2024-07-05,Butter Naan,Breads,11,0.87,104.4,Friday,0,0,Rainy,10,0
2024-07-05,Garlic Naan,Breads,16,0.93,111.6,Friday,0,0,Rainy,10,0
2024-07-05,Tandoori Roti,Breads,7,0.43,51.6,Friday,0,0,Rainy,10,0
2024-07-05,Gulab Jamun,Desserts,4,0.45,126.0,Friday,0,0,Rainy,10,0
2024-07-05,Ras Malai,Desserts,2,0.24,67.2,Friday,0,0,Rainy,10,0
2024-07-05,Kheer,Desserts,2,0.29,81.2,Friday,0,0,Rainy,10,0
2024-07-05,Kulfi,Desserts,26,3.89,1089.2,Friday,0,0,Rainy,10,0
2024-07-06,Paneer Butter Masala,Main Course,6,1.54,492.8,Saturday,1,0,Stormy,16,0
2024-07-06,Dal Makhani,Main Course,3,0.96,307.2,Saturday,1,0,Stormy,16,0
2024-07-06,Chicken Biryani,Main Course,29,7.42,2374.4,Saturday,1,0,Stormy,16,0
2024-07-06,Mutton Rogan Josh,Main Course,15,4.78,1529.6,Saturday,1,0,Stormy,16,0
2024-07-06,Paneer Tikka,Starters,6,1.04,260.0,Saturday,1,0,Stormy,16,0
2024-07-06,Chicken Tandoori,Starters,9,1.29,322.5,Saturday,1,0,Stormy,16,0
2024-07-06,Veg Spring Rolls,Starters,10,1.9,475.0,Saturday,1,0,Stormy,16,0
2024-07-06,Fish Amritsari,Starters,21,3.73,932.5,Saturday,1,0,Stormy,16,0
2024-07-06,Butter Naan,Breads,12,0.84,100.8,Saturday,1,0,Stormy,16,0
2024-07-06,Garlic Naan,Breads,6,0.35,42.0,Saturday,1,0,Stormy,16,0
2024-07-06,Tandoori Roti,Breads,16,1.06,127.2,Saturday,1,0,Stormy,16,0
2024-07-06,Gulab Jamun,Desserts,8,1.14,319.2,Saturday,1,0,Stormy,16,0
2024-07-06,Ras Malai,Desserts,8,0.9,252.0,Saturday,1,0,Stormy,16,0
2024-07-06,Kheer,Desserts,7,0.77,215.6,Saturday,1,0,Stormy,16,0
2024-07-06,Kulfi,Desserts,11,1.26,352.8,Saturday,1,0,Stormy,16,0
2024-07-07,Paneer Butter Masala,Main Course,10,2.67,854.4,Sunday,1,0,Rainy,15,1
2024-07-07,Dal Makhani,Main Course,4,1.27,406.4,Sunday,1,0,Rainy,15,1
2024-07-07,Chicken Biryani,Main Course,30,8.65,2768.0,Sunday,1,0,Rainy,15,1
2024-07-07,Mutton Rogan Josh,Main Course,21,6.1,1952.0,Sunday,1,0,Rainy,15,1
2024-07-07,Paneer Tikka,Starters,24,4.7,1175.0,Sunday,1,0,Rainy,15,1
2024-07-07,Chicken Tandoori,Starters,8,1.58,395.0,Sunday,1,0,Rainy,15,1
2024-07-07,Veg Spring Rolls,Starters,19,3.46,865.0,Sunday,1,0,Rainy,15,1
2024-07-07,Fish Amritsari,Starters,26,4.55,1137.5,Sunday,1,0,Rainy,15,1
2024-07-07,Butter Naan,Breads,11,0.69,82.8,Sunday,1,0,Rainy,15,1
2024-07-07,Garlic Naan,Breads,22,1.42,170.4,Sunday,1,0,Rainy,15,1
2024-07-07,Tandoori Roti,Breads,23,1.47,176.4,Sunday,1,0,Rainy,15,1
2024-07-07,Gulab Jamun,Desserts,7,1.04,291.2,Sunday,1,0,Rainy,15,1
2024-07-07,Ras Malai,Desserts,5,0.72,201.6,Sunday,1,0,Rainy,15,1
2024-07-07,Kheer,Desserts,9,1.19,333.2,Sunday,1,0,Rainy,15,1
2024-07-07,Kulfi,Desserts,12,1.49,417.2,Sunday,1,0,Rainy,15,1
2024-07-08,Paneer Butter Masala,Main Course,2,0.64,204.8,Monday,0,0,Stormy,10,0
2024-07-08,Dal Makhani,Main Course,5,1.46,467.2,Monday,0,0,Stormy,10,0
2024-07-08,Chicken Biryani,Main Course,3,0.94,300.8,Monday,0,0,Stormy,10,0
2024-07-08,Mutton Rogan Josh,Main Course,7,2.13,681.6,Monday,0,0,Stormy,10,0
2024-07-08,Paneer Tikka,Starters,6,0.92,230.0,Monday,0,0,Stormy,10,0
2024-07-08,Chicken Tandoori,Starters,5,0.84,210.0,Monday,0,0,Stormy,10,0
2024-07-08,Veg Spring Rolls,Starters,10,1.85,462.5,Monday,0,0,Stormy,10,0
2024-07-08,Fish Amritsari,Starters,15,2.21,552.5,Monday,0,0,Stormy,10,0
2024-07-08,Butter Naan,Breads,4,0.29,34.8,Monday,0,0,Stormy,10,0
2024-07-08,Garlic Naan,Breads,13,0.91,109.2,Monday,0,0,Stormy,10,0
2024-07-08,Tandoori Roti,Breads,7,0.47,56.4,Monday,0,0,Stormy,10,0
2024-07-08,Gulab Jamun,Desserts,4,0.45,126.0,Monday,0,0,Stormy,10,0
2024-07-08,Ras Malai,Desserts,2,0.29,81.2,Monday,0,0,Stormy,10,0
2024-07-08,Kheer,Desserts,5,0.54,151.2,Monday,0,0,Stormy,10,0
2024-07-08,Kulfi,Desserts,6,0.71,198.8,Monday,0,0,Stormy,10,0
2024-07-09,Paneer Butter Masala,Main Course,2,0.49,156.8,Tuesday,0,0,Cloudy,11,0
2024-07-09,Dal Makhani,Main Course,13,4.38,1401.6,Tuesday,0,0,Cloudy,11,0
2024-07-09,Chicken Biryani,Main Course,4,1.14,364.8,Tuesday,0,0,Cloudy,11,0
2024-07-09,Mutton Rogan Josh,Main Course,13,4.29,1372.8,Tuesday,0,0,Cloudy,11,0
2024-07-09,Paneer Tikka,Starters,4,0.56,140.0,Tuesday,0,0,Cloudy,11,0
2024-07-09,Chicken Tandoori,Starters,8,1.55,387.5,Tuesday,0,0,Cloudy,11,0
2024-07-09,Veg Spring Rolls,Starters,8,1.16,290.0,Tuesday,0,0,Cloudy,11,0
2024-07-09,Fish Amritsari,Starters,14,2.22,555.0,Tuesday,0,0,Cloudy,11,0
2024-07-09,Butter Naan,Breads,5,0.29,34.8,Tuesday,0,0,Cloudy,11,0
2024-07-09,Garlic Naan,Breads,15,0.86,103.2,Tuesday,0,0,Cloudy,11,0
2024-07-09,Tandoori Roti,Breads,10,0.57,68.4,Tuesday,0,0,Cloudy,11,0
2024-07-09,Gulab Jamun,Desserts,2,0.24,67.2,Tuesday,0,0,Cloudy,11,0
2024-07-09,Ras Malai,Desserts,8,1.07,299.6,Tuesday,0,0,Cloudy,11,0
2024-07-09,Kheer,Desserts,8,0.88,246.4,Tuesday,0,0,Cloudy,11,0
2024-07-09,Kulfi,Desserts,10,1.26,352.8,Tuesday,0,0,Cloudy,11,0
2024-07-10,Paneer Butter Masala,Main Course,5,1.37,438.4,Wednesday,0,0,Sunny,10,0
2024-07-10,Dal Makhani,Main Course,9,2.34,748.8,Wednesday,0,0,Sunny,10,0
2024-07-10,Chicken Biryani,Main Course,3,1.02,326.4,Wednesday,0,0,Sunny,10,0
2024-07-10,Mutton Rogan Josh,Main Course,12,3.56,1139.2,Wednesday,0,0,Sunny,10,0
2024-07-10,Paneer Tikka,Starters,5,0.92,230.0,Wednesday,0,0,Sunny,10,0
2024-07-10,Chicken Tandoori,Starters,23,3.75,937.5,Wednesday,0,0,Sunny,10,0
2024-07-10,Veg Spring Rolls,Starters,5,0.94,235.0,Wednesday,0,0,Sunny,10,0
2024-07-10,Fish Amritsari,Starters,18,3.42,855.0,Wednesday,0,0,Sunny,10,0
2024-07-10,Butter Naan,Breads,2,0.16,19.2,Wednesday,0,0,Sunny,10,0
2024-07-10,Garlic Naan,Breads,13,0.93,111.6,Wednesday,0,0,Sunny,10,0
2024-07-10,Tandoori Roti,Breads,12,0.74,88.8,Wednesday,0,0,Sunny,10,0
2024-07-10,Gulab Jamun,Desserts,9,1.05,294.0,Wednesday,0,0,Sunny,10,0
2024-07-10,Ras Malai,Desserts,30,3.92,1097.6,Wednesday,0,0,Sunny,10,0
2024-07-10,Kheer,Desserts,3,0.45,126.0,Wednesday,0,0,Sunny,10,0
2024-07-10,Kulfi,Desserts,12,1.41,394.8,Wednesday,0,0,Sunny,10,0
2024-07-11,Paneer Butter Masala,Main Course,3,0.75,240.0,Thursday,0,0,Cloudy,10,0
2024-07-11,Dal Makhani,Main Course,4,1.37,438.4,Thursday,0,0,Cloudy,10,0
2024-07-11,Chicken Biryani,Main Course,4,1.25,400.0,Thursday,0,0,Cloudy,10,0
2024-07-11,Mutton Rogan Josh,Main Course,7,1.95,624.0,Thursday,0,0,Cloudy,10,0
2024-07-11,Paneer Tikka,Starters,4,0.6,150.0,Thursday,0,0,Cloudy,10,0
2024-07-11,Chicken Tandoori,Starters,7,1.37,342.5,Thursday,0,0,Cloudy,10,0
2024-07-11,Veg Spring Rolls,Starters,3,0.59,147.5,Thursday,0,0,Cloudy,10,0
2024-07-11,Fish Amritsari,Starters,14,2.06,515.0,Thursday,0,0,Cloudy,10,0
2024-07-11,Butter Naan,Breads,9,0.6,72.0,Thursday,0,0,Cloudy,10,0
2024-07-11,Garlic Naan,Breads,3,0.18,21.6,Thursday,0,0,Cloudy,10,0
2024-07-11,Tandoori Roti,Breads,15,0.93,111.6,Thursday,0,0,Cloudy,10,0
2024-07-11,Gulab Jamun,Desserts,7,1.03,288.4,Thursday,0,0,Cloudy,10,0
2024-07-11,Ras Malai,Desserts,3,0.33,92.4,Thursday,0,0,Cloudy,10,0
2024-07-11,Kheer,Desserts,3,0.33,92.4,Thursday,0,0,Cloudy,10,0
2024-07-11,Kulfi,Desserts,6,0.67,187.6,Thursday,0,0,Cloudy,10,0
2024-07-12,Paneer Butter Masala,Main Course,4,1.21,387.2,Friday,0,0,Rainy,10,0
2024-07-12,Dal Makhani,Main Course,7,2.05,656.0,Friday,0,0,Rainy,10,0
2024-07-12,Chicken Biryani,Main Course,25,7.84,2508.8,Friday,0,0,Rainy,10,0
2024-07-12,Mutton Rogan Josh,Main Course,14,4.02,1286.4,Friday,0,0,Rainy,10,0
2024-07-12,Paneer Tikka,Starters,4,0.75,187.5,Friday,0,0,Rainy,10,0
2024-07-12,Chicken Tandoori,Starters,9,1.75,437.5,Friday,0,0,Rainy,10,0
2024-07-12,Veg Spring Rolls,Starters,12,2.27,567.5,Friday,0,0,Rainy,10,0
2024-07-12,Fish Amritsari,Starters,19,3.44,860.0,Friday,0,0,Rainy,10,0
2024-07-12,Butter Naan,Breads,10,0.7,84.0,Friday,0,0,Rainy,10,0
2024-07-12,Garlic Naan,Breads,4,0.3,36.0,Friday,0,0,Rainy,10,0
2024-07-12,Tandoori Roti,Breads,11,0.7,84.0,Friday,0,0,Rainy,10,0
2024-07-12,Gulab Jamun,Desserts,8,1.2,336.0,Friday,0,0,Rainy,10,0
2024-07-12,Ras Malai,Desserts,6,0.9,252.0,Friday,0,0,Rainy,10,0
2024-07-12,Kheer,Desserts,6,0.67,187.6,Friday,0,0,Rainy,10,0
2024-07-12,Kulfi,Desserts,6,0.81,226.8,Friday,0,0,Rainy,10,0
2024-07-13,Paneer Butter Masala,Main Course,2,0.61,195.2,Saturday,1,0,Rainy,15,0
2024-07-13,Dal Makhani,Main Course,13,4.11,1315.2,Saturday,1,0,Rainy,15,0
2024-07-13,Chicken Biryani,Main Course,5,1.32,422.4,Saturday,1,0,Rainy,15,0
2024-07-13,Mutton Rogan Josh,Main Course,13,4.51,1443.2,Saturday,1,0,Rainy,15,0
2024-07-13,Paneer Tikka,Starters,5,0.88,220.0,Saturday,1,0,Rainy,15,0
2024-07-13,Chicken Tandoori,Starters,9,1.47,367.5,Saturday,1,0,Rainy,15,0
2024-07-13,Veg Spring Rolls,Starters,5,0.75,187.5,Saturday,1,0,Rainy,15,0
2024-07-13,Fish Amritsari,Starters,16,2.48,620.0,Saturday,1,0,Rainy,15,0
2024-07-13,Butter Naan,Breads,5,0.39,46.8,Saturday,1,0,Rainy,15,0
2024-07-13,Garlic Naan,Breads,9,0.53,63.6,Saturday,1,0,Rainy,15,0
2024-07-13,Tandoori Roti,Breads,26,1.76,211.2,Saturday,1,0,Rainy,15,0
2024-07-13,Gulab Jamun,Desserts,13,1.54,431.2,Saturday,1,0,Rainy,15,0
2024-07-13,Ras Malai,Desserts,25,3.52,985.6,Saturday,1,0,Rainy,15,0
2024-07-13,Kheer,Desserts,10,1.13,316.4,Saturday,1,0,Rainy,15,0
2024-07-13,Kulfi,Desserts,7,0.81,226.8,Saturday,1,0,Rainy,15,0
2024-07-14,Paneer Butter Masala,Main Course,8,2.17,694.4,Sunday,1,0,Sunny,15,0
2024-07-14,Dal Makhani,Main Course,7,1.83,585.6,Sunday,1,0,Sunny,15,0
2024-07-14,Chicken Biryani,Main Course,8,2.43,777.6,Sunday,1,0,Sunny,15,0
2024-07-14,Mutton Rogan Josh,Main Course,21,6.79,2172.8,Sunday,1,0,Sunny,15,0
2024-07-14,Paneer Tikka,Starters,16,3.16,790.0,Sunday,1,0,Sunny,15,0
2024-07-14,Chicken Tandoori,Starters,7,1.07,267.5,Sunday,1,0,Sunny,15,0
2024-07-14,Veg Spring Rolls,Starters,15,2.81,702.5,Sunday,1,0,Sunny,15,0
2024-07-14,Fish Amritsari,Starters,14,2.1,525.0,Sunday,1,0,Sunny,15,0
2024-07-14,Butter Naan,Breads,16,1.15,138.0,Sunday,1,0,Sunny,15,0
2024-07-14,Garlic Naan,Breads,18,1.3,156.0,Sunday,1,0,Sunny,15,0
2024-07-14,Tandoori Roti,Breads,25,1.57,188.4,Sunday,1,0,Sunny,15,0
2024-07-14,Gulab Jamun,Desserts,11,1.44,403.2,Sunday,1,0,Sunny,15,0
2024-07-14,Ras Malai,Desserts,4,0.5,140.0,Sunday,1,0,Sunny,15,0
2024-07-14,Kheer,Desserts,6,0.89,249.2,Sunday,1,0,Sunny,15,0
2024-07-14,Kulfi,Desserts,16,2.23,624.4,Sunday,1,0,Sunny,15,0
2024-07-15,Paneer Butter Masala,Main Course,6,1.68,537.6,Monday,0,0,Cloudy,12,0
2024-07-15,Dal Makhani,Main Course,5,1.71,547.2,Monday,0,0,Cloudy,12,0
2024-07-15,Chicken Biryani,Main Course,5,1.45,464.0,Monday,0,0,Cloudy,12,0
2024-07-15,Mutton Rogan Josh,Main Course,7,1.75,560.0,Monday,0,0,Cloudy,12,0
2024-07-15,Paneer Tikka,Starters,4,0.59,147.5,Monday,0,0,Cloudy,12,0
2024-07-15,Chicken Tandoori,Starters,11,2.03,507.5,Monday,0,0,Cloudy,12,0
2024-07-15,Veg Spring Rolls,Starters,8,1.12,280.0,Monday,0,0,Cloudy,12,0
2024-07-15,Fish Amritsari,Starters,14,2.21,552.5,Monday,0,0,Cloudy,12,0
2024-07-15,Butter Naan,Breads,9,0.6,72.0,Monday,0,0,Cloudy,12,0
2024-07-15,Garlic Naan,Breads,6,0.45,54.0,Monday,0,0,Cloudy,12,0
2024-07-15,Tandoori Roti,Breads,16,1.22,146.4,Monday,0,0,Cloudy,12,0
2024-07-15,Gulab Jamun,Desserts,5,0.57,159.6,Monday,0,0,Cloudy,12,0
2024-07-15,Ras Malai,Desserts,5,0.57,159.6,Monday,0,0,Cloudy,12,0
2024-07-15,Kheer,Desserts,9,1.15,322.0,Monday,0,0,Cloudy,12,0
2024-07-15,Kulfi,Desserts,9,0.99,277.2,Monday,0,0,Cloudy,12,0
2024-07-16,Paneer Butter Masala,Main Course,28,8.92,2854.4,Tuesday,0,0,Rainy,8,1
2024-07-16,Dal Makhani,Main Course,8,2.08,665.6,Tuesday,0,0,Rainy,8,1
2024-07-16,Chicken Biryani,Main Course,7,2.35,752.0,Tuesday,0,0,Rainy,8,1
2024-07-16,Mutton Rogan Josh,Main Course,10,2.78,889.6,Tuesday,0,0,Rainy,8,1
2024-07-16,Paneer Tikka,Starters,12,2.2,550.0,Tuesday,0,0,Rainy,8,1
2024-07-16,Chicken Tandoori,Starters,5,0.89,222.5,Tuesday,0,0,Rainy,8,1
2024-07-16,Veg Spring Rolls,Starters,6,1.07,267.5,Tuesday,0,0,Rainy,8,1
2024-07-16,Fish Amritsari,Starters,24,3.86,965.0,Tuesday,0,0,Rainy,8,1
2024-07-16,Butter Naan,Breads,8,0.57,68.4,Tuesday,0,0,Rainy,8,1
2024-07-16,Garlic Naan,Breads,16,1.15,138.0,Tuesday,0,0,Rainy,8,1
2024-07-16,Tandoori Roti,Breads,17,1.26,151.2,Tuesday,0,0,Rainy,8,1
2024-07-16,Gulab Jamun,Desserts,9,1.17,327.6,Tuesday,0,0,Rainy,8,1
2024-07-16,Ras Malai,Desserts,6,0.89,249.2,Tuesday,0,0,Rainy,8,1
2024-07-16,Kheer,Desserts,7,0.93,260.4,Tuesday,0,0,Rainy,8,1
2024-07-16,Kulfi,Desserts,11,1.17,327.6,Tuesday,0,0,Rainy,8,1
2024-07-17,Paneer Butter Masala,Main Course,6,1.8,576.0,Wednesday,0,0,Stormy,10,0
2024-07-17,Dal Makhani,Main Course,8,2.74,876.8,Wednesday,0,0,Stormy,10,0
2024-07-17,Chicken Biryani,Main Course,4,1.24,396.8,Wednesday,0,0,Stormy,10,0
2024-07-17,Mutton Rogan Josh,Main Course,7,2.26,723.2,Wednesday,0,0,Stormy,10,0
2024-07-17,Paneer Tikka,Starters,5,0.91,227.5,Wednesday,0,0,Stormy,10,0
2024-07-17,Chicken Tandoori,Starters,3,0.53,132.5,Wednesday,0,0,Stormy,10,0
2024-07-17,Veg Spring Rolls,Starters,3,0.46,115.0,Wednesday,0,0,Stormy,10,0
2024-07-17,Fish Amritsari,Starters,12,1.7,425.0,Wednesday,0,0,Stormy,10,0
2024-07-17,Butter Naan,Breads,9,0.66,79.2,Wednesday,0,0,Stormy,10,0
2024-07-17,Garlic Naan,Breads,14,0.81,97.2,Wednesday,0,0,Stormy,10,0
2024-07-17,Tandoori Roti,Breads,7,0.45,54.0,Wednesday,0,0,Stormy,10,0
2024-07-17,Gulab Jamun,Desserts,6,0.89,249.2,Wednesday,0,0,Stormy,10,0
2024-07-17,Ras Malai,Desserts,5,0.67,187.6,Wednesday,0,0,Stormy,10,0
2024-07-17,Kheer,Desserts,18,2.51,702.8,Wednesday,0,0,Stormy,10,0
2024-07-17,Kulfi,Desserts,9,1.08,302.4,Wednesday,0,0,Stormy,10,0
2024-07-18,Paneer Butter Masala,Main Course,3,0.95,304.0,Thursday,0,0,Sunny,9,0
2024-07-18,Dal Makhani,Main Course,12,3.66,1171.2,Thursday,0,0,Sunny,9,0
2024-07-18,Chicken Biryani,Main Course,5,1.41,451.2,Thursday,0,0,Sunny,9,0
2024-07-18,Mutton Rogan Josh,Main Course,12,4.09,1308.8,Thursday,0,0,Sunny,9,0
2024-07-18,Paneer Tikka,Starters,12,1.83,457.5,Thursday,0,0,Sunny,9,0
2024-07-18,Chicken Tandoori,Starters,12,2.2,550.0,Thursday,0,0,Sunny,9,0
2024-07-18,Veg Spring Rolls,Starters,3,0.55,137.5,Thursday,0,0,Sunny,9,0
2024-07-18,Fish Amritsari,Starters,20,3.49,872.5,Thursday,0,0,Sunny,9,0
2024-07-18,Butter Naan,Breads,5,0.3,36.0,Thursday,0,0,Sunny,9,0
2024-07-18,Garlic Naan,Breads,11,0.75,90.0,Thursday,0,0,Sunny,9,0
2024-07-18,Tandoori Roti,Breads,11,0.75,90.0,Thursday,0,0,Sunny,9,0
2024-07-18,Gulab Jamun,Desserts,10,1.19,333.2,Thursday,0,0,Sunny,9,0
2024-07-18,Ras Malai,Desserts,5,0.56,156.8,Thursday,0,0,Sunny,9,0
2024-07-18,Kheer,Desserts,5,0.65,182.0,Thursday,0,0,Sunny,9,0
2024-07-18,Kulfi,Desserts,11,1.21,338.8,Thursday,0,0,Sunny,9,0
2024-07-19,Paneer Butter Masala,Main Course,3,0.81,259.2,Friday,0,0,Rainy,12,1
2024-07-19,Dal Makhani,Main Course,9,2.59,828.8,Friday,0,0,Rainy,12,1
2024-07-19,Chicken Biryani,Main Course,1,0.29,92.8,Friday,0,0,Rainy,12,1
2024-07-19,Mutton Rogan Josh,Main Course,8,2.63,841.6,Friday,0,0,Rainy,12,1
2024-07-19,Paneer Tikka,Starters,8,1.29,322.5,Friday,0,0,Rainy,12,1
2024-07-19,Chicken Tandoori,Starters,14,2.46,615.0,Friday,0,0,Rainy,12,1
2024-07-19,Veg Spring Rolls,Starters,11,1.66,415.0,Friday,0,0,Rainy,12,1
2024-07-19,Fish Amritsari,Starters,21,3.51,877.5,Friday,0,0,Rainy,12,1
2024-07-19,Butter Naan,Breads,13,1.03,123.6,Friday,0,0,Rainy,12,1
2024-07-19,Garlic Naan,Breads,14,1.02,122.4,Friday,0,0,Rainy,12,1
2024-07-19,Tandoori Roti,Breads,12,0.87,104.4,Friday,0,0,Rainy,12,1
2024-07-19,Gulab Jamun,Desserts,5,0.59,165.2,Friday,0,0,Rainy,12,1
2024-07-19,Ras Malai,Desserts,4,0.52,145.6,Friday,0,0,Rainy,12,1
2024-07-19,Kheer,Desserts,3,0.43,120.4,Friday,0,0,Rainy,12,1
2024-07-19,Kulfi,Desserts,9,1.08,302.4,Friday,0,0,Rainy,12,1
2024-07-20,Paneer Butter Masala,Main Course,5,1.58,505.6,Saturday,1,0,Cloudy,16,1
2024-07-20,Dal Makhani,Main Course,9,2.83,905.6,Saturday,1,0,Cloudy,16,1
2024-07-20,Chicken Biryani,Main Course,7,2.06,659.2,Saturday,1,0,Cloudy,16,1
2024-07-20,Mutton Rogan Josh,Main Course,22,6.98,2233.6,Saturday,1,0,Cloudy,16,1
2024-07-20,Paneer Tikka,Starters,18,3.1,775.0,Saturday,1,0,Cloudy,16,1
2024-07-20,Chicken Tandoori,Starters,12,2.16,540.0,Saturday,1,0,Cloudy,16,1
2024-07-20,Veg Spring Rolls,Starters,21,3.75,937.5,Saturday,1,0,Cloudy,16,1
2024-07-20,Fish Amritsari,Starters,33,6.27,1567.5,Saturday,1,0,Cloudy,16,1
2024-07-20,Butter Naan,Breads,90,5.88,705.6,Saturday,1,0,Cloudy,16,1
2024-07-20,Garlic Naan,Breads,8,0.63,75.6,Saturday,1,0,Cloudy,16,1
2024-07-20,Tandoori Roti,Breads,21,1.24,148.8,Saturday,1,0,Cloudy,16,1
2024-07-20,Gulab Jamun,Desserts,4,0.6,168.0,Saturday,1,0,Cloudy,16,1
2024-07-20,Ras Malai,Desserts,13,1.85,518.0,Saturday,1,0,Cloudy,16,1
2024-07-20,Kheer,Desserts,2,0.3,84.0,Saturday,1,0,Cloudy,16,1
2024-07-20,Kulfi,Desserts,10,1.15,322.0,Saturday,1,0,Cloudy,16,1
2024-07-21,Paneer Butter Masala,Main Course,5,1.27,406.4,Sunday,1,0,Stormy,13,1
2024-07-21,Dal Makhani,Main Course,9,2.72,870.4,Sunday,1,0,Stormy,13,1
2024-07-21,Chicken Biryani,Main Course,4,1.08,345.6,Sunday,1,0,Stormy,13,1
2024-07-21,Mutton Rogan Josh,Main Course,17,5.42,1734.4,Sunday,1,0,Stormy,13,1
2024-07-21,Paneer Tikka,Starters,4,0.77,192.5,Sunday,1,0,Stormy,13,1
2024-07-21,Chicken Tandoori,Starters,11,1.91,477.5,Sunday,1,0,Stormy,13,1
2024-07-21,Veg Spring Rolls,Starters,6,0.99,247.5,Sunday,1,0,Stormy,13,1
2024-07-21,Fish Amritsari,Starters,19,3.34,835.0,Sunday,1,0,Stormy,13,1
2024-07-21,Butter Naan,Breads,7,0.49,58.8,Sunday,1,0,Stormy,13,1
2024-07-21,Garlic Naan,Breads,21,1.56,187.2,Sunday,1,0,Stormy,13,1
2024-07-21,Tandoori Roti,Breads,26,2.01,241.2,Sunday,1,0,Stormy,13,1
2024-07-21,Gulab Jamun,Desserts,12,1.74,487.2,Sunday,1,0,Stormy,13,1
2024-07-21,Ras Malai,Desserts,12,1.63,456.4,Sunday,1,0,Stormy,13,1
2024-07-21,Kheer,Desserts,6,0.87,243.6,Sunday,1,0,Stormy,13,1
2024-07-21,Kulfi,Desserts,7,0.83,232.4,Sunday,1,0,Stormy,13,1
2024-07-22,Paneer Butter Masala,Main Course,2,0.66,211.2,Monday,0,0,Rainy,9,0
2024-07-22,Dal Makhani,Main Course,10,2.51,803.2,Monday,0,0,Rainy,9,0
2024-07-22,Chicken Biryani,Main Course,4,1.05,336.0,Monday,0,0,Rainy,9,0
2024-07-22,Mutton Rogan Josh,Main Course,12,3.56,1139.2,Monday,0,0,Rainy,9,0
2024-07-22,Paneer Tikka,Starters,8,1.43,357.5,Monday,0,0,Rainy,9,0
2024-07-22,Chicken Tandoori,Starters,6,1.09,272.5,Monday,0,0,Rainy,9,0
2024-07-22,Veg Spring Rolls,Starters,4,0.62,155.0,Monday,0,0,Rainy,9,0
2024-07-22,Fish Amritsari,Starters,17,3.18,795.0,Monday,0,0,Rainy,9,0
2024-07-22,Butter Naan,Breads,11,0.8,96.0,Monday,0,0,Rainy,9,0
2024-07-22,Garlic Naan,Breads,8,0.48,57.6,Monday,0,0,Rainy,9,0
2024-07-22,Tandoori Roti,Breads,9,0.54,64.8,Monday,0,0,Rainy,9,0
2024-07-22,Gulab Jamun,Desserts,7,0.86,240.8,Monday,0,0,Rainy,9,0
2024-07-22,Ras Malai,Desserts,6,0.82,229.6,Monday,0,0,Rainy,9,0
2024-07-22,Kheer,Desserts,7,0.76,212.8,Monday,0,0,Rainy,9,0
2024-07-22,Kulfi,Desserts,6,0.9,252.0,Monday,0,0,Rainy,9,0
2024-07-23,Paneer Butter Masala,Main Course,5,1.28,409.6,Tuesday,0,0,Stormy,12,0
2024-07-23,Dal Makhani,Main Course,8,2.45,784.0,Tuesday,0,0,Stormy,12,0
2024-07-23,Chicken Biryani,Main Course,4,1.06,339.2,Tuesday,0,0,Stormy,12,0
2024-07-23,Mutton Rogan Josh,Main Course,5,1.3,416.0,Tuesday,0,0,Stormy,12,0
2024-07-23,Paneer Tikka,Starters,10,1.48,370.0,Tuesday,0,0,Stormy,12,0
2024-07-23,Chicken Tandoori,Starters,9,1.31,327.5,Tuesday,0,0,Stormy,12,0
2024-07-23,Veg Spring Rolls,Starters,2,0.39,97.5,Tuesday,0,0,Stormy,12,0
2024-07-23,Fish Amritsari,Starters,10,1.91,477.5,Tuesday,0,0,Stormy,12,0
2024-07-23,Butter Naan,Breads,1,0.08,9.6,Tuesday,0,0,Stormy,12,0
2024-07-23,Garlic Naan,Breads,5,0.37,44.4,Tuesday,0,0,Stormy,12,0
2024-07-23,Tandoori Roti,Breads,4,0.31,37.2,Tuesday,0,0,Stormy,12,0
2024-07-23,Gulab Jamun,Desserts,7,1.03,288.4,Tuesday,0,0,Stormy,12,0
2024-07-23,Ras Malai,Desserts,6,0.85,238.0,Tuesday,0,0,Stormy,12,0
2024-07-23,Kheer,Desserts,3,0.36,100.8,Tuesday,0,0,Stormy,12,0
2024-07-23,Kulfi,Desserts,5,0.67,187.6,Tuesday,0,0,Stormy,12,0
2024-07-24,Paneer Butter Masala,Main Course,5,1.38,441.6,Wednesday,0,0,Rainy,10,0
2024-07-24,Dal Makhani,Main Course,7,1.91,611.2,Wednesday,0,0,Rainy,10,0
2024-07-24,Chicken Biryani,Main Course,6,1.73,553.6,Wednesday,0,0,Rainy,10,0
2024-07-24,Mutton Rogan Josh,Main Course,9,2.26,723.2,Wednesday,0,0,Rainy,10,0
2024-07-24,Paneer Tikka,Starters,13,2.31,577.5,Wednesday,0,0,Rainy,10,0
2024-07-24,Chicken Tandoori,Starters,11,1.87,467.5,Wednesday,0,0,Rainy,10,0
2024-07-24,Veg Spring Rolls,Starters,32,5.53,1382.5,Wednesday,0,0,Rainy,10,0
2024-07-24,Fish Amritsari,Starters,34,4.85,1212.5,Wednesday,0,0,Rainy,10,0
2024-07-24,Butter Naan,Breads,7,0.53,63.6,Wednesday,0,0,Rainy,10,0
2024-07-24,Garlic Naan,Breads,16,1.07,128.4,Wednesday,0,0,Rainy,10,0
2024-07-24,Tandoori Roti,Breads,3,0.24,28.8,Wednesday,0,0,Rainy,10,0
2024-07-24,Gulab Jamun,Desserts,8,1.07,299.6,Wednesday,0,0,Rainy,10,0
2024-07-24,Ras Malai,Desserts,3,0.37,103.6,Wednesday,0,0,Rainy,10,0
2024-07-24,Kheer,Desserts,4,0.6,168.0,Wednesday,0,0,Rainy,10,0
2024-07-24,Kulfi,Desserts,5,0.71,198.8,Wednesday,0,0,Rainy,10,0
2024-07-25,Paneer Butter Masala,Main Course,2,0.51,163.2,Thursday,0,0,Stormy,12,0
2024-07-25,Dal Makhani,Main Course,8,2.73,873.6,Thursday,0,0,Stormy,12,0
2024-07-25,Chicken Biryani,Main Course,5,1.52,486.4,Thursday,0,0,Stormy,12,0
2024-07-25,Mutton Rogan Josh,Main Course,11,2.74,876.8,Thursday,0,0,Stormy,12,0
2024-07-25,Paneer Tikka,Starters,11,2.11,527.5,Thursday,0,0,Stormy,12,0
2024-07-25,Chicken Tandoori,Starters,10,1.83,457.5,Thursday,0,0,Stormy,12,0
2024-07-25,Veg Spring Rolls,Starters,5,0.8,200.0,Thursday,0,0,Stormy,12,0
2024-07-25,Fish Amritsari,Starters,8,1.37,342.5,Thursday,0,0,Stormy,12,0
2024-07-25,Butter Naan,Breads,2,0.16,19.2,Thursday,0,0,Stormy,12,0
2024-07-25,Garlic Naan,Breads,4,0.23,27.6,Thursday,0,0,Stormy,12,0
2024-07-25,Tandoori Roti,Breads,11,0.75,90.0,Thursday,0,0,Stormy,12,0
2024-07-25,Gulab Jamun,Desserts,2,0.28,78.4,Thursday,0,0,Stormy,12,0
2024-07-25,Ras Malai,Desserts,3,0.38,106.4,Thursday,0,0,Stormy,12,0
2024-07-25,Kheer,Desserts,5,0.71,198.8,Thursday,0,0,Stormy,12,0
2024-07-25,Kulfi,Desserts,4,0.51,142.8,Thursday,0,0,Stormy,12,0
2024-07-26,Paneer Butter Masala,Main Course,4,1.25,400.0,Friday,0,0,Rainy,12,0
2024-07-26,Dal Makhani,Main Course,7,1.96,627.2,Friday,0,0,Rainy,12,0
2024-07-26,Chicken Biryani,Main Course,2,0.61,195.2,Friday,0,0,Rainy,12,0
2024-07-26,Mutton Rogan Josh,Main Course,9,2.74,876.8,Friday,0,0,Rainy,12,0
2024-07-26,Paneer Tikka,Starters,7,1.15,287.5,Friday,0,0,Rainy,12,0
2024-07-26,Chicken Tandoori,Starters,4,0.7,175.0,Friday,0,0,Rainy,12,0
2024-07-26,Veg Spring Rolls,Starters,11,1.99,497.5,Friday,0,0,Rainy,12,0
2024-07-26,Fish Amritsari,Starters,14,2.7,675.0,Friday,0,0,Rainy,12,0
2024-07-26,Butter Naan,Breads,7,0.42,50.4,Friday,0,0,Rainy,12,0
2024-07-26,Garlic Naan,Breads,15,0.91,109.2,Friday,0,0,Rainy,12,0
2024-07-26,Tandoori Roti,Breads,8,0.62,74.4,Friday,0,0,Rainy,12,0
2024-07-26,Gulab Jamun,Desserts,6,0.67,187.6,Friday,0,0,Rainy,12,0
2024-07-26,Ras Malai,Desserts,5,0.72,201.6,Friday,0,0,Rainy,12,0
2024-07-26,Kheer,Desserts,4,0.44,123.2,Friday,0,0,Rainy,12,0
2024-07-26,Kulfi,Desserts,9,1.29,361.2,Friday,0,0,Rainy,12,0
2024-07-27,Paneer Butter Masala,Main Course,4,0.98,313.6,Saturday,1,0,Sunny,12,0
2024-07-27,Dal Makhani,Main Course,5,1.41,451.2,Saturday,1,0,Sunny,12,0
2024-07-27,Chicken Biryani,Main Course,8,2.22,710.4,Saturday,1,0,Sunny,12,0
2024-07-27,Mutton Rogan Josh,Main Course,20,5.58,1785.6,Saturday,1,0,Sunny,12,0
2024-07-27,Paneer Tikka,Starters,6,1.08,270.0,Saturday,1,0,Sunny,12,0
2024-07-27,Chicken Tandoori,Starters,15,2.62,655.0,Saturday,1,0,Sunny,12,0
2024-07-27,Veg Spring Rolls,Starters,11,2.11,527.5,Saturday,1,0,Sunny,12,0
2024-07-27,Fish Amritsari,Starters,61,10.8,2700.0,Saturday,1,0,Sunny,12,0
2024-07-27,Butter Naan,Breads,4,0.3,36.0,Saturday,1,0,Sunny,12,0
2024-07-27,Garlic Naan,Breads,23,1.49,178.8,Saturday,1,0,Sunny,12,0
2024-07-27,Tandoori Roti,Breads,18,1.3,156.0,Saturday,1,0,Sunny,12,0
2024-07-27,Gulab Jamun,Desserts,12,1.71,478.8,Saturday,1,0,Sunny,12,0
2024-07-27,Ras Malai,Desserts,11,1.22,341.6,Saturday,1,0,Sunny,12,0
2024-07-27,Kheer,Desserts,10,1.34,375.2,Saturday,1,0,Sunny,12,0
2024-07-27,Kulfi,Desserts,8,1.13,316.4,Saturday,1,0,Sunny,12,0
2024-07-28,Paneer Butter Masala,Main Course,8,2.22,710.4,Sunday,1,0,Cloudy,15,0
2024-07-28,Dal Makhani,Main Course,4,1.0,320.0,Sunday,1,0,Cloudy,15,0
2024-07-28,Chicken Biryani,Main Course,2,0.57,182.4,Sunday,1,0,Cloudy,15,0
2024-07-28,Mutton Rogan Josh,Main Course,14,3.85,1232.0,Sunday,1,0,Cloudy,15,0
2024-07-28,Paneer Tikka,Starters,4,0.7,175.0,Sunday,1,0,Cloudy,15,0
2024-07-28,Chicken Tandoori,Starters,13,2.34,585.0,Sunday,1,0,Cloudy,15,0
2024-07-28,Veg Spring Rolls,Starters,16,3.02,755.0,Sunday,1,0,Cloudy,15,0
2024-07-28,Fish Amritsari,Starters,17,3.02,755.0,Sunday,1,0,Cloudy,15,0
2024-07-28,Butter Naan,Breads,17,1.28,153.6,Sunday,1,0,Cloudy,15,0
2024-07-28,Garlic Naan,Breads,5,0.32,38.4,Sunday,1,0,Cloudy,15,0
2024-07-28,Tandoori Roti,Breads,22,1.31,157.2,Sunday,1,0,Cloudy,15,0
2024-07-28,Gulab Jamun,Desserts,7,0.77,215.6,Sunday,1,0,Cloudy,15,0
2024-07-28,Ras Malai,Desserts,8,0.95,266.0,Sunday,1,0,Cloudy,15,0
2024-07-28,Kheer,Desserts,7,0.77,215.6,Sunday,1,0,Cloudy,15,0
2024-07-28,Kulfi,Desserts,10,1.16,324.8,Sunday,1,0,Cloudy,15,0
2024-07-29,Paneer Butter Masala,Main Course,3,0.89,284.8,Monday,0,0,Stormy,12,0
2024-07-29,Dal Makhani,Main Course,9,2.34,748.8,Monday,0,0,Stormy,12,0
2024-07-29,Chicken Biryani,Main Course,4,1.26,403.2,Monday,0,0,Stormy,12,0
2024-07-29,Mutton Rogan Josh,Main Course,9,2.68,857.6,Monday,0,0,Stormy,12,0
2024-07-29,Paneer Tikka,Starters,5,0.77,192.5,Monday,0,0,Stormy,12,0
2024-07-29,Chicken Tandoori,Starters,3,0.54,135.0,Monday,0,0,Stormy,12,0
2024-07-29,Veg Spring Rolls,Starters,4,0.74,185.0,Monday,0,0,Stormy,12,0
2024-07-29,Fish Amritsari,Starters,8,1.3,325.0,Monday,0,0,Stormy,12,0
2024-07-29,Butter Naan,Breads,2,0.14,16.8,Monday,0,0,Stormy,12,0
2024-07-29,Garlic Naan,Breads,13,0.95,114.0,Monday,0,0,Stormy,12,0
2024-07-29,Tandoori Roti,Breads,14,0.86,103.2,Monday,0,0,Stormy,12,0
2024-07-29,Gulab Jamun,Desserts,7,0.81,226.8,Monday,0,0,Stormy,12,0
2024-07-29,Ras Malai,Desserts,4,0.52,145.6,Monday,0,0,Stormy,12,0
2024-07-29,Kheer,Desserts,7,0.78,218.4,Monday,0,0,Stormy,12,0
2024-07-29,Kulfi,Desserts,9,0.97,271.6,Monday,0,0,Stormy,12,0
2024-07-30,Paneer Butter Masala,Main Course,6,1.68,537.6,Tuesday,0,0,Stormy,12,0
2024-07-30,Dal Makhani,Main Course,7,2.0,640.0,Tuesday,0,0,Stormy,12,0
2024-07-30,Chicken Biryani,Main Course,2,0.66,211.2,Tuesday,0,0,Stormy,12,0
2024-07-30,Mutton Rogan Josh,Main Course,7,2.23,713.6,Tuesday,0,0,Stormy,12,0
2024-07-30,Paneer Tikka,Starters,8,1.2,300.0,Tuesday,0,0,Stormy,12,0
2024-07-30,Chicken Tandoori,Starters,9,1.38,345.0,Tuesday,0,0,Stormy,12,0
2024-07-30,Veg Spring Rolls,Starters,4,0.65,162.5,Tuesday,0,0,Stormy,12,0
2024-07-30,Fish Amritsari,Starters,15,2.76,690.0,Tuesday,0,0,Stormy,12,0
2024-07-30,Butter Naan,Breads,6,0.41,49.2,Tuesday,0,0,Stormy,12,0
2024-07-30,Garlic Naan,Breads,9,0.57,68.4,Tuesday,0,0,Stormy,12,0
2024-07-30,Tandoori Roti,Breads,16,1.18,141.6,Tuesday,0,0,Stormy,12,0
2024-07-30,Gulab Jamun,Desserts,4,0.44,123.2,Tuesday,0,0,Stormy,12,0
2024-07-30,Ras Malai,Desserts,7,0.86,240.8,Tuesday,0,0,Stormy,12,0
2024-07-30,Kheer,Desserts,3,0.32,89.6,Tuesday,0,0,Stormy,12,0
2024-07-30,Kulfi,Desserts,10,1.14,319.2,Tuesday,0,0,Stormy,12,0
2024-07-31,Paneer Butter Masala,Main Course,2,0.53,169.6,Wednesday,0,0,Rainy,8,0
2024-07-31,Dal Makhani,Main Course,6,1.77,566.4,Wednesday,0,0,Rainy,8,0
2024-07-31,Chicken Biryani,Main Course,5,1.53,489.6,Wednesday,0,0,Rainy,8,0
2024-07-31,Mutton Rogan Josh,Main Course,14,3.71,1187.2,Wednesday,0,0,Rainy,8,0
2024-07-31,Paneer Tikka,Starters,14,2.42,605.0,Wednesday,0,0,Rainy,8,0
2024-07-31,Chicken Tandoori,Starters,6,1.18,295.0,Wednesday,0,0,Rainy,8,0
2024-07-31,Veg Spring Rolls,Starters,3,0.56,140.0,Wednesday,0,0,Rainy,8,0
2024-07-31,Fish Amritsari,Starters,14,2.53,632.5,Wednesday,0,0,Rainy,8,0
2024-07-31,Butter Naan,Breads,10,0.7,84.0,Wednesday,0,0,Rainy,8,0
2024-07-31,Garlic Naan,Breads,13,0.81,97.2,Wednesday,0,0,Rainy,8,0
2024-07-31,Tandoori Roti,Breads,10,0.65,78.0,Wednesday,0,0,Rainy,8,0
2024-07-31,Gulab Jamun,Desserts,5,0.71,198.8,Wednesday,0,0,Rainy,8,0
2024-07-31,Ras Malai,Desserts,7,0.81,226.8,Wednesday,0,0,Rainy,8,0
2024-07-31,Kheer,Desserts,2,0.29,81.2,Wednesday,0,0,Rainy,8,0
2024-07-31,Kulfi,Desserts,7,0.87,243.6,Wednesday,0,0,Rainy,8,0
2024-08-01,Paneer Butter Masala,Main Course,3,1.0,320.0,Thursday,0,0,Sunny,11,0
2024-08-01,Dal Makhani,Main Course,9,2.93,937.6,Thursday,0,0,Sunny,11,0
2024-08-01,Chicken Biryani,Main Course,5,1.45,464.0,Thursday,0,0,Sunny,11,0
2024-08-01,Mutton Rogan Josh,Main Course,9,2.67,854.4,Thursday,0,0,Sunny,11,0
2024-08-01,Paneer Tikka,Starters,12,2.08,520.0,Thursday,0,0,Sunny,11,0
2024-08-01,Chicken Tandoori,Starters,11,2.03,507.5,Thursday,0,0,Sunny,11,0
2024-08-01,Veg Spring Rolls,Starters,10,1.62,405.0,Thursday,0,0,Sunny,11,0
2024-08-01,Fish Amritsari,Starters,12,2.16,540.0,Thursday,0,0,Sunny,11,0
2024-08-01,Butter Naan,Breads,6,0.39,46.8,Thursday,0,0,Sunny,11,0
2024-08-01,Garlic Naan,Breads,9,0.52,62.4,Thursday,0,0,Sunny,11,0
2024-08-01,Tandoori Roti,Breads,17,1.26,151.2,Thursday,0,0,Sunny,11,0
2024-08-01,Gulab Jamun,Desserts,10,1.15,322.0,Thursday,0,0,Sunny,11,0
2024-08-01,Ras Malai,Desserts,5,0.57,159.6,Thursday,0,0,Sunny,11,0
2024-08-01,Kheer,Desserts,6,0.76,212.8,Thursday,0,0,Sunny,11,0
2024-08-01,Kulfi,Desserts,9,1.02,285.6,Thursday,0,0,Sunny,11,0
2024-08-02,Paneer Butter Masala,Main Course,4,1.09,348.8,Friday,0,0,Rainy,12,0
2024-08-02,Dal Makhani,Main Course,10,2.88,921.6,Friday,0,0,Rainy,12,0
2024-08-02,Chicken Biryani,Main Course,3,0.81,259.2,Friday,0,0,Rainy,12,0
2024-08-02,Mutton Rogan Josh,Main Course,6,1.66,531.2,Friday,0,0,Rainy,12,0
2024-08-02,Paneer Tikka,Starters,14,2.54,635.0,Friday,0,0,Rainy,12,0
2024-08-02,Chicken Tandoori,Starters,7,1.3,325.0,Friday,0,0,Rainy,12,0
2024-08-02,Veg Spring Rolls,Starters,6,0.86,215.0,Friday,0,0,Rainy,12,0
2024-08-02,Fish Amritsari,Starters,19,3.65,912.5,Friday,0,0,Rainy,12,0
2024-08-02,Butter Naan,Breads,9,0.63,75.6,Friday,0,0,Rainy,12,0
2024-08-02,Garlic Naan,Breads,6,0.44,52.8,Friday,0,0,Rainy,12,0
2024-08-02,Tandoori Roti,Breads,13,0.88,105.6,Friday,0,0,Rainy,12,0
2024-08-02,Gulab Jamun,Desserts,4,0.46,128.8,Friday,0,0,Rainy,12,0
2024-08-02,Ras Malai,Desserts,7,0.79,221.2,Friday,0,0,Rainy,12,0
2024-08-02,Kheer,Desserts,5,0.63,176.4,Friday,0,0,Rainy,12,0
2024-08-02,Kulfi,Desserts,8,1.0,280.0,Friday,0,0,Rainy,12,0
2024-08-03,Paneer Butter Masala,Main Course,5,1.52,486.4,Saturday,1,0,Rainy,13,0
2024-08-03,Dal Makhani,Main Course,17,4.27,1366.4,Saturday,1,0,Rainy,13,0
2024-08-03,Chicken Biryani,Main Course,2,0.5,160.0,Saturday,1,0,Rainy,13,0
2024-08-03,Mutton Rogan Josh,Main Course,17,5.49,1756.8,Saturday,1,0,Rainy,13,0
2024-08-03,Paneer Tikka,Starters,21,3.98,995.0,Saturday,1,0,Rainy,13,0
2024-08-03,Chicken Tandoori,Starters,5,0.88,220.0,Saturday,1,0,Rainy,13,0
2024-08-03,Veg Spring Rolls,Starters,19,3.35,837.5,Saturday,1,0,Rainy,13,0
2024-08-03,Fish Amritsari,Starters,15,2.87,717.5,Saturday,1,0,Rainy,13,0
2024-08-03,Butter Naan,Breads,2,0.11,13.2,Saturday,1,0,Rainy,13,0
2024-08-03,Garlic Naan,Breads,57,4.47,536.4,Saturday,1,0,Rainy,13,0
2024-08-03,Tandoori Roti,Breads,25,1.95,234.0,Saturday,1,0,Rainy,13,0
2024-08-03,Gulab Jamun,Desserts,5,0.53,148.4,Saturday,1,0,Rainy,13,0
2024-08-03,Ras Malai,Desserts,8,1.05,294.0,Saturday,1,0,Rainy,13,0
2024-08-03,Kheer,Desserts,8,1.02,285.6,Saturday,1,0,Rainy,13,0
2024-08-03,Kulfi,Desserts,11,1.49,417.2,Saturday,1,0,Rainy,13,0
2024-08-04,Paneer Butter Masala,Main Course,7,2.0,640.0,Sunday,1,0,Cloudy,15,1
2024-08-04,Dal Makhani,Main Course,3,0.99,316.8,Sunday,1,0,Cloudy,15,1
2024-08-04,Chicken Biryani,Main Course,11,3.58,1145.6,Sunday,1,0,Cloudy,15,1
2024-08-04,Mutton Rogan Josh,Main Course,23,6.89,2204.8,Sunday,1,0,Cloudy,15,1
2024-08-04,Paneer Tikka,Starters,19,2.84,710.0,Sunday,1,0,Cloudy,15,1
2024-08-04,Chicken Tandoori,Starters,9,1.37,342.5,Sunday,1,0,Cloudy,15,1
2024-08-04,Veg Spring Rolls,Starters,18,3.37,842.5,Sunday,1,0,Cloudy,15,1
2024-08-04,Fish Amritsari,Starters,29,4.22,1055.0,Sunday,1,0,Cloudy,15,1
2024-08-04,Butter Naan,Breads,11,0.66,79.2,Sunday,1,0,Cloudy,15,1
2024-08-04,Garlic Naan,Breads,5,0.35,42.0,Sunday,1,0,Cloudy,15,1
2024-08-04,Tandoori Roti,Breads,7,0.54,64.8,Sunday,1,0,Cloudy,15,1
2024-08-04,Gulab Jamun,Desserts,5,0.59,165.2,Sunday,1,0,Cloudy,15,1
2024-08-04,Ras Malai,Desserts,12,1.61,450.8,Sunday,1,0,Cloudy,15,1
2024-08-04,Kheer,Desserts,3,0.45,126.0,Sunday,1,0,Cloudy,15,1
2024-08-04,Kulfi,Desserts,17,2.11,590.8,Sunday,1,0,Cloudy,15,1
2024-08-05,Paneer Butter Masala,Main Course,1,0.33,105.6,Monday,0,0,Rainy,12,0
2024-08-05,Dal Makhani,Main Course,3,0.98,313.6,Monday,0,0,Rainy,12,0
2024-08-05,Chicken Biryani,Main Course,4,1.32,422.4,Monday,0,0,Rainy,12,0
2024-08-05,Mutton Rogan Josh,Main Course,14,4.29,1372.8,Monday,0,0,Rainy,12,0
2024-08-05,Paneer Tikka,Starters,7,1.26,315.0,Monday,0,0,Rainy,12,0
2024-08-05,Chicken Tandoori,Starters,3,0.44,110.0,Monday,0,0,Rainy,12,0
2024-08-05,Veg Spring Rolls,Starters,6,1.18,295.0,Monday,0,0,Rainy,12,0
2024-08-05,Fish Amritsari,Starters,17,3.19,797.5,Monday,0,0,Rainy,12,0
2024-08-05,Butter Naan,Breads,2,0.12,14.4,Monday,0,0,Rainy,12,0
2024-08-05,Garlic Naan,Breads,9,0.58,69.6,Monday,0,0,Rainy,12,0
2024-08-05,Tandoori Roti,Breads,13,0.85,102.0,Monday,0,0,Rainy,12,0
2024-08-05,Gulab Jamun,Desserts,5,0.69,193.2,Monday,0,0,Rainy,12,0
2024-08-05,Ras Malai,Desserts,5,0.6,168.0,Monday,0,0,Rainy,12,0
2024-08-05,Kheer,Desserts,5,0.72,201.6,Monday,0,0,Rainy,12,0
2024-08-05,Kulfi,Desserts,10,1.21,338.8,Monday,0,0,Rainy,12,0
2024-08-06,Paneer Butter Masala,Main Course,6,2.06,659.2,Tuesday,0,0,Rainy,11,0
2024-08-06,Dal Makhani,Main Course,12,3.82,1222.4,Tuesday,0,0,Rainy,11,0
2024-08-06,Chicken Biryani,Main Course,5,1.24,396.8,Tuesday,0,0,Rainy,11,0
2024-08-06,Mutton Rogan Josh,Main Course,9,2.91,931.2,Tuesday,0,0,Rainy,11,0
2024-08-06,Paneer Tikka,Starters,3,0.52,130.0,Tuesday,0,0,Rainy,11,0
2024-08-06,Chicken Tandoori,Starters,11,1.86,465.0,Tuesday,0,0,Rainy,11,0
2024-08-06,Veg Spring Rolls,Starters,3,0.55,137.5,Tuesday,0,0,Rainy,11,0
2024-08-06,Fish Amritsari,Starters,18,3.03,757.5,Tuesday,0,0,Rainy,11,0
2024-08-06,Butter Naan,Breads,6,0.34,40.8,Tuesday,0,0,Rainy,11,0
2024-08-06,Garlic Naan,Breads,6,0.42,50.4,Tuesday,0,0,Rainy,11,0
2024-08-06,Tandoori Roti,Breads,32,1.9,228.0,Tuesday,0,0,Rainy,11,0
2024-08-06,Gulab Jamun,Desserts,2,0.23,64.4,Tuesday,0,0,Rainy,11,0
2024-08-06,Ras Malai,Desserts,5,0.63,176.4,Tuesday,0,0,Rainy,11,0
2024-08-06,Kheer,Desserts,4,0.57,159.6,Tuesday,0,0,Rainy,11,0
2024-08-06,Kulfi,Desserts,9,1.0,280.0,Tuesday,0,0,Rainy,11,0
2024-08-07,Paneer Butter Masala,Main Course,3,0.8,256.0,Wednesday,0,0,Rainy,12,1
2024-08-07,Dal Makhani,Main Course,30,10.19,3260.8,Wednesday,0,0,Rainy,12,1
2024-08-07,Chicken Biryani,Main Course,7,2.18,697.6,Wednesday,0,0,Rainy,12,1
2024-08-07,Mutton Rogan Josh,Main Course,15,4.13,1321.6,Wednesday,0,0,Rainy,12,1
2024-08-07,Paneer Tikka,Starters,10,1.69,422.5,Wednesday,0,0,Rainy,12,1
2024-08-07,Chicken Tandoori,Starters,12,2.25,562.5,Wednesday,0,0,Rainy,12,1
2024-08-07,Veg Spring Rolls,Starters,14,2.68,670.0,Wednesday,0,0,Rainy,12,1
2024-08-07,Fish Amritsari,Starters,16,2.29,572.5,Wednesday,0,0,Rainy,12,1
2024-08-07,Butter Naan,Breads,12,0.68,81.6,Wednesday,0,0,Rainy,12,1
2024-08-07,Garlic Naan,Breads,19,1.42,170.4,Wednesday,0,0,Rainy,12,1
2024-08-07,Tandoori Roti,Breads,15,1.06,127.2,Wednesday,0,0,Rainy,12,1
2024-08-07,Gulab Jamun,Desserts,10,1.46,408.8,Wednesday,0,0,Rainy,12,1
2024-08-07,Ras Malai,Desserts,10,1.08,302.4,Wednesday,0,0,Rainy,12,1
2024-08-07,Kheer,Desserts,7,0.91,254.8,Wednesday,0,0,Rainy,12,1
2024-08-07,Kulfi,Desserts,10,1.31,366.8,Wednesday,0,0,Rainy,12,1
2024-08-08,Paneer Butter Masala,Main Course,5,1.41,451.2,Thursday,0,0,Rainy,12,0
2024-08-08,Dal Makhani,Main Course,10,2.98,953.6,Thursday,0,0,Rainy,12,0
2024-08-08,Chicken Biryani,Main Course,15,4.78,1529.6,Thursday,0,0,Rainy,12,0
2024-08-08,Mutton Rogan Josh,Main Course,7,2.27,726.4,Thursday,0,0,Rainy,12,0
2024-08-08,Paneer Tikka,Starters,11,2.14,535.0,Thursday,0,0,Rainy,12,0
2024-08-08,Chicken Tandoori,Starters,7,1.25,312.5,Thursday,0,0,Rainy,12,0
2024-08-08,Veg Spring Rolls,Starters,12,1.93,482.5,Thursday,0,0,Rainy,12,0
2024-08-08,Fish Amritsari,Starters,13,2.12,530.0,Thursday,0,0,Rainy,12,0
2024-08-08,Butter Naan,Breads,10,0.64,76.8,Thursday,0,0,Rainy,12,0
2024-08-08,Garlic Naan,Breads,4,0.29,34.8,Thursday,0,0,Rainy,12,0
2024-08-08,Tandoori Roti,Breads,7,0.47,56.4,Thursday,0,0,Rainy,12,0
2024-08-08,Gulab Jamun,Desserts,7,0.87,243.6,Thursday,0,0,Rainy,12,0
2024-08-08,Ras Malai,Desserts,8,1.05,294.0,Thursday,0,0,Rainy,12,0
2024-08-08,Kheer,Desserts,6,0.69,193.2,Thursday,0,0,Rainy,12,0
2024-08-08,Kulfi,Desserts,5,0.61,170.8,Thursday,0,0,Rainy,12,0
2024-08-09,Paneer Butter Masala,Main Course,4,1.24,396.8,Friday,0,0,Rainy,11,0
2024-08-09,Dal Makhani,Main Course,2,0.67,214.4,Friday,0,0,Rainy,11,0
2024-08-09,Chicken Biryani,Main Course,2,0.6,192.0,Friday,0,0,Rainy,11,0
2024-08-09,Mutton Rogan Josh,Main Course,9,2.29,732.8,Friday,0,0,Rainy,11,0
2024-08-09,Paneer Tikka,Starters,3,0.54,135.0,Friday,0,0,Rainy,11,0
2024-08-09,Chicken Tandoori,Starters,6,0.95,237.5,Friday,0,0,Rainy,11,0
2024-08-09,Veg Spring Rolls,Starters,5,0.9,225.0,Friday,0,0,Rainy,11,0
2024-08-09,Fish Amritsari,Starters,19,3.22,805.0,Friday,0,0,Rainy,11,0
2024-08-09,Butter Naan,Breads,10,0.75,90.0,Friday,0,0,Rainy,11,0
2024-08-09,Garlic Naan,Breads,5,0.39,46.8,Friday,0,0,Rainy,11,0
2024-08-09,Tandoori Roti,Breads,16,0.98,117.6,Friday,0,0,Rainy,11,0
2024-08-09,Gulab Jamun,Desserts,7,0.84,235.2,Friday,0,0,Rainy,11,0
2024-08-09,Ras Malai,Desserts,5,0.65,182.0,Friday,0,0,Rainy,11,0
2024-08-09,Kheer,Desserts,7,0.92,257.6,Friday,0,0,Rainy,11,0
2024-08-09,Kulfi,Desserts,6,0.88,246.4,Friday,0,0,Rainy,11,0
2024-08-10,Paneer Butter Masala,Main Course,6,1.49,476.8,Saturday,1,0,Cloudy,15,0
2024-08-10,Dal Makhani,Main Course,9,2.83,905.6,Saturday,1,0,Cloudy,15,0
2024-08-10,Chicken Biryani,Main Course,7,2.26,723.2,Saturday,1,0,Cloudy,15,0
2024-08-10,Mutton Rogan Josh,Main Course,8,2.63,841.6,Saturday,1,0,Cloudy,15,0
2024-08-10,Paneer Tikka,Starters,16,2.9,725.0,Saturday,1,0,Cloudy,15,0
2024-08-10,Chicken Tandoori,Starters,10,1.84,460.0,Saturday,1,0,Cloudy,15,0
2024-08-10,Veg Spring Rolls,Starters,14,2.22,555.0,Saturday,1,0,Cloudy,15,0
2024-08-10,Fish Amritsari,Starters,12,1.99,497.5,Saturday,1,0,Cloudy,15,0
2024-08-10,Butter Naan,Breads,6,0.38,45.6,Saturday,1,0,Cloudy,15,0
2024-08-10,Garlic Naan,Breads,7,0.41,49.2,Saturday,1,0,Cloudy,15,0
2024-08-10,Tandoori Roti,Breads,17,1.23,147.6,Saturday,1,0,Cloudy,15,0
2024-08-10,Gulab Jamun,Desserts,14,1.53,428.4,Saturday,1,0,Cloudy,15,0
2024-08-10,Ras Malai,Desserts,6,0.75,210.0,Saturday,1,0,Cloudy,15,0
2024-08-10,Kheer,Desserts,10,1.47,411.6,Saturday,1,0,Cloudy,15,0
2024-08-10,Kulfi,Desserts,15,1.59,445.2,Saturday,1,0,Cloudy,15,0
2024-08-11,Paneer Butter Masala,Main Course,3,0.89,284.8,Sunday,1,0,Cloudy,13,1
2024-08-11,Dal Makhani,Main Course,10,2.92,934.4,Sunday,1,0,Cloudy,13,1
2024-08-11,Chicken Biryani,Main Course,10,2.94,940.8,Sunday,1,0,Cloudy,13,1
2024-08-11,Mutton Rogan Josh,Main Course,21,6.31,2019.2,Sunday,1,0,Cloudy,13,1
2024-08-11,Paneer Tikka,Starters,4,0.63,157.5,Sunday,1,0,Cloudy,13,1
2024-08-11,Chicken Tandoori,Starters,24,4.21,1052.5,Sunday,1,0,Cloudy,13,1
2024-08-11,Veg Spring Rolls,Starters,4,0.7,175.0,Sunday,1,0,Cloudy,13,1
2024-08-11,Fish Amritsari,Starters,20,3.74,935.0,Sunday,1,0,Cloudy,13,1
2024-08-11,Butter Naan,Breads,13,0.92,110.4,Sunday,1,0,Cloudy,13,1
2024-08-11,Garlic Naan,Breads,70,4.12,494.4,Sunday,1,0,Cloudy,13,1
2024-08-11,Tandoori Roti,Breads,33,2.19,262.8,Sunday,1,0,Cloudy,13,1
2024-08-11,Gulab Jamun,Desserts,16,2.08,582.4,Sunday,1,0,Cloudy,13,1
2024-08-11,Ras Malai,Desserts,3,0.43,120.4,Sunday,1,0,Cloudy,13,1
2024-08-11,Kheer,Desserts,23,3.38,946.4,Sunday,1,0,Cloudy,13,1
2024-08-11,Kulfi,Desserts,17,2.2,616.0,Sunday,1,0,Cloudy,13,1
2024-08-12,Paneer Butter Masala,Main Course,2,0.68,217.6,Monday,0,0,Stormy,11,0
2024-08-12,Dal Makhani,Main Course,6,1.63,521.6,Monday,0,0,Stormy,11,0
2024-08-12,Chicken Biryani,Main Course,4,1.28,409.6,Monday,0,0,Stormy,11,0
2024-08-12,Mutton Rogan Josh,Main Course,10,3.12,998.4,Monday,0,0,Stormy,11,0
2024-08-12,Paneer Tikka,Starters,10,1.67,417.5,Monday,0,0,Stormy,11,0
2024-08-12,Chicken Tandoori,Starters,9,1.75,437.5,Monday,0,0,Stormy,11,0
2024-08-12,Veg Spring Rolls,Starters,6,0.88,220.0,Monday,0,0,Stormy,11,0
2024-08-12,Fish Amritsari,Starters,12,1.73,432.5,Monday,0,0,Stormy,11,0
2024-08-12,Butter Naan,Breads,4,0.28,33.6,Monday,0,0,Stormy,11,0
2024-08-12,Garlic Naan,Breads,11,0.68,81.6,Monday,0,0,Stormy,11,0
2024-08-12,Tandoori Roti,Breads,3,0.23,27.6,Monday,0,0,Stormy,11,0
2024-08-12,Gulab Jamun,Desserts,9,0.99,277.2,Monday,0,0,Stormy,11,0
2024-08-12,Ras Malai,Desserts,7,0.94,263.2,Monday,0,0,Stormy,11,0
2024-08-12,Kheer,Desserts,6,0.72,201.6,Monday,0,0,Stormy,11,0
2024-08-12,Kulfi,Desserts,8,1.13,316.4,Monday,0,0,Stormy,11,0
2024-08-13,Paneer Butter Masala,Main Course,6,1.86,595.2,Tuesday,0,0,Cloudy,10,0
2024-08-13,Dal Makhani,Main Course,12,2.97,950.4,Tuesday,0,0,Cloudy,10,0
2024-08-13,Chicken Biryani,Main Course,6,1.84,588.8,Tuesday,0,0,Cloudy,10,0
2024-08-13,Mutton Rogan Josh,Main Course,10,3.21,1027.2,Tuesday,0,0,Cloudy,10,0
2024-08-13,Paneer Tikka,Starters,11,1.72,430.0,Tuesday,0,0,Cloudy,10,0
2024-08-13,Chicken Tandoori,Starters,9,1.73,432.5,Tuesday,0,0,Cloudy,10,0
2024-08-13,Veg Spring Rolls,Starters,4,0.7,175.0,Tuesday,0,0,Cloudy,10,0
2024-08-13,Fish Amritsari,Starters,19,3.23,807.5,Tuesday,0,0,Cloudy,10,0
2024-08-13,Butter Naan,Breads,3,0.19,22.8,Tuesday,0,0,Cloudy,10,0
2024-08-13,Garlic Naan,Breads,7,0.43,51.6,Tuesday,0,0,Cloudy,10,0
2024-08-13,Tandoori Roti,Breads,10,0.63,75.6,Tuesday,0,0,Cloudy,10,0
2024-08-13,Gulab Jamun,Desserts,9,1.16,324.8,Tuesday,0,0,Cloudy,10,0
2024-08-13,Ras Malai,Desserts,6,0.7,196.0,Tuesday,0,0,Cloudy,10,0
2024-08-13,Kheer,Desserts,7,0.83,232.4,Tuesday,0,0,Cloudy,10,0
2024-08-13,Kulfi,Desserts,6,0.75,210.0,Tuesday,0,0,Cloudy,10,0
2024-08-14,Paneer Butter Masala,Main Course,1,0.28,89.6,Wednesday,0,0,Rainy,8,0
2024-08-14,Dal Makhani,Main Course,11,3.31,1059.2,Wednesday,0,0,Rainy,8,0
2024-08-14,Chicken Biryani,Main Course,27,9.12,2918.4,Wednesday,0,0,Rainy,8,0
2024-08-14,Mutton Rogan Josh,Main Course,12,3.38,1081.6,Wednesday,0,0,Rainy,8,0
2024-08-14,Paneer Tikka,Starters,9,1.35,337.5,Wednesday,0,0,Rainy,8,0
2024-08-14,Chicken Tandoori,Starters,6,1.02,255.0,Wednesday,0,0,Rainy,8,0
2024-08-14,Veg Spring Rolls,Starters,6,0.88,220.0,Wednesday,0,0,Rainy,8,0
2024-08-14,Fish Amritsari,Starters,17,2.76,690.0,Wednesday,0,0,Rainy,8,0
2024-08-14,Butter Naan,Breads,10,0.71,85.2,Wednesday,0,0,Rainy,8,0
2024-08-14,Garlic Naan,Breads,14,0.94,112.8,Wednesday,0,0,Rainy,8,0
2024-08-14,Tandoori Roti,Breads,12,0.77,92.4,Wednesday,0,0,Rainy,8,0
2024-08-14,Gulab Jamun,Desserts,5,0.66,184.8,Wednesday,0,0,Rainy,8,0
2024-08-14,Ras Malai,Desserts,9,1.11,310.8,Wednesday,0,0,Rainy,8,0
2024-08-14,Kheer,Desserts,6,0.9,252.0,Wednesday,0,0,Rainy,8,0
2024-08-14,Kulfi,Desserts,9,1.14,319.2,Wednesday,0,0,Rainy,8,0
2024-08-15,Paneer Butter Masala,Main Course,5,1.61,515.2,Thursday,0,1,Sunny,9,1
2024-08-15,Dal Makhani,Main Course,17,4.54,1452.8,Thursday,0,1,Sunny,9,1
2024-08-15,Chicken Biryani,Main Course,2,0.53,169.6,Thursday,0,1,Sunny,9,1
2024-08-15,Mutton Rogan Josh,Main Course,9,2.41,771.2,Thursday,0,1,Sunny,9,1
2024-08-15,Paneer Tikka,Starters,5,0.83,207.5,Thursday,0,1,Sunny,9,1
2024-08-15,Chicken Tandoori,Starters,10,1.56,390.0,Thursday,0,1,Sunny,9,1
2024-08-15,Veg Spring Rolls,Starters,17,2.77,692.5,Thursday,0,1,Sunny,9,1
2024-08-15,Fish Amritsari,Starters,21,3.02,755.0,Thursday,0,1,Sunny,9,1
2024-08-15,Butter Naan,Breads,15,1.11,133.2,Thursday,0,1,Sunny,9,1
2024-08-15,Garlic Naan,Breads,22,1.51,181.2,Thursday,0,1,Sunny,9,1
2024-08-15,Tandoori Roti,Breads,15,1.18,141.6,Thursday,0,1,Sunny,9,1
2024-08-15,Gulab Jamun,Desserts,8,1.11,310.8,Thursday,0,1,Sunny,9,1
2024-08-15,Ras Malai,Desserts,14,1.8,504.0,Thursday,0,1,Sunny,9,1
2024-08-15,Kheer,Desserts,10,1.2,336.0,Thursday,0,1,Sunny,9,1
2024-08-15,Kulfi,Desserts,15,1.85,518.0,Thursday,0,1,Sunny,9,1
2024-08-16,Paneer Butter Masala,Main Course,4,1.03,329.6,Friday,0,0,Cloudy,8,0
2024-08-16,Dal Makhani,Main Course,4,1.28,409.6,Friday,0,0,Cloudy,8,0
2024-08-16,Chicken Biryani,Main Course,2,0.53,169.6,Friday,0,0,Cloudy,8,0
2024-08-16,Mutton Rogan Josh,Main Course,9,2.57,822.4,Friday,0,0,Cloudy,8,0
2024-08-16,Paneer Tikka,Starters,8,1.17,292.5,Friday,0,0,Cloudy,8,0
2024-08-16,Chicken Tandoori,Starters,14,2.26,565.0,Friday,0,0,Cloudy,8,0
2024-08-16,Veg Spring Rolls,Starters,4,0.7,175.0,Friday,0,0,Cloudy,8,0
2024-08-16,Fish Amritsari,Starters,15,2.78,695.0,Friday,0,0,Cloudy,8,0
2024-08-16,Butter Naan,Breads,9,0.6,72.0,Friday,0,0,Cloudy,8,0
2024-08-16,Garlic Naan,Breads,12,0.71,85.2,Friday,0,0,Cloudy,8,0
2024-08-16,Tandoori Roti,Breads,19,1.1,132.0,Friday,0,0,Cloudy,8,0
2024-08-16,Gulab Jamun,Desserts,9,1.05,294.0,Friday,0,0,Cloudy,8,0
2024-08-16,Ras Malai,Desserts,2,0.29,81.2,Friday,0,0,Cloudy,8,0
2024-08-16,Kheer,Desserts,6,0.84,235.2,Friday,0,0,Cloudy,8,0
2024-08-16,Kulfi,Desserts,9,1.35,378.0,Friday,0,0,Cloudy,8,0
2024-08-17,Paneer Butter Masala,Main Course,7,2.22,710.4,Saturday,1,0,Rainy,14,0
2024-08-17,Dal Makhani,Main Course,4,1.19,380.8,Saturday,1,0,Rainy,14,0
2024-08-17,Chicken Biryani,Main Course,2,0.5,160.0,Saturday,1,0,Rainy,14,0
2024-08-17,Mutton Rogan Josh,Main Course,11,3.24,1036.8,Saturday,1,0,Rainy,14,0
2024-08-17,Paneer Tikka,Starters,20,3.28,820.0,Saturday,1,0,Rainy,14,0
2024-08-17,Chicken Tandoori,Starters,11,2.08,520.0,Saturday,1,0,Rainy,14,0
2024-08-17,Veg Spring Rolls,Starters,4,0.63,157.5,Saturday,1,0,Rainy,14,0
2024-08-17,Fish Amritsari,Starters,15,2.44,610.0,Saturday,1,0,Rainy,14,0
2024-08-17,Butter Naan,Breads,3,0.23,27.6,Saturday,1,0,Rainy,14,0
2024-08-17,Garlic Naan,Breads,9,0.7,84.0,Saturday,1,0,Rainy,14,0
2024-08-17,Tandoori Roti,Breads,20,1.33,159.6,Saturday,1,0,Rainy,14,0
2024-08-17,Gulab Jamun,Desserts,3,0.38,106.4,Saturday,1,0,Rainy,14,0
2024-08-17,Ras Malai,Desserts,3,0.38,106.4,Saturday,1,0,Rainy,14,0
2024-08-17,Kheer,Desserts,3,0.36,100.8,Saturday,1,0,Rainy,14,0
2024-08-17,Kulfi,Desserts,11,1.3,364.0,Saturday,1,0,Rainy,14,0
2024-08-18,Paneer Butter Masala,Main Course,4,1.24,396.8,Sunday,1,0,Rainy,14,0
2024-08-18,Dal Makhani,Main Course,10,2.95,944.0,Sunday,1,0,Rainy,14,0
2024-08-18,Chicken Biryani,Main Course,4,1.25,400.0,Sunday,1,0,Rainy,14,0
2024-08-18,Mutton Rogan Josh,Main Course,9,2.75,880.0,Sunday,1,0,Rainy,14,0
2024-08-18,Paneer Tikka,Starters,10,1.91,477.5,Sunday,1,0,Rainy,14,0
2024-08-18,Chicken Tandoori,Starters,12,1.78,445.0,Sunday,1,0,Rainy,14,0
2024-08-18,Veg Spring Rolls,Starters,15,2.7,675.0,Sunday,1,0,Rainy,14,0
2024-08-18,Fish Amritsari,Starters,26,4.62,1155.0,Sunday,1,0,Rainy,14,0
2024-08-18,Butter Naan,Breads,6,0.43,51.6,Sunday,1,0,Rainy,14,0
2024-08-18,Garlic Naan,Breads,9,0.55,66.0,Sunday,1,0,Rainy,14,0
2024-08-18,Tandoori Roti,Breads,5,0.39,46.8,Sunday,1,0,Rainy,14,0
2024-08-18,Gulab Jamun,Desserts,6,0.89,249.2,Sunday,1,0,Rainy,14,0
2024-08-18,Ras Malai,Desserts,7,0.84,235.2,Sunday,1,0,Rainy,14,0
2024-08-18,Kheer,Desserts,10,1.49,417.2,Sunday,1,0,Rainy,14,0
2024-08-18,Kulfi,Desserts,12,1.54,431.2,Sunday,1,0,Rainy,14,0
2024-08-19,Paneer Butter Masala,Main Course,1,0.35,112.0,Monday,0,0,Sunny,8,0
2024-08-19,Dal Makhani,Main Course,9,2.48,793.6,Monday,0,0,Sunny,8,0
2024-08-19,Chicken Biryani,Main Course,3,1.04,332.8,Monday,0,0,Sunny,8,0
2024-08-19,Mutton Rogan Josh,Main Course,10,3.48,1113.6,Monday,0,0,Sunny,8,0
2024-08-19,Paneer Tikka,Starters,12,1.91,477.5,Monday,0,0,Sunny,8,0
2024-08-19,Chicken Tandoori,Starters,9,1.66,415.0,Monday,0,0,Sunny,8,0
2024-08-19,Veg Spring Rolls,Starters,27,3.81,952.5,Monday,0,0,Sunny,8,0
2024-08-19,Fish Amritsari,Starters,11,1.94,485.0,Monday,0,0,Sunny,8,0
2024-08-19,Butter Naan,Breads,2,0.14,16.8,Monday,0,0,Sunny,8,0
2024-08-19,Garlic Naan,Breads,13,1.02,122.4,Monday,0,0,Sunny,8,0
2024-08-19,Tandoori Roti,Breads,7,0.43,51.6,Monday,0,0,Sunny,8,0
2024-08-19,Gulab Jamun,Desserts,9,1.06,296.8,Monday,0,0,Sunny,8,0
2024-08-19,Ras Malai,Desserts,4,0.45,126.0,Monday,0,0,Sunny,8,0
2024-08-19,Kheer,Desserts,2,0.21,58.8,Monday,0,0,Sunny,8,0
2024-08-19,Kulfi,Desserts,9,1.29,361.2,Monday,0,0,Sunny,8,0
2024-08-20,Paneer Butter Masala,Main Course,3,0.96,307.2,Tuesday,0,0,Cloudy,8,0
2024-08-20,Dal Makhani,Main Course,12,4.05,1296.0,Tuesday,0,0,Cloudy,8,0
2024-08-20,Chicken Biryani,Main Course,3,0.99,316.8,Tuesday,0,0,Cloudy,8,0
2024-08-20,Mutton Rogan Josh,Main Course,13,4.07,1302.4,Tuesday,0,0,Cloudy,8,0
2024-08-20,Paneer Tikka,Starters,14,1.97,492.5,Tuesday,0,0,Cloudy,8,0
2024-08-20,Chicken Tandoori,Starters,5,0.79,197.5,Tuesday,0,0,Cloudy,8,0
2024-08-20,Veg Spring Rolls,Starters,11,1.83,457.5,Tuesday,0,0,Cloudy,8,0
2024-08-20,Fish Amritsari,Starters,22,3.82,955.0,Tuesday,0,0,Cloudy,8,0
2024-08-20,Butter Naan,Breads,6,0.46,55.2,Tuesday,0,0,Cloudy,8,0
2024-08-20,Garlic Naan,Breads,14,0.79,94.8,Tuesday,0,0,Cloudy,8,0
2024-08-20,Tandoori Roti,Breads,14,1.12,134.4,Tuesday,0,0,Cloudy,8,0
2024-08-20,Gulab Jamun,Desserts,4,0.42,117.6,Tuesday,0,0,Cloudy,8,0
2024-08-20,Ras Malai,Desserts,4,0.58,162.4,Tuesday,0,0,Cloudy,8,0
2024-08-20,Kheer,Desserts,6,0.74,207.2,Tuesday,0,0,Cloudy,8,0
2024-08-20,Kulfi,Desserts,6,0.64,179.2,Tuesday,0,0,Cloudy,8,0
2024-08-21,Paneer Butter Masala,Main Course,6,1.51,483.2,Wednesday,0,0,Cloudy,9,1
2024-08-21,Dal Makhani,Main Course,6,1.73,553.6,Wednesday,0,0,Cloudy,9,1
2024-08-21,Chicken Biryani,Main Course,6,1.8,576.0,Wednesday,0,0,Cloudy,9,1
2024-08-21,Mutton Rogan Josh,Main Course,13,3.89,1244.8,Wednesday,0,0,Cloudy,9,1
2024-08-21,Paneer Tikka,Starters,16,2.89,722.5,Wednesday,0,0,Cloudy,9,1
2024-08-21,Chicken Tandoori,Starters,15,2.38,595.0,Wednesday,0,0,Cloudy,9,1
2024-08-21,Veg Spring Rolls,Starters,16,2.7,675.0,Wednesday,0,0,Cloudy,9,1
2024-08-21,Fish Amritsari,Starters,23,4.02,1005.0,Wednesday,0,0,Cloudy,9,1
2024-08-21,Butter Naan,Breads,9,0.7,84.0,Wednesday,0,0,Cloudy,9,1
2024-08-21,Garlic Naan,Breads,18,1.4,168.0,Wednesday,0,0,Cloudy,9,1
2024-08-21,Tandoori Roti,Breads,11,0.82,98.4,Wednesday,0,0,Cloudy,9,1
2024-08-21,Gulab Jamun,Desserts,9,1.19,333.2,Wednesday,0,0,Cloudy,9,1
2024-08-21,Ras Malai,Desserts,9,1.05,294.0,Wednesday,0,0,Cloudy,9,1
2024-08-21,Kheer,Desserts,4,0.54,151.2,Wednesday,0,0,Cloudy,9,1
2024-08-21,Kulfi,Desserts,10,1.18,330.4,Wednesday,0,0,Cloudy,9,1
2024-08-22,Paneer Butter Masala,Main Course,1,0.34,108.8,Thursday,0,0,Rainy,8,0
2024-08-22,Dal Makhani,Main Course,8,2.38,761.6,Thursday,0,0,Rainy,8,0
2024-08-22,Chicken Biryani,Main Course,6,1.75,560.0,Thursday,0,0,Rainy,8,0
2024-08-22,Mutton Rogan Josh,Main Course,7,2.16,691.2,Thursday,0,0,Rainy,8,0
2024-08-22,Paneer Tikka,Starters,6,1.17,292.5,Thursday,0,0,Rainy,8,0
2024-08-22,Chicken Tandoori,Starters,10,1.49,372.5,Thursday,0,0,Rainy,8,0
2024-08-22,Veg Spring Rolls,Starters,7,1.12,280.0,Thursday,0,0,Rainy,8,0
2024-08-22,Fish Amritsari,Starters,13,2.46,615.0,Thursday,0,0,Rainy,8,0
2024-08-22,Butter Naan,Breads,10,0.6,72.0,Thursday,0,0,Rainy,8,0
2024-08-22,Garlic Naan,Breads,5,0.39,46.8,Thursday,0,0,Rainy,8,0
2024-08-22,Tandoori Roti,Breads,4,0.29,34.8,Thursday,0,0,Rainy,8,0
2024-08-22,Gulab Jamun,Desserts,9,1.24,347.2,Thursday,0,0,Rainy,8,0
2024-08-22,Ras Malai,Desserts,5,0.54,151.2,Thursday,0,0,Rainy,8,0
2024-08-22,Kheer,Desserts,2,0.26,72.8,Thursday,0,0,Rainy,8,0
2024-08-22,Kulfi,Desserts,7,0.89,249.2,Thursday,0,0,Rainy,8,0
2024-08-23,Paneer Butter Masala,Main Course,2,0.68,217.6,Friday,0,0,Cloudy,10,0
2024-08-23,Dal Makhani,Main Course,12,3.67,1174.4,Friday,0,0,Cloudy,10,0
2024-08-23,Chicken Biryani,Main Course,4,1.09,348.8,Friday,0,0,Cloudy,10,0
2024-08-23,Mutton Rogan Josh,Main Course,11,2.74,876.8,Friday,0,0,Cloudy,10,0
2024-08-23,Paneer Tikka,Starters,11,2.17,542.5,Friday,0,0,Cloudy,10,0
2024-08-23,Chicken Tandoori,Starters,7,1.37,342.5,Friday,0,0,Cloudy,10,0
2024-08-23,Veg Spring Rolls,Starters,15,2.83,707.5,Friday,0,0,Cloudy,10,0
2024-08-23,Fish Amritsari,Starters,22,3.7,925.0,Friday,0,0,Cloudy,10,0
2024-08-23,Butter Naan,Breads,7,0.45,54.0,Friday,0,0,Cloudy,10,0
2024-08-23,Garlic Naan,Breads,15,1.15,138.0,Friday,0,0,Cloudy,10,0
2024-08-23,Tandoori Roti,Breads,15,0.88,105.6,Friday,0,0,Cloudy,10,0
2024-08-23,Gulab Jamun,Desserts,4,0.55,154.0,Friday,0,0,Cloudy,10,0
2024-08-23,Ras Malai,Desserts,17,1.79,501.2,Friday,0,0,Cloudy,10,0
2024-08-23,Kheer,Desserts,4,0.58,162.4,Friday,0,0,Cloudy,10,0
2024-08-23,Kulfi,Desserts,8,0.95,266.0,Friday,0,0,Cloudy,10,0
2024-08-24,Paneer Butter Masala,Main Course,8,2.1,672.0,Saturday,1,0,Cloudy,11,1
2024-08-24,Dal Makhani,Main Course,16,3.93,1257.6,Saturday,1,0,Cloudy,11,1
2024-08-24,Chicken Biryani,Main Course,9,2.62,838.4,Saturday,1,0,Cloudy,11,1
2024-08-24,Mutton Rogan Josh,Main Course,17,5.92,1894.4,Saturday,1,0,Cloudy,11,1
2024-08-24,Paneer Tikka,Starters,14,2.28,570.0,Saturday,1,0,Cloudy,11,1
2024-08-24,Chicken Tandoori,Starters,10,1.43,357.5,Saturday,1,0,Cloudy,11,1
2024-08-24,Veg Spring Rolls,Starters,18,2.97,742.5,Saturday,1,0,Cloudy,11,1
2024-08-24,Fish Amritsari,Starters,28,4.71,1177.5,Saturday,1,0,Cloudy,11,1
2024-08-24,Butter Naan,Breads,13,0.81,97.2,Saturday,1,0,Cloudy,11,1
2024-08-24,Garlic Naan,Breads,26,1.89,226.8,Saturday,1,0,Cloudy,11,1
2024-08-24,Tandoori Roti,Breads,28,1.74,208.8,Saturday,1,0,Cloudy,11,1
2024-08-24,Gulab Jamun,Desserts,11,1.23,344.4,Saturday,1,0,Cloudy,11,1
2024-08-24,Ras Malai,Desserts,5,0.63,176.4,Saturday,1,0,Cloudy,11,1
2024-08-24,Kheer,Desserts,33,4.23,1184.4,Saturday,1,0,Cloudy,11,1
2024-08-24,Kulfi,Desserts,16,2.15,602.0,Saturday,1,0,Cloudy,11,1
2024-08-25,Paneer Butter Masala,Main Course,7,1.95,624.0,Sunday,1,0,Cloudy,15,0
2024-08-25,Dal Makhani,Main Course,15,5.16,1651.2,Sunday,1,0,Cloudy,15,0
2024-08-25,Chicken Biryani,Main Course,40,9.93,3177.6,Sunday,1,0,Cloudy,15,0
2024-08-25,Mutton Rogan Josh,Main Course,14,4.2,1344.0,Sunday,1,0,Cloudy,15,0
2024-08-25,Paneer Tikka,Starters,14,2.35,587.5,Sunday,1,0,Cloudy,15,0
2024-08-25,Chicken Tandoori,Starters,9,1.68,420.0,Sunday,1,0,Cloudy,15,0
2024-08-25,Veg Spring Rolls,Starters,7,1.38,345.0,Sunday,1,0,Cloudy,15,0
2024-08-25,Fish Amritsari,Starters,15,2.99,747.5,Sunday,1,0,Cloudy,15,0
2024-08-25,Butter Naan,Breads,11,0.84,100.8,Sunday,1,0,Cloudy,15,0
2024-08-25,Garlic Naan,Breads,20,1.4,168.0,Sunday,1,0,Cloudy,15,0
2024-08-25,Tandoori Roti,Breads,21,1.27,152.4,Sunday,1,0,Cloudy,15,0
2024-08-25,Gulab Jamun,Desserts,12,1.42,397.6,Sunday,1,0,Cloudy,15,0
2024-08-25,Ras Malai,Desserts,11,1.41,394.8,Sunday,1,0,Cloudy,15,0
2024-08-25,Kheer,Desserts,5,0.61,170.8,Sunday,1,0,Cloudy,15,0
2024-08-25,Kulfi,Desserts,14,1.97,551.6,Sunday,1,0,Cloudy,15,0
2024-08-26,Paneer Butter Masala,Main Course,4,1.34,428.8,Monday,0,0,Rainy,10,0
2024-08-26,Dal Makhani,Main Course,9,3.08,985.6,Monday,0,0,Rainy,10,0
2024-08-26,Chicken Biryani,Main Course,3,0.89,284.8,Monday,0,0,Rainy,10,0
2024-08-26,Mutton Rogan Josh,Main Course,6,1.76,563.2,Monday,0,0,Rainy,10,0
2024-08-26,Paneer Tikka,Starters,11,1.67,417.5,Monday,0,0,Rainy,10,0
2024-08-26,Chicken Tandoori,Starters,8,1.21,302.5,Monday,0,0,Rainy,10,0
2024-08-26,Veg Spring Rolls,Starters,12,2.0,500.0,Monday,0,0,Rainy,10,0
2024-08-26,Fish Amritsari,Starters,8,1.24,310.0,Monday,0,0,Rainy,10,0
2024-08-26,Butter Naan,Breads,6,0.37,44.4,Monday,0,0,Rainy,10,0
2024-08-26,Garlic Naan,Breads,18,1.21,145.2,Monday,0,0,Rainy,10,0
2024-08-26,Tandoori Roti,Breads,9,0.58,69.6,Monday,0,0,Rainy,10,0
2024-08-26,Gulab Jamun,Desserts,8,1.08,302.4,Monday,0,0,Rainy,10,0
2024-08-26,Ras Malai,Desserts,6,0.82,229.6,Monday,0,0,Rainy,10,0
2024-08-26,Kheer,Desserts,2,0.22,61.6,Monday,0,0,Rainy,10,0
2024-08-26,Kulfi,Desserts,4,0.49,137.2,Monday,0,0,Rainy,10,0
2024-08-27,Paneer Butter Masala,Main Course,4,1.35,432.0,Tuesday,0,0,Rainy,9,0
2024-08-27,Dal Makhani,Main Course,7,2.43,777.6,Tuesday,0,0,Rainy,9,0
2024-08-27,Chicken Biryani,Main Course,6,1.58,505.6,Tuesday,0,0,Rainy,9,0
2024-08-27,Mutton Rogan Josh,Main Course,9,2.99,956.8,Tuesday,0,0,Rainy,9,0
2024-08-27,Paneer Tikka,Starters,4,0.67,167.5,Tuesday,0,0,Rainy,9,0
2024-08-27,Chicken Tandoori,Starters,5,0.9,225.0,Tuesday,0,0,Rainy,9,0
2024-08-27,Veg Spring Rolls,Starters,4,0.7,175.0,Tuesday,0,0,Rainy,9,0
2024-08-27,Fish Amritsari,Starters,16,3.02,755.0,Tuesday,0,0,Rainy,9,0
2024-08-27,Butter Naan,Breads,8,0.55,66.0,Tuesday,0,0,Rainy,9,0
2024-08-27,Garlic Naan,Breads,8,0.47,56.4,Tuesday,0,0,Rainy,9,0
2024-08-27,Tandoori Roti,Breads,34,2.61,313.2,Tuesday,0,0,Rainy,9,0
2024-08-27,Gulab Jamun,Desserts,5,0.57,159.6,Tuesday,0,0,Rainy,9,0
2024-08-27,Ras Malai,Desserts,14,1.94,543.2,Tuesday,0,0,Rainy,9,0
2024-08-27,Kheer,Desserts,4,0.54,151.2,Tuesday,0,0,Rainy,9,0
2024-08-27,Kulfi,Desserts,13,1.85,518.0,Tuesday,0,0,Rainy,9,0
2024-08-28,Paneer Butter Masala,Main Course,6,2.02,646.4,Wednesday,0,0,Rainy,8,0
2024-08-28,Dal Makhani,Main Course,9,2.69,860.8,Wednesday,0,0,Rainy,8,0
2024-08-28,Chicken Biryani,Main Course,3,0.82,262.4,Wednesday,0,0,Rainy,8,0
2024-08-28,Mutton Rogan Josh,Main Course,9,2.97,950.4,Wednesday,0,0,Rainy,8,0
2024-08-28,Paneer Tikka,Starters,8,1.57,392.5,Wednesday,0,0,Rainy,8,0
2024-08-28,Chicken Tandoori,Starters,5,0.93,232.5,Wednesday,0,0,Rainy,8,0
2024-08-28,Veg Spring Rolls,Starters,10,1.92,480.0,Wednesday,0,0,Rainy,8,0
2024-08-28,Fish Amritsari,Starters,11,1.95,487.5,Wednesday,0,0,Rainy,8,0
2024-08-28,Butter Naan,Breads,5,0.35,42.0,Wednesday,0,0,Rainy,8,0
2024-08-28,Garlic Naan,Breads,17,1.19,142.8,Wednesday,0,0,Rainy,8,0
2024-08-28,Tandoori Roti,Breads,3,0.2,24.0,Wednesday,0,0,Rainy,8,0
2024-08-28,Gulab Jamun,Desserts,10,1.31,366.8,Wednesday,0,0,Rainy,8,0
2024-08-28,Ras Malai,Desserts,2,0.26,72.8,Wednesday,0,0,Rainy,8,0
2024-08-28,Kheer,Desserts,6,0.84,235.2,Wednesday,0,0,Rainy,8,0
2024-08-28,Kulfi,Desserts,5,0.63,176.4,Wednesday,0,0,Rainy,8,0
2024-08-29,Paneer Butter Masala,Main Course,5,1.55,496.0,Thursday,0,0,Stormy,9,0
2024-08-29,Dal Makhani,Main Course,9,2.36,755.2,Thursday,0,0,Stormy,9,0
2024-08-29,Chicken Biryani,Main Course,4,1.2,384.0,Thursday,0,0,Stormy,9,0
2024-08-29,Mutton Rogan Josh,Main Course,11,2.91,931.2,Thursday,0,0,Stormy,9,0
2024-08-29,Paneer Tikka,Starters,3,0.43,107.5,Thursday,0,0,Stormy,9,0
2024-08-29,Chicken Tandoori,Starters,2,0.36,90.0,Thursday,0,0,Stormy,9,0
2024-08-29,Veg Spring Rolls,Starters,3,0.45,112.5,Thursday,0,0,Stormy,9,0
2024-08-29,Fish Amritsari,Starters,8,1.49,372.5,Thursday,0,0,Stormy,9,0
2024-08-29,Butter Naan,Breads,3,0.21,25.2,Thursday,0,0,Stormy,9,0
2024-08-29,Garlic Naan,Breads,6,0.38,45.6,Thursday,0,0,Stormy,9,0
2024-08-29,Tandoori Roti,Breads,8,0.48,57.6,Thursday,0,0,Stormy,9,0
2024-08-29,Gulab Jamun,Desserts,7,0.77,215.6,Thursday,0,0,Stormy,9,0
2024-08-29,Ras Malai,Desserts,3,0.44,123.2,Thursday,0,0,Stormy,9,0
2024-08-29,Kheer,Desserts,16,1.83,512.4,Thursday,0,0,Stormy,9,0
2024-08-29,Kulfi,Desserts,5,0.53,148.4,Thursday,0,0,Stormy,9,0
2024-08-30,Paneer Butter Masala,Main Course,6,1.81,579.2,Friday,0,0,Sunny,11,0
2024-08-30,Dal Makhani,Main Course,24,6.98,2233.6,Friday,0,0,Sunny,11,0
2024-08-30,Chicken Biryani,Main Course,3,0.99,316.8,Friday,0,0,Sunny,11,0
2024-08-30,Mutton Rogan Josh,Main Course,13,3.62,1158.4,Friday,0,0,Sunny,11,0
2024-08-30,Paneer Tikka,Starters,6,0.94,235.0,Friday,0,0,Sunny,11,0
2024-08-30,Chicken Tandoori,Starters,27,4.76,1190.0,Friday,0,0,Sunny,11,0
2024-08-30,Veg Spring Rolls,Starters,8,1.38,345.0,Friday,0,0,Sunny,11,0
2024-08-30,Fish Amritsari,Starters,11,1.55,387.5,Friday,0,0,Sunny,11,0
2024-08-30,Butter Naan,Breads,4,0.29,34.8,Friday,0,0,Sunny,11,0
2024-08-30,Garlic Naan,Breads,16,0.98,117.6,Friday,0,0,Sunny,11,0
2024-08-30,Tandoori Roti,Breads,18,1.12,134.4,Friday,0,0,Sunny,11,0
2024-08-30,Gulab Jamun,Desserts,5,0.73,204.4,Friday,0,0,Sunny,11,0
2024-08-30,Ras Malai,Desserts,6,0.78,218.4,Friday,0,0,Sunny,11,0
2024-08-30,Kheer,Desserts,2,0.21,58.8,Friday,0,0,Sunny,11,0
2024-08-30,Kulfi,Desserts,11,1.16,324.8,Friday,0,0,Sunny,11,0
2024-08-31,Paneer Butter Masala,Main Course,9,2.98,953.6,Saturday,1,0,Rainy,10,1
2024-08-31,Dal Makhani,Main Course,8,2.65,848.0,Saturday,1,0,Rainy,10,1
2024-08-31,Chicken Biryani,Main Course,6,2.07,662.4,Saturday,1,0,Rainy,10,1
2024-08-31,Mutton Rogan Josh,Main Course,14,3.46,1107.2,Saturday,1,0,Rainy,10,1
2024-08-31,Paneer Tikka,Starters,7,1.38,345.0,Saturday,1,0,Rainy,10,1
2024-08-31,Chicken Tandoori,Starters,15,2.82,705.0,Saturday,1,0,Rainy,10,1
2024-08-31,Veg Spring Rolls,Starters,10,1.78,445.0,Saturday,1,0,Rainy,10,1
2024-08-31,Fish Amritsari,Starters,26,4.04,1010.0,Saturday,1,0,Rainy,10,1
2024-08-31,Butter Naan,Breads,18,1.05,126.0,Saturday,1,0,Rainy,10,1
2024-08-31,Garlic Naan,Breads,29,1.88,225.6,Saturday,1,0,Rainy,10,1
2024-08-31,Tandoori Roti,Breads,13,0.78,93.6,Saturday,1,0,Rainy,10,1
2024-08-31,Gulab Jamun,Desserts,15,2.08,582.4,Saturday,1,0,Rainy,10,1
2024-08-31,Ras Malai,Desserts,3,0.42,117.6,Saturday,1,0,Rainy,10,1
2024-08-31,Kheer,Desserts,10,1.3,364.0,Saturday,1,0,Rainy,10,1
2024-08-31,Kulfi,Desserts,18,2.06,576.8,Saturday,1,0,Rainy,10,1
2024-09-01,Paneer Butter Masala,Main Course,3,0.77,246.4,Sunday,1,0,Stormy,14,1
2024-09-01,Dal Makhani,Main Course,4,1.1,352.0,Sunday,1,0,Stormy,14,1
2024-09-01,Chicken Biryani,Main Course,9,2.74,876.8,Sunday,1,0,Stormy,14,1
2024-09-01,Mutton Rogan Josh,Main Course,13,3.5,1120.0,Sunday,1,0,Stormy,14,1
2024-09-01,Paneer Tikka,Starters,8,1.15,287.5,Sunday,1,0,Stormy,14,1
2024-09-01,Chicken Tandoori,Starters,20,3.55,887.5,Sunday,1,0,Stormy,14,1
2024-09-01,Veg Spring Rolls,Starters,18,2.91,727.5,Sunday,1,0,Stormy,14,1
2024-09-01,Fish Amritsari,Starters,25,4.09,1022.5,Sunday,1,0,Stormy,14,1
2024-09-01,Butter Naan,Breads,5,0.36,43.2,Sunday,1,0,Stormy,14,1
2024-09-01,Garlic Naan,Breads,18,1.3,156.0,Sunday,1,0,Stormy,14,1
2024-09-01,Tandoori Roti,Breads,30,1.9,228.0,Sunday,1,0,Stormy,14,1
2024-09-01,Gulab Jamun,Desserts,12,1.52,425.6,Sunday,1,0,Stormy,14,1
2024-09-01,Ras Malai,Desserts,13,1.54,431.2,Sunday,1,0,Stormy,14,1
2024-09-01,Kheer,Desserts,8,0.85,238.0,Sunday,1,0,Stormy,14,1
2024-09-01,Kulfi,Desserts,17,2.2,616.0,Sunday,1,0,Stormy,14,1
2024-09-02,Paneer Butter Masala,Main Course,2,0.52,166.4,Monday,0,0,Rainy,8,0
2024-09-02,Dal Makhani,Main Course,13,3.71,1187.2,Monday,0,0,Rainy,8,0
2024-09-02,Chicken Biryani,Main Course,3,0.74,236.8,Monday,0,0,Rainy,8,0
2024-09-02,Mutton Rogan Josh,Main Course,10,2.59,828.8,Monday,0,0,Rainy,8,0
2024-09-02,Paneer Tikka,Starters,5,0.73,182.5,Monday,0,0,Rainy,8,0
2024-09-02,Chicken Tandoori,Starters,7,1.3,325.0,Monday,0,0,Rainy,8,0
2024-09-02,Veg Spring Rolls,Starters,7,1.15,287.5,Monday,0,0,Rainy,8,0
2024-09-02,Fish Amritsari,Starters,21,3.33,832.5,Monday,0,0,Rainy,8,0
2024-09-02,Butter Naan,Breads,44,3.4,408.0,Monday,0,0,Rainy,8,0
2024-09-02,Garlic Naan,Breads,12,0.77,92.4,Monday,0,0,Rainy,8,0
2024-09-02,Tandoori Roti,Breads,8,0.49,58.8,Monday,0,0,Rainy,8,0
2024-09-02,Gulab Jamun,Desserts,8,1.14,319.2,Monday,0,0,Rainy,8,0
2024-09-02,Ras Malai,Desserts,5,0.71,198.8,Monday,0,0,Rainy,8,0
2024-09-02,Kheer,Desserts,8,1.2,336.0,Monday,0,0,Rainy,8,0
2024-09-02,Kulfi,Desserts,5,0.61,170.8,Monday,0,0,Rainy,8,0
2024-09-03,Paneer Butter Masala,Main Course,3,0.77,246.4,Tuesday,0,0,Sunny,10,0
2024-09-03,Dal Makhani,Main Course,11,3.23,1033.6,Tuesday,0,0,Sunny,10,0
2024-09-03,Chicken Biryani,Main Course,1,0.31,99.2,Tuesday,0,0,Sunny,10,0
2024-09-03,Mutton Rogan Josh,Main Course,14,3.82,1222.4,Tuesday,0,0,Sunny,10,0
2024-09-03,Paneer Tikka,Starters,5,0.81,202.5,Tuesday,0,0,Sunny,10,0
2024-09-03,Chicken Tandoori,Starters,9,1.58,395.0,Tuesday,0,0,Sunny,10,0
2024-09-03,Veg Spring Rolls,Starters,15,2.42,605.0,Tuesday,0,0,Sunny,10,0
2024-09-03,Fish Amritsari,Starters,14,2.51,627.5,Tuesday,0,0,Sunny,10,0
2024-09-03,Butter Naan,Breads,7,0.42,50.4,Tuesday,0,0,Sunny,10,0
2024-09-03,Garlic Naan,Breads,71,4.03,483.6,Tuesday,0,0,Sunny,10,0
2024-09-03,Tandoori Roti,Breads,7,0.44,52.8,Tuesday,0,0,Sunny,10,0
2024-09-03,Gulab Jamun,Desserts,10,1.32,369.6,Tuesday,0,0,Sunny,10,0
2024-09-03,Ras Malai,Desserts,3,0.45,126.0,Tuesday,0,0,Sunny,10,0
2024-09-03,Kheer,Desserts,6,0.63,176.4,Tuesday,0,0,Sunny,10,0
2024-09-03,Kulfi,Desserts,7,0.87,243.6,Tuesday,0,0,Sunny,10,0
2024-09-04,Paneer Butter Masala,Main Course,3,0.91,291.2,Wednesday,0,0,Rainy,11,0
2024-09-04,Dal Makhani,Main Course,8,2.7,864.0,Wednesday,0,0,Rainy,11,0
2024-09-04,Chicken Biryani,Main Course,3,0.97,310.4,Wednesday,0,0,Rainy,11,0
2024-09-04,Mutton Rogan Josh,Main Course,14,3.5,1120.0,Wednesday,0,0,Rainy,11,0
2024-09-04,Paneer Tikka,Starters,13,2.01,502.5,Wednesday,0,0,Rainy,11,0
2024-09-04,Chicken Tandoori,Starters,4,0.76,190.0,Wednesday,0,0,Rainy,11,0
2024-09-04,Veg Spring Rolls,Starters,11,1.6,400.0,Wednesday,0,0,Rainy,11,0
2024-09-04,Fish Amritsari,Starters,17,2.99,747.5,Wednesday,0,0,Rainy,11,0
2024-09-04,Butter Naan,Breads,9,0.55,66.0,Wednesday,0,0,Rainy,11,0
2024-09-04,Garlic Naan,Breads,15,0.85,102.0,Wednesday,0,0,Rainy,11,0
2024-09-04,Tandoori Roti,Breads,18,1.07,128.4,Wednesday,0,0,Rainy,11,0
2024-09-04,Gulab Jamun,Desserts,9,1.19,333.2,Wednesday,0,0,Rainy,11,0
2024-09-04,Ras Malai,Desserts,7,0.9,252.0,Wednesday,0,0,Rainy,11,0
2024-09-04,Kheer,Desserts,8,1.16,324.8,Wednesday,0,0,Rainy,11,0
2024-09-04,Kulfi,Desserts,8,0.98,274.4,Wednesday,0,0,Rainy,11,0
2024-09-05,Paneer Butter Masala,Main Course,4,1.37,438.4,Thursday,0,0,Rainy,11,0
2024-09-05,Dal Makhani,Main Course,9,2.56,819.2,Thursday,0,0,Rainy,11,0
2024-09-05,Chicken Biryani,Main Course,6,1.65,528.0,Thursday,0,0,Rainy,11,0
2024-09-05,Mutton Rogan Josh,Main Course,11,2.79,892.8,Thursday,0,0,Rainy,11,0
2024-09-05,Paneer Tikka,Starters,10,1.66,415.0,Thursday,0,0,Rainy,11,0
2024-09-05,Chicken Tandoori,Starters,8,1.55,387.5,Thursday,0,0,Rainy,11,0
2024-09-05,Veg Spring Rolls,Starters,11,1.63,407.5,Thursday,0,0,Rainy,11,0
2024-09-05,Fish Amritsari,Starters,15,2.24,560.0,Thursday,0,0,Rainy,11,0
2024-09-05,Butter Naan,Breads,9,0.71,85.2,Thursday,0,0,Rainy,11,0
2024-09-05,Garlic Naan,Breads,19,1.13,135.6,Thursday,0,0,Rainy,11,0
2024-09-05,Tandoori Roti,Breads,9,0.6,72.0,Thursday,0,0,Rainy,11,0
2024-09-05,Gulab Jamun,Desserts,36,4.11,1150.8,Thursday,0,0,Rainy,11,0
2024-09-05,Ras Malai,Desserts,7,0.9,252.0,Thursday,0,0,Rainy,11,0
2024-09-05,Kheer,Desserts,7,0.92,257.6,Thursday,0,0,Rainy,11,0
2024-09-05,Kulfi,Desserts,7,0.89,249.2,Thursday,0,0,Rainy,11,0
2024-09-06,Paneer Butter Masala,Main Course,2,0.69,220.8,Friday,0,0,Cloudy,8,0
2024-09-06,Dal Makhani,Main Course,3,0.82,262.4,Friday,0,0,Cloudy,8,0
2024-09-06,Chicken Biryani,Main Course,4,1.37,438.4,Friday,0,0,Cloudy,8,0
2024-09-06,Mutton Rogan Josh,Main Course,7,2.16,691.2,Friday,0,0,Cloudy,8,0
2024-09-06,Paneer Tikka,Starters,10,1.5,375.0,Friday,0,0,Cloudy,8,0
2024-09-06,Chicken Tandoori,Starters,14,2.02,505.0,Friday,0,0,Cloudy,8,0
2024-09-06,Veg Spring Rolls,Starters,7,1.29,322.5,Friday,0,0,Cloudy,8,0
2024-09-06,Fish Amritsari,Starters,16,2.81,702.5,Friday,0,0,Cloudy,8,0
2024-09-06,Butter Naan,Breads,11,0.81,97.2,Friday,0,0,Cloudy,8,0
2024-09-06,Garlic Naan,Breads,6,0.43,51.6,Friday,0,0,Cloudy,8,0
2024-09-06,Tandoori Roti,Breads,13,1.02,122.4,Friday,0,0,Cloudy,8,0
2024-09-06,Gulab Jamun,Desserts,11,1.62,453.6,Friday,0,0,Cloudy,8,0
2024-09-06,Ras Malai,Desserts,6,0.78,218.4,Friday,0,0,Cloudy,8,0
2024-09-06,Kheer,Desserts,6,0.84,235.2,Friday,0,0,Cloudy,8,0
2024-09-06,Kulfi,Desserts,9,0.99,277.2,Friday,0,0,Cloudy,8,0
2024-09-07,Paneer Butter Masala,Main Course,5,1.56,499.2,Saturday,1,1,Cloudy,16,1
2024-09-07,Dal Makhani,Main Course,27,8.32,2662.4,Saturday,1,1,Cloudy,16,1
2024-09-07,Chicken Biryani,Main Course,5,1.74,556.8,Saturday,1,1,Cloudy,16,1
2024-09-07,Mutton Rogan Josh,Main Course,42,14.56,4659.2,Saturday,1,1,Cloudy,16,1
2024-09-07,Paneer Tikka,Starters,9,1.66,415.0,Saturday,1,1,Cloudy,16,1
2024-09-07,Chicken Tandoori,Starters,28,5.51,1377.5,Saturday,1,1,Cloudy,16,1
2024-09-07,Veg Spring Rolls,Starters,9,1.58,395.0,Saturday,1,1,Cloudy,16,1
2024-09-07,Fish Amritsari,Starters,22,4.2,1050.0,Saturday,1,1,Cloudy,16,1
2024-09-07,Butter Naan,Breads,8,0.59,70.8,Saturday,1,1,Cloudy,16,1
2024-09-07,Garlic Naan,Breads,25,1.62,194.4,Saturday,1,1,Cloudy,16,1
2024-09-07,Tandoori Roti,Breads,47,3.57,428.4,Saturday,1,1,Cloudy,16,1
2024-09-07,Gulab Jamun,Desserts,10,1.16,324.8,Saturday,1,1,Cloudy,16,1
2024-09-07,Ras Malai,Desserts,22,3.0,840.0,Saturday,1,1,Cloudy,16,1
2024-09-07,Kheer,Desserts,13,1.63,456.4,Saturday,1,1,Cloudy,16,1
2024-09-07,Kulfi,Desserts,23,2.51,702.8,Saturday,1,1,Cloudy,16,1
2024-09-08,Paneer Butter Masala,Main Course,2,0.51,163.2,Sunday,1,0,Sunny,13,0
2024-09-08,Dal Makhani,Main Course,15,4.15,1328.0,Sunday,1,0,Sunny,13,0
2024-09-08,Chicken Biryani,Main Course,3,0.96,307.2,Sunday,1,0,Sunny,13,0
2024-09-08,Mutton Rogan Josh,Main Course,20,5.93,1897.6,Sunday,1,0,Sunny,13,0
2024-09-08,Paneer Tikka,Starters,4,0.72,180.0,Sunday,1,0,Sunny,13,0
2024-09-08,Chicken Tandoori,Starters,11,1.88,470.0,Sunday,1,0,Sunny,13,0
2024-09-08,Veg Spring Rolls,Starters,23,4.2,1050.0,Sunday,1,0,Sunny,13,0
2024-09-08,Fish Amritsari,Starters,19,2.76,690.0,Sunday,1,0,Sunny,13,0
2024-09-08,Butter Naan,Breads,10,0.73,87.6,Sunday,1,0,Sunny,13,0
2024-09-08,Garlic Naan,Breads,14,0.84,100.8,Sunday,1,0,Sunny,13,0
2024-09-08,Tandoori Roti,Breads,14,0.88,105.6,Sunday,1,0,Sunny,13,0
2024-09-08,Gulab Jamun,Desserts,4,0.43,120.4,Sunday,1,0,Sunny,13,0
2024-09-08,Ras Malai,Desserts,14,1.87,523.6,Sunday,1,0,Sunny,13,0
2024-09-08,Kheer,Desserts,5,0.61,170.8,Sunday,1,0,Sunny,13,0
2024-09-08,Kulfi,Desserts,8,0.85,238.0,Sunday,1,0,Sunny,13,0
2024-09-09,Paneer Butter Masala,Main Course,4,1.13,361.6,Monday,0,0,Stormy,9,0
2024-09-09,Dal Makhani,Main Course,9,2.78,889.6,Monday,0,0,Stormy,9,0
2024-09-09,Chicken Biryani,Main Course,6,1.94,620.8,Monday,0,0,Stormy,9,0
2024-09-09,Mutton Rogan Josh,Main Course,14,4.33,1385.6,Monday,0,0,Stormy,9,0
2024-09-09,Paneer Tikka,Starters,7,1.18,295.0,Monday,0,0,Stormy,9,0
2024-09-09,Chicken Tandoori,Starters,8,1.34,335.0,Monday,0,0,Stormy,9,0
2024-09-09,Veg Spring Rolls,Starters,10,1.41,352.5,Monday,0,0,Stormy,9,0
2024-09-09,Fish Amritsari,Starters,16,3.19,797.5,Monday,0,0,Stormy,9,0
2024-09-09,Butter Naan,Breads,7,0.44,52.8,Monday,0,0,Stormy,9,0
2024-09-09,Garlic Naan,Breads,12,0.77,92.4,Monday,0,0,Stormy,9,0
2024-09-09,Tandoori Roti,Breads,10,0.6,72.0,Monday,0,0,Stormy,9,0
2024-09-09,Gulab Jamun,Desserts,3,0.4,112.0,Monday,0,0,Stormy,9,0
2024-09-09,Ras Malai,Desserts,18,2.63,736.4,Monday,0,0,Stormy,9,0
2024-09-09,Kheer,Desserts,7,0.93,260.4,Monday,0,0,Stormy,9,0
2024-09-09,Kulfi,Desserts,5,0.66,184.8,Monday,0,0,Stormy,9,0
2024-09-10,Paneer Butter Masala,Main Course,7,1.92,614.4,Tuesday,0,0,Cloudy,8,0
2024-09-10,Dal Makhani,Main Course,6,1.64,524.8,Tuesday,0,0,Cloudy,8,0
2024-09-10,Chicken Biryani,Main Course,5,1.7,544.0,Tuesday,0,0,Cloudy,8,0
2024-09-10,Mutton Rogan Josh,Main Course,10,3.26,1043.2,Tuesday,0,0,Cloudy,8,0
2024-09-10,Paneer Tikka,Starters,4,0.61,152.5,Tuesday,0,0,Cloudy,8,0
2024-09-10,Chicken Tandoori,Starters,10,1.82,455.0,Tuesday,0,0,Cloudy,8,0
2024-09-10,Veg Spring Rolls,Starters,12,1.8,450.0,Tuesday,0,0,Cloudy,8,0
2024-09-10,Fish Amritsari,Starters,13,2.19,547.5,Tuesday,0,0,Cloudy,8,0
2024-09-10,Butter Naan,Breads,11,0.68,81.6,Tuesday,0,0,Cloudy,8,0
2024-09-10,Garlic Naan,Breads,15,1.1,132.0,Tuesday,0,0,Cloudy,8,0
2024-09-10,Tandoori Roti,Breads,18,1.29,154.8,Tuesday,0,0,Cloudy,8,0
2024-09-10,Gulab Jamun,Desserts,20,2.49,697.2,Tuesday,0,0,Cloudy,8,0
2024-09-10,Ras Malai,Desserts,6,0.69,193.2,Tuesday,0,0,Cloudy,8,0
2024-09-10,Kheer,Desserts,6,0.9,252.0,Tuesday,0,0,Cloudy,8,0
2024-09-10,Kulfi,Desserts,13,1.73,484.4,Tuesday,0,0,Cloudy,8,0
2024-09-11,Paneer Butter Masala,Main Course,1,0.3,96.0,Wednesday,0,0,Stormy,8,0
2024-09-11,Dal Makhani,Main Course,7,2.41,771.2,Wednesday,0,0,Stormy,8,0
2024-09-11,Chicken Biryani,Main Course,1,0.32,102.4,Wednesday,0,0,Stormy,8,0
2024-09-11,Mutton Rogan Josh,Main Course,10,3.16,1011.2,Wednesday,0,0,Stormy,8,0
2024-09-11,Paneer Tikka,Starters,8,1.12,280.0,Wednesday,0,0,Stormy,8,0
2024-09-11,Chicken Tandoori,Starters,10,1.41,352.5,Wednesday,0,0,Stormy,8,0
2024-09-11,Veg Spring Rolls,Starters,5,0.94,235.0,Wednesday,0,0,Stormy,8,0
2024-09-11,Fish Amritsari,Starters,19,3.7,925.0,Wednesday,0,0,Stormy,8,0
2024-09-11,Butter Naan,Breads,11,0.68,81.6,Wednesday,0,0,Stormy,8,0
2024-09-11,Garlic Naan,Breads,4,0.31,37.2,Wednesday,0,0,Stormy,8,0
2024-09-11,Tandoori Roti,Breads,9,0.63,75.6,Wednesday,0,0,Stormy,8,0
2024-09-11,Gulab Jamun,Desserts,4,0.44,123.2,Wednesday,0,0,Stormy,8,0
2024-09-11,Ras Malai,Desserts,6,0.89,249.2,Wednesday,0,0,Stormy,8,0
2024-09-11,Kheer,Desserts,6,0.71,198.8,Wednesday,0,0,Stormy,8,0
2024-09-11,Kulfi,Desserts,8,0.99,277.2,Wednesday,0,0,Stormy,8,0
2024-09-12,Paneer Butter Masala,Main Course,2,0.56,179.2,Thursday,0,0,Rainy,10,0
2024-09-12,Dal Makhani,Main Course,6,1.78,569.6,Thursday,0,0,Rainy,10,0
2024-09-12,Chicken Biryani,Main Course,4,0.99,316.8,Thursday,0,0,Rainy,10,0
2024-09-12,Mutton Rogan Josh,Main Course,8,2.58,825.6,Thursday,0,0,Rainy,10,0
2024-09-12,Paneer Tikka,Starters,6,0.88,220.0,Thursday,0,0,Rainy,10,0
2024-09-12,Chicken Tandoori,Starters,4,0.75,187.5,Thursday,0,0,Rainy,10,0
2024-09-12,Veg Spring Rolls,Starters,15,2.64,660.0,Thursday,0,0,Rainy,10,0
2024-09-12,Fish Amritsari,Starters,15,2.39,597.5,Thursday,0,0,Rainy,10,0
2024-09-12,Butter Naan,Breads,9,0.56,67.2,Thursday,0,0,Rainy,10,0
2024-09-12,Garlic Naan,Breads,18,1.21,145.2,Thursday,0,0,Rainy,10,0
2024-09-12,Tandoori Roti,Breads,15,0.88,105.6,Thursday,0,0,Rainy,10,0
2024-09-12,Gulab Jamun,Desserts,10,1.36,380.8,Thursday,0,0,Rainy,10,0
2024-09-12,Ras Malai,Desserts,6,0.81,226.8,Thursday,0,0,Rainy,10,0
2024-09-12,Kheer,Desserts,8,0.87,243.6,Thursday,0,0,Rainy,10,0
2024-09-12,Kulfi,Desserts,9,1.01,282.8,Thursday,0,0,Rainy,10,0
2024-09-13,Paneer Butter Masala,Main Course,18,5.73,1833.6,Friday,0,0,Sunny,12,0
2024-09-13,Dal Makhani,Main Course,12,3.71,1187.2,Friday,0,0,Sunny,12,0
2024-09-13,Chicken Biryani,Main Course,7,2.4,768.0,Friday,0,0,Sunny,12,0
2024-09-13,Mutton Rogan Josh,Main Course,13,3.73,1193.6,Friday,0,0,Sunny,12,0
2024-09-13,Paneer Tikka,Starters,8,1.38,345.0,Friday,0,0,Sunny,12,0
2024-09-13,Chicken Tandoori,Starters,10,1.99,497.5,Friday,0,0,Sunny,12,0
2024-09-13,Veg Spring Rolls,Starters,4,0.58,145.0,Friday,0,0,Sunny,12,0
2024-09-13,Fish Amritsari,Starters,9,1.76,440.0,Friday,0,0,Sunny,12,0
2024-09-13,Butter Naan,Breads,6,0.43,51.6,Friday,0,0,Sunny,12,0
2024-09-13,Garlic Naan,Breads,13,0.74,88.8,Friday,0,0,Sunny,12,0
2024-09-13,Tandoori Roti,Breads,6,0.42,50.4,Friday,0,0,Sunny,12,0
2024-09-13,Gulab Jamun,Desserts,4,0.59,165.2,Friday,0,0,Sunny,12,0
2024-09-13,Ras Malai,Desserts,3,0.36,100.8,Friday,0,0,Sunny,12,0
2024-09-13,Kheer,Desserts,4,0.52,145.6,Friday,0,0,Sunny,12,0
2024-09-13,Kulfi,Desserts,6,0.65,182.0,Friday,0,0,Sunny,12,0
2024-09-14,Paneer Butter Masala,Main Course,2,0.65,208.0,Saturday,1,0,Cloudy,16,0
2024-09-14,Dal Makhani,Main Course,8,2.72,870.4,Saturday,1,0,Cloudy,16,0
2024-09-14,Chicken Biryani,Main Course,3,0.76,243.2,Saturday,1,0,Cloudy,16,0
2024-09-14,Mutton Rogan Josh,Main Course,19,6.01,1923.2,Saturday,1,0,Cloudy,16,0
2024-09-14,Paneer Tikka,Starters,13,2.53,632.5,Saturday,1,0,Cloudy,16,0
2024-09-14,Chicken Tandoori,Starters,14,2.16,540.0,Saturday,1,0,Cloudy,16,0
2024-09-14,Veg Spring Rolls,Starters,20,3.49,872.5,Saturday,1,0,Cloudy,16,0
2024-09-14,Fish Amritsari,Starters,19,2.7,675.0,Saturday,1,0,Cloudy,16,0
2024-09-14,Butter Naan,Breads,19,1.33,159.6,Saturday,1,0,Cloudy,16,0
2024-09-14,Garlic Naan,Breads,27,1.92,230.4,Saturday,1,0,Cloudy,16,0
2024-09-14,Tandoori Roti,Breads,21,1.26,151.2,Saturday,1,0,Cloudy,16,0
2024-09-14,Gulab Jamun,Desserts,15,1.93,540.4,Saturday,1,0,Cloudy,16,0
2024-09-14,Ras Malai,Desserts,13,1.9,532.0,Saturday,1,0,Cloudy,16,0
2024-09-14,Kheer,Desserts,4,0.6,168.0,Saturday,1,0,Cloudy,16,0
2024-09-14,Kulfi,Desserts,15,2.04,571.2,Saturday,1,0,Cloudy,16,0
2024-09-15,Paneer Butter Masala,Main Course,5,1.62,518.4,Sunday,1,0,Stormy,13,0
2024-09-15,Dal Makhani,Main Course,5,1.7,544.0,Sunday,1,0,Stormy,13,0
2024-09-15,Chicken Biryani,Main Course,3,0.75,240.0,Sunday,1,0,Stormy,13,0
2024-09-15,Mutton Rogan Josh,Main Course,15,4.71,1507.2,Sunday,1,0,Stormy,13,0
2024-09-15,Paneer Tikka,Starters,5,0.75,187.5,Sunday,1,0,Stormy,13,0
2024-09-15,Chicken Tandoori,Starters,11,1.55,387.5,Sunday,1,0,Stormy,13,0
2024-09-15,Veg Spring Rolls,Starters,7,1.29,322.5,Sunday,1,0,Stormy,13,0
2024-09-15,Fish Amritsari,Starters,17,3.38,845.0,Sunday,1,0,Stormy,13,0
2024-09-15,Butter Naan,Breads,12,0.94,112.8,Sunday,1,0,Stormy,13,0
2024-09-15,Garlic Naan,Breads,22,1.72,206.4,Sunday,1,0,Stormy,13,0
2024-09-15,Tandoori Roti,Breads,17,1.09,130.8,Sunday,1,0,Stormy,13,0
2024-09-15,Gulab Jamun,Desserts,14,1.6,448.0,Sunday,1,0,Stormy,13,0
2024-09-15,Ras Malai,Desserts,11,1.53,428.4,Sunday,1,0,Stormy,13,0
2024-09-15,Kheer,Desserts,3,0.41,114.8,Sunday,1,0,Stormy,13,0
2024-09-15,Kulfi,Desserts,9,1.26,352.8,Sunday,1,0,Stormy,13,0
2024-09-16,Paneer Butter Masala,Main Course,4,1.13,361.6,Monday,0,0,Rainy,11,0
2024-09-16,Dal Makhani,Main Course,4,1.06,339.2,Monday,0,0,Rainy,11,0
2024-09-16,Chicken Biryani,Main Course,4,1.32,422.4,Monday,0,0,Rainy,11,0
2024-09-16,Mutton Rogan Josh,Main Course,14,3.47,1110.4,Monday,0,0,Rainy,11,0
2024-09-16,Paneer Tikka,Starters,13,2.12,530.0,Monday,0,0,Rainy,11,0
2024-09-16,Chicken Tandoori,Starters,8,1.45,362.5,Monday,0,0,Rainy,11,0
2024-09-16,Veg Spring Rolls,Starters,13,2.0,500.0,Monday,0,0,Rainy,11,0
2024-09-16,Fish Amritsari,Starters,22,3.43,857.5,Monday,0,0,Rainy,11,0
2024-09-16,Butter Naan,Breads,3,0.24,28.8,Monday,0,0,Rainy,11,0
2024-09-16,Garlic Naan,Breads,17,1.33,159.6,Monday,0,0,Rainy,11,0
2024-09-16,Tandoori Roti,Breads,8,0.46,55.2,Monday,0,0,Rainy,11,0
2024-09-16,Gulab Jamun,Desserts,6,0.83,232.4,Monday,0,0,Rainy,11,0
2024-09-16,Ras Malai,Desserts,9,1.29,361.2,Monday,0,0,Rainy,11,0
2024-09-16,Kheer,Desserts,6,0.78,218.4,Monday,0,0,Rainy,11,0
2024-09-16,Kulfi,Desserts,12,1.39,389.2,Monday,0,0,Rainy,11,0
2024-09-17,Paneer Butter Masala,Main Course,6,1.96,627.2,Tuesday,0,0,Rainy,11,0
2024-09-17,Dal Makhani,Main Course,11,3.49,1116.8,Tuesday,0,0,Rainy,11,0
2024-09-17,Chicken Biryani,Main Course,1,0.3,96.0,Tuesday,0,0,Rainy,11,0
2024-09-17,Mutton Rogan Josh,Main Course,13,4.31,1379.2,Tuesday,0,0,Rainy,11,0
2024-09-17,Paneer Tikka,Starters,13,2.25,562.5,Tuesday,0,0,Rainy,11,0
2024-09-17,Chicken Tandoori,Starters,9,1.75,437.5,Tuesday,0,0,Rainy,11,0
2024-09-17,Veg Spring Rolls,Starters,24,4.28,1070.0,Tuesday,0,0,Rainy,11,0
2024-09-17,Fish Amritsari,Starters,9,1.61,402.5,Tuesday,0,0,Rainy,11,0
2024-09-17,Butter Naan,Breads,7,0.45,54.0,Tuesday,0,0,Rainy,11,0
2024-09-17,Garlic Naan,Breads,13,1.02,122.4,Tuesday,0,0,Rainy,11,0
2024-09-17,Tandoori Roti,Breads,21,1.53,183.6,Tuesday,0,0,Rainy,11,0
2024-09-17,Gulab Jamun,Desserts,8,1.12,313.6,Tuesday,0,0,Rainy,11,0
2024-09-17,Ras Malai,Desserts,8,1.06,296.8,Tuesday,0,0,Rainy,11,0
2024-09-17,Kheer,Desserts,7,0.98,274.4,Tuesday,0,0,Rainy,11,0
2024-09-17,Kulfi,Desserts,9,1.33,372.4,Tuesday,0,0,Rainy,11,0
2024-09-18,Paneer Butter Masala,Main Course,4,1.3,416.0,Wednesday,0,0,Rainy,9,0
2024-09-18,Dal Makhani,Main Course,4,1.31,419.2,Wednesday,0,0,Rainy,9,0
2024-09-18,Chicken Biryani,Main Course,6,1.96,627.2,Wednesday,0,0,Rainy,9,0
2024-09-18,Mutton Rogan Josh,Main Course,11,3.28,1049.6,Wednesday,0,0,Rainy,9,0
2024-09-18,Paneer Tikka,Starters,40,7.79,1947.5,Wednesday,0,0,Rainy,9,0
2024-09-18,Chicken Tandoori,Starters,13,2.41,602.5,Wednesday,0,0,Rainy,9,0
2024-09-18,Veg Spring Rolls,Starters,14,2.45,612.5,Wednesday,0,0,Rainy,9,0
2024-09-18,Fish Amritsari,Starters,16,3.13,782.5,Wednesday,0,0,Rainy,9,0
2024-09-18,Butter Naan,Breads,37,2.93,351.6,Wednesday,0,0,Rainy,9,0
2024-09-18,Garlic Naan,Breads,14,0.96,115.2,Wednesday,0,0,Rainy,9,0
2024-09-18,Tandoori Roti,Breads,7,0.42,50.4,Wednesday,0,0,Rainy,9,0
2024-09-18,Gulab Jamun,Desserts,10,1.1,308.0,Wednesday,0,0,Rainy,9,0
2024-09-18,Ras Malai,Desserts,7,1.0,280.0,Wednesday,0,0,Rainy,9,0
2024-09-18,Kheer,Desserts,3,0.45,126.0,Wednesday,0,0,Rainy,9,0
2024-09-18,Kulfi,Desserts,12,1.71,478.8,Wednesday,0,0,Rainy,9,0
2024-09-19,Paneer Butter Masala,Main Course,4,0.99,316.8,Thursday,0,0,Cloudy,11,0
2024-09-19,Dal Makhani,Main Course,11,3.58,1145.6,Thursday,0,0,Cloudy,11,0
2024-09-19,Chicken Biryani,Main Course,2,0.68,217.6,Thursday,0,0,Cloudy,11,0
2024-09-19,Mutton Rogan Josh,Main Course,17,4.77,1526.4,Thursday,0,0,Cloudy,11,0
2024-09-19,Paneer Tikka,Starters,15,2.56,640.0,Thursday,0,0,Cloudy,11,0
2024-09-19,Chicken Tandoori,Starters,9,1.51,377.5,Thursday,0,0,Cloudy,11,0
2024-09-19,Veg Spring Rolls,Starters,14,2.11,527.5,Thursday,0,0,Cloudy,11,0
2024-09-19,Fish Amritsari,Starters,19,3.24,810.0,Thursday,0,0,Cloudy,11,0
2024-09-19,Butter Naan,Breads,39,2.24,268.8,Thursday,0,0,Cloudy,11,0
2024-09-19,Garlic Naan,Breads,20,1.44,172.8,Thursday,0,0,Cloudy,11,0
2024-09-19,Tandoori Roti,Breads,13,0.98,117.6,Thursday,0,0,Cloudy,11,0
2024-09-19,Gulab Jamun,Desserts,10,1.41,394.8,Thursday,0,0,Cloudy,11,0
2024-09-19,Ras Malai,Desserts,10,1.16,324.8,Thursday,0,0,Cloudy,11,0
2024-09-19,Kheer,Desserts,3,0.37,103.6,Thursday,0,0,Cloudy,11,0
2024-09-19,Kulfi,Desserts,9,1.19,333.2,Thursday,0,0,Cloudy,11,0
2024-09-20,Paneer Butter Masala,Main Course,24,6.65,2128.0,Friday,0,0,Rainy,10,0
2024-09-20,Dal Makhani,Main Course,9,2.34,748.8,Friday,0,0,Rainy,10,0
2024-09-20,Chicken Biryani,Main Course,4,1.4,448.0,Friday,0,0,Rainy,10,0
2024-09-20,Mutton Rogan Josh,Main Course,13,3.69,1180.8,Friday,0,0,Rainy,10,0
2024-09-20,Paneer Tikka,Starters,11,2.05,512.5,Friday,0,0,Rainy,10,0
2024-09-20,Chicken Tandoori,Starters,8,1.32,330.0,Friday,0,0,Rainy,10,0
2024-09-20,Veg Spring Rolls,Starters,9,1.75,437.5,Friday,0,0,Rainy,10,0
2024-09-20,Fish Amritsari,Starters,13,2.0,500.0,Friday,0,0,Rainy,10,0
2024-09-20,Butter Naan,Breads,8,0.63,75.6,Friday,0,0,Rainy,10,0
2024-09-20,Garlic Naan,Breads,5,0.3,36.0,Friday,0,0,Rainy,10,0
2024-09-20,Tandoori Roti,Breads,9,0.55,66.0,Friday,0,0,Rainy,10,0
2024-09-20,Gulab Jamun,Desserts,8,1.02,285.6,Friday,0,0,Rainy,10,0
2024-09-20,Ras Malai,Desserts,3,0.41,114.8,Friday,0,0,Rainy,10,0
2024-09-20,Kheer,Desserts,2,0.27,75.6,Friday,0,0,Rainy,10,0
2024-09-20,Kulfi,Desserts,8,1.15,322.0,Friday,0,0,Rainy,10,0
2024-09-21,Paneer Butter Masala,Main Course,5,1.73,553.6,Saturday,1,0,Sunny,12,0
2024-09-21,Dal Makhani,Main Course,5,1.61,515.2,Saturday,1,0,Sunny,12,0
2024-09-21,Chicken Biryani,Main Course,3,0.85,272.0,Saturday,1,0,Sunny,12,0
2024-09-21,Mutton Rogan Josh,Main Course,16,4.97,1590.4,Saturday,1,0,Sunny,12,0
2024-09-21,Paneer Tikka,Starters,23,3.91,977.5,Saturday,1,0,Sunny,12,0
2024-09-21,Chicken Tandoori,Starters,10,1.79,447.5,Saturday,1,0,Sunny,12,0
2024-09-21,Veg Spring Rolls,Starters,19,2.72,680.0,Saturday,1,0,Sunny,12,0
2024-09-21,Fish Amritsari,Starters,24,3.45,862.5,Saturday,1,0,Sunny,12,0
2024-09-21,Butter Naan,Breads,13,0.9,108.0,Saturday,1,0,Sunny,12,0
2024-09-21,Garlic Naan,Breads,27,2.02,242.4,Saturday,1,0,Sunny,12,0
2024-09-21,Tandoori Roti,Breads,26,1.82,218.4,Saturday,1,0,Sunny,12,0
2024-09-21,Gulab Jamun,Desserts,11,1.38,386.4,Saturday,1,0,Sunny,12,0
2024-09-21,Ras Malai,Desserts,9,1.18,330.4,Saturday,1,0,Sunny,12,0
2024-09-21,Kheer,Desserts,6,0.7,196.0,Saturday,1,0,Sunny,12,0
2024-09-21,Kulfi,Desserts,17,2.2,616.0,Saturday,1,0,Sunny,12,0
2024-09-22,Paneer Butter Masala,Main Course,11,3.62,1158.4,Sunday,1,0,Cloudy,13,1
2024-09-22,Dal Makhani,Main Course,15,5.01,1603.2,Sunday,1,0,Cloudy,13,1
2024-09-22,Chicken Biryani,Main Course,8,2.59,828.8,Sunday,1,0,Cloudy,13,1
2024-09-22,Mutton Rogan Josh,Main Course,18,4.46,1427.2,Sunday,1,0,Cloudy,13,1
2024-09-22,Paneer Tikka,Starters,16,3.12,780.0,Sunday,1,0,Cloudy,13,1
2024-09-22,Chicken Tandoori,Starters,15,2.83,707.5,Sunday,1,0,Cloudy,13,1
2024-09-22,Veg Spring Rolls,Starters,24,4.41,1102.5,Sunday,1,0,Cloudy,13,1
2024-09-22,Fish Amritsari,Starters,76,15.02,3755.0,Sunday,1,0,Cloudy,13,1
2024-09-22,Butter Naan,Breads,13,0.77,92.4,Sunday,1,0,Cloudy,13,1
2024-09-22,Garlic Naan,Breads,18,1.43,171.6,Sunday,1,0,Cloudy,13,1
2024-09-22,Tandoori Roti,Breads,30,2.01,241.2,Sunday,1,0,Cloudy,13,1
2024-09-22,Gulab Jamun,Desserts,17,2.52,705.6,Sunday,1,0,Cloudy,13,1
2024-09-22,Ras Malai,Desserts,9,1.02,285.6,Sunday,1,0,Cloudy,13,1
2024-09-22,Kheer,Desserts,8,0.88,246.4,Sunday,1,0,Cloudy,13,1
2024-09-22,Kulfi,Desserts,17,2.06,576.8,Sunday,1,0,Cloudy,13,1
2024-09-23,Paneer Butter Masala,Main Course,5,1.4,448.0,Monday,0,0,Rainy,10,0
2024-09-23,Dal Makhani,Main Course,5,1.67,534.4,Monday,0,0,Rainy,10,0
2024-09-23,Chicken Biryani,Main Course,6,1.69,540.8,Monday,0,0,Rainy,10,0
2024-09-23,Mutton Rogan Josh,Main Course,12,3.82,1222.4,Monday,0,0,Rainy,10,0
2024-09-23,Paneer Tikka,Starters,6,1.1,275.0,Monday,0,0,Rainy,10,0
2024-09-23,Chicken Tandoori,Starters,14,2.73,682.5,Monday,0,0,Rainy,10,0
2024-09-23,Veg Spring Rolls,Starters,6,1.13,282.5,Monday,0,0,Rainy,10,0
2024-09-23,Fish Amritsari,Starters,18,2.76,690.0,Monday,0,0,Rainy,10,0
2024-09-23,Butter Naan,Breads,3,0.23,27.6,Monday,0,0,Rainy,10,0
2024-09-23,Garlic Naan,Breads,5,0.31,37.2,Monday,0,0,Rainy,10,0
2024-09-23,Tandoori Roti,Breads,15,0.96,115.2,Monday,0,0,Rainy,10,0
2024-09-23,Gulab Jamun,Desserts,30,3.76,1052.8,Monday,0,0,Rainy,10,0
2024-09-23,Ras Malai,Desserts,7,0.75,210.0,Monday,0,0,Rainy,10,0
2024-09-23,Kheer,Desserts,5,0.72,201.6,Monday,0,0,Rainy,10,0
2024-09-23,Kulfi,Desserts,11,1.45,406.0,Monday,0,0,Rainy,10,0
2024-09-24,Paneer Butter Masala,Main Course,2,0.56,179.2,Tuesday,0,0,Rainy,12,0
2024-09-24,Dal Makhani,Main Course,4,1.31,419.2,Tuesday,0,0,Rainy,12,0
2024-09-24,Chicken Biryani,Main Course,5,1.33,425.6,Tuesday,0,0,Rainy,12,0
2024-09-24,Mutton Rogan Josh,Main Course,9,2.39,764.8,Tuesday,0,0,Rainy,12,0
2024-09-24,Paneer Tikka,Starters,5,0.9,225.0,Tuesday,0,0,Rainy,12,0
2024-09-24,Chicken Tandoori,Starters,3,0.5,125.0,Tuesday,0,0,Rainy,12,0
2024-09-24,Veg Spring Rolls,Starters,6,1.19,297.5,Tuesday,0,0,Rainy,12,0
2024-09-24,Fish Amritsari,Starters,11,2.12,530.0,Tuesday,0,0,Rainy,12,0
2024-09-24,Butter Naan,Breads,4,0.26,31.2,Tuesday,0,0,Rainy,12,0
2024-09-24,Garlic Naan,Breads,6,0.37,44.4,Tuesday,0,0,Rainy,12,0
2024-09-24,Tandoori Roti,Breads,6,0.47,56.4,Tuesday,0,0,Rainy,12,0
2024-09-24,Gulab Jamun,Desserts,9,0.98,274.4,Tuesday,0,0,Rainy,12,0
2024-09-24,Ras Malai,Desserts,9,0.99,277.2,Tuesday,0,0,Rainy,12,0
2024-09-24,Kheer,Desserts,7,1.02,285.6,Tuesday,0,0,Rainy,12,0
2024-09-24,Kulfi,Desserts,7,1.01,282.8,Tuesday,0,0,Rainy,12,0
2024-09-25,Paneer Butter Masala,Main Course,5,1.36,435.2,Wednesday,0,0,Rainy,11,0
2024-09-25,Dal Makhani,Main Course,14,3.79,1212.8,Wednesday,0,0,Rainy,11,0
2024-09-25,Chicken Biryani,Main Course,6,1.48,473.6,Wednesday,0,0,Rainy,11,0
2024-09-25,Mutton Rogan Josh,Main Course,8,2.19,700.8,Wednesday,0,0,Rainy,11,0
2024-09-25,Paneer Tikka,Starters,7,1.23,307.5,Wednesday,0,0,Rainy,11,0
2024-09-25,Chicken Tandoori,Starters,14,2.17,542.5,Wednesday,0,0,Rainy,11,0
2024-09-25,Veg Spring Rolls,Starters,9,1.48,370.0,Wednesday,0,0,Rainy,11,0
2024-09-25,Fish Amritsari,Starters,19,3.34,835.0,Wednesday,0,0,Rainy,11,0
2024-09-25,Butter Naan,Breads,6,0.36,43.2,Wednesday,0,0,Rainy,11,0
2024-09-25,Garlic Naan,Breads,13,0.78,93.6,Wednesday,0,0,Rainy,11,0
2024-09-25,Tandoori Roti,Breads,10,0.61,73.2,Wednesday,0,0,Rainy,11,0
2024-09-25,Gulab Jamun,Desserts,3,0.34,95.2,Wednesday,0,0,Rainy,11,0
2024-09-25,Ras Malai,Desserts,9,0.99,277.2,Wednesday,0,0,Rainy,11,0
2024-09-25,Kheer,Desserts,5,0.72,201.6,Wednesday,0,0,Rainy,11,0
2024-09-25,Kulfi,Desserts,9,1.12,313.6,Wednesday,0,0,Rainy,11,0
2024-09-26,Paneer Butter Masala,Main Course,7,2.41,771.2,Thursday,0,0,Rainy,11,0
2024-09-26,Dal Makhani,Main Course,4,1.16,371.2,Thursday,0,0,Rainy,11,0
2024-09-26,Chicken Biryani,Main Course,3,0.91,291.2,Thursday,0,0,Rainy,11,0
2024-09-26,Mutton Rogan Josh,Main Course,12,3.33,1065.6,Thursday,0,0,Rainy,11,0
2024-09-26,Paneer Tikka,Starters,9,1.57,392.5,Thursday,0,0,Rainy,11,0
2024-09-26,Chicken Tandoori,Starters,6,0.89,222.5,Thursday,0,0,Rainy,11,0
2024-09-26,Veg Spring Rolls,Starters,42,7.67,1917.5,Thursday,0,0,Rainy,11,0
2024-09-26,Fish Amritsari,Starters,11,1.56,390.0,Thursday,0,0,Rainy,11,0
2024-09-26,Butter Naan,Breads,11,0.86,103.2,Thursday,0,0,Rainy,11,0
2024-09-26,Garlic Naan,Breads,3,0.22,26.4,Thursday,0,0,Rainy,11,0
2024-09-26,Tandoori Roti,Breads,12,0.71,85.2,Thursday,0,0,Rainy,11,0
2024-09-26,Gulab Jamun,Desserts,5,0.73,204.4,Thursday,0,0,Rainy,11,0
2024-09-26,Ras Malai,Desserts,3,0.43,120.4,Thursday,0,0,Rainy,11,0
2024-09-26,Kheer,Desserts,8,0.91,254.8,Thursday,0,0,Rainy,11,0
2024-09-26,Kulfi,Desserts,11,1.42,397.6,Thursday,0,0,Rainy,11,0
2024-09-27,Paneer Butter Masala,Main Course,5,1.36,435.2,Friday,0,0,Rainy,10,0
2024-09-27,Dal Makhani,Main Course,8,2.2,704.0,Friday,0,0,Rainy,10,0
2024-09-27,Chicken Biryani,Main Course,5,1.44,460.8,Friday,0,0,Rainy,10,0
2024-09-27,Mutton Rogan Josh,Main Course,7,2.07,662.4,Friday,0,0,Rainy,10,0
2024-09-27,Paneer Tikka,Starters,13,2.45,612.5,Friday,0,0,Rainy,10,0
2024-09-27,Chicken Tandoori,Starters,4,0.72,180.0,Friday,0,0,Rainy,10,0
2024-09-27,Veg Spring Rolls,Starters,11,2.05,512.5,Friday,0,0,Rainy,10,0
2024-09-27,Fish Amritsari,Starters,17,2.7,675.0,Friday,0,0,Rainy,10,0
2024-09-27,Butter Naan,Breads,3,0.21,25.2,Friday,0,0,Rainy,10,0
2024-09-27,Garlic Naan,Breads,16,0.92,110.4,Friday,0,0,Rainy,10,0
2024-09-27,Tandoori Roti,Breads,13,0.78,93.6,Friday,0,0,Rainy,10,0
2024-09-27,Gulab Jamun,Desserts,3,0.34,95.2,Friday,0,0,Rainy,10,0
2024-09-27,Ras Malai,Desserts,11,1.41,394.8,Friday,0,0,Rainy,10,0
2024-09-27,Kheer,Desserts,4,0.5,140.0,Friday,0,0,Rainy,10,0
2024-09-27,Kulfi,Desserts,9,1.25,350.0,Friday,0,0,Rainy,10,0
2024-09-28,Paneer Butter Masala,Main Course,3,1.04,332.8,Saturday,1,0,Cloudy,10,0
2024-09-28,Dal Makhani,Main Course,4,0.98,313.6,Saturday,1,0,Cloudy,10,0
2024-09-28,Chicken Biryani,Main Course,4,1.0,320.0,Saturday,1,0,Cloudy,10,0
2024-09-28,Mutton Rogan Josh,Main Course,20,5.03,1609.6,Saturday,1,0,Cloudy,10,0
2024-09-28,Paneer Tikka,Starters,9,1.28,320.0,Saturday,1,0,Cloudy,10,0
2024-09-28,Chicken Tandoori,Starters,10,1.56,390.0,Saturday,1,0,Cloudy,10,0
2024-09-28,Veg Spring Rolls,Starters,16,2.9,725.0,Saturday,1,0,Cloudy,10,0
2024-09-28,Fish Amritsari,Starters,20,3.95,987.5,Saturday,1,0,Cloudy,10,0
2024-09-28,Butter Naan,Breads,7,0.56,67.2,Saturday,1,0,Cloudy,10,0
2024-09-28,Garlic Naan,Breads,20,1.37,164.4,Saturday,1,0,Cloudy,10,0
2024-09-28,Tandoori Roti,Breads,10,0.6,72.0,Saturday,1,0,Cloudy,10,0
2024-09-28,Gulab Jamun,Desserts,4,0.48,134.4,Saturday,1,0,Cloudy,10,0
2024-09-28,Ras Malai,Desserts,11,1.63,456.4,Saturday,1,0,Cloudy,10,0
2024-09-28,Kheer,Desserts,8,1.0,280.0,Saturday,1,0,Cloudy,10,0
2024-09-28,Kulfi,Desserts,16,1.99,557.2,Saturday,1,0,Cloudy,10,0
2024-09-29,Paneer Butter Masala,Main Course,8,2.59,828.8,Sunday,1,0,Cloudy,15,0
2024-09-29,Dal Makhani,Main Course,19,6.23,1993.6,Sunday,1,0,Cloudy,15,0
2024-09-29,Chicken Biryani,Main Course,3,1.02,326.4,Sunday,1,0,Cloudy,15,0
2024-09-29,Mutton Rogan Josh,Main Course,16,5.14,1644.8,Sunday,1,0,Cloudy,15,0
2024-09-29,Paneer Tikka,Starters,16,2.74,685.0,Sunday,1,0,Cloudy,15,0
2024-09-29,Chicken Tandoori,Starters,10,1.63,407.5,Sunday,1,0,Cloudy,15,0
2024-09-29,Veg Spring Rolls,Starters,5,0.8,200.0,Sunday,1,0,Cloudy,15,0
2024-09-29,Fish Amritsari,Starters,20,3.46,865.0,Sunday,1,0,Cloudy,15,0
2024-09-29,Butter Naan,Breads,13,0.89,106.8,Sunday,1,0,Cloudy,15,0
2024-09-29,Garlic Naan,Breads,9,0.64,76.8,Sunday,1,0,Cloudy,15,0
2024-09-29,Tandoori Roti,Breads,26,1.5,180.0,Sunday,1,0,Cloudy,15,0
2024-09-29,Gulab Jamun,Desserts,13,1.44,403.2,Sunday,1,0,Cloudy,15,0
2024-09-29,Ras Malai,Desserts,5,0.74,207.2,Sunday,1,0,Cloudy,15,0
2024-09-29,Kheer,Desserts,4,0.47,131.6,Sunday,1,0,Cloudy,15,0
2024-09-29,Kulfi,Desserts,14,1.75,490.0,Sunday,1,0,Cloudy,15,0
2024-09-30,Paneer Butter Masala,Main Course,4,1.29,412.8,Monday,0,0,Cloudy,10,0
2024-09-30,Dal Makhani,Main Course,5,1.5,480.0,Monday,0,0,Cloudy,10,0
2024-09-30,Chicken Biryani,Main Course,2,0.61,195.2,Monday,0,0,Cloudy,10,0
2024-09-30,Mutton Rogan Josh,Main Course,7,2.13,681.6,Monday,0,0,Cloudy,10,0
2024-09-30,Paneer Tikka,Starters,16,3.01,752.5,Monday,0,0,Cloudy,10,0
2024-09-30,Chicken Tandoori,Starters,15,2.15,537.5,Monday,0,0,Cloudy,10,0
2024-09-30,Veg Spring Rolls,Starters,7,1.27,317.5,Monday,0,0,Cloudy,10,0
2024-09-30,Fish Amritsari,Starters,15,2.4,600.0,Monday,0,0,Cloudy,10,0
2024-09-30,Butter Naan,Breads,9,0.58,69.6,Monday,0,0,Cloudy,10,0
2024-09-30,Garlic Naan,Breads,9,0.59,70.8,Monday,0,0,Cloudy,10,0
2024-09-30,Tandoori Roti,Breads,4,0.3,36.0,Monday,0,0,Cloudy,10,0
2024-09-30,Gulab Jamun,Desserts,3,0.32,89.6,Monday,0,0,Cloudy,10,0
2024-09-30,Ras Malai,Desserts,3,0.43,120.4,Monday,0,0,Cloudy,10,0
2024-09-30,Kheer,Desserts,3,0.4,112.0,Monday,0,0,Cloudy,10,0
2024-09-30,Kulfi,Desserts,5,0.64,179.2,Monday,0,0,Cloudy,10,0
2024-10-01,Paneer Butter Masala,Main Course,7,1.82,582.4,Tuesday,0,0,Cloudy,12,0
2024-10-01,Dal Makhani,Main Course,5,1.3,416.0,Tuesday,0,0,Cloudy,12,0
2024-10-01,Chicken Biryani,Main Course,1,0.26,83.2,Tuesday,0,0,Cloudy,12,0
2024-10-01,Mutton Rogan Josh,Main Course,23,7.22,2310.4,Tuesday,0,0,Cloudy,12,0
2024-10-01,Paneer Tikka,Starters,13,1.85,462.5,Tuesday,0,0,Cloudy,12,0
2024-10-01,Chicken Tandoori,Starters,11,2.15,537.5,Tuesday,0,0,Cloudy,12,0
2024-10-01,Veg Spring Rolls,Starters,20,3.3,825.0,Tuesday,0,0,Cloudy,12,0
2024-10-01,Fish Amritsari,Starters,19,3.54,885.0,Tuesday,0,0,Cloudy,12,0
2024-10-01,Butter Naan,Breads,4,0.3,36.0,Tuesday,0,0,Cloudy,12,0
2024-10-01,Garlic Naan,Breads,10,0.79,94.8,Tuesday,0,0,Cloudy,12,0
2024-10-01,Tandoori Roti,Breads,15,0.96,115.2,Tuesday,0,0,Cloudy,12,0
2024-10-01,Gulab Jamun,Desserts,6,0.9,252.0,Tuesday,0,0,Cloudy,12,0
2024-10-01,Ras Malai,Desserts,5,0.6,168.0,Tuesday,0,0,Cloudy,12,0
2024-10-01,Kheer,Desserts,3,0.43,120.4,Tuesday,0,0,Cloudy,12,0
2024-10-01,Kulfi,Desserts,13,1.93,540.4,Tuesday,0,0,Cloudy,12,0
2024-10-02,Paneer Butter Masala,Main Course,3,0.74,236.8,Wednesday,0,1,Sunny,13,1
2024-10-02,Dal Makhani,Main Course,26,6.58,2105.6,Wednesday,0,1,Sunny,13,1
2024-10-02,Chicken Biryani,Main Course,5,1.59,508.8,Wednesday,0,1,Sunny,13,1
2024-10-02,Mutton Rogan Josh,Main Course,22,7.34,2348.8,Wednesday,0,1,Sunny,13,1
2024-10-02,Paneer Tikka,Starters,11,1.97,492.5,Wednesday,0,1,Sunny,13,1
2024-10-02,Chicken Tandoori,Starters,11,1.56,390.0,Wednesday,0,1,Sunny,13,1
2024-10-02,Veg Spring Rolls,Starters,16,3.05,762.5,Wednesday,0,1,Sunny,13,1
2024-10-02,Fish Amritsari,Starters,44,8.41,2102.5,Wednesday,0,1,Sunny,13,1
2024-10-02,Butter Naan,Breads,17,0.98,117.6,Wednesday,0,1,Sunny,13,1
2024-10-02,Garlic Naan,Breads,38,2.43,291.6,Wednesday,0,1,Sunny,13,1
2024-10-02,Tandoori Roti,Breads,25,1.75,210.0,Wednesday,0,1,Sunny,13,1
2024-10-02,Gulab Jamun,Desserts,40,5.55,1554.0,Wednesday,0,1,Sunny,13,1
2024-10-02,Ras Malai,Desserts,8,0.96,268.8,Wednesday,0,1,Sunny,13,1
2024-10-02,Kheer,Desserts,5,0.71,198.8,Wednesday,0,1,Sunny,13,1
2024-10-02,Kulfi,Desserts,13,1.7,476.0,Wednesday,0,1,Sunny,13,1
2024-10-03,Paneer Butter Masala,Main Course,7,1.93,617.6,Thursday,0,0,Sunny,9,0
2024-10-03,Dal Makhani,Main Course,13,3.26,1043.2,Thursday,0,0,Sunny,9,0
2024-10-03,Chicken Biryani,Main Course,5,1.37,438.4,Thursday,0,0,Sunny,9,0
2024-10-03,Mutton Rogan Josh,Main Course,14,4.22,1350.4,Thursday,0,0,Sunny,9,0
2024-10-03,Paneer Tikka,Starters,20,3.35,837.5,Thursday,0,0,Sunny,9,0
2024-10-03,Chicken Tandoori,Starters,10,1.8,450.0,Thursday,0,0,Sunny,9,0
2024-10-03,Veg Spring Rolls,Starters,21,3.5,875.0,Thursday,0,0,Sunny,9,0
2024-10-03,Fish Amritsari,Starters,43,6.92,1730.0,Thursday,0,0,Sunny,9,0
2024-10-03,Butter Naan,Breads,8,0.48,57.6,Thursday,0,0,Sunny,9,0
2024-10-03,Garlic Naan,Breads,8,0.54,64.8,Thursday,0,0,Sunny,9,0
2024-10-03,Tandoori Roti,Breads,9,0.51,61.2,Thursday,0,0,Sunny,9,0
2024-10-03,Gulab Jamun,Desserts,6,0.89,249.2,Thursday,0,0,Sunny,9,0
2024-10-03,Ras Malai,Desserts,14,1.68,470.4,Thursday,0,0,Sunny,9,0
2024-10-03,Kheer,Desserts,6,0.86,240.8,Thursday,0,0,Sunny,9,0
2024-10-03,Kulfi,Desserts,14,1.86,520.8,Thursday,0,0,Sunny,9,0
2024-10-04,Paneer Butter Masala,Main Course,3,1.04,332.8,Friday,0,0,Stormy,10,1
2024-10-04,Dal Makhani,Main Course,14,4.42,1414.4,Friday,0,0,Stormy,10,1
2024-10-04,Chicken Biryani,Main Course,9,2.76,883.2,Friday,0,0,Stormy,10,1
2024-10-04,Mutton Rogan Josh,Main Course,10,3.04,972.8,Friday,0,0,Stormy,10,1
2024-10-04,Paneer Tikka,Starters,12,1.93,482.5,Friday,0,0,Stormy,10,1
2024-10-04,Chicken Tandoori,Starters,16,3.2,800.0,Friday,0,0,Stormy,10,1
2024-10-04,Veg Spring Rolls,Starters,15,2.94,735.0,Friday,0,0,Stormy,10,1
2024-10-04,Fish Amritsari,Starters,25,3.97,992.5,Friday,0,0,Stormy,10,1
2024-10-04,Butter Naan,Breads,9,0.55,66.0,Friday,0,0,Stormy,10,1
2024-10-04,Garlic Naan,Breads,11,0.67,80.4,Friday,0,0,Stormy,10,1
2024-10-04,Tandoori Roti,Breads,84,5.43,651.6,Friday,0,0,Stormy,10,1
2024-10-04,Gulab Jamun,Desserts,6,0.71,198.8,Friday,0,0,Stormy,10,1
2024-10-04,Ras Malai,Desserts,8,0.92,257.6,Friday,0,0,Stormy,10,1
2024-10-04,Kheer,Desserts,3,0.38,106.4,Friday,0,0,Stormy,10,1
2024-10-04,Kulfi,Desserts,13,1.91,534.8,Friday,0,0,Stormy,10,1
2024-10-05,Paneer Butter Masala,Main Course,8,2.7,864.0,Saturday,1,0,Cloudy,14,1
2024-10-05,Dal Makhani,Main Course,95,29.77,9526.4,Saturday,1,0,Cloudy,14,1
2024-10-05,Chicken Biryani,Main Course,6,2.07,662.4,Saturday,1,0,Cloudy,14,1
2024-10-05,Mutton Rogan Josh,Main Course,16,4.73,1513.6,Saturday,1,0,Cloudy,14,1
2024-10-05,Paneer Tikka,Starters,28,5.13,1282.5,Saturday,1,0,Cloudy,14,1
2024-10-05,Chicken Tandoori,Starters,9,1.65,412.5,Saturday,1,0,Cloudy,14,1
2024-10-05,Veg Spring Rolls,Starters,14,2.19,547.5,Saturday,1,0,Cloudy,14,1
2024-10-05,Fish Amritsari,Starters,42,6.01,1502.5,Saturday,1,0,Cloudy,14,1
2024-10-05,Butter Naan,Breads,5,0.3,36.0,Saturday,1,0,Cloudy,14,1
2024-10-05,Garlic Naan,Breads,35,2.58,309.6,Saturday,1,0,Cloudy,14,1
2024-10-05,Tandoori Roti,Breads,11,0.76,91.2,Saturday,1,0,Cloudy,14,1
2024-10-05,Gulab Jamun,Desserts,7,0.78,218.4,Saturday,1,0,Cloudy,14,1
2024-10-05,Ras Malai,Desserts,13,1.91,534.8,Saturday,1,0,Cloudy,14,1
2024-10-05,Kheer,Desserts,11,1.49,417.2,Saturday,1,0,Cloudy,14,1
2024-10-05,Kulfi,Desserts,26,3.05,854.0,Saturday,1,0,Cloudy,14,1
2024-10-06,Paneer Butter Masala,Main Course,4,1.1,352.0,Sunday,1,0,Cloudy,10,0
2024-10-06,Dal Makhani,Main Course,22,5.81,1859.2,Sunday,1,0,Cloudy,10,0
2024-10-06,Chicken Biryani,Main Course,6,1.53,489.6,Sunday,1,0,Cloudy,10,0
2024-10-06,Mutton Rogan Josh,Main Course,24,6.37,2038.4,Sunday,1,0,Cloudy,10,0
2024-10-06,Paneer Tikka,Starters,17,2.63,657.5,Sunday,1,0,Cloudy,10,0
2024-10-06,Chicken Tandoori,Starters,15,2.72,680.0,Sunday,1,0,Cloudy,10,0
2024-10-06,Veg Spring Rolls,Starters,29,5.08,1270.0,Sunday,1,0,Cloudy,10,0
2024-10-06,Fish Amritsari,Starters,25,3.86,965.0,Sunday,1,0,Cloudy,10,0
2024-10-06,Butter Naan,Breads,13,1.0,120.0,Sunday,1,0,Cloudy,10,0
2024-10-06,Garlic Naan,Breads,7,0.39,46.8,Sunday,1,0,Cloudy,10,0
2024-10-06,Tandoori Roti,Breads,19,1.28,153.6,Sunday,1,0,Cloudy,10,0
2024-10-06,Gulab Jamun,Desserts,15,2.16,604.8,Sunday,1,0,Cloudy,10,0
2024-10-06,Ras Malai,Desserts,9,1.03,288.4,Sunday,1,0,Cloudy,10,0
2024-10-06,Kheer,Desserts,7,0.74,207.2,Sunday,1,0,Cloudy,10,0
2024-10-06,Kulfi,Desserts,20,2.93,820.4,Sunday,1,0,Cloudy,10,0
2024-10-07,Paneer Butter Masala,Main Course,5,1.72,550.4,Monday,0,0,Sunny,9,1
2024-10-07,Dal Makhani,Main Course,4,1.14,364.8,Monday,0,0,Sunny,9,1
2024-10-07,Chicken Biryani,Main Course,5,1.29,412.8,Monday,0,0,Sunny,9,1
2024-10-07,Mutton Rogan Josh,Main Course,15,4.29,1372.8,Monday,0,0,Sunny,9,1
2024-10-07,Paneer Tikka,Starters,11,1.94,485.0,Monday,0,0,Sunny,9,1
2024-10-07,Chicken Tandoori,Starters,13,2.18,545.0,Monday,0,0,Sunny,9,1
2024-10-07,Veg Spring Rolls,Starters,10,1.67,417.5,Monday,0,0,Sunny,9,1
2024-10-07,Fish Amritsari,Starters,24,3.83,957.5,Monday,0,0,Sunny,9,1
2024-10-07,Butter Naan,Breads,13,0.78,93.6,Monday,0,0,Sunny,9,1
2024-10-07,Garlic Naan,Breads,19,1.4,168.0,Monday,0,0,Sunny,9,1
2024-10-07,Tandoori Roti,Breads,25,1.58,189.6,Monday,0,0,Sunny,9,1
2024-10-07,Gulab Jamun,Desserts,10,1.16,324.8,Monday,0,0,Sunny,9,1
2024-10-07,Ras Malai,Desserts,10,1.29,361.2,Monday,0,0,Sunny,9,1
2024-10-07,Kheer,Desserts,13,1.41,394.8,Monday,0,0,Sunny,9,1
2024-10-07,Kulfi,Desserts,9,1.08,302.4,Monday,0,0,Sunny,9,1
2024-10-08,Paneer Butter Masala,Main Course,5,1.39,444.8,Tuesday,0,0,Sunny,12,0
2024-10-08,Dal Makhani,Main Course,3,0.83,265.6,Tuesday,0,0,Sunny,12,0
2024-10-08,Chicken Biryani,Main Course,6,1.95,624.0,Tuesday,0,0,Sunny,12,0
2024-10-08,Mutton Rogan Josh,Main Course,31,10.36,3315.2,Tuesday,0,0,Sunny,12,0
2024-10-08,Paneer Tikka,Starters,10,1.94,485.0,Tuesday,0,0,Sunny,12,0
2024-10-08,Chicken Tandoori,Starters,12,1.83,457.5,Tuesday,0,0,Sunny,12,0
2024-10-08,Veg Spring Rolls,Starters,18,3.22,805.0,Tuesday,0,0,Sunny,12,0
2024-10-08,Fish Amritsari,Starters,17,2.54,635.0,Tuesday,0,0,Sunny,12,0
2024-10-08,Butter Naan,Breads,7,0.44,52.8,Tuesday,0,0,Sunny,12,0
2024-10-08,Garlic Naan,Breads,24,1.38,165.6,Tuesday,0,0,Sunny,12,0
2024-10-08,Tandoori Roti,Breads,17,1.18,141.6,Tuesday,0,0,Sunny,12,0
2024-10-08,Gulab Jamun,Desserts,4,0.43,120.4,Tuesday,0,0,Sunny,12,0
2024-10-08,Ras Malai,Desserts,14,1.75,490.0,Tuesday,0,0,Sunny,12,0
2024-10-08,Kheer,Desserts,5,0.72,201.6,Tuesday,0,0,Sunny,12,0
2024-10-08,Kulfi,Desserts,19,2.43,680.4,Tuesday,0,0,Sunny,12,0
2024-10-09,Paneer Butter Masala,Main Course,6,2.01,643.2,Wednesday,0,0,Cloudy,11,0
2024-10-09,Dal Makhani,Main Course,6,1.62,518.4,Wednesday,0,0,Cloudy,11,0
2024-10-09,Chicken Biryani,Main Course,5,1.64,524.8,Wednesday,0,0,Cloudy,11,0
2024-10-09,Mutton Rogan Josh,Main Course,11,2.95,944.0,Wednesday,0,0,Cloudy,11,0
2024-10-09,Paneer Tikka,Starters,13,2.1,525.0,Wednesday,0,0,Cloudy,11,0
2024-10-09,Chicken Tandoori,Starters,10,1.45,362.5,Wednesday,0,0,Cloudy,11,0
2024-10-09,Veg Spring Rolls,Starters,17,2.97,742.5,Wednesday,0,0,Cloudy,11,0
2024-10-09,Fish Amritsari,Starters,27,4.44,1110.0,Wednesday,0,0,Cloudy,11,0
2024-10-09,Butter Naan,Breads,6,0.35,42.0,Wednesday,0,0,Cloudy,11,0
2024-10-09,Garlic Naan,Breads,7,0.47,56.4,Wednesday,0,0,Cloudy,11,0
2024-10-09,Tandoori Roti,Breads,15,0.92,110.4,Wednesday,0,0,Cloudy,11,0
2024-10-09,Gulab Jamun,Desserts,5,0.74,207.2,Wednesday,0,0,Cloudy,11,0
2024-10-09,Ras Malai,Desserts,13,1.66,464.8,Wednesday,0,0,Cloudy,11,0
2024-10-09,Kheer,Desserts,10,1.19,333.2,Wednesday,0,0,Cloudy,11,0
2024-10-09,Kulfi,Desserts,15,1.6,448.0,Wednesday,0,0,Cloudy,11,0
2024-10-10,Paneer Butter Masala,Main Course,5,1.54,492.8,Thursday,0,0,Rainy,8,0
2024-10-10,Dal Makhani,Main Course,14,4.61,1475.2,Thursday,0,0,Rainy,8,0
2024-10-10,Chicken Biryani,Main Course,7,1.85,592.0,Thursday,0,0,Rainy,8,0
2024-10-10,Mutton Rogan Josh,Main Course,18,4.57,1462.4,Thursday,0,0,Rainy,8,0
2024-10-10,Paneer Tikka,Starters,16,2.66,665.0,Thursday,0,0,Rainy,8,0
2024-10-10,Chicken Tandoori,Starters,13,2.12,530.0,Thursday,0,0,Rainy,8,0
2024-10-10,Veg Spring Rolls,Starters,4,0.7,175.0,Thursday,0,0,Rainy,8,0
2024-10-10,Fish Amritsari,Starters,14,2.11,527.5,Thursday,0,0,Rainy,8,0
2024-10-10,Butter Naan,Breads,12,0.93,111.6,Thursday,0,0,Rainy,8,0
2024-10-10,Garlic Naan,Breads,24,1.67,200.4,Thursday,0,0,Rainy,8,0
2024-10-10,Tandoori Roti,Breads,4,0.24,28.8,Thursday,0,0,Rainy,8,0
2024-10-10,Gulab Jamun,Desserts,8,0.92,257.6,Thursday,0,0,Rainy,8,0
2024-10-10,Ras Malai,Desserts,12,1.64,459.2,Thursday,0,0,Rainy,8,0
2024-10-10,Kheer,Desserts,5,0.66,184.8,Thursday,0,0,Rainy,8,0
2024-10-10,Kulfi,Desserts,6,0.82,229.6,Thursday,0,0,Rainy,8,0
2024-10-11,Paneer Butter Masala,Main Course,6,1.91,611.2,Friday,0,0,Sunny,11,0
2024-10-11,Dal Makhani,Main Course,5,1.68,537.6,Friday,0,0,Sunny,11,0
2024-10-11,Chicken Biryani,Main Course,9,2.29,732.8,Friday,0,0,Sunny,11,0
2024-10-11,Mutton Rogan Josh,Main Course,15,4.19,1340.8,Friday,0,0,Sunny,11,0
2024-10-11,Paneer Tikka,Starters,5,0.94,235.0,Friday,0,0,Sunny,11,0
2024-10-11,Chicken Tandoori,Starters,4,0.74,185.0,Friday,0,0,Sunny,11,0
2024-10-11,Veg Spring Rolls,Starters,11,2.12,530.0,Friday,0,0,Sunny,11,0
2024-10-11,Fish Amritsari,Starters,18,3.31,827.5,Friday,0,0,Sunny,11,0
2024-10-11,Butter Naan,Breads,6,0.44,52.8,Friday,0,0,Sunny,11,0
2024-10-11,Garlic Naan,Breads,27,1.66,199.2,Friday,0,0,Sunny,11,0
2024-10-11,Tandoori Roti,Breads,27,1.72,206.4,Friday,0,0,Sunny,11,0
2024-10-11,Gulab Jamun,Desserts,4,0.59,165.2,Friday,0,0,Sunny,11,0
2024-10-11,Ras Malai,Desserts,11,1.31,366.8,Friday,0,0,Sunny,11,0
2024-10-11,Kheer,Desserts,5,0.61,170.8,Friday,0,0,Sunny,11,0
2024-10-11,Kulfi,Desserts,13,1.82,509.6,Friday,0,0,Sunny,11,0
2024-10-12,Paneer Butter Masala,Main Course,15,4.47,1430.4,Saturday,1,1,Sunny,12,1
2024-10-12,Dal Makhani,Main Course,5,1.49,476.8,Saturday,1,1,Sunny,12,1
2024-10-12,Chicken Biryani,Main Course,4,1.25,400.0,Saturday,1,1,Sunny,12,1
2024-10-12,Mutton Rogan Josh,Main Course,25,8.48,2713.6,Saturday,1,1,Sunny,12,1
2024-10-12,Paneer Tikka,Starters,17,3.1,775.0,Saturday,1,1,Sunny,12,1
2024-10-12,Chicken Tandoori,Starters,29,4.65,1162.5,Saturday,1,1,Sunny,12,1
2024-10-12,Veg Spring Rolls,Starters,40,7.19,1797.5,Saturday,1,1,Sunny,12,1
2024-10-12,Fish Amritsari,Starters,32,4.87,1217.5,Saturday,1,1,Sunny,12,1
2024-10-12,Butter Naan,Breads,15,1.13,135.6,Saturday,1,1,Sunny,12,1
2024-10-12,Garlic Naan,Breads,155,10.54,1264.8,Saturday,1,1,Sunny,12,1
2024-10-12,Tandoori Roti,Breads,24,1.71,205.2,Saturday,1,1,Sunny,12,1
2024-10-12,Gulab Jamun,Desserts,14,1.59,445.2,Saturday,1,1,Sunny,12,1
2024-10-12,Ras Malai,Desserts,20,2.66,744.8,Saturday,1,1,Sunny,12,1
2024-10-12,Kheer,Desserts,7,0.88,246.4,Saturday,1,1,Sunny,12,1
2024-10-12,Kulfi,Desserts,22,2.89,809.2,Saturday,1,1,Sunny,12,1
2024-10-13,Paneer Butter Masala,Main Course,3,0.91,291.2,Sunday,1,0,Sunny,14,1
2024-10-13,Dal Makhani,Main Course,25,6.31,2019.2,Sunday,1,0,Sunny,14,1
2024-10-13,Chicken Biryani,Main Course,10,3.32,1062.4,Sunday,1,0,Sunny,14,1
2024-10-13,Mutton Rogan Josh,Main Course,32,8.44,2700.8,Sunday,1,0,Sunny,14,1
2024-10-13,Paneer Tikka,Starters,26,3.91,977.5,Sunday,1,0,Sunny,14,1
2024-10-13,Chicken Tandoori,Starters,13,2.29,572.5,Sunday,1,0,Sunny,14,1
2024-10-13,Veg Spring Rolls,Starters,30,5.79,1447.5,Sunday,1,0,Sunny,14,1
2024-10-13,Fish Amritsari,Starters,36,5.6,1400.0,Sunday,1,0,Sunny,14,1
2024-10-13,Butter Naan,Breads,11,0.7,84.0,Sunday,1,0,Sunny,14,1
2024-10-13,Garlic Naan,Breads,9,0.67,80.4,Sunday,1,0,Sunny,14,1
2024-10-13,Tandoori Roti,Breads,35,2.64,316.8,Sunday,1,0,Sunny,14,1
2024-10-13,Gulab Jamun,Desserts,7,0.76,212.8,Sunday,1,0,Sunny,14,1
2024-10-13,Ras Malai,Desserts,18,2.0,560.0,Sunday,1,0,Sunny,14,1
2024-10-13,Kheer,Desserts,20,2.27,635.6,Sunday,1,0,Sunny,14,1
2024-10-13,Kulfi,Desserts,13,1.66,464.8,Sunday,1,0,Sunny,14,1
2024-10-14,Paneer Butter Masala,Main Course,3,0.74,236.8,Monday,0,0,Sunny,8,0
2024-10-14,Dal Makhani,Main Course,14,4.69,1500.8,Monday,0,0,Sunny,8,0
2024-10-14,Chicken Biryani,Main Course,2,0.6,192.0,Monday,0,0,Sunny,8,0
2024-10-14,Mutton Rogan Josh,Main Course,13,4.21,1347.2,Monday,0,0,Sunny,8,0
2024-10-14,Paneer Tikka,Starters,5,0.88,220.0,Monday,0,0,Sunny,8,0
2024-10-14,Chicken Tandoori,Starters,12,1.98,495.0,Monday,0,0,Sunny,8,0
2024-10-14,Veg Spring Rolls,Starters,17,2.97,742.5,Monday,0,0,Sunny,8,0
2024-10-14,Fish Amritsari,Starters,28,4.05,1012.5,Monday,0,0,Sunny,8,0
2024-10-14,Butter Naan,Breads,8,0.61,73.2,Monday,0,0,Sunny,8,0
2024-10-14,Garlic Naan,Breads,17,1.29,154.8,Monday,0,0,Sunny,8,0
2024-10-14,Tandoori Roti,Breads,21,1.57,188.4,Monday,0,0,Sunny,8,0
2024-10-14,Gulab Jamun,Desserts,8,0.98,274.4,Monday,0,0,Sunny,8,0
2024-10-14,Ras Malai,Desserts,11,1.36,380.8,Monday,0,0,Sunny,8,0
2024-10-14,Kheer,Desserts,8,0.88,246.4,Monday,0,0,Sunny,8,0
2024-10-14,Kulfi,Desserts,12,1.64,459.2,Monday,0,0,Sunny,8,0
2024-10-15,Paneer Butter Masala,Main Course,6,1.91,611.2,Tuesday,0,0,Rainy,8,0
2024-10-15,Dal Makhani,Main Course,4,1.35,432.0,Tuesday,0,0,Rainy,8,0
2024-10-15,Chicken Biryani,Main Course,5,1.35,432.0,Tuesday,0,0,Rainy,8,0
2024-10-15,Mutton Rogan Josh,Main Course,19,4.94,1580.8,Tuesday,0,0,Rainy,8,0
2024-10-15,Paneer Tikka,Starters,19,3.35,837.5,Tuesday,0,0,Rainy,8,0
2024-10-15,Chicken Tandoori,Starters,13,2.45,612.5,Tuesday,0,0,Rainy,8,0
2024-10-15,Veg Spring Rolls,Starters,8,1.19,297.5,Tuesday,0,0,Rainy,8,0
2024-10-15,Fish Amritsari,Starters,12,2.12,530.0,Tuesday,0,0,Rainy,8,0
2024-10-15,Butter Naan,Breads,6,0.4,48.0,Tuesday,0,0,Rainy,8,0
2024-10-15,Garlic Naan,Breads,62,4.45,534.0,Tuesday,0,0,Rainy,8,0
2024-10-15,Tandoori Roti,Breads,11,0.71,85.2,Tuesday,0,0,Rainy,8,0
2024-10-15,Gulab Jamun,Desserts,7,0.84,235.2,Tuesday,0,0,Rainy,8,0
2024-10-15,Ras Malai,Desserts,9,1.09,305.2,Tuesday,0,0,Rainy,8,0
2024-10-15,Kheer,Desserts,3,0.33,92.4,Tuesday,0,0,Rainy,8,0
2024-10-15,Kulfi,Desserts,11,1.6,448.0,Tuesday,0,0,Rainy,8,0
2024-10-16,Paneer Butter Masala,Main Course,6,2.03,649.6,Wednesday,0,0,Sunny,12,0
2024-10-16,Dal Makhani,Main Course,8,1.96,627.2,Wednesday,0,0,Sunny,12,0
2024-10-16,Chicken Biryani,Main Course,6,1.6,512.0,Wednesday,0,0,Sunny,12,0
2024-10-16,Mutton Rogan Josh,Main Course,21,5.31,1699.2,Wednesday,0,0,Sunny,12,0
2024-10-16,Paneer Tikka,Starters,18,2.52,630.0,Wednesday,0,0,Sunny,12,0
2024-10-16,Chicken Tandoori,Starters,6,1.06,265.0,Wednesday,0,0,Sunny,12,0
2024-10-16,Veg Spring Rolls,Starters,15,2.2,550.0,Wednesday,0,0,Sunny,12,0
2024-10-16,Fish Amritsari,Starters,25,4.91,1227.5,Wednesday,0,0,Sunny,12,0
2024-10-16,Butter Naan,Breads,4,0.25,30.0,Wednesday,0,0,Sunny,12,0
2024-10-16,Garlic Naan,Breads,23,1.66,199.2,Wednesday,0,0,Sunny,12,0
2024-10-16,Tandoori Roti,Breads,27,1.81,217.2,Wednesday,0,0,Sunny,12,0
2024-10-16,Gulab Jamun,Desserts,6,0.76,212.8,Wednesday,0,0,Sunny,12,0
2024-10-16,Ras Malai,Desserts,3,0.33,92.4,Wednesday,0,0,Sunny,12,0
2024-10-16,Kheer,Desserts,8,1.07,299.6,Wednesday,0,0,Sunny,12,0
2024-10-16,Kulfi,Desserts,11,1.35,378.0,Wednesday,0,0,Sunny,12,0
2024-10-17,Paneer Butter Masala,Main Course,2,0.64,204.8,Thursday,0,0,Sunny,11,0
2024-10-17,Dal Makhani,Main Course,4,1.16,371.2,Thursday,0,0,Sunny,11,0
2024-10-17,Chicken Biryani,Main Course,5,1.44,460.8,Thursday,0,0,Sunny,11,0
2024-10-17,Mutton Rogan Josh,Main Course,13,4.04,1292.8,Thursday,0,0,Sunny,11,0
2024-10-17,Paneer Tikka,Starters,6,1.16,290.0,Thursday,0,0,Sunny,11,0
2024-10-17,Chicken Tandoori,Starters,12,2.11,527.5,Thursday,0,0,Sunny,11,0
2024-10-17,Veg Spring Rolls,Starters,5,0.85,212.5,Thursday,0,0,Sunny,11,0
2024-10-17,Fish Amritsari,Starters,25,4.11,1027.5,Thursday,0,0,Sunny,11,0
2024-10-17,Butter Naan,Breads,7,0.44,52.8,Thursday,0,0,Sunny,11,0
2024-10-17,Garlic Naan,Breads,25,1.51,181.2,Thursday,0,0,Sunny,11,0
2024-10-17,Tandoori Roti,Breads,20,1.22,146.4,Thursday,0,0,Sunny,11,0
2024-10-17,Gulab Jamun,Desserts,14,1.79,501.2,Thursday,0,0,Sunny,11,0
2024-10-17,Ras Malai,Desserts,4,0.54,151.2,Thursday,0,0,Sunny,11,0
2024-10-17,Kheer,Desserts,6,0.67,187.6,Thursday,0,0,Sunny,11,0
2024-10-17,Kulfi,Desserts,12,1.33,372.4,Thursday,0,0,Sunny,11,0
2024-10-18,Paneer Butter Masala,Main Course,9,2.86,915.2,Friday,0,0,Sunny,12,0
2024-10-18,Dal Makhani,Main Course,5,1.35,432.0,Friday,0,0,Sunny,12,0
2024-10-18,Chicken Biryani,Main Course,5,1.37,438.4,Friday,0,0,Sunny,12,0
2024-10-18,Mutton Rogan Josh,Main Course,12,3.09,988.8,Friday,0,0,Sunny,12,0
2024-10-18,Paneer Tikka,Starters,16,2.35,587.5,Friday,0,0,Sunny,12,0
2024-10-18,Chicken Tandoori,Starters,5,0.96,240.0,Friday,0,0,Sunny,12,0
2024-10-18,Veg Spring Rolls,Starters,21,3.93,982.5,Friday,0,0,Sunny,12,0
2024-10-18,Fish Amritsari,Starters,19,3.45,862.5,Friday,0,0,Sunny,12,0
2024-10-18,Butter Naan,Breads,17,0.98,117.6,Friday,0,0,Sunny,12,0
2024-10-18,Garlic Naan,Breads,12,0.75,90.0,Friday,0,0,Sunny,12,0
2024-10-18,Tandoori Roti,Breads,14,0.89,106.8,Friday,0,0,Sunny,12,0
2024-10-18,Gulab Jamun,Desserts,6,0.67,187.6,Friday,0,0,Sunny,12,0
2024-10-18,Ras Malai,Desserts,3,0.34,95.2,Friday,0,0,Sunny,12,0
2024-10-18,Kheer,Desserts,7,0.78,218.4,Friday,0,0,Sunny,12,0
2024-10-18,Kulfi,Desserts,11,1.22,341.6,Friday,0,0,Sunny,12,0
2024-10-19,Paneer Butter Masala,Main Course,8,2.55,816.0,Saturday,1,0,Sunny,12,1
2024-10-19,Dal Makhani,Main Course,24,6.8,2176.0,Saturday,1,0,Sunny,12,1
2024-10-19,Chicken Biryani,Main Course,4,0.98,313.6,Saturday,1,0,Sunny,12,1
2024-10-19,Mutton Rogan Josh,Main Course,28,9.66,3091.2,Saturday,1,0,Sunny,12,1
2024-10-19,Paneer Tikka,Starters,25,4.59,1147.5,Saturday,1,0,Sunny,12,1
2024-10-19,Chicken Tandoori,Starters,5,0.81,202.5,Saturday,1,0,Sunny,12,1
2024-10-19,Veg Spring Rolls,Starters,16,3.11,777.5,Saturday,1,0,Sunny,12,1
2024-10-19,Fish Amritsari,Starters,30,5.21,1302.5,Saturday,1,0,Sunny,12,1
2024-10-19,Butter Naan,Breads,13,0.94,112.8,Saturday,1,0,Sunny,12,1
2024-10-19,Garlic Naan,Breads,25,1.68,201.6,Saturday,1,0,Sunny,12,1
2024-10-19,Tandoori Roti,Breads,47,3.09,370.8,Saturday,1,0,Sunny,12,1
2024-10-19,Gulab Jamun,Desserts,9,1.25,350.0,Saturday,1,0,Sunny,12,1
2024-10-19,Ras Malai,Desserts,12,1.36,380.8,Saturday,1,0,Sunny,12,1
2024-10-19,Kheer,Desserts,17,2.14,599.2,Saturday,1,0,Sunny,12,1
2024-10-19,Kulfi,Desserts,21,3.02,845.6,Saturday,1,0,Sunny,12,1
2024-10-20,Paneer Butter Masala,Main Course,12,3.75,1200.0,Sunday,1,0,Sunny,15,0
2024-10-20,Dal Makhani,Main Course,14,4.36,1395.2,Sunday,1,0,Sunny,15,0
2024-10-20,Chicken Biryani,Main Course,9,2.62,838.4,Sunday,1,0,Sunny,15,0
2024-10-20,Mutton Rogan Josh,Main Course,14,4.45,1424.0,Sunday,1,0,Sunny,15,0
2024-10-20,Paneer Tikka,Starters,27,5.32,1330.0,Sunday,1,0,Sunny,15,0
2024-10-20,Chicken Tandoori,Starters,6,1.09,272.5,Sunday,1,0,Sunny,15,0
2024-10-20,Veg Spring Rolls,Starters,15,2.45,612.5,Sunday,1,0,Sunny,15,0
2024-10-20,Fish Amritsari,Starters,21,3.36,840.0,Sunday,1,0,Sunny,15,0
2024-10-20,Butter Naan,Breads,19,1.45,174.0,Sunday,1,0,Sunny,15,0
2024-10-20,Garlic Naan,Breads,98,6.47,776.4,Sunday,1,0,Sunny,15,0
2024-10-20,Tandoori Roti,Breads,15,1.01,121.2,Sunday,1,0,Sunny,15,0
2024-10-20,Gulab Jamun,Desserts,15,2.08,582.4,Sunday,1,0,Sunny,15,0
2024-10-20,Ras Malai,Desserts,18,2.0,560.0,Sunday,1,0,Sunny,15,0
2024-10-20,Kheer,Desserts,8,1.05,294.0,Sunday,1,0,Sunny,15,0
2024-10-20,Kulfi,Desserts,21,2.82,789.6,Sunday,1,0,Sunny,15,0
2024-10-21,Paneer Butter Masala,Main Course,8,1.99,636.8,Monday,0,0,Sunny,10,0
2024-10-21,Dal Makhani,Main Course,11,3.32,1062.4,Monday,0,0,Sunny,10,0
2024-10-21,Chicken Biryani,Main Course,5,1.66,531.2,Monday,0,0,Sunny,10,0
2024-10-21,Mutton Rogan Josh,Main Course,9,3.13,1001.6,Monday,0,0,Sunny,10,0
2024-10-21,Paneer Tikka,Starters,15,2.7,675.0,Monday,0,0,Sunny,10,0
2024-10-21,Chicken Tandoori,Starters,10,1.6,400.0,Monday,0,0,Sunny,10,0
2024-10-21,Veg Spring Rolls,Starters,5,0.99,247.5,Monday,0,0,Sunny,10,0
2024-10-21,Fish Amritsari,Starters,21,3.64,910.0,Monday,0,0,Sunny,10,0
2024-10-21,Butter Naan,Breads,8,0.59,70.8,Monday,0,0,Sunny,10,0
2024-10-21,Garlic Naan,Breads,16,1.08,129.6,Monday,0,0,Sunny,10,0
2024-10-21,Tandoori Roti,Breads,22,1.34,160.8,Monday,0,0,Sunny,10,0
2024-10-21,Gulab Jamun,Desserts,4,0.46,128.8,Monday,0,0,Sunny,10,0
2024-10-21,Ras Malai,Desserts,9,1.15,322.0,Monday,0,0,Sunny,10,0
2024-10-21,Kheer,Desserts,7,0.9,252.0,Monday,0,0,Sunny,10,0
2024-10-21,Kulfi,Desserts,13,1.87,523.6,Monday,0,0,Sunny,10,0
2024-10-22,Paneer Butter Masala,Main Course,9,2.65,848.0,Tuesday,0,0,Cloudy,10,0
2024-10-22,Dal Makhani,Main Course,10,3.23,1033.6,Tuesday,0,0,Cloudy,10,0
2024-10-22,Chicken Biryani,Main Course,5,1.67,534.4,Tuesday,0,0,Cloudy,10,0
2024-10-22,Mutton Rogan Josh,Main Course,20,6.48,2073.6,Tuesday,0,0,Cloudy,10,0
2024-10-22,Paneer Tikka,Starters,16,3.03,757.5,Tuesday,0,0,Cloudy,10,0
2024-10-22,Chicken Tandoori,Starters,17,2.49,622.5,Tuesday,0,0,Cloudy,10,0
2024-10-22,Veg Spring Rolls,Starters,19,3.79,947.5,Tuesday,0,0,Cloudy,10,0
2024-10-22,Fish Amritsari,Starters,16,3.1,775.0,Tuesday,0,0,Cloudy,10,0
2024-10-22,Butter Naan,Breads,5,0.3,36.0,Tuesday,0,0,Cloudy,10,0
2024-10-22,Garlic Naan,Breads,9,0.69,82.8,Tuesday,0,0,Cloudy,10,0
2024-10-22,Tandoori Roti,Breads,9,0.57,68.4,Tuesday,0,0,Cloudy,10,0
2024-10-22,Gulab Jamun,Desserts,5,0.61,170.8,Tuesday,0,0,Cloudy,10,0
2024-10-22,Ras Malai,Desserts,7,1.02,285.6,Tuesday,0,0,Cloudy,10,0
2024-10-22,Kheer,Desserts,8,0.9,252.0,Tuesday,0,0,Cloudy,10,0
2024-10-22,Kulfi,Desserts,12,1.5,420.0,Tuesday,0,0,Cloudy,10,0
2024-10-23,Paneer Butter Masala,Main Course,9,2.84,908.8,Wednesday,0,0,Cloudy,11,0
2024-10-23,Dal Makhani,Main Course,16,4.34,1388.8,Wednesday,0,0,Cloudy,11,0
2024-10-23,Chicken Biryani,Main Course,2,0.55,176.0,Wednesday,0,0,Cloudy,11,0
2024-10-23,Mutton Rogan Josh,Main Course,22,6.18,1977.6,Wednesday,0,0,Cloudy,11,0
2024-10-23,Paneer Tikka,Starters,8,1.27,317.5,Wednesday,0,0,Cloudy,11,0
2024-10-23,Chicken Tandoori,Starters,10,1.52,380.0,Wednesday,0,0,Cloudy,11,0
2024-10-23,Veg Spring Rolls,Starters,10,1.94,485.0,Wednesday,0,0,Cloudy,11,0
2024-10-23,Fish Amritsari,Starters,28,5.53,1382.5,Wednesday,0,0,Cloudy,11,0
2024-10-23,Butter Naan,Breads,7,0.56,67.2,Wednesday,0,0,Cloudy,11,0
2024-10-23,Garlic Naan,Breads,6,0.47,56.4,Wednesday,0,0,Cloudy,11,0
2024-10-23,Tandoori Roti,Breads,10,0.72,86.4,Wednesday,0,0,Cloudy,11,0
2024-10-23,Gulab Jamun,Desserts,14,2.03,568.4,Wednesday,0,0,Cloudy,11,0
2024-10-23,Ras Malai,Desserts,4,0.46,128.8,Wednesday,0,0,Cloudy,11,0
2024-10-23,Kheer,Desserts,7,1.02,285.6,Wednesday,0,0,Cloudy,11,0
2024-10-23,Kulfi,Desserts,14,1.74,487.2,Wednesday,0,0,Cloudy,11,0
2024-10-24,Paneer Butter Masala,Main Course,3,1.0,320.0,Thursday,0,1,Sunny,11,1
2024-10-24,Dal Makhani,Main Course,6,1.62,518.4,Thursday,0,1,Sunny,11,1
2024-10-24,Chicken Biryani,Main Course,7,1.82,582.4,Thursday,0,1,Sunny,11,1
2024-10-24,Mutton Rogan Josh,Main Course,14,4.39,1404.8,Thursday,0,1,Sunny,11,1
2024-10-24,Paneer Tikka,Starters,11,2.03,507.5,Thursday,0,1,Sunny,11,1
2024-10-24,Chicken Tandoori,Starters,11,2.02,505.0,Thursday,0,1,Sunny,11,1
2024-10-24,Veg Spring Rolls,Starters,6,0.93,232.5,Thursday,0,1,Sunny,11,1
2024-10-24,Fish Amritsari,Starters,33,4.72,1180.0,Thursday,0,1,Sunny,11,1
2024-10-24,Butter Naan,Breads,10,0.56,67.2,Thursday,0,1,Sunny,11,1
2024-10-24,Garlic Naan,Breads,30,2.14,256.8,Thursday,0,1,Sunny,11,1
2024-10-24,Tandoori Roti,Breads,14,1.03,123.6,Thursday,0,1,Sunny,11,1
2024-10-24,Gulab Jamun,Desserts,18,2.12,593.6,Thursday,0,1,Sunny,11,1
2024-10-24,Ras Malai,Desserts,8,1.03,288.4,Thursday,0,1,Sunny,11,1
2024-10-24,Kheer,Desserts,4,0.48,134.4,Thursday,0,1,Sunny,11,1
2024-10-24,Kulfi,Desserts,15,1.8,504.0,Thursday,0,1,Sunny,11,1
2024-10-25,Paneer Butter Masala,Main Course,3,0.85,272.0,Friday,0,1,Cloudy,14,1
2024-10-25,Dal Makhani,Main Course,19,6.49,2076.8,Friday,0,1,Cloudy,14,1
2024-10-25,Chicken Biryani,Main Course,3,0.99,316.8,Friday,0,1,Cloudy,14,1
2024-10-25,Mutton Rogan Josh,Main Course,19,6.18,1977.6,Friday,0,1,Cloudy,14,1
2024-10-25,Paneer Tikka,Starters,23,3.65,912.5,Friday,0,1,Cloudy,14,1
2024-10-25,Chicken Tandoori,Starters,9,1.69,422.5,Friday,0,1,Cloudy,14,1
2024-10-25,Veg Spring Rolls,Starters,13,1.88,470.0,Friday,0,1,Cloudy,14,1
2024-10-25,Fish Amritsari,Starters,26,3.75,937.5,Friday,0,1,Cloudy,14,1
2024-10-25,Butter Naan,Breads,8,0.63,75.6,Friday,0,1,Cloudy,14,1
2024-10-25,Garlic Naan,Breads,22,1.68,201.6,Friday,0,1,Cloudy,14,1
2024-10-25,Tandoori Roti,Breads,21,1.52,182.4,Friday,0,1,Cloudy,14,1
2024-10-25,Gulab Jamun,Desserts,58,7.82,2189.6,Friday,0,1,Cloudy,14,1
2024-10-25,Ras Malai,Desserts,12,1.73,484.4,Friday,0,1,Cloudy,14,1
2024-10-25,Kheer,Desserts,12,1.34,375.2,Friday,0,1,Cloudy,14,1
2024-10-25,Kulfi,Desserts,26,2.87,803.6,Friday,0,1,Cloudy,14,1
2024-10-26,Paneer Butter Masala,Main Course,9,2.65,848.0,Saturday,1,0,Cloudy,11,0
2024-10-26,Dal Makhani,Main Course,16,4.89,1564.8,Saturday,1,0,Cloudy,11,0
2024-10-26,Chicken Biryani,Main Course,9,2.33,745.6,Saturday,1,0,Cloudy,11,0
2024-10-26,Mutton Rogan Josh,Main Course,26,6.42,2054.4,Saturday,1,0,Cloudy,11,0
2024-10-26,Paneer Tikka,Starters,12,1.99,497.5,Saturday,1,0,Cloudy,11,0
2024-10-26,Chicken Tandoori,Starters,9,1.76,440.0,Saturday,1,0,Cloudy,11,0
2024-10-26,Veg Spring Rolls,Starters,26,5.0,1250.0,Saturday,1,0,Cloudy,11,0
2024-10-26,Fish Amritsari,Starters,23,3.5,875.0,Saturday,1,0,Cloudy,11,0
2024-10-26,Butter Naan,Breads,22,1.26,151.2,Saturday,1,0,Cloudy,11,0
2024-10-26,Garlic Naan,Breads,17,0.98,117.6,Saturday,1,0,Cloudy,11,0
2024-10-26,Tandoori Roti,Breads,20,1.18,141.6,Saturday,1,0,Cloudy,11,0
2024-10-26,Gulab Jamun,Desserts,12,1.55,434.0,Saturday,1,0,Cloudy,11,0
2024-10-26,Ras Malai,Desserts,21,2.27,635.6,Saturday,1,0,Cloudy,11,0
2024-10-26,Kheer,Desserts,12,1.69,473.2,Saturday,1,0,Cloudy,11,0
2024-10-26,Kulfi,Desserts,16,2.05,574.0,Saturday,1,0,Cloudy,11,0
2024-10-27,Paneer Butter Masala,Main Course,8,2.18,697.6,Sunday,1,0,Cloudy,13,0
2024-10-27,Dal Makhani,Main Course,17,5.67,1814.4,Sunday,1,0,Cloudy,13,0
2024-10-27,Chicken Biryani,Main Course,11,2.91,931.2,Sunday,1,0,Cloudy,13,0
2024-10-27,Mutton Rogan Josh,Main Course,23,6.72,2150.4,Sunday,1,0,Cloudy,13,0
2024-10-27,Paneer Tikka,Starters,29,4.64,1160.0,Sunday,1,0,Cloudy,13,0
2024-10-27,Chicken Tandoori,Starters,25,4.14,1035.0,Sunday,1,0,Cloudy,13,0
2024-10-27,Veg Spring Rolls,Starters,98,13.92,3480.0,Sunday,1,0,Cloudy,13,0
2024-10-27,Fish Amritsari,Starters,20,3.55,887.5,Sunday,1,0,Cloudy,13,0
2024-10-27,Butter Naan,Breads,17,1.19,142.8,Sunday,1,0,Cloudy,13,0
2024-10-27,Garlic Naan,Breads,22,1.32,158.4,Sunday,1,0,Cloudy,13,0
2024-10-27,Tandoori Roti,Breads,17,1.24,148.8,Sunday,1,0,Cloudy,13,0
2024-10-27,Gulab Jamun,Desserts,14,2.0,560.0,Sunday,1,0,Cloudy,13,0
2024-10-27,Ras Malai,Desserts,13,1.46,408.8,Sunday,1,0,Cloudy,13,0
2024-10-27,Kheer,Desserts,16,2.35,658.0,Sunday,1,0,Cloudy,13,0
2024-10-27,Kulfi,Desserts,15,2.12,593.6,Sunday,1,0,Cloudy,13,0
2024-10-28,Paneer Butter Masala,Main Course,10,3.36,1075.2,Monday,0,0,Sunny,8,0
2024-10-28,Dal Makhani,Main Course,15,4.78,1529.6,Monday,0,0,Sunny,8,0
2024-10-28,Chicken Biryani,Main Course,9,2.76,883.2,Monday,0,0,Sunny,8,0
2024-10-28,Mutton Rogan Josh,Main Course,14,4.43,1417.6,Monday,0,0,Sunny,8,0
2024-10-28,Paneer Tikka,Starters,6,0.95,237.5,Monday,0,0,Sunny,8,0
2024-10-28,Chicken Tandoori,Starters,6,0.93,232.5,Monday,0,0,Sunny,8,0
2024-10-28,Veg Spring Rolls,Starters,14,2.05,512.5,Monday,0,0,Sunny,8,0
2024-10-28,Fish Amritsari,Starters,27,5.07,1267.5,Monday,0,0,Sunny,8,0
2024-10-28,Butter Naan,Breads,57,4.32,518.4,Monday,0,0,Sunny,8,0
2024-10-28,Garlic Naan,Breads,10,0.77,92.4,Monday,0,0,Sunny,8,0
2024-10-28,Tandoori Roti,Breads,23,1.54,184.8,Monday,0,0,Sunny,8,0
2024-10-28,Gulab Jamun,Desserts,4,0.52,145.6,Monday,0,0,Sunny,8,0
2024-10-28,Ras Malai,Desserts,8,1.2,336.0,Monday,0,0,Sunny,8,0
2024-10-28,Kheer,Desserts,4,0.45,126.0,Monday,0,0,Sunny,8,0
2024-10-28,Kulfi,Desserts,11,1.4,392.0,Monday,0,0,Sunny,8,0
2024-10-29,Paneer Butter Masala,Main Course,6,1.87,598.4,Tuesday,0,0,Sunny,12,0
2024-10-29,Dal Makhani,Main Course,55,13.49,4316.8,Tuesday,0,0,Sunny,12,0
2024-10-29,Chicken Biryani,Main Course,25,6.9,2208.0,Tuesday,0,0,Sunny,12,0
2024-10-29,Mutton Rogan Josh,Main Course,18,4.9,1568.0,Tuesday,0,0,Sunny,12,0
2024-10-29,Paneer Tikka,Starters,17,2.57,642.5,Tuesday,0,0,Sunny,12,0
2024-10-29,Chicken Tandoori,Starters,15,2.47,617.5,Tuesday,0,0,Sunny,12,0
2024-10-29,Veg Spring Rolls,Starters,13,2.46,615.0,Tuesday,0,0,Sunny,12,0
2024-10-29,Fish Amritsari,Starters,28,4.12,1030.0,Tuesday,0,0,Sunny,12,0
2024-10-29,Butter Naan,Breads,4,0.31,37.2,Tuesday,0,0,Sunny,12,0
2024-10-29,Garlic Naan,Breads,15,1.11,133.2,Tuesday,0,0,Sunny,12,0
2024-10-29,Tandoori Roti,Breads,23,1.48,177.6,Tuesday,0,0,Sunny,12,0
2024-10-29,Gulab Jamun,Desserts,10,1.48,414.4,Tuesday,0,0,Sunny,12,0
2024-10-29,Ras Malai,Desserts,8,1.17,327.6,Tuesday,0,0,Sunny,12,0
2024-10-29,Kheer,Desserts,3,0.35,98.0,Tuesday,0,0,Sunny,12,0
2024-10-29,Kulfi,Desserts,10,1.36,380.8,Tuesday,0,0,Sunny,12,0
2024-10-30,Paneer Butter Masala,Main Course,7,2.32,742.4,Wednesday,0,0,Sunny,10,0
2024-10-30,Dal Makhani,Main Course,6,1.59,508.8,Wednesday,0,0,Sunny,10,0
2024-10-30,Chicken Biryani,Main Course,8,2.09,668.8,Wednesday,0,0,Sunny,10,0
2024-10-30,Mutton Rogan Josh,Main Course,21,6.37,2038.4,Wednesday,0,0,Sunny,10,0
2024-10-30,Paneer Tikka,Starters,14,2.34,585.0,Wednesday,0,0,Sunny,10,0
2024-10-30,Chicken Tandoori,Starters,10,1.8,450.0,Wednesday,0,0,Sunny,10,0
2024-10-30,Veg Spring Rolls,Starters,11,1.59,397.5,Wednesday,0,0,Sunny,10,0
2024-10-30,Fish Amritsari,Starters,16,2.96,740.0,Wednesday,0,0,Sunny,10,0
2024-10-30,Butter Naan,Breads,14,0.81,97.2,Wednesday,0,0,Sunny,10,0
2024-10-30,Garlic Naan,Breads,15,1.14,136.8,Wednesday,0,0,Sunny,10,0
2024-10-30,Tandoori Roti,Breads,14,1.03,123.6,Wednesday,0,0,Sunny,10,0
2024-10-30,Gulab Jamun,Desserts,4,0.57,159.6,Wednesday,0,0,Sunny,10,0
2024-10-30,Ras Malai,Desserts,24,3.46,968.8,Wednesday,0,0,Sunny,10,0
2024-10-30,Kheer,Desserts,10,1.36,380.8,Wednesday,0,0,Sunny,10,0
2024-10-30,Kulfi,Desserts,8,0.89,249.2,Wednesday,0,0,Sunny,10,0
2024-10-31,Paneer Butter Masala,Main Course,10,2.47,790.4,Thursday,0,0,Sunny,10,0
2024-10-31,Dal Makhani,Main Course,18,5.9,1888.0,Thursday,0,0,Sunny,10,0
2024-10-31,Chicken Biryani,Main Course,4,1.31,419.2,Thursday,0,0,Sunny,10,0
2024-10-31,Mutton Rogan Josh,Main Course,13,4.44,1420.8,Thursday,0,0,Sunny,10,0
2024-10-31,Paneer Tikka,Starters,13,2.07,517.5,Thursday,0,0,Sunny,10,0
2024-10-31,Chicken Tandoori,Starters,9,1.43,357.5,Thursday,0,0,Sunny,10,0
2024-10-31,Veg Spring Rolls,Starters,11,2.0,500.0,Thursday,0,0,Sunny,10,0
2024-10-31,Fish Amritsari,Starters,23,3.34,835.0,Thursday,0,0,Sunny,10,0
2024-10-31,Butter Naan,Breads,4,0.23,27.6,Thursday,0,0,Sunny,10,0
2024-10-31,Garlic Naan,Breads,13,0.77,92.4,Thursday,0,0,Sunny,10,0
2024-10-31,Tandoori Roti,Breads,13,0.95,114.0,Thursday,0,0,Sunny,10,0
2024-10-31,Gulab Jamun,Desserts,5,0.58,162.4,Thursday,0,0,Sunny,10,0
2024-10-31,Ras Malai,Desserts,15,2.07,579.6,Thursday,0,0,Sunny,10,0
2024-10-31,Kheer,Desserts,11,1.48,414.4,Thursday,0,0,Sunny,10,0
2024-10-31,Kulfi,Desserts,12,1.4,392.0,Thursday,0,0,Sunny,10,0
2024-11-01,Paneer Butter Masala,Main Course,3,0.93,297.6,Friday,0,1,Sunny,9,1
2024-11-01,Dal Makhani,Main Course,22,7.19,2300.8,Friday,0,1,Sunny,9,1
2024-11-01,Chicken Biryani,Main Course,6,2.05,656.0,Friday,0,1,Sunny,9,1
2024-11-01,Mutton Rogan Josh,Main Course,28,6.87,2198.4,Friday,0,1,Sunny,9,1
2024-11-01,Paneer Tikka,Starters,8,1.44,360.0,Friday,0,1,Sunny,9,1
2024-11-01,Chicken Tandoori,Starters,7,1.14,285.0,Friday,0,1,Sunny,9,1
2024-11-01,Veg Spring Rolls,Starters,25,3.68,920.0,Friday,0,1,Sunny,9,1
2024-11-01,Fish Amritsari,Starters,34,5.94,1485.0,Friday,0,1,Sunny,9,1
2024-11-01,Butter Naan,Breads,21,1.37,164.4,Friday,0,1,Sunny,9,1
2024-11-01,Garlic Naan,Breads,8,0.61,73.2,Friday,0,1,Sunny,9,1
2024-11-01,Tandoori Roti,Breads,22,1.62,194.4,Friday,0,1,Sunny,9,1
2024-11-01,Gulab Jamun,Desserts,20,2.86,800.8,Friday,0,1,Sunny,9,1
2024-11-01,Ras Malai,Desserts,12,1.56,436.8,Friday,0,1,Sunny,9,1
2024-11-01,Kheer,Desserts,13,1.53,428.4,Friday,0,1,Sunny,9,1
2024-11-01,Kulfi,Desserts,16,1.81,506.8,Friday,0,1,Sunny,9,1
2024-11-02,Paneer Butter Masala,Main Course,3,0.74,236.8,Saturday,1,0,Cloudy,13,0
2024-11-02,Dal Makhani,Main Course,24,7.42,2374.4,Saturday,1,0,Cloudy,13,0
2024-11-02,Chicken Biryani,Main Course,6,2.06,659.2,Saturday,1,0,Cloudy,13,0
2024-11-02,Mutton Rogan Josh,Main Course,20,4.94,1580.8,Saturday,1,0,Cloudy,13,0
2024-11-02,Paneer Tikka,Starters,13,1.96,490.0,Saturday,1,0,Cloudy,13,0
2024-11-02,Chicken Tandoori,Starters,25,4.33,1082.5,Saturday,1,0,Cloudy,13,0
2024-11-02,Veg Spring Rolls,Starters,7,1.39,347.5,Saturday,1,0,Cloudy,13,0
2024-11-02,Fish Amritsari,Starters,19,3.49,872.5,Saturday,1,0,Cloudy,13,0
2024-11-02,Butter Naan,Breads,5,0.38,45.6,Saturday,1,0,Cloudy,13,0
2024-11-02,Garlic Naan,Breads,24,1.87,224.4,Saturday,1,0,Cloudy,13,0
2024-11-02,Tandoori Roti,Breads,10,0.64,76.8,Saturday,1,0,Cloudy,13,0
2024-11-02,Gulab Jamun,Desserts,58,6.49,1817.2,Saturday,1,0,Cloudy,13,0
2024-11-02,Ras Malai,Desserts,9,0.99,277.2,Saturday,1,0,Cloudy,13,0
2024-11-02,Kheer,Desserts,29,4.15,1162.0,Saturday,1,0,Cloudy,13,0
2024-11-02,Kulfi,Desserts,22,2.38,666.4,Saturday,1,0,Cloudy,13,0
2024-11-03,Paneer Butter Masala,Main Course,11,2.95,944.0,Sunday,1,0,Sunny,13,0
2024-11-03,Dal Makhani,Main Course,49,14.28,4569.6,Sunday,1,0,Sunny,13,0
2024-11-03,Chicken Biryani,Main Course,6,2.03,649.6,Sunday,1,0,Sunny,13,0
2024-11-03,Mutton Rogan Josh,Main Course,24,6.14,1964.8,Sunday,1,0,Sunny,13,0
2024-11-03,Paneer Tikka,Starters,21,3.29,822.5,Sunday,1,0,Sunny,13,0
2024-11-03,Chicken Tandoori,Starters,7,1.06,265.0,Sunday,1,0,Sunny,13,0
2024-11-03,Veg Spring Rolls,Starters,17,2.6,650.0,Sunday,1,0,Sunny,13,0
2024-11-03,Fish Amritsari,Starters,35,5.12,1280.0,Sunday,1,0,Sunny,13,0
2024-11-03,Butter Naan,Breads,6,0.43,51.6,Sunday,1,0,Sunny,13,0
2024-11-03,Garlic Naan,Breads,29,1.74,208.8,Sunday,1,0,Sunny,13,0
2024-11-03,Tandoori Roti,Breads,37,2.23,267.6,Sunday,1,0,Sunny,13,0
2024-11-03,Gulab Jamun,Desserts,7,0.87,243.6,Sunday,1,0,Sunny,13,0
2024-11-03,Ras Malai,Desserts,6,0.83,232.4,Sunday,1,0,Sunny,13,0
2024-11-03,Kheer,Desserts,13,1.43,400.4,Sunday,1,0,Sunny,13,0
2024-11-03,Kulfi,Desserts,11,1.26,352.8,Sunday,1,0,Sunny,13,0
2024-11-04,Paneer Butter Masala,Main Course,7,2.43,777.6,Monday,0,0,Cloudy,12,0
2024-11-04,Dal Makhani,Main Course,16,5.49,1756.8,Monday,0,0,Cloudy,12,0
2024-11-04,Chicken Biryani,Main Course,5,1.54,492.8,Monday,0,0,Cloudy,12,0
2024-11-04,Mutton Rogan Josh,Main Course,12,3.49,1116.8,Monday,0,0,Cloudy,12,0
2024-11-04,Paneer Tikka,Starters,8,1.42,355.0,Monday,0,0,Cloudy,12,0
2024-11-04,Chicken Tandoori,Starters,13,2.26,565.0,Monday,0,0,Cloudy,12,0
2024-11-04,Veg Spring Rolls,Starters,8,1.13,282.5,Monday,0,0,Cloudy,12,0
2024-11-04,Fish Amritsari,Starters,14,1.98,495.0,Monday,0,0,Cloudy,12,0
2024-11-04,Butter Naan,Breads,12,0.96,115.2,Monday,0,0,Cloudy,12,0
2024-11-04,Garlic Naan,Breads,20,1.21,145.2,Monday,0,0,Cloudy,12,0
2024-11-04,Tandoori Roti,Breads,6,0.38,45.6,Monday,0,0,Cloudy,12,0
2024-11-04,Gulab Jamun,Desserts,4,0.43,120.4,Monday,0,0,Cloudy,12,0
2024-11-04,Ras Malai,Desserts,8,1.09,305.2,Monday,0,0,Cloudy,12,0
2024-11-04,Kheer,Desserts,2,0.24,67.2,Monday,0,0,Cloudy,12,0
2024-11-04,Kulfi,Desserts,40,5.14,1439.2,Monday,0,0,Cloudy,12,0
2024-11-05,Paneer Butter Masala,Main Course,2,0.61,195.2,Tuesday,0,0,Sunny,8,0
2024-11-05,Dal Makhani,Main Course,10,2.89,924.8,Tuesday,0,0,Sunny,8,0
2024-11-05,Chicken Biryani,Main Course,7,2.38,761.6,Tuesday,0,0,Sunny,8,0
2024-11-05,Mutton Rogan Josh,Main Course,10,2.88,921.6,Tuesday,0,0,Sunny,8,0
2024-11-05,Paneer Tikka,Starters,13,2.51,627.5,Tuesday,0,0,Sunny,8,0
2024-11-05,Chicken Tandoori,Starters,38,7.17,1792.5,Tuesday,0,0,Sunny,8,0
2024-11-05,Veg Spring Rolls,Starters,8,1.41,352.5,Tuesday,0,0,Sunny,8,0
2024-11-05,Fish Amritsari,Starters,20,3.37,842.5,Tuesday,0,0,Sunny,8,0
2024-11-05,Butter Naan,Breads,6,0.45,54.0,Tuesday,0,0,Sunny,8,0
2024-11-05,Garlic Naan,Breads,16,1.28,153.6,Tuesday,0,0,Sunny,8,0
2024-11-05,Tandoori Roti,Breads,17,1.31,157.2,Tuesday,0,0,Sunny,8,0
2024-11-05,Gulab Jamun,Desserts,10,1.33,372.4,Tuesday,0,0,Sunny,8,0
2024-11-05,Ras Malai,Desserts,5,0.71,198.8,Tuesday,0,0,Sunny,8,0
2024-11-05,Kheer,Desserts,9,1.23,344.4,Tuesday,0,0,Sunny,8,0
2024-11-05,Kulfi,Desserts,16,1.87,523.6,Tuesday,0,0,Sunny,8,0
2024-11-06,Paneer Butter Masala,Main Course,7,2.37,758.4,Wednesday,0,0,Rainy,11,1
2024-11-06,Dal Makhani,Main Course,7,1.8,576.0,Wednesday,0,0,Rainy,11,1
2024-11-06,Chicken Biryani,Main Course,6,1.8,576.0,Wednesday,0,0,Rainy,11,1
2024-11-06,Mutton Rogan Josh,Main Course,24,6.34,2028.8,Wednesday,0,0,Rainy,11,1
2024-11-06,Paneer Tikka,Starters,10,1.46,365.0,Wednesday,0,0,Rainy,11,1
2024-11-06,Chicken Tandoori,Starters,19,3.56,890.0,Wednesday,0,0,Rainy,11,1
2024-11-06,Veg Spring Rolls,Starters,22,3.83,957.5,Wednesday,0,0,Rainy,11,1
2024-11-06,Fish Amritsari,Starters,31,5.56,1390.0,Wednesday,0,0,Rainy,11,1
2024-11-06,Butter Naan,Breads,16,0.92,110.4,Wednesday,0,0,Rainy,11,1
2024-11-06,Garlic Naan,Breads,9,0.66,79.2,Wednesday,0,0,Rainy,11,1
2024-11-06,Tandoori Roti,Breads,27,1.57,188.4,Wednesday,0,0,Rainy,11,1
2024-11-06,Gulab Jamun,Desserts,13,1.63,456.4,Wednesday,0,0,Rainy,11,1
2024-11-06,Ras Malai,Desserts,7,0.81,226.8,Wednesday,0,0,Rainy,11,1
2024-11-06,Kheer,Desserts,4,0.47,131.6,Wednesday,0,0,Rainy,11,1
2024-11-06,Kulfi,Desserts,11,1.52,425.6,Wednesday,0,0,Rainy,11,1
2024-11-07,Paneer Butter Masala,Main Course,2,0.69,220.8,Thursday,0,0,Rainy,11,0
2024-11-07,Dal Makhani,Main Course,6,1.58,505.6,Thursday,0,0,Rainy,11,0
2024-11-07,Chicken Biryani,Main Course,8,2.73,873.6,Thursday,0,0,Rainy,11,0
2024-11-07,Mutton Rogan Josh,Main Course,15,4.45,1424.0,Thursday,0,0,Rainy,11,0
2024-11-07,Paneer Tikka,Starters,13,1.99,497.5,Thursday,0,0,Rainy,11,0
2024-11-07,Chicken Tandoori,Starters,7,1.01,252.5,Thursday,0,0,Rainy,11,0
2024-11-07,Veg Spring Rolls,Starters,12,1.95,487.5,Thursday,0,0,Rainy,11,0
2024-11-07,Fish Amritsari,Starters,14,2.19,547.5,Thursday,0,0,Rainy,11,0
2024-11-07,Butter Naan,Breads,13,0.9,108.0,Thursday,0,0,Rainy,11,0
2024-11-07,Garlic Naan,Breads,5,0.37,44.4,Thursday,0,0,Rainy,11,0
2024-11-07,Tandoori Roti,Breads,6,0.43,51.6,Thursday,0,0,Rainy,11,0
2024-11-07,Gulab Jamun,Desserts,12,1.32,369.6,Thursday,0,0,Rainy,11,0
2024-11-07,Ras Malai,Desserts,10,1.33,372.4,Thursday,0,0,Rainy,11,0
2024-11-07,Kheer,Desserts,8,1.14,319.2,Thursday,0,0,Rainy,11,0
2024-11-07,Kulfi,Desserts,11,1.41,394.8,Thursday,0,0,Rainy,11,0
2024-11-08,Paneer Butter Masala,Main Course,2,0.55,176.0,Friday,0,0,Cloudy,12,0
2024-11-08,Dal Makhani,Main Course,5,1.54,492.8,Friday,0,0,Cloudy,12,0
2024-11-08,Chicken Biryani,Main Course,5,1.27,406.4,Friday,0,0,Cloudy,12,0
2024-11-08,Mutton Rogan Josh,Main Course,10,2.98,953.6,Friday,0,0,Cloudy,12,0
2024-11-08,Paneer Tikka,Starters,14,2.24,560.0,Friday,0,0,Cloudy,12,0
2024-11-08,Chicken Tandoori,Starters,10,1.81,452.5,Friday,0,0,Cloudy,12,0
2024-11-08,Veg Spring Rolls,Starters,6,1.03,257.5,Friday,0,0,Cloudy,12,0
2024-11-08,Fish Amritsari,Starters,17,3.09,772.5,Friday,0,0,Cloudy,12,0
2024-11-08,Butter Naan,Breads,8,0.49,58.8,Friday,0,0,Cloudy,12,0
2024-11-08,Garlic Naan,Breads,18,1.21,145.2,Friday,0,0,Cloudy,12,0
2024-11-08,Tandoori Roti,Breads,5,0.31,37.2,Friday,0,0,Cloudy,12,0
2024-11-08,Gulab Jamun,Desserts,11,1.44,403.2,Friday,0,0,Cloudy,12,0
2024-11-08,Ras Malai,Desserts,3,0.42,117.6,Friday,0,0,Cloudy,12,0
2024-11-08,Kheer,Desserts,9,1.14,319.2,Friday,0,0,Cloudy,12,0
2024-11-08,Kulfi,Desserts,12,1.36,380.8,Friday,0,0,Cloudy,12,0
2024-11-09,Paneer Butter Masala,Main Course,7,1.81,579.2,Saturday,1,0,Cloudy,14,0
2024-11-09,Dal Makhani,Main Course,5,1.6,512.0,Saturday,1,0,Cloudy,14,0
2024-11-09,Chicken Biryani,Main Course,2,0.61,195.2,Saturday,1,0,Cloudy,14,0
2024-11-09,Mutton Rogan Josh,Main Course,31,7.87,2518.4,Saturday,1,0,Cloudy,14,0
2024-11-09,Paneer Tikka,Starters,15,2.12,530.0,Saturday,1,0,Cloudy,14,0
2024-11-09,Chicken Tandoori,Starters,23,3.44,860.0,Saturday,1,0,Cloudy,14,0
2024-11-09,Veg Spring Rolls,Starters,9,1.52,380.0,Saturday,1,0,Cloudy,14,0
2024-11-09,Fish Amritsari,Starters,37,5.76,1440.0,Saturday,1,0,Cloudy,14,0
2024-11-09,Butter Naan,Breads,7,0.53,63.6,Saturday,1,0,Cloudy,14,0
2024-11-09,Garlic Naan,Breads,19,1.27,152.4,Saturday,1,0,Cloudy,14,0
2024-11-09,Tandoori Roti,Breads,27,2.09,250.8,Saturday,1,0,Cloudy,14,0
2024-11-09,Gulab Jamun,Desserts,12,1.59,445.2,Saturday,1,0,Cloudy,14,0
2024-11-09,Ras Malai,Desserts,18,2.63,736.4,Saturday,1,0,Cloudy,14,0
2024-11-09,Kheer,Desserts,10,1.42,397.6,Saturday,1,0,Cloudy,14,0
2024-11-09,Kulfi,Desserts,16,1.7,476.0,Saturday,1,0,Cloudy,14,0
2024-11-10,Paneer Butter Masala,Main Course,12,3.41,1091.2,Sunday,1,0,Cloudy,10,0
2024-11-10,Dal Makhani,Main Course,18,4.74,1516.8,Sunday,1,0,Cloudy,10,0
2024-11-10,Chicken Biryani,Main Course,7,1.83,585.6,Sunday,1,0,Cloudy,10,0
2024-11-10,Mutton Rogan Josh,Main Course,25,7.7,2464.0,Sunday,1,0,Cloudy,10,0
2024-11-10,Paneer Tikka,Starters,19,3.48,870.0,Sunday,1,0,Cloudy,10,0
2024-11-10,Chicken Tandoori,Starters,24,3.92,980.0,Sunday,1,0,Cloudy,10,0
2024-11-10,Veg Spring Rolls,Starters,15,2.73,682.5,Sunday,1,0,Cloudy,10,0
2024-11-10,Fish Amritsari,Starters,27,4.11,1027.5,Sunday,1,0,Cloudy,10,0
2024-11-10,Butter Naan,Breads,16,1.1,132.0,Sunday,1,0,Cloudy,10,0
2024-11-10,Garlic Naan,Breads,21,1.2,144.0,Sunday,1,0,Cloudy,10,0
2024-11-10,Tandoori Roti,Breads,19,1.09,130.8,Sunday,1,0,Cloudy,10,0
2024-11-10,Gulab Jamun,Desserts,18,2.28,638.4,Sunday,1,0,Cloudy,10,0
2024-11-10,Ras Malai,Desserts,7,0.85,238.0,Sunday,1,0,Cloudy,10,0
2024-11-10,Kheer,Desserts,10,1.36,380.8,Sunday,1,0,Cloudy,10,0
2024-11-10,Kulfi,Desserts,18,2.08,582.4,Sunday,1,0,Cloudy,10,0
2024-11-11,Paneer Butter Masala,Main Course,2,0.49,156.8,Monday,0,0,Cloudy,10,0
2024-11-11,Dal Makhani,Main Course,6,1.74,556.8,Monday,0,0,Cloudy,10,0
2024-11-11,Chicken Biryani,Main Course,5,1.38,441.6,Monday,0,0,Cloudy,10,0
2024-11-11,Mutton Rogan Josh,Main Course,16,5.48,1753.6,Monday,0,0,Cloudy,10,0
2024-11-11,Paneer Tikka,Starters,15,2.62,655.0,Monday,0,0,Cloudy,10,0
2024-11-11,Chicken Tandoori,Starters,13,2.17,542.5,Monday,0,0,Cloudy,10,0
2024-11-11,Veg Spring Rolls,Starters,22,3.63,907.5,Monday,0,0,Cloudy,10,0
2024-11-11,Fish Amritsari,Starters,16,2.93,732.5,Monday,0,0,Cloudy,10,0
2024-11-11,Butter Naan,Breads,14,1.05,126.0,Monday,0,0,Cloudy,10,0
2024-11-11,Garlic Naan,Breads,9,0.67,80.4,Monday,0,0,Cloudy,10,0
2024-11-11,Tandoori Roti,Breads,20,1.46,175.2,Monday,0,0,Cloudy,10,0
2024-11-11,Gulab Jamun,Desserts,7,0.85,238.0,Monday,0,0,Cloudy,10,0
2024-11-11,Ras Malai,Desserts,10,1.31,366.8,Monday,0,0,Cloudy,10,0
2024-11-11,Kheer,Desserts,6,0.71,198.8,Monday,0,0,Cloudy,10,0
2024-11-11,Kulfi,Desserts,7,0.77,215.6,Monday,0,0,Cloudy,10,0
2024-11-12,Paneer Butter Masala,Main Course,6,2.06,659.2,Tuesday,0,0,Cloudy,8,0
2024-11-12,Dal Makhani,Main Course,9,3.09,988.8,Tuesday,0,0,Cloudy,8,0
2024-11-12,Chicken Biryani,Main Course,1,0.29,92.8,Tuesday,0,0,Cloudy,8,0
2024-11-12,Mutton Rogan Josh,Main Course,10,3.31,1059.2,Tuesday,0,0,Cloudy,8,0
2024-11-12,Paneer Tikka,Starters,7,1.34,335.0,Tuesday,0,0,Cloudy,8,0
2024-11-12,Chicken Tandoori,Starters,16,2.72,680.0,Tuesday,0,0,Cloudy,8,0
2024-11-12,Veg Spring Rolls,Starters,17,3.15,787.5,Tuesday,0,0,Cloudy,8,0
2024-11-12,Fish Amritsari,Starters,15,2.81,702.5,Tuesday,0,0,Cloudy,8,0
2024-11-12,Butter Naan,Breads,11,0.84,100.8,Tuesday,0,0,Cloudy,8,0
2024-11-12,Garlic Naan,Breads,4,0.27,32.4,Tuesday,0,0,Cloudy,8,0
2024-11-12,Tandoori Roti,Breads,26,2.07,248.4,Tuesday,0,0,Cloudy,8,0
2024-11-12,Gulab Jamun,Desserts,5,0.67,187.6,Tuesday,0,0,Cloudy,8,0
2024-11-12,Ras Malai,Desserts,8,0.91,254.8,Tuesday,0,0,Cloudy,8,0
2024-11-12,Kheer,Desserts,6,0.8,224.0,Tuesday,0,0,Cloudy,8,0
2024-11-12,Kulfi,Desserts,7,0.79,221.2,Tuesday,0,0,Cloudy,8,0
2024-11-13,Paneer Butter Masala,Main Course,5,1.25,400.0,Wednesday,0,0,Cloudy,8,0
2024-11-13,Dal Makhani,Main Course,8,2.46,787.2,Wednesday,0,0,Cloudy,8,0
2024-11-13,Chicken Biryani,Main Course,8,2.1,672.0,Wednesday,0,0,Cloudy,8,0
2024-11-13,Mutton Rogan Josh,Main Course,9,3.06,979.2,Wednesday,0,0,Cloudy,8,0
2024-11-13,Paneer Tikka,Starters,9,1.47,367.5,Wednesday,0,0,Cloudy,8,0
2024-11-13,Chicken Tandoori,Starters,9,1.51,377.5,Wednesday,0,0,Cloudy,8,0
2024-11-13,Veg Spring Rolls,Starters,19,3.47,867.5,Wednesday,0,0,Cloudy,8,0
2024-11-13,Fish Amritsari,Starters,18,3.52,880.0,Wednesday,0,0,Cloudy,8,0
2024-11-13,Butter Naan,Breads,12,0.78,93.6,Wednesday,0,0,Cloudy,8,0
2024-11-13,Garlic Naan,Breads,11,0.67,80.4,Wednesday,0,0,Cloudy,8,0
2024-11-13,Tandoori Roti,Breads,73,4.46,535.2,Wednesday,0,0,Cloudy,8,0
2024-11-13,Gulab Jamun,Desserts,6,0.88,246.4,Wednesday,0,0,Cloudy,8,0
2024-11-13,Ras Malai,Desserts,12,1.52,425.6,Wednesday,0,0,Cloudy,8,0
2024-11-13,Kheer,Desserts,6,0.87,243.6,Wednesday,0,0,Cloudy,8,0
2024-11-13,Kulfi,Desserts,9,0.96,268.8,Wednesday,0,0,Cloudy,8,0
2024-11-14,Paneer Butter Masala,Main Course,6,1.8,576.0,Thursday,0,1,Cloudy,11,1
2024-11-14,Dal Makhani,Main Course,6,2.07,662.4,Thursday,0,1,Cloudy,11,1
2024-11-14,Chicken Biryani,Main Course,7,1.73,553.6,Thursday,0,1,Cloudy,11,1
2024-11-14,Mutton Rogan Josh,Main Course,34,10.51,3363.2,Thursday,0,1,Cloudy,11,1
2024-11-14,Paneer Tikka,Starters,22,3.76,940.0,Thursday,0,1,Cloudy,11,1
2024-11-14,Chicken Tandoori,Starters,22,4.04,1010.0,Thursday,0,1,Cloudy,11,1
2024-11-14,Veg Spring Rolls,Starters,8,1.34,335.0,Thursday,0,1,Cloudy,11,1
2024-11-14,Fish Amritsari,Starters,35,6.36,1590.0,Thursday,0,1,Cloudy,11,1
2024-11-14,Butter Naan,Breads,17,1.3,156.0,Thursday,0,1,Cloudy,11,1
2024-11-14,Garlic Naan,Breads,33,2.37,284.4,Thursday,0,1,Cloudy,11,1
2024-11-14,Tandoori Roti,Breads,14,0.9,108.0,Thursday,0,1,Cloudy,11,1
2024-11-14,Gulab Jamun,Desserts,7,0.84,235.2,Thursday,0,1,Cloudy,11,1
2024-11-14,Ras Malai,Desserts,7,0.92,257.6,Thursday,0,1,Cloudy,11,1
2024-11-14,Kheer,Desserts,13,1.76,492.8,Thursday,0,1,Cloudy,11,1
2024-11-14,Kulfi,Desserts,12,1.62,453.6,Thursday,0,1,Cloudy,11,1
2024-11-15,Paneer Butter Masala,Main Course,2,0.63,201.6,Friday,0,0,Cloudy,11,0
2024-11-15,Dal Makhani,Main Course,7,1.88,601.6,Friday,0,0,Cloudy,11,0
2024-11-15,Chicken Biryani,Main Course,9,2.36,755.2,Friday,0,0,Cloudy,11,0
2024-11-15,Mutton Rogan Josh,Main Course,11,3.78,1209.6,Friday,0,0,Cloudy,11,0
2024-11-15,Paneer Tikka,Starters,3,0.49,122.5,Friday,0,0,Cloudy,11,0
2024-11-15,Chicken Tandoori,Starters,12,2.13,532.5,Friday,0,0,Cloudy,11,0
2024-11-15,Veg Spring Rolls,Starters,15,2.31,577.5,Friday,0,0,Cloudy,11,0
2024-11-15,Fish Amritsari,Starters,16,3.01,752.5,Friday,0,0,Cloudy,11,0
2024-11-15,Butter Naan,Breads,12,0.7,84.0,Friday,0,0,Cloudy,11,0
2024-11-15,Garlic Naan,Breads,14,0.92,110.4,Friday,0,0,Cloudy,11,0
2024-11-15,Tandoori Roti,Breads,5,0.35,42.0,Friday,0,0,Cloudy,11,0
2024-11-15,Gulab Jamun,Desserts,3,0.4,112.0,Friday,0,0,Cloudy,11,0
2024-11-15,Ras Malai,Desserts,5,0.59,165.2,Friday,0,0,Cloudy,11,0
2024-11-15,Kheer,Desserts,6,0.85,238.0,Friday,0,0,Cloudy,11,0
2024-11-15,Kulfi,Desserts,7,0.91,254.8,Friday,0,0,Cloudy,11,0
2024-11-16,Paneer Butter Masala,Main Course,7,2.25,720.0,Saturday,1,0,Rainy,13,0
2024-11-16,Dal Makhani,Main Course,18,6.01,1923.2,Saturday,1,0,Rainy,13,0
2024-11-16,Chicken Biryani,Main Course,9,2.78,889.6,Saturday,1,0,Rainy,13,0
2024-11-16,Mutton Rogan Josh,Main Course,21,7.24,2316.8,Saturday,1,0,Rainy,13,0
2024-11-16,Paneer Tikka,Starters,9,1.62,405.0,Saturday,1,0,Rainy,13,0
2024-11-16,Chicken Tandoori,Starters,8,1.33,332.5,Saturday,1,0,Rainy,13,0
2024-11-16,Veg Spring Rolls,Starters,16,2.35,587.5,Saturday,1,0,Rainy,13,0
2024-11-16,Fish Amritsari,Starters,18,2.72,680.0,Saturday,1,0,Rainy,13,0
2024-11-16,Butter Naan,Breads,8,0.63,75.6,Saturday,1,0,Rainy,13,0
2024-11-16,Garlic Naan,Breads,27,1.72,206.4,Saturday,1,0,Rainy,13,0
2024-11-16,Tandoori Roti,Breads,38,2.48,297.6,Saturday,1,0,Rainy,13,0
2024-11-16,Gulab Jamun,Desserts,18,2.1,588.0,Saturday,1,0,Rainy,13,0
2024-11-16,Ras Malai,Desserts,6,0.78,218.4,Saturday,1,0,Rainy,13,0
2024-11-16,Kheer,Desserts,4,0.47,131.6,Saturday,1,0,Rainy,13,0
2024-11-16,Kulfi,Desserts,33,3.57,999.6,Saturday,1,0,Rainy,13,0
2024-11-17,Paneer Butter Masala,Main Course,3,1.03,329.6,Sunday,1,0,Cloudy,14,0
2024-11-17,Dal Makhani,Main Course,16,4.15,1328.0,Sunday,1,0,Cloudy,14,0
2024-11-17,Chicken Biryani,Main Course,7,1.87,598.4,Sunday,1,0,Cloudy,14,0
2024-11-17,Mutton Rogan Josh,Main Course,25,6.71,2147.2,Sunday,1,0,Cloudy,14,0
2024-11-17,Paneer Tikka,Starters,19,3.2,800.0,Sunday,1,0,Cloudy,14,0
2024-11-17,Chicken Tandoori,Starters,7,1.01,252.5,Sunday,1,0,Cloudy,14,0
2024-11-17,Veg Spring Rolls,Starters,19,3.18,795.0,Sunday,1,0,Cloudy,14,0
2024-11-17,Fish Amritsari,Starters,24,4.58,1145.0,Sunday,1,0,Cloudy,14,0
2024-11-17,Butter Naan,Breads,5,0.32,38.4,Sunday,1,0,Cloudy,14,0
2024-11-17,Garlic Naan,Breads,14,0.97,116.4,Sunday,1,0,Cloudy,14,0
2024-11-17,Tandoori Roti,Breads,23,1.44,172.8,Sunday,1,0,Cloudy,14,0
2024-11-17,Gulab Jamun,Desserts,7,0.78,218.4,Sunday,1,0,Cloudy,14,0
2024-11-17,Ras Malai,Desserts,16,2.33,652.4,Sunday,1,0,Cloudy,14,0
2024-11-17,Kheer,Desserts,13,1.64,459.2,Sunday,1,0,Cloudy,14,0
2024-11-17,Kulfi,Desserts,12,1.66,464.8,Sunday,1,0,Cloudy,14,0
2024-11-18,Paneer Butter Masala,Main Course,8,2.58,825.6,Monday,0,0,Rainy,9,0
2024-11-18,Dal Makhani,Main Course,6,1.82,582.4,Monday,0,0,Rainy,9,0
2024-11-18,Chicken Biryani,Main Course,6,1.82,582.4,Monday,0,0,Rainy,9,0
2024-11-18,Mutton Rogan Josh,Main Course,20,5.41,1731.2,Monday,0,0,Rainy,9,0
2024-11-18,Paneer Tikka,Starters,16,2.8,700.0,Monday,0,0,Rainy,9,0
2024-11-18,Chicken Tandoori,Starters,9,1.64,410.0,Monday,0,0,Rainy,9,0
2024-11-18,Veg Spring Rolls,Starters,15,2.37,592.5,Monday,0,0,Rainy,9,0
2024-11-18,Fish Amritsari,Starters,21,3.22,805.0,Monday,0,0,Rainy,9,0
2024-11-18,Butter Naan,Breads,8,0.45,54.0,Monday,0,0,Rainy,9,0
2024-11-18,Garlic Naan,Breads,12,0.86,103.2,Monday,0,0,Rainy,9,0
2024-11-18,Tandoori Roti,Breads,16,1.24,148.8,Monday,0,0,Rainy,9,0
2024-11-18,Gulab Jamun,Desserts,8,1.12,313.6,Monday,0,0,Rainy,9,0
2024-11-18,Ras Malai,Desserts,4,0.6,168.0,Monday,0,0,Rainy,9,0
2024-11-18,Kheer,Desserts,4,0.42,117.6,Monday,0,0,Rainy,9,0
2024-11-18,Kulfi,Desserts,7,1.0,280.0,Monday,0,0,Rainy,9,0
2024-11-19,Paneer Butter Masala,Main Course,2,0.51,163.2,Tuesday,0,0,Rainy,10,0
2024-11-19,Dal Makhani,Main Course,8,2.22,710.4,Tuesday,0,0,Rainy,10,0
2024-11-19,Chicken Biryani,Main Course,5,1.71,547.2,Tuesday,0,0,Rainy,10,0
2024-11-19,Mutton Rogan Josh,Main Course,15,4.74,1516.8,Tuesday,0,0,Rainy,10,0
2024-11-19,Paneer Tikka,Starters,13,1.98,495.0,Tuesday,0,0,Rainy,10,0
2024-11-19,Chicken Tandoori,Starters,7,1.08,270.0,Tuesday,0,0,Rainy,10,0
2024-11-19,Veg Spring Rolls,Starters,8,1.33,332.5,Tuesday,0,0,Rainy,10,0
2024-11-19,Fish Amritsari,Starters,13,2.49,622.5,Tuesday,0,0,Rainy,10,0
2024-11-19,Butter Naan,Breads,3,0.21,25.2,Tuesday,0,0,Rainy,10,0
2024-11-19,Garlic Naan,Breads,16,0.97,116.4,Tuesday,0,0,Rainy,10,0
2024-11-19,Tandoori Roti,Breads,14,0.93,111.6,Tuesday,0,0,Rainy,10,0
2024-11-19,Gulab Jamun,Desserts,13,1.69,473.2,Tuesday,0,0,Rainy,10,0
2024-11-19,Ras Malai,Desserts,4,0.5,140.0,Tuesday,0,0,Rainy,10,0
2024-11-19,Kheer,Desserts,2,0.26,72.8,Tuesday,0,0,Rainy,10,0
2024-11-19,Kulfi,Desserts,9,0.99,277.2,Tuesday,0,0,Rainy,10,0
2024-11-20,Paneer Butter Masala,Main Course,4,1.39,444.8,Wednesday,0,0,Sunny,12,0
2024-11-20,Dal Makhani,Main Course,9,3.04,972.8,Wednesday,0,0,Sunny,12,0
2024-11-20,Chicken Biryani,Main Course,7,2.13,681.6,Wednesday,0,0,Sunny,12,0
2024-11-20,Mutton Rogan Josh,Main Course,18,5.09,1628.8,Wednesday,0,0,Sunny,12,0
2024-11-20,Paneer Tikka,Starters,10,1.49,372.5,Wednesday,0,0,Sunny,12,0
2024-11-20,Chicken Tandoori,Starters,12,1.91,477.5,Wednesday,0,0,Sunny,12,0
2024-11-20,Veg Spring Rolls,Starters,18,3.34,835.0,Wednesday,0,0,Sunny,12,0
2024-11-20,Fish Amritsari,Starters,26,4.59,1147.5,Wednesday,0,0,Sunny,12,0
2024-11-20,Butter Naan,Breads,6,0.35,42.0,Wednesday,0,0,Sunny,12,0
2024-11-20,Garlic Naan,Breads,11,0.8,96.0,Wednesday,0,0,Sunny,12,0
2024-11-20,Tandoori Roti,Breads,17,1.36,163.2,Wednesday,0,0,Sunny,12,0
2024-11-20,Gulab Jamun,Desserts,7,0.96,268.8,Wednesday,0,0,Sunny,12,0
2024-11-20,Ras Malai,Desserts,5,0.67,187.6,Wednesday,0,0,Sunny,12,0
2024-11-20,Kheer,Desserts,4,0.54,151.2,Wednesday,0,0,Sunny,12,0
2024-11-20,Kulfi,Desserts,9,1.21,338.8,Wednesday,0,0,Sunny,12,0
2024-11-21,Paneer Butter Masala,Main Course,5,1.68,537.6,Thursday,0,0,Rainy,11,0
2024-11-21,Dal Makhani,Main Course,13,4.43,1417.6,Thursday,0,0,Rainy,11,0
2024-11-21,Chicken Biryani,Main Course,7,1.81,579.2,Thursday,0,0,Rainy,11,0
2024-11-21,Mutton Rogan Josh,Main Course,12,3.09,988.8,Thursday,0,0,Rainy,11,0
2024-11-21,Paneer Tikka,Starters,11,2.09,522.5,Thursday,0,0,Rainy,11,0
2024-11-21,Chicken Tandoori,Starters,11,2.11,527.5,Thursday,0,0,Rainy,11,0
2024-11-21,Veg Spring Rolls,Starters,12,1.91,477.5,Thursday,0,0,Rainy,11,0
2024-11-21,Fish Amritsari,Starters,14,2.79,697.5,Thursday,0,0,Rainy,11,0
2024-11-21,Butter Naan,Breads,9,0.55,66.0,Thursday,0,0,Rainy,11,0
2024-11-21,Garlic Naan,Breads,20,1.21,145.2,Thursday,0,0,Rainy,11,0
2024-11-21,Tandoori Roti,Breads,23,1.81,217.2,Thursday,0,0,Rainy,11,0
2024-11-21,Gulab Jamun,Desserts,12,1.39,389.2,Thursday,0,0,Rainy,11,0
2024-11-21,Ras Malai,Desserts,4,0.47,131.6,Thursday,0,0,Rainy,11,0
2024-11-21,Kheer,Desserts,8,1.19,333.2,Thursday,0,0,Rainy,11,0
2024-11-21,Kulfi,Desserts,12,1.31,366.8,Thursday,0,0,Rainy,11,0
2024-11-22,Paneer Butter Masala,Main Course,8,2.6,832.0,Friday,0,0,Cloudy,11,0
2024-11-22,Dal Makhani,Main Course,6,1.53,489.6,Friday,0,0,Cloudy,11,0
2024-11-22,Chicken Biryani,Main Course,6,1.72,550.4,Friday,0,0,Cloudy,11,0
2024-11-22,Mutton Rogan Josh,Main Course,30,8.22,2630.4,Friday,0,0,Cloudy,11,0
2024-11-22,Paneer Tikka,Starters,5,0.73,182.5,Friday,0,0,Cloudy,11,0
2024-11-22,Chicken Tandoori,Starters,8,1.36,340.0,Friday,0,0,Cloudy,11,0
2024-11-22,Veg Spring Rolls,Starters,15,2.69,672.5,Friday,0,0,Cloudy,11,0
2024-11-22,Fish Amritsari,Starters,18,2.83,707.5,Friday,0,0,Cloudy,11,0
2024-11-22,Butter Naan,Breads,3,0.18,21.6,Friday,0,0,Cloudy,11,0
2024-11-22,Garlic Naan,Breads,29,1.76,211.2,Friday,0,0,Cloudy,11,0
2024-11-22,Tandoori Roti,Breads,24,1.48,177.6,Friday,0,0,Cloudy,11,0
2024-11-22,Gulab Jamun,Desserts,3,0.41,114.8,Friday,0,0,Cloudy,11,0
2024-11-22,Ras Malai,Desserts,6,0.83,232.4,Friday,0,0,Cloudy,11,0
2024-11-22,Kheer,Desserts,8,0.97,271.6,Friday,0,0,Cloudy,11,0
2024-11-22,Kulfi,Desserts,32,4.57,1279.6,Friday,0,0,Cloudy,11,0
2024-11-23,Paneer Butter Masala,Main Course,13,3.59,1148.8,Saturday,1,0,Cloudy,14,0
2024-11-23,Dal Makhani,Main Course,13,4.48,1433.6,Saturday,1,0,Cloudy,14,0
2024-11-23,Chicken Biryani,Main Course,6,1.72,550.4,Saturday,1,0,Cloudy,14,0
2024-11-23,Mutton Rogan Josh,Main Course,22,5.67,1814.4,Saturday,1,0,Cloudy,14,0
2024-11-23,Paneer Tikka,Starters,31,5.0,1250.0,Saturday,1,0,Cloudy,14,0
2024-11-23,Chicken Tandoori,Starters,20,3.84,960.0,Saturday,1,0,Cloudy,14,0
2024-11-23,Veg Spring Rolls,Starters,6,0.84,210.0,Saturday,1,0,Cloudy,14,0
2024-11-23,Fish Amritsari,Starters,30,4.71,1177.5,Saturday,1,0,Cloudy,14,0
2024-11-23,Butter Naan,Breads,10,0.56,67.2,Saturday,1,0,Cloudy,14,0
2024-11-23,Garlic Naan,Breads,19,1.42,170.4,Saturday,1,0,Cloudy,14,0
2024-11-23,Tandoori Roti,Breads,29,2.0,240.0,Saturday,1,0,Cloudy,14,0
2024-11-23,Gulab Jamun,Desserts,14,2.0,560.0,Saturday,1,0,Cloudy,14,0
2024-11-23,Ras Malai,Desserts,11,1.2,336.0,Saturday,1,0,Cloudy,14,0
2024-11-23,Kheer,Desserts,48,5.3,1484.0,Saturday,1,0,Cloudy,14,0
2024-11-23,Kulfi,Desserts,10,1.08,302.4,Saturday,1,0,Cloudy,14,0
2024-11-24,Paneer Butter Masala,Main Course,12,3.55,1136.0,Sunday,1,0,Cloudy,13,0
2024-11-24,Dal Makhani,Main Course,24,6.55,2096.0,Sunday,1,0,Cloudy,13,0
2024-11-24,Chicken Biryani,Main Course,5,1.71,547.2,Sunday,1,0,Cloudy,13,0
2024-11-24,Mutton Rogan Josh,Main Course,16,5.49,1756.8,Sunday,1,0,Cloudy,13,0
2024-11-24,Paneer Tikka,Starters,11,1.86,465.0,Sunday,1,0,Cloudy,13,0
2024-11-24,Chicken Tandoori,Starters,11,1.57,392.5,Sunday,1,0,Cloudy,13,0
2024-11-24,Veg Spring Rolls,Starters,18,2.56,640.0,Sunday,1,0,Cloudy,13,0
2024-11-24,Fish Amritsari,Starters,30,5.9,1475.0,Sunday,1,0,Cloudy,13,0
2024-11-24,Butter Naan,Breads,11,0.72,86.4,Sunday,1,0,Cloudy,13,0
2024-11-24,Garlic Naan,Breads,38,2.44,292.8,Sunday,1,0,Cloudy,13,0
2024-11-24,Tandoori Roti,Breads,35,2.53,303.6,Sunday,1,0,Cloudy,13,0
2024-11-24,Gulab Jamun,Desserts,15,1.72,481.6,Sunday,1,0,Cloudy,13,0
2024-11-24,Ras Malai,Desserts,3,0.44,123.2,Sunday,1,0,Cloudy,13,0
2024-11-24,Kheer,Desserts,6,0.72,201.6,Sunday,1,0,Cloudy,13,0
2024-11-24,Kulfi,Desserts,9,1.27,355.6,Sunday,1,0,Cloudy,13,0
2024-11-25,Paneer Butter Masala,Main Course,8,2.15,688.0,Monday,0,0,Cloudy,10,0
2024-11-25,Dal Makhani,Main Course,14,4.5,1440.0,Monday,0,0,Cloudy,10,0
2024-11-25,Chicken Biryani,Main Course,4,1.37,438.4,Monday,0,0,Cloudy,10,0
2024-11-25,Mutton Rogan Josh,Main Course,11,3.74,1196.8,Monday,0,0,Cloudy,10,0
2024-11-25,Paneer Tikka,Starters,9,1.4,350.0,Monday,0,0,Cloudy,10,0
2024-11-25,Chicken Tandoori,Starters,14,2.27,567.5,Monday,0,0,Cloudy,10,0
2024-11-25,Veg Spring Rolls,Starters,71,11.33,2832.5,Monday,0,0,Cloudy,10,0
2024-11-25,Fish Amritsari,Starters,28,4.01,1002.5,Monday,0,0,Cloudy,10,0
2024-11-25,Butter Naan,Breads,7,0.5,60.0,Monday,0,0,Cloudy,10,0
2024-11-25,Garlic Naan,Breads,10,0.78,93.6,Monday,0,0,Cloudy,10,0
2024-11-25,Tandoori Roti,Breads,8,0.53,63.6,Monday,0,0,Cloudy,10,0
2024-11-25,Gulab Jamun,Desserts,3,0.32,89.6,Monday,0,0,Cloudy,10,0
2024-11-25,Ras Malai,Desserts,4,0.46,128.8,Monday,0,0,Cloudy,10,0
2024-11-25,Kheer,Desserts,4,0.45,126.0,Monday,0,0,Cloudy,10,0
2024-11-25,Kulfi,Desserts,10,1.45,406.0,Monday,0,0,Cloudy,10,0
2024-11-26,Paneer Butter Masala,Main Course,8,2.11,675.2,Tuesday,0,0,Rainy,12,0
2024-11-26,Dal Makhani,Main Course,15,3.98,1273.6,Tuesday,0,0,Rainy,12,0
2024-11-26,Chicken Biryani,Main Course,5,1.52,486.4,Tuesday,0,0,Rainy,12,0
2024-11-26,Mutton Rogan Josh,Main Course,20,6.47,2070.4,Tuesday,0,0,Rainy,12,0
2024-11-26,Paneer Tikka,Starters,10,1.6,400.0,Tuesday,0,0,Rainy,12,0
2024-11-26,Chicken Tandoori,Starters,15,2.62,655.0,Tuesday,0,0,Rainy,12,0
2024-11-26,Veg Spring Rolls,Starters,10,1.65,412.5,Tuesday,0,0,Rainy,12,0
2024-11-26,Fish Amritsari,Starters,19,3.71,927.5,Tuesday,0,0,Rainy,12,0
2024-11-26,Butter Naan,Breads,15,0.94,112.8,Tuesday,0,0,Rainy,12,0
2024-11-26,Garlic Naan,Breads,17,1.35,162.0,Tuesday,0,0,Rainy,12,0
2024-11-26,Tandoori Roti,Breads,17,1.01,121.2,Tuesday,0,0,Rainy,12,0
2024-11-26,Gulab Jamun,Desserts,6,0.82,229.6,Tuesday,0,0,Rainy,12,0
2024-11-26,Ras Malai,Desserts,10,1.47,411.6,Tuesday,0,0,Rainy,12,0
2024-11-26,Kheer,Desserts,5,0.59,165.2,Tuesday,0,0,Rainy,12,0
2024-11-26,Kulfi,Desserts,14,1.55,434.0,Tuesday,0,0,Rainy,12,0
2024-11-27,Paneer Butter Masala,Main Course,5,1.29,412.8,Wednesday,0,0,Sunny,10,0
2024-11-27,Dal Makhani,Main Course,5,1.46,467.2,Wednesday,0,0,Sunny,10,0
2024-11-27,Chicken Biryani,Main Course,5,1.46,467.2,Wednesday,0,0,Sunny,10,0
2024-11-27,Mutton Rogan Josh,Main Course,11,2.92,934.4,Wednesday,0,0,Sunny,10,0
2024-11-27,Paneer Tikka,Starters,19,3.77,942.5,Wednesday,0,0,Sunny,10,0
2024-11-27,Chicken Tandoori,Starters,17,2.45,612.5,Wednesday,0,0,Sunny,10,0
2024-11-27,Veg Spring Rolls,Starters,11,1.67,417.5,Wednesday,0,0,Sunny,10,0
2024-11-27,Fish Amritsari,Starters,17,2.57,642.5,Wednesday,0,0,Sunny,10,0
2024-11-27,Butter Naan,Breads,13,0.85,102.0,Wednesday,0,0,Sunny,10,0
2024-11-27,Garlic Naan,Breads,25,1.47,176.4,Wednesday,0,0,Sunny,10,0
2024-11-27,Tandoori Roti,Breads,19,1.47,176.4,Wednesday,0,0,Sunny,10,0
2024-11-27,Gulab Jamun,Desserts,16,2.27,635.6,Wednesday,0,0,Sunny,10,0
2024-11-27,Ras Malai,Desserts,6,0.8,224.0,Wednesday,0,0,Sunny,10,0
2024-11-27,Kheer,Desserts,3,0.41,114.8,Wednesday,0,0,Sunny,10,0
2024-11-27,Kulfi,Desserts,7,0.86,240.8,Wednesday,0,0,Sunny,10,0
2024-11-28,Paneer Butter Masala,Main Course,8,2.39,764.8,Thursday,0,0,Cloudy,11,0
2024-11-28,Dal Makhani,Main Course,6,1.62,518.4,Thursday,0,0,Cloudy,11,0
2024-11-28,Chicken Biryani,Main Course,7,1.82,582.4,Thursday,0,0,Cloudy,11,0
2024-11-28,Mutton Rogan Josh,Main Course,9,2.87,918.4,Thursday,0,0,Cloudy,11,0
2024-11-28,Paneer Tikka,Starters,4,0.69,172.5,Thursday,0,0,Cloudy,11,0
2024-11-28,Chicken Tandoori,Starters,17,3.19,797.5,Thursday,0,0,Cloudy,11,0
2024-11-28,Veg Spring Rolls,Starters,6,1.03,257.5,Thursday,0,0,Cloudy,11,0
2024-11-28,Fish Amritsari,Starters,12,2.23,557.5,Thursday,0,0,Cloudy,11,0
2024-11-28,Butter Naan,Breads,6,0.38,45.6,Thursday,0,0,Cloudy,11,0
2024-11-28,Garlic Naan,Breads,11,0.83,99.6,Thursday,0,0,Cloudy,11,0
2024-11-28,Tandoori Roti,Breads,9,0.63,75.6,Thursday,0,0,Cloudy,11,0
2024-11-28,Gulab Jamun,Desserts,10,1.13,316.4,Thursday,0,0,Cloudy,11,0
2024-11-28,Ras Malai,Desserts,23,2.78,778.4,Thursday,0,0,Cloudy,11,0
2024-11-28,Kheer,Desserts,3,0.41,114.8,Thursday,0,0,Cloudy,11,0
2024-11-28,Kulfi,Desserts,23,2.48,694.4,Thursday,0,0,Cloudy,11,0
2024-11-29,Paneer Butter Masala,Main Course,5,1.72,550.4,Friday,0,0,Cloudy,8,0
2024-11-29,Dal Makhani,Main Course,4,1.08,345.6,Friday,0,0,Cloudy,8,0
2024-11-29,Chicken Biryani,Main Course,2,0.66,211.2,Friday,0,0,Cloudy,8,0
2024-11-29,Mutton Rogan Josh,Main Course,11,3.74,1196.8,Friday,0,0,Cloudy,8,0
2024-11-29,Paneer Tikka,Starters,8,1.33,332.5,Friday,0,0,Cloudy,8,0
2024-11-29,Chicken Tandoori,Starters,8,1.3,325.0,Friday,0,0,Cloudy,8,0
2024-11-29,Veg Spring Rolls,Starters,3,0.57,142.5,Friday,0,0,Cloudy,8,0
2024-11-29,Fish Amritsari,Starters,17,3.21,802.5,Friday,0,0,Cloudy,8,0
2024-11-29,Butter Naan,Breads,11,0.75,90.0,Friday,0,0,Cloudy,8,0
2024-11-29,Garlic Naan,Breads,6,0.38,45.6,Friday,0,0,Cloudy,8,0
2024-11-29,Tandoori Roti,Breads,11,0.7,84.0,Friday,0,0,Cloudy,8,0
2024-11-29,Gulab Jamun,Desserts,6,0.8,224.0,Friday,0,0,Cloudy,8,0
2024-11-29,Ras Malai,Desserts,8,1.03,288.4,Friday,0,0,Cloudy,8,0
2024-11-29,Kheer,Desserts,3,0.41,114.8,Friday,0,0,Cloudy,8,0
2024-11-29,Kulfi,Desserts,14,1.51,422.8,Friday,0,0,Cloudy,8,0
2024-11-30,Paneer Butter Masala,Main Course,2,0.69,220.8,Saturday,1,0,Sunny,14,0
2024-11-30,Dal Makhani,Main Course,12,3.79,1212.8,Saturday,1,0,Sunny,14,0
2024-11-30,Chicken Biryani,Main Course,11,3.81,1219.2,Saturday,1,0,Sunny,14,0
2024-11-30,Mutton Rogan Josh,Main Course,14,3.83,1225.6,Saturday,1,0,Sunny,14,0
2024-11-30,Paneer Tikka,Starters,20,3.24,810.0,Saturday,1,0,Sunny,14,0
2024-11-30,Chicken Tandoori,Starters,8,1.5,375.0,Saturday,1,0,Sunny,14,0
2024-11-30,Veg Spring Rolls,Starters,21,3.34,835.0,Saturday,1,0,Sunny,14,0
2024-11-30,Fish Amritsari,Starters,33,5.92,1480.0,Saturday,1,0,Sunny,14,0
2024-11-30,Butter Naan,Breads,18,1.04,124.8,Saturday,1,0,Sunny,14,0
2024-11-30,Garlic Naan,Breads,11,0.62,74.4,Saturday,1,0,Sunny,14,0
2024-11-30,Tandoori Roti,Breads,30,2.14,256.8,Saturday,1,0,Sunny,14,0
2024-11-30,Gulab Jamun,Desserts,13,1.61,450.8,Saturday,1,0,Sunny,14,0
2024-11-30,Ras Malai,Desserts,13,1.83,512.4,Saturday,1,0,Sunny,14,0
2024-11-30,Kheer,Desserts,12,1.38,386.4,Saturday,1,0,Sunny,14,0
2024-11-30,Kulfi,Desserts,9,1.25,350.0,Saturday,1,0,Sunny,14,0
2024-12-01,Paneer Butter Masala,Main Course,11,3.07,982.4,Sunday,1,0,Cloudy,13,0
2024-12-01,Dal Makhani,Main Course,11,2.92,934.4,Sunday,1,0,Cloudy,13,0
2024-12-01,Chicken Biryani,Main Course,11,3.21,1027.2,Sunday,1,0,Cloudy,13,0
2024-12-01,Mutton Rogan Josh,Main Course,33,10.12,3238.4,Sunday,1,0,Cloudy,13,0
2024-12-01,Paneer Tikka,Starters,22,3.91,977.5,Sunday,1,0,Cloudy,13,0
2024-12-01,Chicken Tandoori,Starters,6,0.85,212.5,Sunday,1,0,Cloudy,13,0
2024-12-01,Veg Spring Rolls,Starters,9,1.77,442.5,Sunday,1,0,Cloudy,13,0
2024-12-01,Fish Amritsari,Starters,23,4.3,1075.0,Sunday,1,0,Cloudy,13,0
2024-12-01,Butter Naan,Breads,4,0.3,36.0,Sunday,1,0,Cloudy,13,0
2024-12-01,Garlic Naan,Breads,13,1.02,122.4,Sunday,1,0,Cloudy,13,0
2024-12-01,Tandoori Roti,Breads,123,9.23,1107.6,Sunday,1,0,Cloudy,13,0
2024-12-01,Gulab Jamun,Desserts,41,5.61,1570.8,Sunday,1,0,Cloudy,13,0
2024-12-01,Ras Malai,Desserts,10,1.41,394.8,Sunday,1,0,Cloudy,13,0
2024-12-01,Kheer,Desserts,4,0.49,137.2,Sunday,1,0,Cloudy,13,0
2024-12-01,Kulfi,Desserts,18,2.41,674.8,Sunday,1,0,Cloudy,13,0
2024-12-02,Paneer Butter Masala,Main Course,7,1.88,601.6,Monday,0,0,Sunny,11,1
2024-12-02,Dal Makhani,Main Course,22,5.52,1766.4,Monday,0,0,Sunny,11,1
2024-12-02,Chicken Biryani,Main Course,11,3.82,1222.4,Monday,0,0,Sunny,11,1
2024-12-02,Mutton Rogan Josh,Main Course,16,5.42,1734.4,Monday,0,0,Sunny,11,1
2024-12-02,Paneer Tikka,Starters,7,1.38,345.0,Monday,0,0,Sunny,11,1
2024-12-02,Chicken Tandoori,Starters,5,0.74,185.0,Monday,0,0,Sunny,11,1
2024-12-02,Veg Spring Rolls,Starters,29,4.83,1207.5,Monday,0,0,Sunny,11,1
2024-12-02,Fish Amritsari,Starters,29,5.74,1435.0,Monday,0,0,Sunny,11,1
2024-12-02,Butter Naan,Breads,17,1.21,145.2,Monday,0,0,Sunny,11,1
2024-12-02,Garlic Naan,Breads,27,1.72,206.4,Monday,0,0,Sunny,11,1
2024-12-02,Tandoori Roti,Breads,26,1.68,201.6,Monday,0,0,Sunny,11,1
2024-12-02,Gulab Jamun,Desserts,5,0.61,170.8,Monday,0,0,Sunny,11,1
2024-12-02,Ras Malai,Desserts,7,1.04,291.2,Monday,0,0,Sunny,11,1
2024-12-02,Kheer,Desserts,11,1.41,394.8,Monday,0,0,Sunny,11,1
2024-12-02,Kulfi,Desserts,18,2.04,571.2,Monday,0,0,Sunny,11,1
2024-12-03,Paneer Butter Masala,Main Course,5,1.34,428.8,Tuesday,0,0,Sunny,12,0
2024-12-03,Dal Makhani,Main Course,7,2.14,684.8,Tuesday,0,0,Sunny,12,0
2024-12-03,Chicken Biryani,Main Course,5,1.24,396.8,Tuesday,0,0,Sunny,12,0
2024-12-03,Mutton Rogan Josh,Main Course,14,3.88,1241.6,Tuesday,0,0,Sunny,12,0
2024-12-03,Paneer Tikka,Starters,17,3.14,785.0,Tuesday,0,0,Sunny,12,0
2024-12-03,Chicken Tandoori,Starters,18,3.12,780.0,Tuesday,0,0,Sunny,12,0
2024-12-03,Veg Spring Rolls,Starters,12,1.75,437.5,Tuesday,0,0,Sunny,12,0
2024-12-03,Fish Amritsari,Starters,26,4.96,1240.0,Tuesday,0,0,Sunny,12,0
2024-12-03,Butter Naan,Breads,7,0.52,62.4,Tuesday,0,0,Sunny,12,0
2024-12-03,Garlic Naan,Breads,27,1.65,198.0,Tuesday,0,0,Sunny,12,0
2024-12-03,Tandoori Roti,Breads,18,1.42,170.4,Tuesday,0,0,Sunny,12,0
2024-12-03,Gulab Jamun,Desserts,3,0.43,120.4,Tuesday,0,0,Sunny,12,0
2024-12-03,Ras Malai,Desserts,9,1.0,280.0,Tuesday,0,0,Sunny,12,0
2024-12-03,Kheer,Desserts,12,1.3,364.0,Tuesday,0,0,Sunny,12,0
2024-12-03,Kulfi,Desserts,10,1.32,369.6,Tuesday,0,0,Sunny,12,0
2024-12-04,Paneer Butter Masala,Main Course,3,0.97,310.4,Wednesday,0,0,Cloudy,11,0
2024-12-04,Dal Makhani,Main Course,8,2.65,848.0,Wednesday,0,0,Cloudy,11,0
2024-12-04,Chicken Biryani,Main Course,4,1.16,371.2,Wednesday,0,0,Cloudy,11,0
2024-12-04,Mutton Rogan Josh,Main Course,21,6.44,2060.8,Wednesday,0,0,Cloudy,11,0
2024-12-04,Paneer Tikka,Starters,9,1.49,372.5,Wednesday,0,0,Cloudy,11,0
2024-12-04,Chicken Tandoori,Starters,21,3.98,995.0,Wednesday,0,0,Cloudy,11,0
2024-12-04,Veg Spring Rolls,Starters,17,3.21,802.5,Wednesday,0,0,Cloudy,11,0
2024-12-04,Fish Amritsari,Starters,22,3.7,925.0,Wednesday,0,0,Cloudy,11,0
2024-12-04,Butter Naan,Breads,3,0.24,28.8,Wednesday,0,0,Cloudy,11,0
2024-12-04,Garlic Naan,Breads,97,6.29,754.8,Wednesday,0,0,Cloudy,11,0
2024-12-04,Tandoori Roti,Breads,11,0.78,93.6,Wednesday,0,0,Cloudy,11,0
2024-12-04,Gulab Jamun,Desserts,12,1.64,459.2,Wednesday,0,0,Cloudy,11,0
2024-12-04,Ras Malai,Desserts,10,1.06,296.8,Wednesday,0,0,Cloudy,11,0
2024-12-04,Kheer,Desserts,8,1.06,296.8,Wednesday,0,0,Cloudy,11,0
2024-12-04,Kulfi,Desserts,28,4.05,1134.0,Wednesday,0,0,Cloudy,11,0
2024-12-05,Paneer Butter Masala,Main Course,6,1.6,512.0,Thursday,0,0,Sunny,11,0
2024-12-05,Dal Makhani,Main Course,6,2.03,649.6,Thursday,0,0,Sunny,11,0
2024-12-05,Chicken Biryani,Main Course,4,0.98,313.6,Thursday,0,0,Sunny,11,0
2024-12-05,Mutton Rogan Josh,Main Course,19,4.83,1545.6,Thursday,0,0,Sunny,11,0
2024-12-05,Paneer Tikka,Starters,85,12.5,3125.0,Thursday,0,0,Sunny,11,0
2024-12-05,Chicken Tandoori,Starters,16,2.76,690.0,Thursday,0,0,Sunny,11,0
2024-12-05,Veg Spring Rolls,Starters,19,3.5,875.0,Thursday,0,0,Sunny,11,0
2024-12-05,Fish Amritsari,Starters,14,2.25,562.5,Thursday,0,0,Sunny,11,0
2024-12-05,Butter Naan,Breads,16,0.93,111.6,Thursday,0,0,Sunny,11,0
2024-12-05,Garlic Naan,Breads,28,1.59,190.8,Thursday,0,0,Sunny,11,0
2024-12-05,Tandoori Roti,Breads,16,1.0,120.0,Thursday,0,0,Sunny,11,0
2024-12-05,Gulab Jamun,Desserts,5,0.6,168.0,Thursday,0,0,Sunny,11,0
2024-12-05,Ras Malai,Desserts,13,1.69,473.2,Thursday,0,0,Sunny,11,0
2024-12-05,Kheer,Desserts,6,0.87,243.6,Thursday,0,0,Sunny,11,0
2024-12-05,Kulfi,Desserts,16,2.04,571.2,Thursday,0,0,Sunny,11,0
2024-12-06,Paneer Butter Masala,Main Course,8,2.14,684.8,Friday,0,0,Cloudy,12,0
2024-12-06,Dal Makhani,Main Course,13,3.24,1036.8,Friday,0,0,Cloudy,12,0
2024-12-06,Chicken Biryani,Main Course,2,0.55,176.0,Friday,0,0,Cloudy,12,0
2024-12-06,Mutton Rogan Josh,Main Course,13,4.53,1449.6,Friday,0,0,Cloudy,12,0
2024-12-06,Paneer Tikka,Starters,7,1.13,282.5,Friday,0,0,Cloudy,12,0
2024-12-06,Chicken Tandoori,Starters,10,1.61,402.5,Friday,0,0,Cloudy,12,0
2024-12-06,Veg Spring Rolls,Starters,11,1.74,435.0,Friday,0,0,Cloudy,12,0
2024-12-06,Fish Amritsari,Starters,27,4.03,1007.5,Friday,0,0,Cloudy,12,0
2024-12-06,Butter Naan,Breads,13,0.93,111.6,Friday,0,0,Cloudy,12,0
2024-12-06,Garlic Naan,Breads,20,1.56,187.2,Friday,0,0,Cloudy,12,0
2024-12-06,Tandoori Roti,Breads,23,1.54,184.8,Friday,0,0,Cloudy,12,0
2024-12-06,Gulab Jamun,Desserts,15,2.13,596.4,Friday,0,0,Cloudy,12,0
2024-12-06,Ras Malai,Desserts,7,0.8,224.0,Friday,0,0,Cloudy,12,0
2024-12-06,Kheer,Desserts,4,0.45,126.0,Friday,0,0,Cloudy,12,0
2024-12-06,Kulfi,Desserts,9,1.11,310.8,Friday,0,0,Cloudy,12,0
2024-12-07,Paneer Butter Masala,Main Course,10,2.48,793.6,Saturday,1,0,Cloudy,10,0
2024-12-07,Dal Makhani,Main Course,23,7.34,2348.8,Saturday,1,0,Cloudy,10,0
2024-12-07,Chicken Biryani,Main Course,3,1.05,336.0,Saturday,1,0,Cloudy,10,0
2024-12-07,Mutton Rogan Josh,Main Course,19,6.65,2128.0,Saturday,1,0,Cloudy,10,0
2024-12-07,Paneer Tikka,Starters,22,4.16,1040.0,Saturday,1,0,Cloudy,10,0
2024-12-07,Chicken Tandoori,Starters,22,3.47,867.5,Saturday,1,0,Cloudy,10,0
2024-12-07,Veg Spring Rolls,Starters,24,4.52,1130.0,Saturday,1,0,Cloudy,10,0
2024-12-07,Fish Amritsari,Starters,19,2.97,742.5,Saturday,1,0,Cloudy,10,0
2024-12-07,Butter Naan,Breads,136,7.91,949.2,Saturday,1,0,Cloudy,10,0
2024-12-07,Garlic Naan,Breads,41,2.37,284.4,Saturday,1,0,Cloudy,10,0
2024-12-07,Tandoori Roti,Breads,33,1.98,237.6,Saturday,1,0,Cloudy,10,0
2024-12-07,Gulab Jamun,Desserts,22,2.7,756.0,Saturday,1,0,Cloudy,10,0
2024-12-07,Ras Malai,Desserts,22,3.05,854.0,Saturday,1,0,Cloudy,10,0
2024-12-07,Kheer,Desserts,7,0.88,246.4,Saturday,1,0,Cloudy,10,0
2024-12-07,Kulfi,Desserts,13,1.67,467.6,Saturday,1,0,Cloudy,10,0
2024-12-08,Paneer Butter Masala,Main Course,16,4.55,1456.0,Sunday,1,0,Rainy,12,1
2024-12-08,Dal Makhani,Main Course,10,2.45,784.0,Sunday,1,0,Rainy,12,1
2024-12-08,Chicken Biryani,Main Course,13,4.5,1440.0,Sunday,1,0,Rainy,12,1
2024-12-08,Mutton Rogan Josh,Main Course,31,10.69,3420.8,Sunday,1,0,Rainy,12,1
2024-12-08,Paneer Tikka,Starters,27,4.79,1197.5,Sunday,1,0,Rainy,12,1
2024-12-08,Chicken Tandoori,Starters,29,4.81,1202.5,Sunday,1,0,Rainy,12,1
2024-12-08,Veg Spring Rolls,Starters,17,2.74,685.0,Sunday,1,0,Rainy,12,1
2024-12-08,Fish Amritsari,Starters,31,4.85,1212.5,Sunday,1,0,Rainy,12,1
2024-12-08,Butter Naan,Breads,9,0.63,75.6,Sunday,1,0,Rainy,12,1
2024-12-08,Garlic Naan,Breads,33,1.98,237.6,Sunday,1,0,Rainy,12,1
2024-12-08,Tandoori Roti,Breads,19,1.12,134.4,Sunday,1,0,Rainy,12,1
2024-12-08,Gulab Jamun,Desserts,12,1.35,378.0,Sunday,1,0,Rainy,12,1
2024-12-08,Ras Malai,Desserts,9,1.18,330.4,Sunday,1,0,Rainy,12,1
2024-12-08,Kheer,Desserts,4,0.6,168.0,Sunday,1,0,Rainy,12,1
2024-12-08,Kulfi,Desserts,31,3.38,946.4,Sunday,1,0,Rainy,12,1
2024-12-09,Paneer Butter Masala,Main Course,6,1.98,633.6,Monday,0,0,Rainy,8,0
2024-12-09,Dal Makhani,Main Course,16,3.97,1270.4,Monday,0,0,Rainy,8,0
2024-12-09,Chicken Biryani,Main Course,2,0.53,169.6,Monday,0,0,Rainy,8,0
2024-12-09,Mutton Rogan Josh,Main Course,22,7.64,2444.8,Monday,0,0,Rainy,8,0
2024-12-09,Paneer Tikka,Starters,6,0.88,220.0,Monday,0,0,Rainy,8,0
2024-12-09,Chicken Tandoori,Starters,7,1.13,282.5,Monday,0,0,Rainy,8,0
2024-12-09,Veg Spring Rolls,Starters,9,1.53,382.5,Monday,0,0,Rainy,8,0
2024-12-09,Fish Amritsari,Starters,17,3.33,832.5,Monday,0,0,Rainy,8,0
2024-12-09,Butter Naan,Breads,3,0.22,26.4,Monday,0,0,Rainy,8,0
2024-12-09,Garlic Naan,Breads,67,5.18,621.6,Monday,0,0,Rainy,8,0
2024-12-09,Tandoori Roti,Breads,15,1.15,138.0,Monday,0,0,Rainy,8,0
2024-12-09,Gulab Jamun,Desserts,6,0.71,198.8,Monday,0,0,Rainy,8,0
2024-12-09,Ras Malai,Desserts,9,1.22,341.6,Monday,0,0,Rainy,8,0
2024-12-09,Kheer,Desserts,28,3.13,876.4,Monday,0,0,Rainy,8,0
2024-12-09,Kulfi,Desserts,9,1.06,296.8,Monday,0,0,Rainy,8,0
2024-12-10,Paneer Butter Masala,Main Course,2,0.55,176.0,Tuesday,0,0,Rainy,8,0
2024-12-10,Dal Makhani,Main Course,13,4.45,1424.0,Tuesday,0,0,Rainy,8,0
2024-12-10,Chicken Biryani,Main Course,6,1.6,512.0,Tuesday,0,0,Rainy,8,0
2024-12-10,Mutton Rogan Josh,Main Course,10,2.96,947.2,Tuesday,0,0,Rainy,8,0
2024-12-10,Paneer Tikka,Starters,4,0.65,162.5,Tuesday,0,0,Rainy,8,0
2024-12-10,Chicken Tandoori,Starters,7,1.21,302.5,Tuesday,0,0,Rainy,8,0
2024-12-10,Veg Spring Rolls,Starters,6,1.0,250.0,Tuesday,0,0,Rainy,8,0
2024-12-10,Fish Amritsari,Starters,12,2.26,565.0,Tuesday,0,0,Rainy,8,0
2024-12-10,Butter Naan,Breads,52,2.99,358.8,Tuesday,0,0,Rainy,8,0
2024-12-10,Garlic Naan,Breads,18,1.25,150.0,Tuesday,0,0,Rainy,8,0
2024-12-10,Tandoori Roti,Breads,19,1.14,136.8,Tuesday,0,0,Rainy,8,0
2024-12-10,Gulab Jamun,Desserts,9,1.24,347.2,Tuesday,0,0,Rainy,8,0
2024-12-10,Ras Malai,Desserts,9,1.27,355.6,Tuesday,0,0,Rainy,8,0
2024-12-10,Kheer,Desserts,6,0.63,176.4,Tuesday,0,0,Rainy,8,0
2024-12-10,Kulfi,Desserts,16,2.22,621.6,Tuesday,0,0,Rainy,8,0
2024-12-11,Paneer Butter Masala,Main Course,3,1.0,320.0,Wednesday,0,0,Cloudy,11,0
2024-12-11,Dal Makhani,Main Course,4,1.2,384.0,Wednesday,0,0,Cloudy,11,0
2024-12-11,Chicken Biryani,Main Course,5,1.23,393.6,Wednesday,0,0,Cloudy,11,0
2024-12-11,Mutton Rogan Josh,Main Course,19,5.27,1686.4,Wednesday,0,0,Cloudy,11,0
2024-12-11,Paneer Tikka,Starters,5,0.78,195.0,Wednesday,0,0,Cloudy,11,0
2024-12-11,Chicken Tandoori,Starters,23,3.3,825.0,Wednesday,0,0,Cloudy,11,0
2024-12-11,Veg Spring Rolls,Starters,24,3.52,880.0,Wednesday,0,0,Cloudy,11,0
2024-12-11,Fish Amritsari,Starters,27,4.99,1247.5,Wednesday,0,0,Cloudy,11,0
2024-12-11,Butter Naan,Breads,4,0.26,31.2,Wednesday,0,0,Cloudy,11,0
2024-12-11,Garlic Naan,Breads,22,1.52,182.4,Wednesday,0,0,Cloudy,11,0
2024-12-11,Tandoori Roti,Breads,12,0.8,96.0,Wednesday,0,0,Cloudy,11,0
2024-12-11,Gulab Jamun,Desserts,6,0.82,229.6,Wednesday,0,0,Cloudy,11,0
2024-12-11,Ras Malai,Desserts,7,0.8,224.0,Wednesday,0,0,Cloudy,11,0
2024-12-11,Kheer,Desserts,11,1.3,364.0,Wednesday,0,0,Cloudy,11,0
2024-12-11,Kulfi,Desserts,14,1.93,540.4,Wednesday,0,0,Cloudy,11,0
2024-12-12,Paneer Butter Masala,Main Course,6,1.49,476.8,Thursday,0,0,Rainy,10,0
2024-12-12,Dal Makhani,Main Course,7,1.97,630.4,Thursday,0,0,Rainy,10,0
2024-12-12,Chicken Biryani,Main Course,2,0.5,160.0,Thursday,0,0,Rainy,10,0
2024-12-12,Mutton Rogan Josh,Main Course,13,4.44,1420.8,Thursday,0,0,Rainy,10,0
2024-12-12,Paneer Tikka,Starters,22,3.55,887.5,Thursday,0,0,Rainy,10,0
2024-12-12,Chicken Tandoori,Starters,10,1.48,370.0,Thursday,0,0,Rainy,10,0
2024-12-12,Veg Spring Rolls,Starters,11,1.97,492.5,Thursday,0,0,Rainy,10,0
2024-12-12,Fish Amritsari,Starters,17,3.05,762.5,Thursday,0,0,Rainy,10,0
2024-12-12,Butter Naan,Breads,14,0.89,106.8,Thursday,0,0,Rainy,10,0
2024-12-12,Garlic Naan,Breads,23,1.36,163.2,Thursday,0,0,Rainy,10,0
2024-12-12,Tandoori Roti,Breads,25,1.46,175.2,Thursday,0,0,Rainy,10,0
2024-12-12,Gulab Jamun,Desserts,14,1.75,490.0,Thursday,0,0,Rainy,10,0
2024-12-12,Ras Malai,Desserts,3,0.44,123.2,Thursday,0,0,Rainy,10,0
2024-12-12,Kheer,Desserts,4,0.51,142.8,Thursday,0,0,Rainy,10,0
2024-12-12,Kulfi,Desserts,8,0.97,271.6,Thursday,0,0,Rainy,10,0
2024-12-13,Paneer Butter Masala,Main Course,7,2.12,678.4,Friday,0,0,Cloudy,9,0
2024-12-13,Dal Makhani,Main Course,11,3.69,1180.8,Friday,0,0,Cloudy,9,0
2024-12-13,Chicken Biryani,Main Course,4,1.09,348.8,Friday,0,0,Cloudy,9,0
2024-12-13,Mutton Rogan Josh,Main Course,15,4.11,1315.2,Friday,0,0,Cloudy,9,0
2024-12-13,Paneer Tikka,Starters,15,2.44,610.0,Friday,0,0,Cloudy,9,0
2024-12-13,Chicken Tandoori,Starters,15,2.12,530.0,Friday,0,0,Cloudy,9,0
2024-12-13,Veg Spring Rolls,Starters,13,2.44,610.0,Friday,0,0,Cloudy,9,0
2024-12-13,Fish Amritsari,Starters,51,9.78,2445.0,Friday,0,0,Cloudy,9,0
2024-12-13,Butter Naan,Breads,59,4.21,505.2,Friday,0,0,Cloudy,9,0
2024-12-13,Garlic Naan,Breads,13,0.84,100.8,Friday,0,0,Cloudy,9,0
2024-12-13,Tandoori Roti,Breads,12,0.74,88.8,Friday,0,0,Cloudy,9,0
2024-12-13,Gulab Jamun,Desserts,3,0.38,106.4,Friday,0,0,Cloudy,9,0
2024-12-13,Ras Malai,Desserts,14,1.85,518.0,Friday,0,0,Cloudy,9,0
2024-12-13,Kheer,Desserts,3,0.45,126.0,Friday,0,0,Cloudy,9,0
2024-12-13,Kulfi,Desserts,16,1.88,526.4,Friday,0,0,Cloudy,9,0
2024-12-14,Paneer Butter Masala,Main Course,13,3.39,1084.8,Saturday,1,0,Cloudy,13,0
2024-12-14,Dal Makhani,Main Course,19,5.58,1785.6,Saturday,1,0,Cloudy,13,0
2024-12-14,Chicken Biryani,Main Course,12,3.73,1193.6,Saturday,1,0,Cloudy,13,0
2024-12-14,Mutton Rogan Josh,Main Course,24,6.13,1961.6,Saturday,1,0,Cloudy,13,0
2024-12-14,Paneer Tikka,Starters,26,4.27,1067.5,Saturday,1,0,Cloudy,13,0
2024-12-14,Chicken Tandoori,Starters,58,8.65,2162.5,Saturday,1,0,Cloudy,13,0
2024-12-14,Veg Spring Rolls,Starters,22,4.08,1020.0,Saturday,1,0,Cloudy,13,0
2024-12-14,Fish Amritsari,Starters,32,4.75,1187.5,Saturday,1,0,Cloudy,13,0
2024-12-14,Butter Naan,Breads,6,0.34,40.8,Saturday,1,0,Cloudy,13,0
2024-12-14,Garlic Naan,Breads,28,1.61,193.2,Saturday,1,0,Cloudy,13,0
2024-12-14,Tandoori Roti,Breads,40,3.0,360.0,Saturday,1,0,Cloudy,13,0
2024-12-14,Gulab Jamun,Desserts,8,0.91,254.8,Saturday,1,0,Cloudy,13,0
2024-12-14,Ras Malai,Desserts,4,0.43,120.4,Saturday,1,0,Cloudy,13,0
2024-12-14,Kheer,Desserts,12,1.56,436.8,Saturday,1,0,Cloudy,13,0
2024-12-14,Kulfi,Desserts,27,3.84,1075.2,Saturday,1,0,Cloudy,13,0
2024-12-15,Paneer Butter Masala,Main Course,6,1.55,496.0,Sunday,1,0,Rainy,16,1
2024-12-15,Dal Makhani,Main Course,18,6.07,1942.4,Sunday,1,0,Rainy,16,1
2024-12-15,Chicken Biryani,Main Course,10,3.0,960.0,Sunday,1,0,Rainy,16,1
2024-12-15,Mutton Rogan Josh,Main Course,34,10.57,3382.4,Sunday,1,0,Rainy,16,1
2024-12-15,Paneer Tikka,Starters,19,2.7,675.0,Sunday,1,0,Rainy,16,1
2024-12-15,Chicken Tandoori,Starters,20,3.78,945.0,Sunday,1,0,Rainy,16,1
2024-12-15,Veg Spring Rolls,Starters,8,1.15,287.5,Sunday,1,0,Rainy,16,1
2024-12-15,Fish Amritsari,Starters,85,13.42,3355.0,Sunday,1,0,Rainy,16,1
2024-12-15,Butter Naan,Breads,26,1.96,235.2,Sunday,1,0,Rainy,16,1
2024-12-15,Garlic Naan,Breads,22,1.7,204.0,Sunday,1,0,Rainy,16,1
2024-12-15,Tandoori Roti,Breads,24,1.54,184.8,Sunday,1,0,Rainy,16,1
2024-12-15,Gulab Jamun,Desserts,7,1.05,294.0,Sunday,1,0,Rainy,16,1
2024-12-15,Ras Malai,Desserts,23,3.06,856.8,Sunday,1,0,Rainy,16,1
2024-12-15,Kheer,Desserts,18,2.11,590.8,Sunday,1,0,Rainy,16,1
2024-12-15,Kulfi,Desserts,20,2.89,809.2,Sunday,1,0,Rainy,16,1
2024-12-16,Paneer Butter Masala,Main Course,7,2.12,678.4,Monday,0,0,Sunny,8,0
2024-12-16,Dal Makhani,Main Course,20,6.67,2134.4,Monday,0,0,Sunny,8,0
2024-12-16,Chicken Biryani,Main Course,2,0.7,224.0,Monday,0,0,Sunny,8,0
2024-12-16,Mutton Rogan Josh,Main Course,18,5.11,1635.2,Monday,0,0,Sunny,8,0
2024-12-16,Paneer Tikka,Starters,9,1.55,387.5,Monday,0,0,Sunny,8,0
2024-12-16,Chicken Tandoori,Starters,10,1.96,490.0,Monday,0,0,Sunny,8,0
2024-12-16,Veg Spring Rolls,Starters,5,0.83,207.5,Monday,0,0,Sunny,8,0
2024-12-16,Fish Amritsari,Starters,26,4.37,1092.5,Monday,0,0,Sunny,8,0
2024-12-16,Butter Naan,Breads,7,0.49,58.8,Monday,0,0,Sunny,8,0
2024-12-16,Garlic Naan,Breads,18,1.35,162.0,Monday,0,0,Sunny,8,0
2024-12-16,Tandoori Roti,Breads,18,1.11,133.2,Monday,0,0,Sunny,8,0
2024-12-16,Gulab Jamun,Desserts,32,3.37,943.6,Monday,0,0,Sunny,8,0
2024-12-16,Ras Malai,Desserts,12,1.48,414.4,Monday,0,0,Sunny,8,0
2024-12-16,Kheer,Desserts,14,2.01,562.8,Monday,0,0,Sunny,8,0
2024-12-16,Kulfi,Desserts,14,1.78,498.4,Monday,0,0,Sunny,8,0
2024-12-17,Paneer Butter Masala,Main Course,6,1.87,598.4,Tuesday,0,0,Sunny,8,0
2024-12-17,Dal Makhani,Main Course,14,4.11,1315.2,Tuesday,0,0,Sunny,8,0
2024-12-17,Chicken Biryani,Main Course,7,1.89,604.8,Tuesday,0,0,Sunny,8,0
2024-12-17,Mutton Rogan Josh,Main Course,21,7.27,2326.4,Tuesday,0,0,Sunny,8,0
2024-12-17,Paneer Tikka,Starters,16,3.07,767.5,Tuesday,0,0,Sunny,8,0
2024-12-17,Chicken Tandoori,Starters,14,2.48,620.0,Tuesday,0,0,Sunny,8,0
2024-12-17,Veg Spring Rolls,Starters,16,3.17,792.5,Tuesday,0,0,Sunny,8,0
2024-12-17,Fish Amritsari,Starters,18,2.97,742.5,Tuesday,0,0,Sunny,8,0
2024-12-17,Butter Naan,Breads,7,0.53,63.6,Tuesday,0,0,Sunny,8,0
2024-12-17,Garlic Naan,Breads,9,0.69,82.8,Tuesday,0,0,Sunny,8,0
2024-12-17,Tandoori Roti,Breads,18,1.05,126.0,Tuesday,0,0,Sunny,8,0
2024-12-17,Gulab Jamun,Desserts,11,1.39,389.2,Tuesday,0,0,Sunny,8,0
2024-12-17,Ras Malai,Desserts,4,0.57,159.6,Tuesday,0,0,Sunny,8,0
2024-12-17,Kheer,Desserts,8,1.16,324.8,Tuesday,0,0,Sunny,8,0
2024-12-17,Kulfi,Desserts,10,1.09,305.2,Tuesday,0,0,Sunny,8,0
2024-12-18,Paneer Butter Masala,Main Course,6,1.69,540.8,Wednesday,0,0,Cloudy,8,0
2024-12-18,Dal Makhani,Main Course,21,5.97,1910.4,Wednesday,0,0,Cloudy,8,0
2024-12-18,Chicken Biryani,Main Course,3,0.82,262.4,Wednesday,0,0,Cloudy,8,0
2024-12-18,Mutton Rogan Josh,Main Course,19,5.74,1836.8,Wednesday,0,0,Cloudy,8,0
2024-12-18,Paneer Tikka,Starters,10,1.66,415.0,Wednesday,0,0,Cloudy,8,0
2024-12-18,Chicken Tandoori,Starters,3,0.42,105.0,Wednesday,0,0,Cloudy,8,0
2024-12-18,Veg Spring Rolls,Starters,6,1.09,272.5,Wednesday,0,0,Cloudy,8,0
2024-12-18,Fish Amritsari,Starters,16,3.1,775.0,Wednesday,0,0,Cloudy,8,0
2024-12-18,Butter Naan,Breads,4,0.22,26.4,Wednesday,0,0,Cloudy,8,0
2024-12-18,Garlic Naan,Breads,54,4.26,511.2,Wednesday,0,0,Cloudy,8,0
2024-12-18,Tandoori Roti,Breads,9,0.7,84.0,Wednesday,0,0,Cloudy,8,0
2024-12-18,Gulab Jamun,Desserts,18,2.44,683.2,Wednesday,0,0,Cloudy,8,0
2024-12-18,Ras Malai,Desserts,27,3.74,1047.2,Wednesday,0,0,Cloudy,8,0
2024-12-18,Kheer,Desserts,9,1.34,375.2,Wednesday,0,0,Cloudy,8,0
2024-12-18,Kulfi,Desserts,10,1.09,305.2,Wednesday,0,0,Cloudy,8,0
2024-12-19,Paneer Butter Masala,Main Course,8,2.13,681.6,Thursday,0,0,Sunny,11,0
2024-12-19,Dal Makhani,Main Course,17,4.24,1356.8,Thursday,0,0,Sunny,11,0
2024-12-19,Chicken Biryani,Main Course,3,0.93,297.6,Thursday,0,0,Sunny,11,0
2024-12-19,Mutton Rogan Josh,Main Course,18,6.13,1961.6,Thursday,0,0,Sunny,11,0
2024-12-19,Paneer Tikka,Starters,19,3.07,767.5,Thursday,0,0,Sunny,11,0
2024-12-19,Chicken Tandoori,Starters,46,6.79,1697.5,Thursday,0,0,Sunny,11,0
2024-12-19,Veg Spring Rolls,Starters,9,1.4,350.0,Thursday,0,0,Sunny,11,0
2024-12-19,Fish Amritsari,Starters,20,2.95,737.5,Thursday,0,0,Sunny,11,0
2024-12-19,Butter Naan,Breads,9,0.69,82.8,Thursday,0,0,Sunny,11,0
2024-12-19,Garlic Naan,Breads,20,1.34,160.8,Thursday,0,0,Sunny,11,0
2024-12-19,Tandoori Roti,Breads,60,3.69,442.8,Thursday,0,0,Sunny,11,0
2024-12-19,Gulab Jamun,Desserts,16,1.69,473.2,Thursday,0,0,Sunny,11,0
2024-12-19,Ras Malai,Desserts,5,0.71,198.8,Thursday,0,0,Sunny,11,0
2024-12-19,Kheer,Desserts,6,0.7,196.0,Thursday,0,0,Sunny,11,0
2024-12-19,Kulfi,Desserts,10,1.13,316.4,Thursday,0,0,Sunny,11,0
2024-12-20,Paneer Butter Masala,Main Course,3,1.03,329.6,Friday,0,0,Stormy,9,1
2024-12-20,Dal Makhani,Main Course,14,3.99,1276.8,Friday,0,0,Stormy,9,1
2024-12-20,Chicken Biryani,Main Course,5,1.27,406.4,Friday,0,0,Stormy,9,1
2024-12-20,Mutton Rogan Josh,Main Course,12,3.8,1216.0,Friday,0,0,Stormy,9,1
2024-12-20,Paneer Tikka,Starters,17,2.69,672.5,Friday,0,0,Stormy,9,1
2024-12-20,Chicken Tandoori,Starters,19,2.73,682.5,Friday,0,0,Stormy,9,1
2024-12-20,Veg Spring Rolls,Starters,23,4.0,1000.0,Friday,0,0,Stormy,9,1
2024-12-20,Fish Amritsari,Starters,21,3.78,945.0,Friday,0,0,Stormy,9,1
2024-12-20,Butter Naan,Breads,5,0.33,39.6,Friday,0,0,Stormy,9,1
2024-12-20,Garlic Naan,Breads,8,0.49,58.8,Friday,0,0,Stormy,9,1
2024-12-20,Tandoori Roti,Breads,31,1.98,237.6,Friday,0,0,Stormy,9,1
2024-12-20,Gulab Jamun,Desserts,4,0.59,165.2,Friday,0,0,Stormy,9,1
2024-12-20,Ras Malai,Desserts,14,2.08,582.4,Friday,0,0,Stormy,9,1
2024-12-20,Kheer,Desserts,13,1.51,422.8,Friday,0,0,Stormy,9,1
2024-12-20,Kulfi,Desserts,8,1.08,302.4,Friday,0,0,Stormy,9,1
2024-12-21,Paneer Butter Masala,Main Course,4,1.06,339.2,Saturday,1,0,Sunny,10,0
2024-12-21,Dal Makhani,Main Course,18,5.2,1664.0,Saturday,1,0,Sunny,10,0
2024-12-21,Chicken Biryani,Main Course,13,3.92,1254.4,Saturday,1,0,Sunny,10,0
2024-12-21,Mutton Rogan Josh,Main Course,16,4.86,1555.2,Saturday,1,0,Sunny,10,0
2024-12-21,Paneer Tikka,Starters,19,3.62,905.0,Saturday,1,0,Sunny,10,0
2024-12-21,Chicken Tandoori,Starters,16,2.26,565.0,Saturday,1,0,Sunny,10,0
2024-12-21,Veg Spring Rolls,Starters,25,4.1,1025.0,Saturday,1,0,Sunny,10,0
2024-12-21,Fish Amritsari,Starters,29,4.88,1220.0,Saturday,1,0,Sunny,10,0
2024-12-21,Butter Naan,Breads,22,1.4,168.0,Saturday,1,0,Sunny,10,0
2024-12-21,Garlic Naan,Breads,40,2.65,318.0,Saturday,1,0,Sunny,10,0
2024-12-21,Tandoori Roti,Breads,37,2.32,278.4,Saturday,1,0,Sunny,10,0
2024-12-21,Gulab Jamun,Desserts,5,0.64,179.2,Saturday,1,0,Sunny,10,0
2024-12-21,Ras Malai,Desserts,17,1.94,543.2,Saturday,1,0,Sunny,10,0
2024-12-21,Kheer,Desserts,14,1.7,476.0,Saturday,1,0,Sunny,10,0
2024-12-21,Kulfi,Desserts,10,1.37,383.6,Saturday,1,0,Sunny,10,0
2024-12-22,Paneer Butter Masala,Main Course,8,2.71,867.2,Sunday,1,0,Cloudy,12,0
2024-12-22,Dal Makhani,Main Course,22,5.87,1878.4,Sunday,1,0,Cloudy,12,0
2024-12-22,Chicken Biryani,Main Course,7,1.84,588.8,Sunday,1,0,Cloudy,12,0
2024-12-22,Mutton Rogan Josh,Main Course,36,12.42,3974.4,Sunday,1,0,Cloudy,12,0
2024-12-22,Paneer Tikka,Starters,15,2.11,527.5,Sunday,1,0,Cloudy,12,0
2024-12-22,Chicken Tandoori,Starters,18,3.2,800.0,Sunday,1,0,Cloudy,12,0
2024-12-22,Veg Spring Rolls,Starters,59,9.52,2380.0,Sunday,1,0,Cloudy,12,0
2024-12-22,Fish Amritsari,Starters,32,5.43,1357.5,Sunday,1,0,Cloudy,12,0
2024-12-22,Butter Naan,Breads,26,1.63,195.6,Sunday,1,0,Cloudy,12,0
2024-12-22,Garlic Naan,Breads,40,2.27,272.4,Sunday,1,0,Cloudy,12,0
2024-12-22,Tandoori Roti,Breads,21,1.65,198.0,Sunday,1,0,Cloudy,12,0
2024-12-22,Gulab Jamun,Desserts,5,0.69,193.2,Sunday,1,0,Cloudy,12,0
2024-12-22,Ras Malai,Desserts,19,2.45,686.0,Sunday,1,0,Cloudy,12,0
2024-12-22,Kheer,Desserts,40,5.16,1444.8,Sunday,1,0,Cloudy,12,0
2024-12-22,Kulfi,Desserts,11,1.62,453.6,Sunday,1,0,Cloudy,12,0
2024-12-23,Paneer Butter Masala,Main Course,8,2.76,883.2,Monday,0,0,Cloudy,12,0
2024-12-23,Dal Makhani,Main Course,5,1.32,422.4,Monday,0,0,Cloudy,12,0
2024-12-23,Chicken Biryani,Main Course,2,0.62,198.4,Monday,0,0,Cloudy,12,0
2024-12-23,Mutton Rogan Josh,Main Course,24,6.21,1987.2,Monday,0,0,Cloudy,12,0
2024-12-23,Paneer Tikka,Starters,15,2.27,567.5,Monday,0,0,Cloudy,12,0
2024-12-23,Chicken Tandoori,Starters,13,2.43,607.5,Monday,0,0,Cloudy,12,0
2024-12-23,Veg Spring Rolls,Starters,19,3.24,810.0,Monday,0,0,Cloudy,12,0
2024-12-23,Fish Amritsari,Starters,24,4.73,1182.5,Monday,0,0,Cloudy,12,0
2024-12-23,Butter Naan,Breads,14,0.97,116.4,Monday,0,0,Cloudy,12,0
2024-12-23,Garlic Naan,Breads,12,0.75,90.0,Monday,0,0,Cloudy,12,0
2024-12-23,Tandoori Roti,Breads,25,1.98,237.6,Monday,0,0,Cloudy,12,0
2024-12-23,Gulab Jamun,Desserts,15,1.97,551.6,Monday,0,0,Cloudy,12,0
2024-12-23,Ras Malai,Desserts,10,1.35,378.0,Monday,0,0,Cloudy,12,0
2024-12-23,Kheer,Desserts,3,0.35,98.0,Monday,0,0,Cloudy,12,0
2024-12-23,Kulfi,Desserts,11,1.3,364.0,Monday,0,0,Cloudy,12,0
2024-12-24,Paneer Butter Masala,Main Course,8,2.34,748.8,Tuesday,0,0,Sunny,12,0
2024-12-24,Dal Makhani,Main Course,6,1.86,595.2,Tuesday,0,0,Sunny,12,0
2024-12-24,Chicken Biryani,Main Course,9,2.94,940.8,Tuesday,0,0,Sunny,12,0
2024-12-24,Mutton Rogan Josh,Main Course,10,3.22,1030.4,Tuesday,0,0,Sunny,12,0
2024-12-24,Paneer Tikka,Starters,14,2.26,565.0,Tuesday,0,0,Sunny,12,0
2024-12-24,Chicken Tandoori,Starters,6,1.06,265.0,Tuesday,0,0,Sunny,12,0
2024-12-24,Veg Spring Rolls,Starters,15,2.77,692.5,Tuesday,0,0,Sunny,12,0
2024-12-24,Fish Amritsari,Starters,25,4.03,1007.5,Tuesday,0,0,Sunny,12,0
2024-12-24,Butter Naan,Breads,16,1.16,139.2,Tuesday,0,0,Sunny,12,0
2024-12-24,Garlic Naan,Breads,6,0.37,44.4,Tuesday,0,0,Sunny,12,0
2024-12-24,Tandoori Roti,Breads,8,0.57,68.4,Tuesday,0,0,Sunny,12,0
2024-12-24,Gulab Jamun,Desserts,13,1.49,417.2,Tuesday,0,0,Sunny,12,0
2024-12-24,Ras Malai,Desserts,3,0.35,98.0,Tuesday,0,0,Sunny,12,0
2024-12-24,Kheer,Desserts,11,1.41,394.8,Tuesday,0,0,Sunny,12,0
2024-12-24,Kulfi,Desserts,16,2.28,638.4,Tuesday,0,0,Sunny,12,0
2024-12-25,Paneer Butter Masala,Main Course,6,1.82,582.4,Wednesday,0,1,Sunny,11,1
2024-12-25,Dal Makhani,Main Course,25,6.9,2208.0,Wednesday,0,1,Sunny,11,1
2024-12-25,Chicken Biryani,Main Course,12,3.82,1222.4,Wednesday,0,1,Sunny,11,1
2024-12-25,Mutton Rogan Josh,Main Course,17,5.84,1868.8,Wednesday,0,1,Sunny,11,1
2024-12-25,Paneer Tikka,Starters,34,5.38,1345.0,Wednesday,0,1,Sunny,11,1
2024-12-25,Chicken Tandoori,Starters,22,3.12,780.0,Wednesday,0,1,Sunny,11,1
2024-12-25,Veg Spring Rolls,Starters,32,5.71,1427.5,Wednesday,0,1,Sunny,11,1
2024-12-25,Fish Amritsari,Starters,24,4.32,1080.0,Wednesday,0,1,Sunny,11,1
2024-12-25,Butter Naan,Breads,12,0.72,86.4,Wednesday,0,1,Sunny,11,1
2024-12-25,Garlic Naan,Breads,40,2.88,345.6,Wednesday,0,1,Sunny,11,1
2024-12-25,Tandoori Roti,Breads,26,1.69,202.8,Wednesday,0,1,Sunny,11,1
2024-12-25,Gulab Jamun,Desserts,8,1.1,308.0,Wednesday,0,1,Sunny,11,1
2024-12-25,Ras Malai,Desserts,12,1.38,386.4,Wednesday,0,1,Sunny,11,1
2024-12-25,Kheer,Desserts,7,0.79,221.2,Wednesday,0,1,Sunny,11,1
2024-12-25,Kulfi,Desserts,14,1.72,481.6,Wednesday,0,1,Sunny,11,1
2024-12-26,Paneer Butter Masala,Main Course,2,0.55,176.0,Thursday,0,0,Rainy,11,0
2024-12-26,Dal Makhani,Main Course,12,3.55,1136.0,Thursday,0,0,Rainy,11,0
2024-12-26,Chicken Biryani,Main Course,8,2.33,745.6,Thursday,0,0,Rainy,11,0
2024-12-26,Mutton Rogan Josh,Main Course,19,5.49,1756.8,Thursday,0,0,Rainy,11,0
2024-12-26,Paneer Tikka,Starters,6,1.07,267.5,Thursday,0,0,Rainy,11,0
2024-12-26,Chicken Tandoori,Starters,7,1.13,282.5,Thursday,0,0,Rainy,11,0
2024-12-26,Veg Spring Rolls,Starters,5,0.9,225.0,Thursday,0,0,Rainy,11,0
2024-12-26,Fish Amritsari,Starters,13,2.29,572.5,Thursday,0,0,Rainy,11,0
2024-12-26,Butter Naan,Breads,3,0.23,27.6,Thursday,0,0,Rainy,11,0
2024-12-26,Garlic Naan,Breads,6,0.34,40.8,Thursday,0,0,Rainy,11,0
2024-12-26,Tandoori Roti,Breads,29,1.66,199.2,Thursday,0,0,Rainy,11,0
2024-12-26,Gulab Jamun,Desserts,7,0.74,207.2,Thursday,0,0,Rainy,11,0
2024-12-26,Ras Malai,Desserts,9,1.06,296.8,Thursday,0,0,Rainy,11,0
2024-12-26,Kheer,Desserts,9,1.19,333.2,Thursday,0,0,Rainy,11,0
2024-12-26,Kulfi,Desserts,13,1.93,540.4,Thursday,0,0,Rainy,11,0
2024-12-27,Paneer Butter Masala,Main Course,6,2.07,662.4,Friday,0,0,Sunny,10,0
2024-12-27,Dal Makhani,Main Course,17,4.2,1344.0,Friday,0,0,Sunny,10,0
2024-12-27,Chicken Biryani,Main Course,4,1.36,435.2,Friday,0,0,Sunny,10,0
2024-12-27,Mutton Rogan Josh,Main Course,15,4.63,1481.6,Friday,0,0,Sunny,10,0
2024-12-27,Paneer Tikka,Starters,11,1.74,435.0,Friday,0,0,Sunny,10,0
2024-12-27,Chicken Tandoori,Starters,15,2.71,677.5,Friday,0,0,Sunny,10,0
2024-12-27,Veg Spring Rolls,Starters,6,1.06,265.0,Friday,0,0,Sunny,10,0
2024-12-27,Fish Amritsari,Starters,24,3.82,955.0,Friday,0,0,Sunny,10,0
2024-12-27,Butter Naan,Breads,13,0.99,118.8,Friday,0,0,Sunny,10,0
2024-12-27,Garlic Naan,Breads,18,1.28,153.6,Friday,0,0,Sunny,10,0
2024-12-27,Tandoori Roti,Breads,59,3.69,442.8,Friday,0,0,Sunny,10,0
2024-12-27,Gulab Jamun,Desserts,8,0.99,277.2,Friday,0,0,Sunny,10,0
2024-12-27,Ras Malai,Desserts,13,1.55,434.0,Friday,0,0,Sunny,10,0
2024-12-27,Kheer,Desserts,13,1.84,515.2,Friday,0,0,Sunny,10,0
2024-12-27,Kulfi,Desserts,11,1.25,350.0,Friday,0,0,Sunny,10,0
2024-12-28,Paneer Butter Masala,Main Course,12,3.44,1100.8,Saturday,1,0,Sunny,11,0
2024-12-28,Dal Makhani,Main Course,29,9.82,3142.4,Saturday,1,0,Sunny,11,0
2024-12-28,Chicken Biryani,Main Course,11,3.14,1004.8,Saturday,1,0,Sunny,11,0
2024-12-28,Mutton Rogan Josh,Main Course,18,5.61,1795.2,Saturday,1,0,Sunny,11,0
2024-12-28,Paneer Tikka,Starters,18,3.27,817.5,Saturday,1,0,Sunny,11,0
2024-12-28,Chicken Tandoori,Starters,15,2.29,572.5,Saturday,1,0,Sunny,11,0
2024-12-28,Veg Spring Rolls,Starters,7,1.21,302.5,Saturday,1,0,Sunny,11,0
2024-12-28,Fish Amritsari,Starters,20,2.93,732.5,Saturday,1,0,Sunny,11,0
2024-12-28,Butter Naan,Breads,19,1.34,160.8,Saturday,1,0,Sunny,11,0
2024-12-28,Garlic Naan,Breads,44,2.8,336.0,Saturday,1,0,Sunny,11,0
2024-12-28,Tandoori Roti,Breads,25,1.67,200.4,Saturday,1,0,Sunny,11,0
2024-12-28,Gulab Jamun,Desserts,9,1.21,338.8,Saturday,1,0,Sunny,11,0
2024-12-28,Ras Malai,Desserts,36,5.1,1428.0,Saturday,1,0,Sunny,11,0
2024-12-28,Kheer,Desserts,10,1.49,417.2,Saturday,1,0,Sunny,11,0
2024-12-28,Kulfi,Desserts,16,1.69,473.2,Saturday,1,0,Sunny,11,0
2024-12-29,Paneer Butter Masala,Main Course,8,2.34,748.8,Sunday,1,0,Sunny,13,0
2024-12-29,Dal Makhani,Main Course,8,2.01,643.2,Sunday,1,0,Sunny,13,0
2024-12-29,Chicken Biryani,Main Course,6,1.93,617.6,Sunday,1,0,Sunny,13,0
2024-12-29,Mutton Rogan Josh,Main Course,23,7.45,2384.0,Sunday,1,0,Sunny,13,0
2024-12-29,Paneer Tikka,Starters,23,3.25,812.5,Sunday,1,0,Sunny,13,0
2024-12-29,Chicken Tandoori,Starters,17,2.51,627.5,Sunday,1,0,Sunny,13,0
2024-12-29,Veg Spring Rolls,Starters,12,2.07,517.5,Sunday,1,0,Sunny,13,0
2024-12-29,Fish Amritsari,Starters,39,7.31,1827.5,Sunday,1,0,Sunny,13,0
2024-12-29,Butter Naan,Breads,10,0.68,81.6,Sunday,1,0,Sunny,13,0
2024-12-29,Garlic Naan,Breads,28,2.23,267.6,Sunday,1,0,Sunny,13,0
2024-12-29,Tandoori Roti,Breads,93,7.2,864.0,Sunday,1,0,Sunny,13,0
2024-12-29,Gulab Jamun,Desserts,17,2.3,644.0,Sunday,1,0,Sunny,13,0
2024-12-29,Ras Malai,Desserts,12,1.44,403.2,Sunday,1,0,Sunny,13,0
2024-12-29,Kheer,Desserts,8,1.02,285.6,Sunday,1,0,Sunny,13,0
2024-12-29,Kulfi,Desserts,40,4.5,1260.0,Sunday,1,0,Sunny,13,0
2024-12-30,Paneer Butter Masala,Main Course,2,0.54,172.8,Monday,0,0,Sunny,12,0
2024-12-30,Dal Makhani,Main Course,12,3.99,1276.8,Monday,0,0,Sunny,12,0
2024-12-30,Chicken Biryani,Main Course,8,2.17,694.4,Monday,0,0,Sunny,12,0
2024-12-30,Mutton Rogan Josh,Main Course,17,4.44,1420.8,Monday,0,0,Sunny,12,0
2024-12-30,Paneer Tikka,Starters,44,7.89,1972.5,Monday,0,0,Sunny,12,0
2024-12-30,Chicken Tandoori,Starters,19,3.64,910.0,Monday,0,0,Sunny,12,0
2024-12-30,Veg Spring Rolls,Starters,4,0.63,157.5,Monday,0,0,Sunny,12,0
2024-12-30,Fish Amritsari,Starters,20,3.71,927.5,Monday,0,0,Sunny,12,0
2024-12-30,Butter Naan,Breads,6,0.39,46.8,Monday,0,0,Sunny,12,0
2024-12-30,Garlic Naan,Breads,15,0.99,118.8,Monday,0,0,Sunny,12,0
2024-12-30,Tandoori Roti,Breads,22,1.32,158.4,Monday,0,0,Sunny,12,0
2024-12-30,Gulab Jamun,Desserts,10,1.14,319.2,Monday,0,0,Sunny,12,0
2024-12-30,Ras Malai,Desserts,11,1.18,330.4,Monday,0,0,Sunny,12,0
2024-12-30,Kheer,Desserts,10,1.31,366.8,Monday,0,0,Sunny,12,0
2024-12-30,Kulfi,Desserts,15,2.11,590.8,Monday,0,0,Sunny,12,0
2024-12-31,Paneer Butter Masala,Main Course,8,2.09,668.8,Tuesday,0,0,Cloudy,10,0
2024-12-31,Dal Makhani,Main Course,6,2.04,652.8,Tuesday,0,0,Cloudy,10,0
2024-12-31,Chicken Biryani,Main Course,4,1.02,326.4,Tuesday,0,0,Cloudy,10,0
2024-12-31,Mutton Rogan Josh,Main Course,23,6.98,2233.6,Tuesday,0,0,Cloudy,10,0
2024-12-31,Paneer Tikka,Starters,22,3.16,790.0,Tuesday,0,0,Cloudy,10,0
2024-12-31,Chicken Tandoori,Starters,10,1.51,377.5,Tuesday,0,0,Cloudy,10,0
2024-12-31,Veg Spring Rolls,Starters,13,2.17,542.5,Tuesday,0,0,Cloudy,10,0
2024-12-31,Fish Amritsari,Starters,33,5.39,1347.5,Tuesday,0,0,Cloudy,10,0
2024-12-31,Butter Naan,Breads,4,0.29,34.8,Tuesday,0,0,Cloudy,10,0
2024-12-31,Garlic Naan,Breads,33,2.17,260.4,Tuesday,0,0,Cloudy,10,0
2024-12-31,Tandoori Roti,Breads,23,1.43,171.6,Tuesday,0,0,Cloudy,10,0
2024-12-31,Gulab Jamun,Desserts,27,3.44,963.2,Tuesday,0,0,Cloudy,10,0
2024-12-31,Ras Malai,Desserts,16,2.35,658.0,Tuesday,0,0,Cloudy,10,0
2024-12-31,Kheer,Desserts,4,0.57,159.6,Tuesday,0,0,Cloudy,10,0
2024-12-31,Kulfi,Desserts,15,1.8,504.0,Tuesday,0,0,Cloudy,10,0
2025-01-01,Paneer Butter Masala,Main Course,7,1.82,582.4,Wednesday,0,0,Sunny,8,0
2025-01-01,Dal Makhani,Main Course,5,1.69,540.8,Wednesday,0,0,Sunny,8,0
2025-01-01,Chicken Biryani,Main Course,3,0.96,307.2,Wednesday,0,0,Sunny,8,0
2025-01-01,Mutton Rogan Josh,Main Course,15,4.45,1424.0,Wednesday,0,0,Sunny,8,0
2025-01-01,Paneer Tikka,Starters,24,4.14,1035.0,Wednesday,0,0,Sunny,8,0
2025-01-01,Chicken Tandoori,Starters,7,1.1,275.0,Wednesday,0,0,Sunny,8,0
2025-01-01,Veg Spring Rolls,Starters,10,1.48,370.0,Wednesday,0,0,Sunny,8,0
2025-01-01,Fish Amritsari,Starters,17,3.1,775.0,Wednesday,0,0,Sunny,8,0
2025-01-01,Butter Naan,Breads,9,0.52,62.4,Wednesday,0,0,Sunny,8,0
2025-01-01,Garlic Naan,Breads,11,0.62,74.4,Wednesday,0,0,Sunny,8,0
2025-01-01,Tandoori Roti,Breads,27,1.83,219.6,Wednesday,0,0,Sunny,8,0
2025-01-01,Gulab Jamun,Desserts,6,0.75,210.0,Wednesday,0,0,Sunny,8,0
2025-01-01,Ras Malai,Desserts,10,1.43,400.4,Wednesday,0,0,Sunny,8,0
2025-01-01,Kheer,Desserts,13,1.44,403.2,Wednesday,0,0,Sunny,8,0
2025-01-01,Kulfi,Desserts,15,1.97,551.6,Wednesday,0,0,Sunny,8,0
2025-01-02,Paneer Butter Masala,Main Course,4,1.3,416.0,Thursday,0,0,Stormy,11,0
2025-01-02,Dal Makhani,Main Course,9,2.78,889.6,Thursday,0,0,Stormy,11,0
2025-01-02,Chicken Biryani,Main Course,9,2.83,905.6,Thursday,0,0,Stormy,11,0
2025-01-02,Mutton Rogan Josh,Main Course,18,6.28,2009.6,Thursday,0,0,Stormy,11,0
2025-01-02,Paneer Tikka,Starters,11,1.55,387.5,Thursday,0,0,Stormy,11,0
2025-01-02,Chicken Tandoori,Starters,13,1.85,462.5,Thursday,0,0,Stormy,11,0
2025-01-02,Veg Spring Rolls,Starters,13,2.48,620.0,Thursday,0,0,Stormy,11,0
2025-01-02,Fish Amritsari,Starters,22,4.11,1027.5,Thursday,0,0,Stormy,11,0
2025-01-02,Butter Naan,Breads,7,0.42,50.4,Thursday,0,0,Stormy,11,0
2025-01-02,Garlic Naan,Breads,5,0.35,42.0,Thursday,0,0,Stormy,11,0
2025-01-02,Tandoori Roti,Breads,4,0.26,31.2,Thursday,0,0,Stormy,11,0
2025-01-02,Gulab Jamun,Desserts,12,1.6,448.0,Thursday,0,0,Stormy,11,0
2025-01-02,Ras Malai,Desserts,8,1.04,291.2,Thursday,0,0,Stormy,11,0
2025-01-02,Kheer,Desserts,10,1.11,310.8,Thursday,0,0,Stormy,11,0
2025-01-02,Kulfi,Desserts,11,1.46,408.8,Thursday,0,0,Stormy,11,0
2025-01-03,Paneer Butter Masala,Main Course,4,1.37,438.4,Friday,0,0,Cloudy,11,0
2025-01-03,Dal Makhani,Main Course,18,5.55,1776.0,Friday,0,0,Cloudy,11,0
2025-01-03,Chicken Biryani,Main Course,8,2.72,870.4,Friday,0,0,Cloudy,11,0
2025-01-03,Mutton Rogan Josh,Main Course,20,6.13,1961.6,Friday,0,0,Cloudy,11,0
2025-01-03,Paneer Tikka,Starters,8,1.3,325.0,Friday,0,0,Cloudy,11,0
2025-01-03,Chicken Tandoori,Starters,32,5.29,1322.5,Friday,0,0,Cloudy,11,0
2025-01-03,Veg Spring Rolls,Starters,19,3.34,835.0,Friday,0,0,Cloudy,11,0
2025-01-03,Fish Amritsari,Starters,16,3.0,750.0,Friday,0,0,Cloudy,11,0
2025-01-03,Butter Naan,Breads,15,1.19,142.8,Friday,0,0,Cloudy,11,0
2025-01-03,Garlic Naan,Breads,25,1.99,238.8,Friday,0,0,Cloudy,11,0
2025-01-03,Tandoori Roti,Breads,8,0.53,63.6,Friday,0,0,Cloudy,11,0
2025-01-03,Gulab Jamun,Desserts,16,2.37,663.6,Friday,0,0,Cloudy,11,0
2025-01-03,Ras Malai,Desserts,6,0.65,182.0,Friday,0,0,Cloudy,11,0
2025-01-03,Kheer,Desserts,7,0.86,240.8,Friday,0,0,Cloudy,11,0
2025-01-03,Kulfi,Desserts,30,3.66,1024.8,Friday,0,0,Cloudy,11,0
2025-01-04,Paneer Butter Masala,Main Course,8,2.49,796.8,Saturday,1,0,Cloudy,15,0
2025-01-04,Dal Makhani,Main Course,28,7.32,2342.4,Saturday,1,0,Cloudy,15,0
2025-01-04,Chicken Biryani,Main Course,8,2.71,867.2,Saturday,1,0,Cloudy,15,0
2025-01-04,Mutton Rogan Josh,Main Course,23,6.75,2160.0,Saturday,1,0,Cloudy,15,0
2025-01-04,Paneer Tikka,Starters,29,4.63,1157.5,Saturday,1,0,Cloudy,15,0
2025-01-04,Chicken Tandoori,Starters,21,3.26,815.0,Saturday,1,0,Cloudy,15,0
2025-01-04,Veg Spring Rolls,Starters,23,3.96,990.0,Saturday,1,0,Cloudy,15,0
2025-01-04,Fish Amritsari,Starters,71,11.34,2835.0,Saturday,1,0,Cloudy,15,0
2025-01-04,Butter Naan,Breads,10,0.63,75.6,Saturday,1,0,Cloudy,15,0
2025-01-04,Garlic Naan,Breads,43,2.42,290.4,Saturday,1,0,Cloudy,15,0
2025-01-04,Tandoori Roti,Breads,46,2.98,357.6,Saturday,1,0,Cloudy,15,0
2025-01-04,Gulab Jamun,Desserts,8,0.95,266.0,Saturday,1,0,Cloudy,15,0
2025-01-04,Ras Malai,Desserts,14,2.05,574.0,Saturday,1,0,Cloudy,15,0
2025-01-04,Kheer,Desserts,13,1.54,431.2,Saturday,1,0,Cloudy,15,0
2025-01-04,Kulfi,Desserts,26,3.36,940.8,Saturday,1,0,Cloudy,15,0
2025-01-05,Paneer Butter Masala,Main Course,13,4.07,1302.4,Sunday,1,0,Cloudy,13,0
2025-01-05,Dal Makhani,Main Course,19,5.48,1753.6,Sunday,1,0,Cloudy,13,0
2025-01-05,Chicken Biryani,Main Course,7,2.21,707.2,Sunday,1,0,Cloudy,13,0
2025-01-05,Mutton Rogan Josh,Main Course,20,6.49,2076.8,Sunday,1,0,Cloudy,13,0
2025-01-05,Paneer Tikka,Starters,6,1.04,260.0,Sunday,1,0,Cloudy,13,0
2025-01-05,Chicken Tandoori,Starters,22,4.04,1010.0,Sunday,1,0,Cloudy,13,0
2025-01-05,Veg Spring Rolls,Starters,31,5.85,1462.5,Sunday,1,0,Cloudy,13,0
2025-01-05,Fish Amritsari,Starters,45,7.86,1965.0,Sunday,1,0,Cloudy,13,0
2025-01-05,Butter Naan,Breads,5,0.35,42.0,Sunday,1,0,Cloudy,13,0
2025-01-05,Garlic Naan,Breads,28,1.78,213.6,Sunday,1,0,Cloudy,13,0
2025-01-05,Tandoori Roti,Breads,35,2.39,286.8,Sunday,1,0,Cloudy,13,0
2025-01-05,Gulab Jamun,Desserts,8,1.09,305.2,Sunday,1,0,Cloudy,13,0
2025-01-05,Ras Malai,Desserts,9,1.04,291.2,Sunday,1,0,Cloudy,13,0
2025-01-05,Kheer,Desserts,16,1.96,548.8,Sunday,1,0,Cloudy,13,0
2025-01-05,Kulfi,Desserts,15,1.75,490.0,Sunday,1,0,Cloudy,13,0
2025-01-06,Paneer Butter Masala,Main Course,9,2.28,729.6,Monday,0,0,Cloudy,11,0
2025-01-06,Dal Makhani,Main Course,21,7.16,2291.2,Monday,0,0,Cloudy,11,0
2025-01-06,Chicken Biryani,Main Course,10,3.48,1113.6,Monday,0,0,Cloudy,11,0
2025-01-06,Mutton Rogan Josh,Main Course,11,3.07,982.4,Monday,0,0,Cloudy,11,0
2025-01-06,Paneer Tikka,Starters,21,4.09,1022.5,Monday,0,0,Cloudy,11,0
2025-01-06,Chicken Tandoori,Starters,5,1.0,250.0,Monday,0,0,Cloudy,11,0
2025-01-06,Veg Spring Rolls,Starters,11,2.03,507.5,Monday,0,0,Cloudy,11,0
2025-01-06,Fish Amritsari,Starters,19,3.14,785.0,Monday,0,0,Cloudy,11,0
2025-01-06,Butter Naan,Breads,10,0.72,86.4,Monday,0,0,Cloudy,11,0
2025-01-06,Garlic Naan,Breads,9,0.68,81.6,Monday,0,0,Cloudy,11,0
2025-01-06,Tandoori Roti,Breads,30,2.09,250.8,Monday,0,0,Cloudy,11,0
2025-01-06,Gulab Jamun,Desserts,14,1.91,534.8,Monday,0,0,Cloudy,11,0
2025-01-06,Ras Malai,Desserts,11,1.19,333.2,Monday,0,0,Cloudy,11,0
2025-01-06,Kheer,Desserts,12,1.72,481.6,Monday,0,0,Cloudy,11,0
2025-01-06,Kulfi,Desserts,17,2.3,644.0,Monday,0,0,Cloudy,11,0
2025-01-07,Paneer Butter Masala,Main Course,10,3.04,972.8,Tuesday,0,0,Cloudy,10,0
2025-01-07,Dal Makhani,Main Course,4,1.34,428.8,Tuesday,0,0,Cloudy,10,0
2025-01-07,Chicken Biryani,Main Course,9,2.47,790.4,Tuesday,0,0,Cloudy,10,0
2025-01-07,Mutton Rogan Josh,Main Course,13,3.75,1200.0,Tuesday,0,0,Cloudy,10,0
2025-01-07,Paneer Tikka,Starters,50,7.2,1800.0,Tuesday,0,0,Cloudy,10,0
2025-01-07,Chicken Tandoori,Starters,17,3.33,832.5,Tuesday,0,0,Cloudy,10,0
2025-01-07,Veg Spring Rolls,Starters,11,1.8,450.0,Tuesday,0,0,Cloudy,10,0
2025-01-07,Fish Amritsari,Starters,24,4.1,1025.0,Tuesday,0,0,Cloudy,10,0
2025-01-07,Butter Naan,Breads,7,0.52,62.4,Tuesday,0,0,Cloudy,10,0
2025-01-07,Garlic Naan,Breads,11,0.79,94.8,Tuesday,0,0,Cloudy,10,0
2025-01-07,Tandoori Roti,Breads,31,2.37,284.4,Tuesday,0,0,Cloudy,10,0
2025-01-07,Gulab Jamun,Desserts,14,1.74,487.2,Tuesday,0,0,Cloudy,10,0
2025-01-07,Ras Malai,Desserts,7,0.75,210.0,Tuesday,0,0,Cloudy,10,0
2025-01-07,Kheer,Desserts,5,0.6,168.0,Tuesday,0,0,Cloudy,10,0
2025-01-07,Kulfi,Desserts,16,1.98,554.4,Tuesday,0,0,Cloudy,10,0
2025-01-08,Paneer Butter Masala,Main Course,30,8.14,2604.8,Wednesday,0,0,Sunny,8,0
2025-01-08,Dal Makhani,Main Course,18,6.28,2009.6,Wednesday,0,0,Sunny,8,0
2025-01-08,Chicken Biryani,Main Course,9,3.14,1004.8,Wednesday,0,0,Sunny,8,0
2025-01-08,Mutton Rogan Josh,Main Course,9,2.5,800.0,Wednesday,0,0,Sunny,8,0
2025-01-08,Paneer Tikka,Starters,7,1.17,292.5,Wednesday,0,0,Sunny,8,0
2025-01-08,Chicken Tandoori,Starters,15,2.48,620.0,Wednesday,0,0,Sunny,8,0
2025-01-08,Veg Spring Rolls,Starters,11,1.69,422.5,Wednesday,0,0,Sunny,8,0
2025-01-08,Fish Amritsari,Starters,26,4.45,1112.5,Wednesday,0,0,Sunny,8,0
2025-01-08,Butter Naan,Breads,16,1.22,146.4,Wednesday,0,0,Sunny,8,0
2025-01-08,Garlic Naan,Breads,7,0.43,51.6,Wednesday,0,0,Sunny,8,0
2025-01-08,Tandoori Roti,Breads,26,2.02,242.4,Wednesday,0,0,Sunny,8,0
2025-01-08,Gulab Jamun,Desserts,17,2.22,621.6,Wednesday,0,0,Sunny,8,0
2025-01-08,Ras Malai,Desserts,7,0.79,221.2,Wednesday,0,0,Sunny,8,0
2025-01-08,Kheer,Desserts,12,1.44,403.2,Wednesday,0,0,Sunny,8,0
2025-01-08,Kulfi,Desserts,10,1.2,336.0,Wednesday,0,0,Sunny,8,0
2025-01-09,Paneer Butter Masala,Main Course,5,1.31,419.2,Thursday,0,0,Rainy,8,0
2025-01-09,Dal Makhani,Main Course,17,5.07,1622.4,Thursday,0,0,Rainy,8,0
2025-01-09,Chicken Biryani,Main Course,3,0.76,243.2,Thursday,0,0,Rainy,8,0
2025-01-09,Mutton Rogan Josh,Main Course,13,3.45,1104.0,Thursday,0,0,Rainy,8,0
2025-01-09,Paneer Tikka,Starters,48,8.85,2212.5,Thursday,0,0,Rainy,8,0
2025-01-09,Chicken Tandoori,Starters,17,2.9,725.0,Thursday,0,0,Rainy,8,0
2025-01-09,Veg Spring Rolls,Starters,12,2.0,500.0,Thursday,0,0,Rainy,8,0
2025-01-09,Fish Amritsari,Starters,20,3.56,890.0,Thursday,0,0,Rainy,8,0
2025-01-09,Butter Naan,Breads,8,0.45,54.0,Thursday,0,0,Rainy,8,0
2025-01-09,Garlic Naan,Breads,31,1.81,217.2,Thursday,0,0,Rainy,8,0
2025-01-09,Tandoori Roti,Breads,9,0.68,81.6,Thursday,0,0,Rainy,8,0
2025-01-09,Gulab Jamun,Desserts,11,1.46,408.8,Thursday,0,0,Rainy,8,0
2025-01-09,Ras Malai,Desserts,10,1.49,417.2,Thursday,0,0,Rainy,8,0
2025-01-09,Kheer,Desserts,7,0.77,215.6,Thursday,0,0,Rainy,8,0
2025-01-09,Kulfi,Desserts,8,1.13,316.4,Thursday,0,0,Rainy,8,0
2025-01-10,Paneer Butter Masala,Main Course,2,0.58,185.6,Friday,0,0,Cloudy,10,0
2025-01-10,Dal Makhani,Main Course,8,2.66,851.2,Friday,0,0,Cloudy,10,0
2025-01-10,Chicken Biryani,Main Course,5,1.57,502.4,Friday,0,0,Cloudy,10,0
2025-01-10,Mutton Rogan Josh,Main Course,10,3.2,1024.0,Friday,0,0,Cloudy,10,0
2025-01-10,Paneer Tikka,Starters,10,1.71,427.5,Friday,0,0,Cloudy,10,0
2025-01-10,Chicken Tandoori,Starters,13,1.93,482.5,Friday,0,0,Cloudy,10,0
2025-01-10,Veg Spring Rolls,Starters,18,2.81,702.5,Friday,0,0,Cloudy,10,0
2025-01-10,Fish Amritsari,Starters,26,3.71,927.5,Friday,0,0,Cloudy,10,0
2025-01-10,Butter Naan,Breads,6,0.47,56.4,Friday,0,0,Cloudy,10,0
2025-01-10,Garlic Naan,Breads,20,1.26,151.2,Friday,0,0,Cloudy,10,0
2025-01-10,Tandoori Roti,Breads,21,1.2,144.0,Friday,0,0,Cloudy,10,0
2025-01-10,Gulab Jamun,Desserts,3,0.37,103.6,Friday,0,0,Cloudy,10,0
2025-01-10,Ras Malai,Desserts,4,0.58,162.4,Friday,0,0,Cloudy,10,0
2025-01-10,Kheer,Desserts,11,1.42,397.6,Friday,0,0,Cloudy,10,0
2025-01-10,Kulfi,Desserts,12,1.44,403.2,Friday,0,0,Cloudy,10,0
2025-01-11,Paneer Butter Masala,Main Course,7,2.33,745.6,Saturday,1,0,Cloudy,10,0
2025-01-11,Dal Makhani,Main Course,11,2.87,918.4,Saturday,1,0,Cloudy,10,0
2025-01-11,Chicken Biryani,Main Course,9,2.76,883.2,Saturday,1,0,Cloudy,10,0
2025-01-11,Mutton Rogan Josh,Main Course,24,7.25,2320.0,Saturday,1,0,Cloudy,10,0
2025-01-11,Paneer Tikka,Starters,25,3.55,887.5,Saturday,1,0,Cloudy,10,0
2025-01-11,Chicken Tandoori,Starters,19,3.71,927.5,Saturday,1,0,Cloudy,10,0
2025-01-11,Veg Spring Rolls,Starters,22,4.12,1030.0,Saturday,1,0,Cloudy,10,0
2025-01-11,Fish Amritsari,Starters,31,5.36,1340.0,Saturday,1,0,Cloudy,10,0
2025-01-11,Butter Naan,Breads,9,0.56,67.2,Saturday,1,0,Cloudy,10,0
2025-01-11,Garlic Naan,Breads,30,1.81,217.2,Saturday,1,0,Cloudy,10,0
2025-01-11,Tandoori Roti,Breads,21,1.56,187.2,Saturday,1,0,Cloudy,10,0
2025-01-11,Gulab Jamun,Desserts,12,1.4,392.0,Saturday,1,0,Cloudy,10,0
2025-01-11,Ras Malai,Desserts,6,0.87,243.6,Saturday,1,0,Cloudy,10,0
2025-01-11,Kheer,Desserts,12,1.56,436.8,Saturday,1,0,Cloudy,10,0
2025-01-11,Kulfi,Desserts,11,1.19,333.2,Saturday,1,0,Cloudy,10,0
2025-01-12,Paneer Butter Masala,Main Course,5,1.39,444.8,Sunday,1,0,Cloudy,10,0
2025-01-12,Dal Makhani,Main Course,13,4.03,1289.6,Sunday,1,0,Cloudy,10,0
2025-01-12,Chicken Biryani,Main Course,9,2.92,934.4,Sunday,1,0,Cloudy,10,0
2025-01-12,Mutton Rogan Josh,Main Course,19,4.67,1494.4,Sunday,1,0,Cloudy,10,0
2025-01-12,Paneer Tikka,Starters,28,4.41,1102.5,Sunday,1,0,Cloudy,10,0
2025-01-12,Chicken Tandoori,Starters,23,4.15,1037.5,Sunday,1,0,Cloudy,10,0
2025-01-12,Veg Spring Rolls,Starters,30,4.34,1085.0,Sunday,1,0,Cloudy,10,0
2025-01-12,Fish Amritsari,Starters,34,6.14,1535.0,Sunday,1,0,Cloudy,10,0
2025-01-12,Butter Naan,Breads,19,1.45,174.0,Sunday,1,0,Cloudy,10,0
2025-01-12,Garlic Naan,Breads,43,2.67,320.4,Sunday,1,0,Cloudy,10,0
2025-01-12,Tandoori Roti,Breads,26,1.56,187.2,Sunday,1,0,Cloudy,10,0
2025-01-12,Gulab Jamun,Desserts,18,1.94,543.2,Sunday,1,0,Cloudy,10,0
2025-01-12,Ras Malai,Desserts,18,2.41,674.8,Sunday,1,0,Cloudy,10,0
2025-01-12,Kheer,Desserts,7,0.75,210.0,Sunday,1,0,Cloudy,10,0
2025-01-12,Kulfi,Desserts,16,2.26,632.8,Sunday,1,0,Cloudy,10,0
2025-01-13,Paneer Butter Masala,Main Course,4,1.06,339.2,Monday,0,0,Rainy,10,0
2025-01-13,Dal Makhani,Main Course,9,2.87,918.4,Monday,0,0,Rainy,10,0
2025-01-13,Chicken Biryani,Main Course,8,2.09,668.8,Monday,0,0,Rainy,10,0
2025-01-13,Mutton Rogan Josh,Main Course,17,5.76,1843.2,Monday,0,0,Rainy,10,0
2025-01-13,Paneer Tikka,Starters,13,1.83,457.5,Monday,0,0,Rainy,10,0
2025-01-13,Chicken Tandoori,Starters,4,0.79,197.5,Monday,0,0,Rainy,10,0
2025-01-13,Veg Spring Rolls,Starters,8,1.5,375.0,Monday,0,0,Rainy,10,0
2025-01-13,Fish Amritsari,Starters,19,3.41,852.5,Monday,0,0,Rainy,10,0
2025-01-13,Butter Naan,Breads,2,0.13,15.6,Monday,0,0,Rainy,10,0
2025-01-13,Garlic Naan,Breads,16,1.22,146.4,Monday,0,0,Rainy,10,0
2025-01-13,Tandoori Roti,Breads,23,1.33,159.6,Monday,0,0,Rainy,10,0
2025-01-13,Gulab Jamun,Desserts,13,1.51,422.8,Monday,0,0,Rainy,10,0
2025-01-13,Ras Malai,Desserts,6,0.64,179.2,Monday,0,0,Rainy,10,0
2025-01-13,Kheer,Desserts,9,1.13,316.4,Monday,0,0,Rainy,10,0
2025-01-13,Kulfi,Desserts,8,1.01,282.8,Monday,0,0,Rainy,10,0
2025-01-14,Paneer Butter Masala,Main Course,2,0.53,169.6,Tuesday,0,0,Sunny,9,0
2025-01-14,Dal Makhani,Main Course,6,1.76,563.2,Tuesday,0,0,Sunny,9,0
2025-01-14,Chicken Biryani,Main Course,2,0.59,188.8,Tuesday,0,0,Sunny,9,0
2025-01-14,Mutton Rogan Josh,Main Course,15,5.21,1667.2,Tuesday,0,0,Sunny,9,0
2025-01-14,Paneer Tikka,Starters,16,2.87,717.5,Tuesday,0,0,Sunny,9,0
2025-01-14,Chicken Tandoori,Starters,11,1.87,467.5,Tuesday,0,0,Sunny,9,0
2025-01-14,Veg Spring Rolls,Starters,16,2.52,630.0,Tuesday,0,0,Sunny,9,0
2025-01-14,Fish Amritsari,Starters,20,3.09,772.5,Tuesday,0,0,Sunny,9,0
2025-01-14,Butter Naan,Breads,9,0.67,80.4,Tuesday,0,0,Sunny,9,0
2025-01-14,Garlic Naan,Breads,16,1.23,147.6,Tuesday,0,0,Sunny,9,0
2025-01-14,Tandoori Roti,Breads,25,1.5,180.0,Tuesday,0,0,Sunny,9,0
2025-01-14,Gulab Jamun,Desserts,8,0.96,268.8,Tuesday,0,0,Sunny,9,0
2025-01-14,Ras Malai,Desserts,4,0.45,126.0,Tuesday,0,0,Sunny,9,0
2025-01-14,Kheer,Desserts,7,0.85,238.0,Tuesday,0,0,Sunny,9,0
2025-01-14,Kulfi,Desserts,12,1.28,358.4,Tuesday,0,0,Sunny,9,0
2025-01-15,Paneer Butter Masala,Main Course,9,3.05,976.0,Wednesday,0,0,Cloudy,11,1
2025-01-15,Dal Makhani,Main Course,11,3.06,979.2,Wednesday,0,0,Cloudy,11,1
2025-01-15,Chicken Biryani,Main Course,10,3.25,1040.0,Wednesday,0,0,Cloudy,11,1
2025-01-15,Mutton Rogan Josh,Main Course,79,20.79,6652.8,Wednesday,0,0,Cloudy,11,1
2025-01-15,Paneer Tikka,Starters,26,4.55,1137.5,Wednesday,0,0,Cloudy,11,1
2025-01-15,Chicken Tandoori,Starters,8,1.51,377.5,Wednesday,0,0,Cloudy,11,1
2025-01-15,Veg Spring Rolls,Starters,11,1.71,427.5,Wednesday,0,0,Cloudy,11,1
2025-01-15,Fish Amritsari,Starters,28,4.0,1000.0,Wednesday,0,0,Cloudy,11,1
2025-01-15,Butter Naan,Breads,21,1.68,201.6,Wednesday,0,0,Cloudy,11,1
2025-01-15,Garlic Naan,Breads,8,0.52,62.4,Wednesday,0,0,Cloudy,11,1
2025-01-15,Tandoori Roti,Breads,14,0.84,100.8,Wednesday,0,0,Cloudy,11,1
2025-01-15,Gulab Jamun,Desserts,7,0.81,226.8,Wednesday,0,0,Cloudy,11,1
2025-01-15,Ras Malai,Desserts,4,0.55,154.0,Wednesday,0,0,Cloudy,11,1
2025-01-15,Kheer,Desserts,4,0.47,131.6,Wednesday,0,0,Cloudy,11,1
2025-01-15,Kulfi,Desserts,16,2.16,604.8,Wednesday,0,0,Cloudy,11,1
2025-01-16,Paneer Butter Masala,Main Course,5,1.54,492.8,Thursday,0,0,Sunny,9,0
2025-01-16,Dal Makhani,Main Course,19,6.3,2016.0,Thursday,0,0,Sunny,9,0
2025-01-16,Chicken Biryani,Main Course,5,1.43,457.6,Thursday,0,0,Sunny,9,0
2025-01-16,Mutton Rogan Josh,Main Course,11,3.38,1081.6,Thursday,0,0,Sunny,9,0
2025-01-16,Paneer Tikka,Starters,12,2.13,532.5,Thursday,0,0,Sunny,9,0
2025-01-16,Chicken Tandoori,Starters,15,2.12,530.0,Thursday,0,0,Sunny,9,0
2025-01-16,Veg Spring Rolls,Starters,11,1.93,482.5,Thursday,0,0,Sunny,9,0
2025-01-16,Fish Amritsari,Starters,24,3.97,992.5,Thursday,0,0,Sunny,9,0
2025-01-16,Butter Naan,Breads,18,1.34,160.8,Thursday,0,0,Sunny,9,0
2025-01-16,Garlic Naan,Breads,24,1.44,172.8,Thursday,0,0,Sunny,9,0
2025-01-16,Tandoori Roti,Breads,19,1.33,159.6,Thursday,0,0,Sunny,9,0
2025-01-16,Gulab Jamun,Desserts,11,1.59,445.2,Thursday,0,0,Sunny,9,0
2025-01-16,Ras Malai,Desserts,5,0.67,187.6,Thursday,0,0,Sunny,9,0
2025-01-16,Kheer,Desserts,5,0.55,154.0,Thursday,0,0,Sunny,9,0
2025-01-16,Kulfi,Desserts,10,1.17,327.6,Thursday,0,0,Sunny,9,0
2025-01-17,Paneer Butter Masala,Main Course,5,1.43,457.6,Friday,0,0,Sunny,11,0
2025-01-17,Dal Makhani,Main Course,13,3.64,1164.8,Friday,0,0,Sunny,11,0
2025-01-17,Chicken Biryani,Main Course,4,1.08,345.6,Friday,0,0,Sunny,11,0
2025-01-17,Mutton Rogan Josh,Main Course,15,3.85,1232.0,Friday,0,0,Sunny,11,0
2025-01-17,Paneer Tikka,Starters,11,1.84,460.0,Friday,0,0,Sunny,11,0
2025-01-17,Chicken Tandoori,Starters,14,2.75,687.5,Friday,0,0,Sunny,11,0
2025-01-17,Veg Spring Rolls,Starters,17,3.16,790.0,Friday,0,0,Sunny,11,0
2025-01-17,Fish Amritsari,Starters,34,5.07,1267.5,Friday,0,0,Sunny,11,0
2025-01-17,Butter Naan,Breads,5,0.36,43.2,Friday,0,0,Sunny,11,0
2025-01-17,Garlic Naan,Breads,23,1.61,193.2,Friday,0,0,Sunny,11,0
2025-01-17,Tandoori Roti,Breads,34,2.7,324.0,Friday,0,0,Sunny,11,0
2025-01-17,Gulab Jamun,Desserts,7,0.9,252.0,Friday,0,0,Sunny,11,0
2025-01-17,Ras Malai,Desserts,8,1.18,330.4,Friday,0,0,Sunny,11,0
2025-01-17,Kheer,Desserts,3,0.42,117.6,Friday,0,0,Sunny,11,0
2025-01-17,Kulfi,Desserts,19,2.49,697.2,Friday,0,0,Sunny,11,0
2025-01-18,Paneer Butter Masala,Main Course,7,2.1,672.0,Saturday,1,0,Rainy,15,1
2025-01-18,Dal Makhani,Main Course,17,5.13,1641.6,Saturday,1,0,Rainy,15,1
2025-01-18,Chicken Biryani,Main Course,5,1.37,438.4,Saturday,1,0,Rainy,15,1
2025-01-18,Mutton Rogan Josh,Main Course,32,9.96,3187.2,Saturday,1,0,Rainy,15,1
2025-01-18,Paneer Tikka,Starters,13,2.13,532.5,Saturday,1,0,Rainy,15,1
2025-01-18,Chicken Tandoori,Starters,15,2.93,732.5,Saturday,1,0,Rainy,15,1
2025-01-18,Veg Spring Rolls,Starters,9,1.69,422.5,Saturday,1,0,Rainy,15,1
2025-01-18,Fish Amritsari,Starters,22,4.16,1040.0,Saturday,1,0,Rainy,15,1
2025-01-18,Butter Naan,Breads,18,1.4,168.0,Saturday,1,0,Rainy,15,1
2025-01-18,Garlic Naan,Breads,24,1.43,171.6,Saturday,1,0,Rainy,15,1
2025-01-18,Tandoori Roti,Breads,8,0.58,69.6,Saturday,1,0,Rainy,15,1
2025-01-18,Gulab Jamun,Desserts,5,0.6,168.0,Saturday,1,0,Rainy,15,1
2025-01-18,Ras Malai,Desserts,22,2.66,744.8,Saturday,1,0,Rainy,15,1
2025-01-18,Kheer,Desserts,5,0.58,162.4,Saturday,1,0,Rainy,15,1
2025-01-18,Kulfi,Desserts,24,2.83,792.4,Saturday,1,0,Rainy,15,1
2025-01-19,Paneer Butter Masala,Main Course,5,1.62,518.4,Sunday,1,0,Sunny,13,0
2025-01-19,Dal Makhani,Main Course,29,9.63,3081.6,Sunday,1,0,Sunny,13,0
2025-01-19,Chicken Biryani,Main Course,6,1.63,521.6,Sunday,1,0,Sunny,13,0
2025-01-19,Mutton Rogan Josh,Main Course,29,7.34,2348.8,Sunday,1,0,Sunny,13,0
2025-01-19,Paneer Tikka,Starters,8,1.19,297.5,Sunday,1,0,Sunny,13,0
2025-01-19,Chicken Tandoori,Starters,10,1.85,462.5,Sunday,1,0,Sunny,13,0
2025-01-19,Veg Spring Rolls,Starters,29,5.72,1430.0,Sunday,1,0,Sunny,13,0
2025-01-19,Fish Amritsari,Starters,21,3.22,805.0,Sunday,1,0,Sunny,13,0
2025-01-19,Butter Naan,Breads,3,0.23,27.6,Sunday,1,0,Sunny,13,0
2025-01-19,Garlic Naan,Breads,37,2.79,334.8,Sunday,1,0,Sunny,13,0
2025-01-19,Tandoori Roti,Breads,133,10.42,1250.4,Sunday,1,0,Sunny,13,0
2025-01-19,Gulab Jamun,Desserts,6,0.87,243.6,Sunday,1,0,Sunny,13,0
2025-01-19,Ras Malai,Desserts,15,1.8,504.0,Sunday,1,0,Sunny,13,0
2025-01-19,Kheer,Desserts,16,2.09,585.2,Sunday,1,0,Sunny,13,0
2025-01-19,Kulfi,Desserts,16,2.1,588.0,Sunday,1,0,Sunny,13,0
2025-01-20,Paneer Butter Masala,Main Course,4,1.08,345.6,Monday,0,0,Rainy,8,0
2025-01-20,Dal Makhani,Main Course,9,3.0,960.0,Monday,0,0,Rainy,8,0
2025-01-20,Chicken Biryani,Main Course,9,2.69,860.8,Monday,0,0,Rainy,8,0
2025-01-20,Mutton Rogan Josh,Main Course,19,4.88,1561.6,Monday,0,0,Rainy,8,0
2025-01-20,Paneer Tikka,Starters,17,2.65,662.5,Monday,0,0,Rainy,8,0
2025-01-20,Chicken Tandoori,Starters,8,1.49,372.5,Monday,0,0,Rainy,8,0
2025-01-20,Veg Spring Rolls,Starters,9,1.69,422.5,Monday,0,0,Rainy,8,0
2025-01-20,Fish Amritsari,Starters,21,4.16,1040.0,Monday,0,0,Rainy,8,0
2025-01-20,Butter Naan,Breads,13,0.92,110.4,Monday,0,0,Rainy,8,0
2025-01-20,Garlic Naan,Breads,20,1.47,176.4,Monday,0,0,Rainy,8,0
2025-01-20,Tandoori Roti,Breads,16,1.06,127.2,Monday,0,0,Rainy,8,0
2025-01-20,Gulab Jamun,Desserts,5,0.56,156.8,Monday,0,0,Rainy,8,0
2025-01-20,Ras Malai,Desserts,14,1.94,543.2,Monday,0,0,Rainy,8,0
2025-01-20,Kheer,Desserts,7,0.8,224.0,Monday,0,0,Rainy,8,0
2025-01-20,Kulfi,Desserts,15,1.71,478.8,Monday,0,0,Rainy,8,0
2025-01-21,Paneer Butter Masala,Main Course,7,2.1,672.0,Tuesday,0,0,Sunny,9,0
2025-01-21,Dal Makhani,Main Course,7,2.02,646.4,Tuesday,0,0,Sunny,9,0
2025-01-21,Chicken Biryani,Main Course,10,2.95,944.0,Tuesday,0,0,Sunny,9,0
2025-01-21,Mutton Rogan Josh,Main Course,11,2.86,915.2,Tuesday,0,0,Sunny,9,0
2025-01-21,Paneer Tikka,Starters,9,1.42,355.0,Tuesday,0,0,Sunny,9,0
2025-01-21,Chicken Tandoori,Starters,6,0.85,212.5,Tuesday,0,0,Sunny,9,0
2025-01-21,Veg Spring Rolls,Starters,12,2.35,587.5,Tuesday,0,0,Sunny,9,0
2025-01-21,Fish Amritsari,Starters,15,2.87,717.5,Tuesday,0,0,Sunny,9,0
2025-01-21,Butter Naan,Breads,11,0.79,94.8,Tuesday,0,0,Sunny,9,0
2025-01-21,Garlic Naan,Breads,20,1.36,163.2,Tuesday,0,0,Sunny,9,0
2025-01-21,Tandoori Roti,Breads,13,0.94,112.8,Tuesday,0,0,Sunny,9,0
2025-01-21,Gulab Jamun,Desserts,16,1.96,548.8,Tuesday,0,0,Sunny,9,0
2025-01-21,Ras Malai,Desserts,10,1.18,330.4,Tuesday,0,0,Sunny,9,0
2025-01-21,Kheer,Desserts,11,1.22,341.6,Tuesday,0,0,Sunny,9,0
2025-01-21,Kulfi,Desserts,16,2.17,607.6,Tuesday,0,0,Sunny,9,0
2025-01-22,Paneer Butter Masala,Main Course,8,2.3,736.0,Wednesday,0,0,Rainy,8,0
2025-01-22,Dal Makhani,Main Course,19,5.44,1740.8,Wednesday,0,0,Rainy,8,0
2025-01-22,Chicken Biryani,Main Course,10,2.54,812.8,Wednesday,0,0,Rainy,8,0
2025-01-22,Mutton Rogan Josh,Main Course,21,6.96,2227.2,Wednesday,0,0,Rainy,8,0
2025-01-22,Paneer Tikka,Starters,9,1.64,410.0,Wednesday,0,0,Rainy,8,0
2025-01-22,Chicken Tandoori,Starters,8,1.16,290.0,Wednesday,0,0,Rainy,8,0
2025-01-22,Veg Spring Rolls,Starters,9,1.51,377.5,Wednesday,0,0,Rainy,8,0
2025-01-22,Fish Amritsari,Starters,15,2.91,727.5,Wednesday,0,0,Rainy,8,0
2025-01-22,Butter Naan,Breads,18,1.07,128.4,Wednesday,0,0,Rainy,8,0
2025-01-22,Garlic Naan,Breads,23,1.65,198.0,Wednesday,0,0,Rainy,8,0
2025-01-22,Tandoori Roti,Breads,9,0.53,63.6,Wednesday,0,0,Rainy,8,0
2025-01-22,Gulab Jamun,Desserts,12,1.42,397.6,Wednesday,0,0,Rainy,8,0
2025-01-22,Ras Malai,Desserts,5,0.74,207.2,Wednesday,0,0,Rainy,8,0
2025-01-22,Kheer,Desserts,6,0.89,249.2,Wednesday,0,0,Rainy,8,0
2025-01-22,Kulfi,Desserts,9,1.14,319.2,Wednesday,0,0,Rainy,8,0
2025-01-23,Paneer Butter Masala,Main Course,5,1.72,550.4,Thursday,0,0,Cloudy,8,0
2025-01-23,Dal Makhani,Main Course,14,3.96,1267.2,Thursday,0,0,Cloudy,8,0
2025-01-23,Chicken Biryani,Main Course,2,0.61,195.2,Thursday,0,0,Cloudy,8,0
2025-01-23,Mutton Rogan Josh,Main Course,17,5.28,1689.6,Thursday,0,0,Cloudy,8,0
2025-01-23,Paneer Tikka,Starters,19,3.59,897.5,Thursday,0,0,Cloudy,8,0
2025-01-23,Chicken Tandoori,Starters,9,1.44,360.0,Thursday,0,0,Cloudy,8,0
2025-01-23,Veg Spring Rolls,Starters,6,1.11,277.5,Thursday,0,0,Cloudy,8,0
2025-01-23,Fish Amritsari,Starters,19,2.8,700.0,Thursday,0,0,Cloudy,8,0
2025-01-23,Butter Naan,Breads,16,1.16,139.2,Thursday,0,0,Cloudy,8,0
2025-01-23,Garlic Naan,Breads,15,0.85,102.0,Thursday,0,0,Cloudy,8,0
2025-01-23,Tandoori Roti,Breads,34,1.99,238.8,Thursday,0,0,Cloudy,8,0
2025-01-23,Gulab Jamun,Desserts,13,1.88,526.4,Thursday,0,0,Cloudy,8,0
2025-01-23,Ras Malai,Desserts,7,0.97,271.6,Thursday,0,0,Cloudy,8,0
2025-01-23,Kheer,Desserts,9,1.21,338.8,Thursday,0,0,Cloudy,8,0
2025-01-23,Kulfi,Desserts,14,2.0,560.0,Thursday,0,0,Cloudy,8,0
2025-01-24,Paneer Butter Masala,Main Course,5,1.24,396.8,Friday,0,0,Cloudy,11,0
2025-01-24,Dal Makhani,Main Course,12,4.16,1331.2,Friday,0,0,Cloudy,11,0
2025-01-24,Chicken Biryani,Main Course,7,2.12,678.4,Friday,0,0,Cloudy,11,0
2025-01-24,Mutton Rogan Josh,Main Course,14,3.56,1139.2,Friday,0,0,Cloudy,11,0
2025-01-24,Paneer Tikka,Starters,10,1.81,452.5,Friday,0,0,Cloudy,11,0
2025-01-24,Chicken Tandoori,Starters,13,2.42,605.0,Friday,0,0,Cloudy,11,0
2025-01-24,Veg Spring Rolls,Starters,7,1.2,300.0,Friday,0,0,Cloudy,11,0
2025-01-24,Fish Amritsari,Starters,23,4.47,1117.5,Friday,0,0,Cloudy,11,0
2025-01-24,Butter Naan,Breads,14,0.89,106.8,Friday,0,0,Cloudy,11,0
2025-01-24,Garlic Naan,Breads,15,1.12,134.4,Friday,0,0,Cloudy,11,0
2025-01-24,Tandoori Roti,Breads,19,1.46,175.2,Friday,0,0,Cloudy,11,0
2025-01-24,Gulab Jamun,Desserts,14,1.92,537.6,Friday,0,0,Cloudy,11,0
2025-01-24,Ras Malai,Desserts,14,1.89,529.2,Friday,0,0,Cloudy,11,0
2025-01-24,Kheer,Desserts,10,1.49,417.2,Friday,0,0,Cloudy,11,0
2025-01-24,Kulfi,Desserts,16,1.98,554.4,Friday,0,0,Cloudy,11,0
2025-01-25,Paneer Butter Masala,Main Course,15,4.69,1500.8,Saturday,1,0,Sunny,14,1
2025-01-25,Dal Makhani,Main Course,25,6.48,2073.6,Saturday,1,0,Sunny,14,1
2025-01-25,Chicken Biryani,Main Course,10,3.13,1001.6,Saturday,1,0,Sunny,14,1
2025-01-25,Mutton Rogan Josh,Main Course,33,8.59,2748.8,Saturday,1,0,Sunny,14,1
2025-01-25,Paneer Tikka,Starters,36,6.34,1585.0,Saturday,1,0,Sunny,14,1
2025-01-25,Chicken Tandoori,Starters,18,2.92,730.0,Saturday,1,0,Sunny,14,1
2025-01-25,Veg Spring Rolls,Starters,22,4.04,1010.0,Saturday,1,0,Sunny,14,1
2025-01-25,Fish Amritsari,Starters,50,8.7,2175.0,Saturday,1,0,Sunny,14,1
2025-01-25,Butter Naan,Breads,20,1.26,151.2,Saturday,1,0,Sunny,14,1
2025-01-25,Garlic Naan,Breads,19,1.48,177.6,Saturday,1,0,Sunny,14,1
2025-01-25,Tandoori Roti,Breads,32,1.81,217.2,Saturday,1,0,Sunny,14,1
2025-01-25,Gulab Jamun,Desserts,24,2.97,831.6,Saturday,1,0,Sunny,14,1
2025-01-25,Ras Malai,Desserts,10,1.37,383.6,Saturday,1,0,Sunny,14,1
2025-01-25,Kheer,Desserts,19,2.69,753.2,Saturday,1,0,Sunny,14,1
2025-01-25,Kulfi,Desserts,20,2.6,728.0,Saturday,1,0,Sunny,14,1
2025-01-26,Paneer Butter Masala,Main Course,13,3.77,1206.4,Sunday,1,1,Cloudy,16,1
2025-01-26,Dal Makhani,Main Course,20,6.31,2019.2,Sunday,1,1,Cloudy,16,1
2025-01-26,Chicken Biryani,Main Course,17,5.67,1814.4,Sunday,1,1,Cloudy,16,1
2025-01-26,Mutton Rogan Josh,Main Course,38,9.4,3008.0,Sunday,1,1,Cloudy,16,1
2025-01-26,Paneer Tikka,Starters,13,2.33,582.5,Sunday,1,1,Cloudy,16,1
2025-01-26,Chicken Tandoori,Starters,33,5.13,1282.5,Sunday,1,1,Cloudy,16,1
2025-01-26,Veg Spring Rolls,Starters,8,1.42,355.0,Sunday,1,1,Cloudy,16,1
2025-01-26,Fish Amritsari,Starters,32,5.29,1322.5,Sunday,1,1,Cloudy,16,1
2025-01-26,Butter Naan,Breads,33,2.2,264.0,Sunday,1,1,Cloudy,16,1
2025-01-26,Garlic Naan,Breads,36,2.43,291.6,Sunday,1,1,Cloudy,16,1
2025-01-26,Tandoori Roti,Breads,12,0.9,108.0,Sunday,1,1,Cloudy,16,1
2025-01-26,Gulab Jamun,Desserts,8,1.13,316.4,Sunday,1,1,Cloudy,16,1
2025-01-26,Ras Malai,Desserts,12,1.53,428.4,Sunday,1,1,Cloudy,16,1
2025-01-26,Kheer,Desserts,9,1.24,347.2,Sunday,1,1,Cloudy,16,1
2025-01-26,Kulfi,Desserts,20,2.18,610.4,Sunday,1,1,Cloudy,16,1
2025-01-27,Paneer Butter Masala,Main Course,10,3.32,1062.4,Monday,0,0,Cloudy,11,0
2025-01-27,Dal Makhani,Main Course,15,4.87,1558.4,Monday,0,0,Cloudy,11,0
2025-01-27,Chicken Biryani,Main Course,8,2.0,640.0,Monday,0,0,Cloudy,11,0
2025-01-27,Mutton Rogan Josh,Main Course,16,4.66,1491.2,Monday,0,0,Cloudy,11,0
2025-01-27,Paneer Tikka,Starters,23,3.73,932.5,Monday,0,0,Cloudy,11,0
2025-01-27,Chicken Tandoori,Starters,4,0.63,157.5,Monday,0,0,Cloudy,11,0
2025-01-27,Veg Spring Rolls,Starters,17,2.62,655.0,Monday,0,0,Cloudy,11,0
2025-01-27,Fish Amritsari,Starters,28,4.26,1065.0,Monday,0,0,Cloudy,11,0
2025-01-27,Butter Naan,Breads,7,0.55,66.0,Monday,0,0,Cloudy,11,0
2025-01-27,Garlic Naan,Breads,24,1.56,187.2,Monday,0,0,Cloudy,11,0
2025-01-27,Tandoori Roti,Breads,26,1.77,212.4,Monday,0,0,Cloudy,11,0
2025-01-27,Gulab Jamun,Desserts,12,1.64,459.2,Monday,0,0,Cloudy,11,0
2025-01-27,Ras Malai,Desserts,12,1.65,462.0,Monday,0,0,Cloudy,11,0
2025-01-27,Kheer,Desserts,7,0.83,232.4,Monday,0,0,Cloudy,11,0
2025-01-27,Kulfi,Desserts,35,4.72,1321.6,Monday,0,0,Cloudy,11,0
2025-01-28,Paneer Butter Masala,Main Course,9,2.72,870.4,Tuesday,0,0,Sunny,9,0
2025-01-28,Dal Makhani,Main Course,8,2.08,665.6,Tuesday,0,0,Sunny,9,0
2025-01-28,Chicken Biryani,Main Course,9,2.23,713.6,Tuesday,0,0,Sunny,9,0
2025-01-28,Mutton Rogan Josh,Main Course,15,4.31,1379.2,Tuesday,0,0,Sunny,9,0
2025-01-28,Paneer Tikka,Starters,7,1.1,275.0,Tuesday,0,0,Sunny,9,0
2025-01-28,Chicken Tandoori,Starters,18,2.73,682.5,Tuesday,0,0,Sunny,9,0
2025-01-28,Veg Spring Rolls,Starters,7,1.31,327.5,Tuesday,0,0,Sunny,9,0
2025-01-28,Fish Amritsari,Starters,23,3.4,850.0,Tuesday,0,0,Sunny,9,0
2025-01-28,Butter Naan,Breads,5,0.29,34.8,Tuesday,0,0,Sunny,9,0
2025-01-28,Garlic Naan,Breads,26,1.99,238.8,Tuesday,0,0,Sunny,9,0
2025-01-28,Tandoori Roti,Breads,30,2.27,272.4,Tuesday,0,0,Sunny,9,0
2025-01-28,Gulab Jamun,Desserts,40,5.61,1570.8,Tuesday,0,0,Sunny,9,0
2025-01-28,Ras Malai,Desserts,9,1.02,285.6,Tuesday,0,0,Sunny,9,0
2025-01-28,Kheer,Desserts,7,0.89,249.2,Tuesday,0,0,Sunny,9,0
2025-01-28,Kulfi,Desserts,15,1.92,537.6,Tuesday,0,0,Sunny,9,0
2025-01-29,Paneer Butter Masala,Main Course,8,2.44,780.8,Wednesday,0,0,Stormy,12,0
2025-01-29,Dal Makhani,Main Course,7,2.31,739.2,Wednesday,0,0,Stormy,12,0
2025-01-29,Chicken Biryani,Main Course,4,1.22,390.4,Wednesday,0,0,Stormy,12,0
2025-01-29,Mutton Rogan Josh,Main Course,14,3.72,1190.4,Wednesday,0,0,Stormy,12,0
2025-01-29,Paneer Tikka,Starters,8,1.53,382.5,Wednesday,0,0,Stormy,12,0
2025-01-29,Chicken Tandoori,Starters,6,0.87,217.5,Wednesday,0,0,Stormy,12,0
2025-01-29,Veg Spring Rolls,Starters,18,2.95,737.5,Wednesday,0,0,Stormy,12,0
2025-01-29,Fish Amritsari,Starters,23,3.25,812.5,Wednesday,0,0,Stormy,12,0
2025-01-29,Butter Naan,Breads,4,0.26,31.2,Wednesday,0,0,Stormy,12,0
2025-01-29,Garlic Naan,Breads,21,1.52,182.4,Wednesday,0,0,Stormy,12,0
2025-01-29,Tandoori Roti,Breads,9,0.54,64.8,Wednesday,0,0,Stormy,12,0
2025-01-29,Gulab Jamun,Desserts,7,0.98,274.4,Wednesday,0,0,Stormy,12,0
2025-01-29,Ras Malai,Desserts,12,1.31,366.8,Wednesday,0,0,Stormy,12,0
2025-01-29,Kheer,Desserts,7,1.01,282.8,Wednesday,0,0,Stormy,12,0
2025-01-29,Kulfi,Desserts,13,1.44,403.2,Wednesday,0,0,Stormy,12,0
2025-01-30,Paneer Butter Masala,Main Course,2,0.63,201.6,Thursday,0,0,Rainy,10,0
2025-01-30,Dal Makhani,Main Course,4,1.26,403.2,Thursday,0,0,Rainy,10,0
2025-01-30,Chicken Biryani,Main Course,9,2.45,784.0,Thursday,0,0,Rainy,10,0
2025-01-30,Mutton Rogan Josh,Main Course,11,2.93,937.6,Thursday,0,0,Rainy,10,0
2025-01-30,Paneer Tikka,Starters,5,0.87,217.5,Thursday,0,0,Rainy,10,0
2025-01-30,Chicken Tandoori,Starters,5,0.75,187.5,Thursday,0,0,Rainy,10,0
2025-01-30,Veg Spring Rolls,Starters,9,1.68,420.0,Thursday,0,0,Rainy,10,0
2025-01-30,Fish Amritsari,Starters,20,3.99,997.5,Thursday,0,0,Rainy,10,0
2025-01-30,Butter Naan,Breads,3,0.2,24.0,Thursday,0,0,Rainy,10,0
2025-01-30,Garlic Naan,Breads,7,0.42,50.4,Thursday,0,0,Rainy,10,0
2025-01-30,Tandoori Roti,Breads,25,1.79,214.8,Thursday,0,0,Rainy,10,0
2025-01-30,Gulab Jamun,Desserts,12,1.68,470.4,Thursday,0,0,Rainy,10,0
2025-01-30,Ras Malai,Desserts,4,0.6,168.0,Thursday,0,0,Rainy,10,0
2025-01-30,Kheer,Desserts,9,1.24,347.2,Thursday,0,0,Rainy,10,0
2025-01-30,Kulfi,Desserts,18,1.97,551.6,Thursday,0,0,Rainy,10,0
2025-01-31,Paneer Butter Masala,Main Course,5,1.61,515.2,Friday,0,0,Sunny,8,0
2025-01-31,Dal Makhani,Main Course,9,2.33,745.6,Friday,0,0,Sunny,8,0
2025-01-31,Chicken Biryani,Main Course,3,1.04,332.8,Friday,0,0,Sunny,8,0
2025-01-31,Mutton Rogan Josh,Main Course,17,4.67,1494.4,Friday,0,0,Sunny,8,0
2025-01-31,Paneer Tikka,Starters,20,3.83,957.5,Friday,0,0,Sunny,8,0
2025-01-31,Chicken Tandoori,Starters,6,0.87,217.5,Friday,0,0,Sunny,8,0
2025-01-31,Veg Spring Rolls,Starters,20,3.52,880.0,Friday,0,0,Sunny,8,0
2025-01-31,Fish Amritsari,Starters,33,6.07,1517.5,Friday,0,0,Sunny,8,0
2025-01-31,Butter Naan,Breads,17,1.17,140.4,Friday,0,0,Sunny,8,0
2025-01-31,Garlic Naan,Breads,26,1.64,196.8,Friday,0,0,Sunny,8,0
2025-01-31,Tandoori Roti,Breads,25,1.52,182.4,Friday,0,0,Sunny,8,0
2025-01-31,Gulab Jamun,Desserts,33,4.66,1304.8,Friday,0,0,Sunny,8,0
2025-01-31,Ras Malai,Desserts,9,1.14,319.2,Friday,0,0,Sunny,8,0
2025-01-31,Kheer,Desserts,5,0.66,184.8,Friday,0,0,Sunny,8,0
2025-01-31,Kulfi,Desserts,15,2.21,618.8,Friday,0,0,Sunny,8,0
2025-02-01,Paneer Butter Masala,Main Course,9,2.43,777.6,Saturday,1,0,Cloudy,11,0
2025-02-01,Dal Makhani,Main Course,21,6.68,2137.6,Saturday,1,0,Cloudy,11,0
2025-02-01,Chicken Biryani,Main Course,4,1.23,393.6,Saturday,1,0,Cloudy,11,0
2025-02-01,Mutton Rogan Josh,Main Course,16,5.49,1756.8,Saturday,1,0,Cloudy,11,0
2025-02-01,Paneer Tikka,Starters,23,3.48,870.0,Saturday,1,0,Cloudy,11,0
2025-02-01,Chicken Tandoori,Starters,14,2.28,570.0,Saturday,1,0,Cloudy,11,0
2025-02-01,Veg Spring Rolls,Starters,10,1.94,485.0,Saturday,1,0,Cloudy,11,0
2025-02-01,Fish Amritsari,Starters,34,6.39,1597.5,Saturday,1,0,Cloudy,11,0
2025-02-01,Butter Naan,Breads,12,0.95,114.0,Saturday,1,0,Cloudy,11,0
2025-02-01,Garlic Naan,Breads,78,5.03,603.6,Saturday,1,0,Cloudy,11,0
2025-02-01,Tandoori Roti,Breads,7,0.47,56.4,Saturday,1,0,Cloudy,11,0
2025-02-01,Gulab Jamun,Desserts,7,0.93,260.4,Saturday,1,0,Cloudy,11,0
2025-02-01,Ras Malai,Desserts,12,1.27,355.6,Saturday,1,0,Cloudy,11,0
2025-02-01,Kheer,Desserts,11,1.49,417.2,Saturday,1,0,Cloudy,11,0
2025-02-01,Kulfi,Desserts,17,2.34,655.2,Saturday,1,0,Cloudy,11,0
2025-02-02,Paneer Butter Masala,Main Course,11,3.65,1168.0,Sunday,1,0,Sunny,11,1
2025-02-02,Dal Makhani,Main Course,11,2.84,908.8,Sunday,1,0,Sunny,11,1
2025-02-02,Chicken Biryani,Main Course,4,1.02,326.4,Sunday,1,0,Sunny,11,1
2025-02-02,Mutton Rogan Josh,Main Course,20,6.67,2134.4,Sunday,1,0,Sunny,11,1
2025-02-02,Paneer Tikka,Starters,22,3.77,942.5,Sunday,1,0,Sunny,11,1
2025-02-02,Chicken Tandoori,Starters,20,3.99,997.5,Sunday,1,0,Sunny,11,1
2025-02-02,Veg Spring Rolls,Starters,15,2.69,672.5,Sunday,1,0,Sunny,11,1
2025-02-02,Fish Amritsari,Starters,41,7.81,1952.5,Sunday,1,0,Sunny,11,1
2025-02-02,Butter Naan,Breads,23,1.36,163.2,Sunday,1,0,Sunny,11,1
2025-02-02,Garlic Naan,Breads,23,1.41,169.2,Sunday,1,0,Sunny,11,1
2025-02-02,Tandoori Roti,Breads,33,2.27,272.4,Sunday,1,0,Sunny,11,1
2025-02-02,Gulab Jamun,Desserts,9,1.2,336.0,Sunday,1,0,Sunny,11,1
2025-02-02,Ras Malai,Desserts,15,1.6,448.0,Sunday,1,0,Sunny,11,1
2025-02-02,Kheer,Desserts,15,2.21,618.8,Sunday,1,0,Sunny,11,1
2025-02-02,Kulfi,Desserts,22,2.99,837.2,Sunday,1,0,Sunny,11,1
2025-02-03,Paneer Butter Masala,Main Course,5,1.23,393.6,Monday,0,0,Cloudy,11,0
2025-02-03,Dal Makhani,Main Course,17,4.77,1526.4,Monday,0,0,Cloudy,11,0
2025-02-03,Chicken Biryani,Main Course,1,0.26,83.2,Monday,0,0,Cloudy,11,0
2025-02-03,Mutton Rogan Josh,Main Course,20,4.95,1584.0,Monday,0,0,Cloudy,11,0
2025-02-03,Paneer Tikka,Starters,13,2.43,607.5,Monday,0,0,Cloudy,11,0
2025-02-03,Chicken Tandoori,Starters,4,0.57,142.5,Monday,0,0,Cloudy,11,0
2025-02-03,Veg Spring Rolls,Starters,17,2.67,667.5,Monday,0,0,Cloudy,11,0
2025-02-03,Fish Amritsari,Starters,27,4.96,1240.0,Monday,0,0,Cloudy,11,0
2025-02-03,Butter Naan,Breads,8,0.5,60.0,Monday,0,0,Cloudy,11,0
2025-02-03,Garlic Naan,Breads,8,0.57,68.4,Monday,0,0,Cloudy,11,0
2025-02-03,Tandoori Roti,Breads,9,0.57,68.4,Monday,0,0,Cloudy,11,0
2025-02-03,Gulab Jamun,Desserts,3,0.35,98.0,Monday,0,0,Cloudy,11,0
2025-02-03,Ras Malai,Desserts,4,0.45,126.0,Monday,0,0,Cloudy,11,0
2025-02-03,Kheer,Desserts,7,1.02,285.6,Monday,0,0,Cloudy,11,0
2025-02-03,Kulfi,Desserts,11,1.46,408.8,Monday,0,0,Cloudy,11,0
2025-02-04,Paneer Butter Masala,Main Course,3,0.84,268.8,Tuesday,0,0,Cloudy,9,0
2025-02-04,Dal Makhani,Main Course,16,4.54,1452.8,Tuesday,0,0,Cloudy,9,0
2025-02-04,Chicken Biryani,Main Course,5,1.69,540.8,Tuesday,0,0,Cloudy,9,0
2025-02-04,Mutton Rogan Josh,Main Course,18,5.83,1865.6,Tuesday,0,0,Cloudy,9,0
2025-02-04,Paneer Tikka,Starters,10,1.88,470.0,Tuesday,0,0,Cloudy,9,0
2025-02-04,Chicken Tandoori,Starters,5,0.72,180.0,Tuesday,0,0,Cloudy,9,0
2025-02-04,Veg Spring Rolls,Starters,10,1.56,390.0,Tuesday,0,0,Cloudy,9,0
2025-02-04,Fish Amritsari,Starters,14,1.97,492.5,Tuesday,0,0,Cloudy,9,0
2025-02-04,Butter Naan,Breads,14,0.85,102.0,Tuesday,0,0,Cloudy,9,0
2025-02-04,Garlic Naan,Breads,23,1.74,208.8,Tuesday,0,0,Cloudy,9,0
2025-02-04,Tandoori Roti,Breads,14,0.8,96.0,Tuesday,0,0,Cloudy,9,0
2025-02-04,Gulab Jamun,Desserts,33,4.94,1383.2,Tuesday,0,0,Cloudy,9,0
2025-02-04,Ras Malai,Desserts,13,1.68,470.4,Tuesday,0,0,Cloudy,9,0
2025-02-04,Kheer,Desserts,9,1.13,316.4,Tuesday,0,0,Cloudy,9,0
2025-02-04,Kulfi,Desserts,12,1.44,403.2,Tuesday,0,0,Cloudy,9,0
2025-02-05,Paneer Butter Masala,Main Course,4,1.18,377.6,Wednesday,0,0,Cloudy,12,0
2025-02-05,Dal Makhani,Main Course,7,1.93,617.6,Wednesday,0,0,Cloudy,12,0
2025-02-05,Chicken Biryani,Main Course,7,1.78,569.6,Wednesday,0,0,Cloudy,12,0
2025-02-05,Mutton Rogan Josh,Main Course,20,5.84,1868.8,Wednesday,0,0,Cloudy,12,0
2025-02-05,Paneer Tikka,Starters,13,1.89,472.5,Wednesday,0,0,Cloudy,12,0
2025-02-05,Chicken Tandoori,Starters,9,1.7,425.0,Wednesday,0,0,Cloudy,12,0
2025-02-05,Veg Spring Rolls,Starters,10,1.84,460.0,Wednesday,0,0,Cloudy,12,0
2025-02-05,Fish Amritsari,Starters,25,4.07,1017.5,Wednesday,0,0,Cloudy,12,0
2025-02-05,Butter Naan,Breads,6,0.38,45.6,Wednesday,0,0,Cloudy,12,0
2025-02-05,Garlic Naan,Breads,8,0.53,63.6,Wednesday,0,0,Cloudy,12,0
2025-02-05,Tandoori Roti,Breads,10,0.56,67.2,Wednesday,0,0,Cloudy,12,0
2025-02-05,Gulab Jamun,Desserts,7,0.97,271.6,Wednesday,0,0,Cloudy,12,0
2025-02-05,Ras Malai,Desserts,6,0.7,196.0,Wednesday,0,0,Cloudy,12,0
2025-02-05,Kheer,Desserts,5,0.61,170.8,Wednesday,0,0,Cloudy,12,0
2025-02-05,Kulfi,Desserts,9,0.99,277.2,Wednesday,0,0,Cloudy,12,0
2025-02-06,Paneer Butter Masala,Main Course,6,1.6,512.0,Thursday,0,0,Sunny,8,0
2025-02-06,Dal Makhani,Main Course,6,1.7,544.0,Thursday,0,0,Sunny,8,0
2025-02-06,Chicken Biryani,Main Course,6,1.75,560.0,Thursday,0,0,Sunny,8,0
2025-02-06,Mutton Rogan Josh,Main Course,9,2.48,793.6,Thursday,0,0,Sunny,8,0
2025-02-06,Paneer Tikka,Starters,7,1.15,287.5,Thursday,0,0,Sunny,8,0
2025-02-06,Chicken Tandoori,Starters,6,1.19,297.5,Thursday,0,0,Sunny,8,0
2025-02-06,Veg Spring Rolls,Starters,16,2.26,565.0,Thursday,0,0,Sunny,8,0
2025-02-06,Fish Amritsari,Starters,28,5.23,1307.5,Thursday,0,0,Sunny,8,0
2025-02-06,Butter Naan,Breads,11,0.75,90.0,Thursday,0,0,Sunny,8,0
2025-02-06,Garlic Naan,Breads,16,0.91,109.2,Thursday,0,0,Sunny,8,0
2025-02-06,Tandoori Roti,Breads,9,0.56,67.2,Thursday,0,0,Sunny,8,0
2025-02-06,Gulab Jamun,Desserts,3,0.44,123.2,Thursday,0,0,Sunny,8,0
2025-02-06,Ras Malai,Desserts,6,0.64,179.2,Thursday,0,0,Sunny,8,0
2025-02-06,Kheer,Desserts,7,1.05,294.0,Thursday,0,0,Sunny,8,0
2025-02-06,Kulfi,Desserts,9,1.33,372.4,Thursday,0,0,Sunny,8,0
2025-02-07,Paneer Butter Masala,Main Course,8,2.74,876.8,Friday,0,0,Cloudy,10,0
2025-02-07,Dal Makhani,Main Course,7,1.89,604.8,Friday,0,0,Cloudy,10,0
2025-02-07,Chicken Biryani,Main Course,4,1.35,432.0,Friday,0,0,Cloudy,10,0
2025-02-07,Mutton Rogan Josh,Main Course,20,6.0,1920.0,Friday,0,0,Cloudy,10,0
2025-02-07,Paneer Tikka,Starters,5,0.85,212.5,Friday,0,0,Cloudy,10,0
2025-02-07,Chicken Tandoori,Starters,6,0.87,217.5,Friday,0,0,Cloudy,10,0
2025-02-07,Veg Spring Rolls,Starters,18,2.8,700.0,Friday,0,0,Cloudy,10,0
2025-02-07,Fish Amritsari,Starters,20,3.82,955.0,Friday,0,0,Cloudy,10,0
2025-02-07,Butter Naan,Breads,9,0.58,69.6,Friday,0,0,Cloudy,10,0
2025-02-07,Garlic Naan,Breads,25,1.54,184.8,Friday,0,0,Cloudy,10,0
2025-02-07,Tandoori Roti,Breads,23,1.62,194.4,Friday,0,0,Cloudy,10,0
2025-02-07,Gulab Jamun,Desserts,8,0.95,266.0,Friday,0,0,Cloudy,10,0
2025-02-07,Ras Malai,Desserts,7,0.81,226.8,Friday,0,0,Cloudy,10,0
2025-02-07,Kheer,Desserts,3,0.33,92.4,Friday,0,0,Cloudy,10,0
2025-02-07,Kulfi,Desserts,12,1.5,420.0,Friday,0,0,Cloudy,10,0
2025-02-08,Paneer Butter Masala,Main Course,3,0.87,278.4,Saturday,1,0,Sunny,13,0
2025-02-08,Dal Makhani,Main Course,22,5.72,1830.4,Saturday,1,0,Sunny,13,0
2025-02-08,Chicken Biryani,Main Course,13,4.41,1411.2,Saturday,1,0,Sunny,13,0
2025-02-08,Mutton Rogan Josh,Main Course,22,6.36,2035.2,Saturday,1,0,Sunny,13,0
2025-02-08,Paneer Tikka,Starters,19,2.73,682.5,Saturday,1,0,Sunny,13,0
2025-02-08,Chicken Tandoori,Starters,7,1.39,347.5,Saturday,1,0,Sunny,13,0
2025-02-08,Veg Spring Rolls,Starters,19,3.54,885.0,Saturday,1,0,Sunny,13,0
2025-02-08,Fish Amritsari,Starters,28,4.39,1097.5,Saturday,1,0,Sunny,13,0
2025-02-08,Butter Naan,Breads,12,0.75,90.0,Saturday,1,0,Sunny,13,0
2025-02-08,Garlic Naan,Breads,21,1.64,196.8,Saturday,1,0,Sunny,13,0
2025-02-08,Tandoori Roti,Breads,31,2.06,247.2,Saturday,1,0,Sunny,13,0
2025-02-08,Gulab Jamun,Desserts,5,0.73,204.4,Saturday,1,0,Sunny,13,0
2025-02-08,Ras Malai,Desserts,3,0.41,114.8,Saturday,1,0,Sunny,13,0
2025-02-08,Kheer,Desserts,13,1.61,450.8,Saturday,1,0,Sunny,13,0
2025-02-08,Kulfi,Desserts,18,1.93,540.4,Saturday,1,0,Sunny,13,0
2025-02-09,Paneer Butter Masala,Main Course,7,2.18,697.6,Sunday,1,0,Sunny,16,0
2025-02-09,Dal Makhani,Main Course,23,7.01,2243.2,Sunday,1,0,Sunny,16,0
2025-02-09,Chicken Biryani,Main Course,2,0.66,211.2,Sunday,1,0,Sunny,16,0
2025-02-09,Mutton Rogan Josh,Main Course,18,5.53,1769.6,Sunday,1,0,Sunny,16,0
2025-02-09,Paneer Tikka,Starters,20,3.76,940.0,Sunday,1,0,Sunny,16,0
2025-02-09,Chicken Tandoori,Starters,55,8.09,2022.5,Sunday,1,0,Sunny,16,0
2025-02-09,Veg Spring Rolls,Starters,11,1.86,465.0,Sunday,1,0,Sunny,16,0
2025-02-09,Fish Amritsari,Starters,30,5.3,1325.0,Sunday,1,0,Sunny,16,0
2025-02-09,Butter Naan,Breads,17,1.29,154.8,Sunday,1,0,Sunny,16,0
2025-02-09,Garlic Naan,Breads,23,1.55,186.0,Sunday,1,0,Sunny,16,0
2025-02-09,Tandoori Roti,Breads,30,2.19,262.8,Sunday,1,0,Sunny,16,0
2025-02-09,Gulab Jamun,Desserts,6,0.68,190.4,Sunday,1,0,Sunny,16,0
2025-02-09,Ras Malai,Desserts,7,0.99,277.2,Sunday,1,0,Sunny,16,0
2025-02-09,Kheer,Desserts,15,1.81,506.8,Sunday,1,0,Sunny,16,0
2025-02-09,Kulfi,Desserts,20,2.62,733.6,Sunday,1,0,Sunny,16,0
2025-02-10,Paneer Butter Masala,Main Course,7,1.83,585.6,Monday,0,0,Sunny,11,0
2025-02-10,Dal Makhani,Main Course,12,3.61,1155.2,Monday,0,0,Sunny,11,0
2025-02-10,Chicken Biryani,Main Course,6,1.53,489.6,Monday,0,0,Sunny,11,0
2025-02-10,Mutton Rogan Josh,Main Course,10,3.08,985.6,Monday,0,0,Sunny,11,0
2025-02-10,Paneer Tikka,Starters,14,2.07,517.5,Monday,0,0,Sunny,11,0
2025-02-10,Chicken Tandoori,Starters,7,1.33,332.5,Monday,0,0,Sunny,11,0
2025-02-10,Veg Spring Rolls,Starters,9,1.71,427.5,Monday,0,0,Sunny,11,0
2025-02-10,Fish Amritsari,Starters,20,3.44,860.0,Monday,0,0,Sunny,11,0
2025-02-10,Butter Naan,Breads,8,0.57,68.4,Monday,0,0,Sunny,11,0
2025-02-10,Garlic Naan,Breads,6,0.37,44.4,Monday,0,0,Sunny,11,0
2025-02-10,Tandoori Roti,Breads,27,2.08,249.6,Monday,0,0,Sunny,11,0
2025-02-10,Gulab Jamun,Desserts,4,0.51,142.8,Monday,0,0,Sunny,11,0
2025-02-10,Ras Malai,Desserts,9,1.03,288.4,Monday,0,0,Sunny,11,0
2025-02-10,Kheer,Desserts,11,1.53,428.4,Monday,0,0,Sunny,11,0
2025-02-10,Kulfi,Desserts,11,1.17,327.6,Monday,0,0,Sunny,11,0
2025-02-11,Paneer Butter Masala,Main Course,4,1.04,332.8,Tuesday,0,0,Stormy,11,0
2025-02-11,Dal Makhani,Main Course,5,1.31,419.2,Tuesday,0,0,Stormy,11,0
2025-02-11,Chicken Biryani,Main Course,7,2.11,675.2,Tuesday,0,0,Stormy,11,0
2025-02-11,Mutton Rogan Josh,Main Course,7,2.32,742.4,Tuesday,0,0,Stormy,11,0
2025-02-11,Paneer Tikka,Starters,16,2.29,572.5,Tuesday,0,0,Stormy,11,0
2025-02-11,Chicken Tandoori,Starters,8,1.52,380.0,Tuesday,0,0,Stormy,11,0
2025-02-11,Veg Spring Rolls,Starters,7,1.07,267.5,Tuesday,0,0,Stormy,11,0
2025-02-11,Fish Amritsari,Starters,15,2.74,685.0,Tuesday,0,0,Stormy,11,0
2025-02-11,Butter Naan,Breads,14,0.93,111.6,Tuesday,0,0,Stormy,11,0
2025-02-11,Garlic Naan,Breads,7,0.47,56.4,Tuesday,0,0,Stormy,11,0
2025-02-11,Tandoori Roti,Breads,18,1.33,159.6,Tuesday,0,0,Stormy,11,0
2025-02-11,Gulab Jamun,Desserts,13,1.49,417.2,Tuesday,0,0,Stormy,11,0
2025-02-11,Ras Malai,Desserts,9,1.28,358.4,Tuesday,0,0,Stormy,11,0
2025-02-11,Kheer,Desserts,5,0.64,179.2,Tuesday,0,0,Stormy,11,0
2025-02-11,Kulfi,Desserts,12,1.6,448.0,Tuesday,0,0,Stormy,11,0
2025-02-12,Paneer Butter Masala,Main Course,8,2.17,694.4,Wednesday,0,0,Sunny,9,0
2025-02-12,Dal Makhani,Main Course,11,3.61,1155.2,Wednesday,0,0,Sunny,9,0
2025-02-12,Chicken Biryani,Main Course,3,0.79,252.8,Wednesday,0,0,Sunny,9,0
2025-02-12,Mutton Rogan Josh,Main Course,13,4.43,1417.6,Wednesday,0,0,Sunny,9,0
2025-02-12,Paneer Tikka,Starters,14,2.18,545.0,Wednesday,0,0,Sunny,9,0
2025-02-12,Chicken Tandoori,Starters,10,1.92,480.0,Wednesday,0,0,Sunny,9,0
2025-02-12,Veg Spring Rolls,Starters,8,1.42,355.0,Wednesday,0,0,Sunny,9,0
2025-02-12,Fish Amritsari,Starters,24,4.64,1160.0,Wednesday,0,0,Sunny,9,0
2025-02-12,Butter Naan,Breads,11,0.79,94.8,Wednesday,0,0,Sunny,9,0
2025-02-12,Garlic Naan,Breads,13,0.77,92.4,Wednesday,0,0,Sunny,9,0
2025-02-12,Tandoori Roti,Breads,30,1.99,238.8,Wednesday,0,0,Sunny,9,0
2025-02-12,Gulab Jamun,Desserts,5,0.73,204.4,Wednesday,0,0,Sunny,9,0
2025-02-12,Ras Malai,Desserts,7,1.05,294.0,Wednesday,0,0,Sunny,9,0
2025-02-12,Kheer,Desserts,5,0.53,148.4,Wednesday,0,0,Sunny,9,0
2025-02-12,Kulfi,Desserts,10,1.34,375.2,Wednesday,0,0,Sunny,9,0
2025-02-13,Paneer Butter Masala,Main Course,2,0.63,201.6,Thursday,0,0,Sunny,9,0
2025-02-13,Dal Makhani,Main Course,14,3.63,1161.6,Thursday,0,0,Sunny,9,0
2025-02-13,Chicken Biryani,Main Course,3,1.01,323.2,Thursday,0,0,Sunny,9,0
2025-02-13,Mutton Rogan Josh,Main Course,36,9.89,3164.8,Thursday,0,0,Sunny,9,0
2025-02-13,Paneer Tikka,Starters,18,3.25,812.5,Thursday,0,0,Sunny,9,0
2025-02-13,Chicken Tandoori,Starters,4,0.62,155.0,Thursday,0,0,Sunny,9,0
2025-02-13,Veg Spring Rolls,Starters,11,1.77,442.5,Thursday,0,0,Sunny,9,0
2025-02-13,Fish Amritsari,Starters,16,2.66,665.0,Thursday,0,0,Sunny,9,0
2025-02-13,Butter Naan,Breads,12,0.75,90.0,Thursday,0,0,Sunny,9,0
2025-02-13,Garlic Naan,Breads,14,0.92,110.4,Thursday,0,0,Sunny,9,0
2025-02-13,Tandoori Roti,Breads,9,0.69,82.8,Thursday,0,0,Sunny,9,0
2025-02-13,Gulab Jamun,Desserts,7,0.96,268.8,Thursday,0,0,Sunny,9,0
2025-02-13,Ras Malai,Desserts,8,1.0,280.0,Thursday,0,0,Sunny,9,0
2025-02-13,Kheer,Desserts,8,1.16,324.8,Thursday,0,0,Sunny,9,0
2025-02-13,Kulfi,Desserts,17,2.0,560.0,Thursday,0,0,Sunny,9,0
2025-02-14,Paneer Butter Masala,Main Course,7,1.88,601.6,Friday,0,0,Rainy,11,0
2025-02-14,Dal Makhani,Main Course,7,2.36,755.2,Friday,0,0,Rainy,11,0
2025-02-14,Chicken Biryani,Main Course,1,0.34,108.8,Friday,0,0,Rainy,11,0
2025-02-14,Mutton Rogan Josh,Main Course,18,6.19,1980.8,Friday,0,0,Rainy,11,0
2025-02-14,Paneer Tikka,Starters,7,1.17,292.5,Friday,0,0,Rainy,11,0
2025-02-14,Chicken Tandoori,Starters,4,0.75,187.5,Friday,0,0,Rainy,11,0
2025-02-14,Veg Spring Rolls,Starters,14,2.18,545.0,Friday,0,0,Rainy,11,0
2025-02-14,Fish Amritsari,Starters,19,3.14,785.0,Friday,0,0,Rainy,11,0
2025-02-14,Butter Naan,Breads,9,0.54,64.8,Friday,0,0,Rainy,11,0
2025-02-14,Garlic Naan,Breads,22,1.5,180.0,Friday,0,0,Rainy,11,0
2025-02-14,Tandoori Roti,Breads,23,1.36,163.2,Friday,0,0,Rainy,11,0
2025-02-14,Gulab Jamun,Desserts,6,0.68,190.4,Friday,0,0,Rainy,11,0
2025-02-14,Ras Malai,Desserts,6,0.87,243.6,Friday,0,0,Rainy,11,0
2025-02-14,Kheer,Desserts,4,0.54,151.2,Friday,0,0,Rainy,11,0
2025-02-14,Kulfi,Desserts,8,0.97,271.6,Friday,0,0,Rainy,11,0
2025-02-15,Paneer Butter Masala,Main Course,6,1.86,595.2,Saturday,1,0,Cloudy,14,1
2025-02-15,Dal Makhani,Main Course,14,4.55,1456.0,Saturday,1,0,Cloudy,14,1
2025-02-15,Chicken Biryani,Main Course,7,1.81,579.2,Saturday,1,0,Cloudy,14,1
2025-02-15,Mutton Rogan Josh,Main Course,31,7.98,2553.6,Saturday,1,0,Cloudy,14,1
2025-02-15,Paneer Tikka,Starters,25,3.85,962.5,Saturday,1,0,Cloudy,14,1
2025-02-15,Chicken Tandoori,Starters,8,1.29,322.5,Saturday,1,0,Cloudy,14,1
2025-02-15,Veg Spring Rolls,Starters,31,4.35,1087.5,Saturday,1,0,Cloudy,14,1
2025-02-15,Fish Amritsari,Starters,32,4.54,1135.0,Saturday,1,0,Cloudy,14,1
2025-02-15,Butter Naan,Breads,4,0.31,37.2,Saturday,1,0,Cloudy,14,1
2025-02-15,Garlic Naan,Breads,45,2.53,303.6,Saturday,1,0,Cloudy,14,1
2025-02-15,Tandoori Roti,Breads,12,0.77,92.4,Saturday,1,0,Cloudy,14,1
2025-02-15,Gulab Jamun,Desserts,10,1.39,389.2,Saturday,1,0,Cloudy,14,1
2025-02-15,Ras Malai,Desserts,7,0.81,226.8,Saturday,1,0,Cloudy,14,1
2025-02-15,Kheer,Desserts,11,1.23,344.4,Saturday,1,0,Cloudy,14,1
2025-02-15,Kulfi,Desserts,28,3.35,938.0,Saturday,1,0,Cloudy,14,1
2025-02-16,Paneer Butter Masala,Main Course,7,1.99,636.8,Sunday,1,0,Sunny,11,0
2025-02-16,Dal Makhani,Main Course,10,2.89,924.8,Sunday,1,0,Sunny,11,0
2025-02-16,Chicken Biryani,Main Course,12,3.74,1196.8,Sunday,1,0,Sunny,11,0
2025-02-16,Mutton Rogan Josh,Main Course,25,8.24,2636.8,Sunday,1,0,Sunny,11,0
2025-02-16,Paneer Tikka,Starters,24,3.89,972.5,Sunday,1,0,Sunny,11,0
2025-02-16,Chicken Tandoori,Starters,20,3.16,790.0,Sunday,1,0,Sunny,11,0
2025-02-16,Veg Spring Rolls,Starters,17,2.95,737.5,Sunday,1,0,Sunny,11,0
2025-02-16,Fish Amritsari,Starters,32,5.16,1290.0,Sunday,1,0,Sunny,11,0
2025-02-16,Butter Naan,Breads,14,0.85,102.0,Sunday,1,0,Sunny,11,0
2025-02-16,Garlic Naan,Breads,11,0.76,91.2,Sunday,1,0,Sunny,11,0
2025-02-16,Tandoori Roti,Breads,24,1.77,212.4,Sunday,1,0,Sunny,11,0
2025-02-16,Gulab Jamun,Desserts,12,1.32,369.6,Sunday,1,0,Sunny,11,0
2025-02-16,Ras Malai,Desserts,15,1.85,518.0,Sunday,1,0,Sunny,11,0
2025-02-16,Kheer,Desserts,6,0.69,193.2,Sunday,1,0,Sunny,11,0
2025-02-16,Kulfi,Desserts,9,1.05,294.0,Sunday,1,0,Sunny,11,0
2025-02-17,Paneer Butter Masala,Main Course,3,0.91,291.2,Monday,0,0,Sunny,11,0
2025-02-17,Dal Makhani,Main Course,11,3.57,1142.4,Monday,0,0,Sunny,11,0
2025-02-17,Chicken Biryani,Main Course,6,1.59,508.8,Monday,0,0,Sunny,11,0
2025-02-17,Mutton Rogan Josh,Main Course,19,5.17,1654.4,Monday,0,0,Sunny,11,0
2025-02-17,Paneer Tikka,Starters,8,1.13,282.5,Monday,0,0,Sunny,11,0
2025-02-17,Chicken Tandoori,Starters,4,0.79,197.5,Monday,0,0,Sunny,11,0
2025-02-17,Veg Spring Rolls,Starters,16,2.32,580.0,Monday,0,0,Sunny,11,0
2025-02-17,Fish Amritsari,Starters,13,2.48,620.0,Monday,0,0,Sunny,11,0
2025-02-17,Butter Naan,Breads,13,0.93,111.6,Monday,0,0,Sunny,11,0
2025-02-17,Garlic Naan,Breads,13,0.88,105.6,Monday,0,0,Sunny,11,0
2025-02-17,Tandoori Roti,Breads,5,0.39,46.8,Monday,0,0,Sunny,11,0
2025-02-17,Gulab Jamun,Desserts,7,0.86,240.8,Monday,0,0,Sunny,11,0
2025-02-17,Ras Malai,Desserts,27,3.27,915.6,Monday,0,0,Sunny,11,0
2025-02-17,Kheer,Desserts,6,0.68,190.4,Monday,0,0,Sunny,11,0
2025-02-17,Kulfi,Desserts,11,1.62,453.6,Monday,0,0,Sunny,11,0
2025-02-18,Paneer Butter Masala,Main Course,2,0.58,185.6,Tuesday,0,0,Cloudy,8,0
2025-02-18,Dal Makhani,Main Course,13,4.34,1388.8,Tuesday,0,0,Cloudy,8,0
2025-02-18,Chicken Biryani,Main Course,3,0.88,281.6,Tuesday,0,0,Cloudy,8,0
2025-02-18,Mutton Rogan Josh,Main Course,18,5.91,1891.2,Tuesday,0,0,Cloudy,8,0
2025-02-18,Paneer Tikka,Starters,12,1.84,460.0,Tuesday,0,0,Cloudy,8,0
2025-02-18,Chicken Tandoori,Starters,15,2.22,555.0,Tuesday,0,0,Cloudy,8,0
2025-02-18,Veg Spring Rolls,Starters,4,0.64,160.0,Tuesday,0,0,Cloudy,8,0
2025-02-18,Fish Amritsari,Starters,14,2.23,557.5,Tuesday,0,0,Cloudy,8,0
2025-02-18,Butter Naan,Breads,9,0.6,72.0,Tuesday,0,0,Cloudy,8,0
2025-02-18,Garlic Naan,Breads,19,1.23,147.6,Tuesday,0,0,Cloudy,8,0
2025-02-18,Tandoori Roti,Breads,19,1.26,151.2,Tuesday,0,0,Cloudy,8,0
2025-02-18,Gulab Jamun,Desserts,11,1.53,428.4,Tuesday,0,0,Cloudy,8,0
2025-02-18,Ras Malai,Desserts,4,0.56,156.8,Tuesday,0,0,Cloudy,8,0
2025-02-18,Kheer,Desserts,7,0.82,229.6,Tuesday,0,0,Cloudy,8,0
2025-02-18,Kulfi,Desserts,11,1.51,422.8,Tuesday,0,0,Cloudy,8,0
2025-02-19,Paneer Butter Masala,Main Course,5,1.62,518.4,Wednesday,0,0,Sunny,11,0
2025-02-19,Dal Makhani,Main Course,17,5.27,1686.4,Wednesday,0,0,Sunny,11,0
2025-02-19,Chicken Biryani,Main Course,4,1.36,435.2,Wednesday,0,0,Sunny,11,0
2025-02-19,Mutton Rogan Josh,Main Course,8,1.98,633.6,Wednesday,0,0,Sunny,11,0
2025-02-19,Paneer Tikka,Starters,18,3.46,865.0,Wednesday,0,0,Sunny,11,0
2025-02-19,Chicken Tandoori,Starters,35,6.24,1560.0,Wednesday,0,0,Sunny,11,0
2025-02-19,Veg Spring Rolls,Starters,11,1.59,397.5,Wednesday,0,0,Sunny,11,0
2025-02-19,Fish Amritsari,Starters,22,3.78,945.0,Wednesday,0,0,Sunny,11,0
2025-02-19,Butter Naan,Breads,9,0.58,69.6,Wednesday,0,0,Sunny,11,0
2025-02-19,Garlic Naan,Breads,29,1.68,201.6,Wednesday,0,0,Sunny,11,0
2025-02-19,Tandoori Roti,Breads,22,1.24,148.8,Wednesday,0,0,Sunny,11,0
2025-02-19,Gulab Jamun,Desserts,5,0.71,198.8,Wednesday,0,0,Sunny,11,0
2025-02-19,Ras Malai,Desserts,6,0.7,196.0,Wednesday,0,0,Sunny,11,0
2025-02-19,Kheer,Desserts,9,1.29,361.2,Wednesday,0,0,Sunny,11,0
2025-02-19,Kulfi,Desserts,13,1.56,436.8,Wednesday,0,0,Sunny,11,0
2025-02-20,Paneer Butter Masala,Main Course,9,2.68,857.6,Thursday,0,0,Rainy,10,0
2025-02-20,Dal Makhani,Main Course,7,1.74,556.8,Thursday,0,0,Rainy,10,0
2025-02-20,Chicken Biryani,Main Course,4,1.09,348.8,Thursday,0,0,Rainy,10,0
2025-02-20,Mutton Rogan Josh,Main Course,12,4.18,1337.6,Thursday,0,0,Rainy,10,0
2025-02-20,Paneer Tikka,Starters,17,2.83,707.5,Thursday,0,0,Rainy,10,0
2025-02-20,Chicken Tandoori,Starters,13,2.16,540.0,Thursday,0,0,Rainy,10,0
2025-02-20,Veg Spring Rolls,Starters,11,2.16,540.0,Thursday,0,0,Rainy,10,0
2025-02-20,Fish Amritsari,Starters,12,2.29,572.5,Thursday,0,0,Rainy,10,0
2025-02-20,Butter Naan,Breads,12,0.7,84.0,Thursday,0,0,Rainy,10,0
2025-02-20,Garlic Naan,Breads,7,0.48,57.6,Thursday,0,0,Rainy,10,0
2025-02-20,Tandoori Roti,Breads,23,1.29,154.8,Thursday,0,0,Rainy,10,0
2025-02-20,Gulab Jamun,Desserts,8,1.01,282.8,Thursday,0,0,Rainy,10,0
2025-02-20,Ras Malai,Desserts,8,0.9,252.0,Thursday,0,0,Rainy,10,0
2025-02-20,Kheer,Desserts,8,0.85,238.0,Thursday,0,0,Rainy,10,0
2025-02-20,Kulfi,Desserts,6,0.67,187.6,Thursday,0,0,Rainy,10,0
2025-02-21,Paneer Butter Masala,Main Course,3,0.96,307.2,Friday,0,0,Sunny,10,0
2025-02-21,Dal Makhani,Main Course,4,1.19,380.8,Friday,0,0,Sunny,10,0
2025-02-21,Chicken Biryani,Main Course,5,1.35,432.0,Friday,0,0,Sunny,10,0
2025-02-21,Mutton Rogan Josh,Main Course,11,3.22,1030.4,Friday,0,0,Sunny,10,0
2025-02-21,Paneer Tikka,Starters,19,3.25,812.5,Friday,0,0,Sunny,10,0
2025-02-21,Chicken Tandoori,Starters,9,1.79,447.5,Friday,0,0,Sunny,10,0
2025-02-21,Veg Spring Rolls,Starters,12,2.4,600.0,Friday,0,0,Sunny,10,0
2025-02-21,Fish Amritsari,Starters,26,3.75,937.5,Friday,0,0,Sunny,10,0
2025-02-21,Butter Naan,Breads,8,0.6,72.0,Friday,0,0,Sunny,10,0
2025-02-21,Garlic Naan,Breads,17,1.32,158.4,Friday,0,0,Sunny,10,0
2025-02-21,Tandoori Roti,Breads,14,1.08,129.6,Friday,0,0,Sunny,10,0
2025-02-21,Gulab Jamun,Desserts,8,0.85,238.0,Friday,0,0,Sunny,10,0
2025-02-21,Ras Malai,Desserts,2,0.29,81.2,Friday,0,0,Sunny,10,0
2025-02-21,Kheer,Desserts,3,0.33,92.4,Friday,0,0,Sunny,10,0
2025-02-21,Kulfi,Desserts,12,1.49,417.2,Friday,0,0,Sunny,10,0
2025-02-22,Paneer Butter Masala,Main Course,4,1.25,400.0,Saturday,1,0,Cloudy,16,0
2025-02-22,Dal Makhani,Main Course,20,4.93,1577.6,Saturday,1,0,Cloudy,16,0
2025-02-22,Chicken Biryani,Main Course,11,3.5,1120.0,Saturday,1,0,Cloudy,16,0
2025-02-22,Mutton Rogan Josh,Main Course,19,5.3,1696.0,Saturday,1,0,Cloudy,16,0
2025-02-22,Paneer Tikka,Starters,8,1.37,342.5,Saturday,1,0,Cloudy,16,0
2025-02-22,Chicken Tandoori,Starters,20,3.35,837.5,Saturday,1,0,Cloudy,16,0
2025-02-22,Veg Spring Rolls,Starters,14,2.51,627.5,Saturday,1,0,Cloudy,16,0
2025-02-22,Fish Amritsari,Starters,37,7.27,1817.5,Saturday,1,0,Cloudy,16,0
2025-02-22,Butter Naan,Breads,17,1.05,126.0,Saturday,1,0,Cloudy,16,0
2025-02-22,Garlic Naan,Breads,33,2.06,247.2,Saturday,1,0,Cloudy,16,0
2025-02-22,Tandoori Roti,Breads,25,1.46,175.2,Saturday,1,0,Cloudy,16,0
2025-02-22,Gulab Jamun,Desserts,6,0.82,229.6,Saturday,1,0,Cloudy,16,0
2025-02-22,Ras Malai,Desserts,8,0.89,249.2,Saturday,1,0,Cloudy,16,0
2025-02-22,Kheer,Desserts,14,1.48,414.4,Saturday,1,0,Cloudy,16,0
2025-02-22,Kulfi,Desserts,12,1.72,481.6,Saturday,1,0,Cloudy,16,0
2025-02-23,Paneer Butter Masala,Main Course,7,2.34,748.8,Sunday,1,0,Sunny,14,0
2025-02-23,Dal Makhani,Main Course,21,7.31,2339.2,Sunday,1,0,Sunny,14,0
2025-02-23,Chicken Biryani,Main Course,4,1.13,361.6,Sunday,1,0,Sunny,14,0
2025-02-23,Mutton Rogan Josh,Main Course,20,6.5,2080.0,Sunday,1,0,Sunny,14,0
2025-02-23,Paneer Tikka,Starters,11,1.75,437.5,Sunday,1,0,Sunny,14,0
2025-02-23,Chicken Tandoori,Starters,6,0.94,235.0,Sunday,1,0,Sunny,14,0
2025-02-23,Veg Spring Rolls,Starters,22,3.27,817.5,Sunday,1,0,Sunny,14,0
2025-02-23,Fish Amritsari,Starters,27,5.37,1342.5,Sunday,1,0,Sunny,14,0
2025-02-23,Butter Naan,Breads,7,0.53,63.6,Sunday,1,0,Sunny,14,0
2025-02-23,Garlic Naan,Breads,15,1.12,134.4,Sunday,1,0,Sunny,14,0
2025-02-23,Tandoori Roti,Breads,10,0.65,78.0,Sunday,1,0,Sunny,14,0
2025-02-23,Gulab Jamun,Desserts,17,2.08,582.4,Sunday,1,0,Sunny,14,0
2025-02-23,Ras Malai,Desserts,11,1.39,389.2,Sunday,1,0,Sunny,14,0
2025-02-23,Kheer,Desserts,3,0.32,89.6,Sunday,1,0,Sunny,14,0
2025-02-23,Kulfi,Desserts,17,1.87,523.6,Sunday,1,0,Sunny,14,0
2025-02-24,Paneer Butter Masala,Main Course,5,1.56,499.2,Monday,0,0,Sunny,12,0
2025-02-24,Dal Makhani,Main Course,16,3.93,1257.6,Monday,0,0,Sunny,12,0
2025-02-24,Chicken Biryani,Main Course,7,2.08,665.6,Monday,0,0,Sunny,12,0
2025-02-24,Mutton Rogan Josh,Main Course,11,3.24,1036.8,Monday,0,0,Sunny,12,0
2025-02-24,Paneer Tikka,Starters,13,2.08,520.0,Monday,0,0,Sunny,12,0
2025-02-24,Chicken Tandoori,Starters,11,1.98,495.0,Monday,0,0,Sunny,12,0
2025-02-24,Veg Spring Rolls,Starters,8,1.31,327.5,Monday,0,0,Sunny,12,0
2025-02-24,Fish Amritsari,Starters,26,5.08,1270.0,Monday,0,0,Sunny,12,0
2025-02-24,Butter Naan,Breads,2,0.16,19.2,Monday,0,0,Sunny,12,0
2025-02-24,Garlic Naan,Breads,11,0.82,98.4,Monday,0,0,Sunny,12,0
2025-02-24,Tandoori Roti,Breads,20,1.53,183.6,Monday,0,0,Sunny,12,0
2025-02-24,Gulab Jamun,Desserts,14,1.64,459.2,Monday,0,0,Sunny,12,0
2025-02-24,Ras Malai,Desserts,11,1.26,352.8,Monday,0,0,Sunny,12,0
2025-02-24,Kheer,Desserts,4,0.57,159.6,Monday,0,0,Sunny,12,0
2025-02-24,Kulfi,Desserts,13,1.37,383.6,Monday,0,0,Sunny,12,0
2025-02-25,Paneer Butter Masala,Main Course,11,3.62,1158.4,Tuesday,0,0,Sunny,11,1
2025-02-25,Dal Makhani,Main Course,18,6.19,1980.8,Tuesday,0,0,Sunny,11,1
2025-02-25,Chicken Biryani,Main Course,10,3.11,995.2,Tuesday,0,0,Sunny,11,1
2025-02-25,Mutton Rogan Josh,Main Course,26,8.17,2614.4,Tuesday,0,0,Sunny,11,1
2025-02-25,Paneer Tikka,Starters,4,0.69,172.5,Tuesday,0,0,Sunny,11,1
2025-02-25,Chicken Tandoori,Starters,18,3.16,790.0,Tuesday,0,0,Sunny,11,1
2025-02-25,Veg Spring Rolls,Starters,16,3.02,755.0,Tuesday,0,0,Sunny,11,1
2025-02-25,Fish Amritsari,Starters,27,4.91,1227.5,Tuesday,0,0,Sunny,11,1
2025-02-25,Butter Naan,Breads,12,0.82,98.4,Tuesday,0,0,Sunny,11,1
2025-02-25,Garlic Naan,Breads,11,0.82,98.4,Tuesday,0,0,Sunny,11,1
2025-02-25,Tandoori Roti,Breads,25,1.68,201.6,Tuesday,0,0,Sunny,11,1
2025-02-25,Gulab Jamun,Desserts,10,1.46,408.8,Tuesday,0,0,Sunny,11,1
2025-02-25,Ras Malai,Desserts,12,1.75,490.0,Tuesday,0,0,Sunny,11,1
2025-02-25,Kheer,Desserts,6,0.81,226.8,Tuesday,0,0,Sunny,11,1
2025-02-25,Kulfi,Desserts,18,2.58,722.4,Tuesday,0,0,Sunny,11,1
2025-02-26,Paneer Butter Masala,Main Course,37,11.42,3654.4,Wednesday,0,0,Cloudy,9,1
2025-02-26,Dal Makhani,Main Course,8,2.49,796.8,Wednesday,0,0,Cloudy,9,1
2025-02-26,Chicken Biryani,Main Course,6,1.89,604.8,Wednesday,0,0,Cloudy,9,1
2025-02-26,Mutton Rogan Josh,Main Course,22,7.52,2406.4,Wednesday,0,0,Cloudy,9,1
2025-02-26,Paneer Tikka,Starters,17,2.69,672.5,Wednesday,0,0,Cloudy,9,1
2025-02-26,Chicken Tandoori,Starters,13,2.47,617.5,Wednesday,0,0,Cloudy,9,1
2025-02-26,Veg Spring Rolls,Starters,10,1.8,450.0,Wednesday,0,0,Cloudy,9,1
2025-02-26,Fish Amritsari,Starters,17,2.42,605.0,Wednesday,0,0,Cloudy,9,1
2025-02-26,Butter Naan,Breads,8,0.53,63.6,Wednesday,0,0,Cloudy,9,1
2025-02-26,Garlic Naan,Breads,18,1.23,147.6,Wednesday,0,0,Cloudy,9,1
2025-02-26,Tandoori Roti,Breads,16,1.18,141.6,Wednesday,0,0,Cloudy,9,1
2025-02-26,Gulab Jamun,Desserts,9,1.17,327.6,Wednesday,0,0,Cloudy,9,1
2025-02-26,Ras Malai,Desserts,8,0.92,257.6,Wednesday,0,0,Cloudy,9,1
2025-02-26,Kheer,Desserts,9,1.28,358.4,Wednesday,0,0,Cloudy,9,1
2025-02-26,Kulfi,Desserts,13,1.78,498.4,Wednesday,0,0,Cloudy,9,1
2025-02-27,Paneer Butter Masala,Main Course,5,1.67,534.4,Thursday,0,0,Cloudy,10,0
2025-02-27,Dal Makhani,Main Course,13,4.33,1385.6,Thursday,0,0,Cloudy,10,0
2025-02-27,Chicken Biryani,Main Course,2,0.5,160.0,Thursday,0,0,Cloudy,10,0
2025-02-27,Mutton Rogan Josh,Main Course,18,4.55,1456.0,Thursday,0,0,Cloudy,10,0
2025-02-27,Paneer Tikka,Starters,4,0.6,150.0,Thursday,0,0,Cloudy,10,0
2025-02-27,Chicken Tandoori,Starters,6,0.94,235.0,Thursday,0,0,Cloudy,10,0
2025-02-27,Veg Spring Rolls,Starters,13,2.34,585.0,Thursday,0,0,Cloudy,10,0
2025-02-27,Fish Amritsari,Starters,23,3.79,947.5,Thursday,0,0,Cloudy,10,0
2025-02-27,Butter Naan,Breads,3,0.24,28.8,Thursday,0,0,Cloudy,10,0
2025-02-27,Garlic Naan,Breads,27,1.71,205.2,Thursday,0,0,Cloudy,10,0
2025-02-27,Tandoori Roti,Breads,26,2.02,242.4,Thursday,0,0,Cloudy,10,0
2025-02-27,Gulab Jamun,Desserts,9,1.3,364.0,Thursday,0,0,Cloudy,10,0
2025-02-27,Ras Malai,Desserts,11,1.54,431.2,Thursday,0,0,Cloudy,10,0
2025-02-27,Kheer,Desserts,11,1.36,380.8,Thursday,0,0,Cloudy,10,0
2025-02-27,Kulfi,Desserts,13,1.55,434.0,Thursday,0,0,Cloudy,10,0
2025-02-28,Paneer Butter Masala,Main Course,8,2.56,819.2,Friday,0,0,Cloudy,12,0
2025-02-28,Dal Makhani,Main Course,15,4.07,1302.4,Friday,0,0,Cloudy,12,0
2025-02-28,Chicken Biryani,Main Course,5,1.74,556.8,Friday,0,0,Cloudy,12,0
2025-02-28,Mutton Rogan Josh,Main Course,17,5.39,1724.8,Friday,0,0,Cloudy,12,0
2025-02-28,Paneer Tikka,Starters,13,2.51,627.5,Friday,0,0,Cloudy,12,0
2025-02-28,Chicken Tandoori,Starters,4,0.8,200.0,Friday,0,0,Cloudy,12,0
2025-02-28,Veg Spring Rolls,Starters,13,2.36,590.0,Friday,0,0,Cloudy,12,0
2025-02-28,Fish Amritsari,Starters,28,4.48,1120.0,Friday,0,0,Cloudy,12,0
2025-02-28,Butter Naan,Breads,11,0.64,76.8,Friday,0,0,Cloudy,12,0
2025-02-28,Garlic Naan,Breads,26,1.83,219.6,Friday,0,0,Cloudy,12,0
2025-02-28,Tandoori Roti,Breads,15,1.13,135.6,Friday,0,0,Cloudy,12,0
2025-02-28,Gulab Jamun,Desserts,8,1.01,282.8,Friday,0,0,Cloudy,12,0
2025-02-28,Ras Malai,Desserts,8,0.89,249.2,Friday,0,0,Cloudy,12,0
2025-02-28,Kheer,Desserts,10,1.35,378.0,Friday,0,0,Cloudy,12,0
2025-02-28,Kulfi,Desserts,8,0.91,254.8,Friday,0,0,Cloudy,12,0
2025-03-01,Paneer Butter Masala,Main Course,4,1.31,419.2,Saturday,1,0,Sunny,14,0
2025-03-01,Dal Makhani,Main Course,20,5.0,1600.0,Saturday,1,0,Sunny,14,0
2025-03-01,Chicken Biryani,Main Course,12,3.85,1232.0,Saturday,1,0,Sunny,14,0
2025-03-01,Mutton Rogan Josh,Main Course,24,6.59,2108.8,Saturday,1,0,Sunny,14,0
2025-03-01,Paneer Tikka,Starters,16,2.58,645.0,Saturday,1,0,Sunny,14,0
2025-03-01,Chicken Tandoori,Starters,23,3.91,977.5,Saturday,1,0,Sunny,14,0
2025-03-01,Veg Spring Rolls,Starters,7,1.11,277.5,Saturday,1,0,Sunny,14,0
2025-03-01,Fish Amritsari,Starters,18,2.99,747.5,Saturday,1,0,Sunny,14,0
2025-03-01,Butter Naan,Breads,22,1.45,174.0,Saturday,1,0,Sunny,14,0
2025-03-01,Garlic Naan,Breads,31,2.24,268.8,Saturday,1,0,Sunny,14,0
2025-03-01,Tandoori Roti,Breads,32,2.42,290.4,Saturday,1,0,Sunny,14,0
2025-03-01,Gulab Jamun,Desserts,14,2.1,588.0,Saturday,1,0,Sunny,14,0
2025-03-01,Ras Malai,Desserts,10,1.25,350.0,Saturday,1,0,Sunny,14,0
2025-03-01,Kheer,Desserts,10,1.09,305.2,Saturday,1,0,Sunny,14,0
2025-03-01,Kulfi,Desserts,12,1.77,495.6,Saturday,1,0,Sunny,14,0
2025-03-02,Paneer Butter Masala,Main Course,12,3.9,1248.0,Sunday,1,0,Sunny,11,0
2025-03-02,Dal Makhani,Main Course,10,2.59,828.8,Sunday,1,0,Sunny,11,0
2025-03-02,Chicken Biryani,Main Course,8,2.53,809.6,Sunday,1,0,Sunny,11,0
2025-03-02,Mutton Rogan Josh,Main Course,16,5.06,1619.2,Sunday,1,0,Sunny,11,0
2025-03-02,Paneer Tikka,Starters,15,2.84,710.0,Sunday,1,0,Sunny,11,0
2025-03-02,Chicken Tandoori,Starters,18,2.74,685.0,Sunday,1,0,Sunny,11,0
2025-03-02,Veg Spring Rolls,Starters,63,12.49,3122.5,Sunday,1,0,Sunny,11,0
2025-03-02,Fish Amritsari,Starters,35,5.07,1267.5,Sunday,1,0,Sunny,11,0
2025-03-02,Butter Naan,Breads,16,0.96,115.2,Sunday,1,0,Sunny,11,0
2025-03-02,Garlic Naan,Breads,20,1.3,156.0,Sunday,1,0,Sunny,11,0
2025-03-02,Tandoori Roti,Breads,23,1.3,156.0,Sunday,1,0,Sunny,11,0
2025-03-02,Gulab Jamun,Desserts,7,0.92,257.6,Sunday,1,0,Sunny,11,0
2025-03-02,Ras Malai,Desserts,11,1.5,420.0,Sunday,1,0,Sunny,11,0
2025-03-02,Kheer,Desserts,5,0.56,156.8,Sunday,1,0,Sunny,11,0
2025-03-02,Kulfi,Desserts,9,1.0,280.0,Sunday,1,0,Sunny,11,0
2025-03-03,Paneer Butter Masala,Main Course,7,1.96,627.2,Monday,0,0,Sunny,8,0
2025-03-03,Dal Makhani,Main Course,4,1.16,371.2,Monday,0,0,Sunny,8,0
2025-03-03,Chicken Biryani,Main Course,3,1.02,326.4,Monday,0,0,Sunny,8,0
2025-03-03,Mutton Rogan Josh,Main Course,12,3.78,1209.6,Monday,0,0,Sunny,8,0
2025-03-03,Paneer Tikka,Starters,5,0.71,177.5,Monday,0,0,Sunny,8,0
2025-03-03,Chicken Tandoori,Starters,9,1.36,340.0,Monday,0,0,Sunny,8,0
2025-03-03,Veg Spring Rolls,Starters,18,2.77,692.5,Monday,0,0,Sunny,8,0
2025-03-03,Fish Amritsari,Starters,18,2.57,642.5,Monday,0,0,Sunny,8,0
2025-03-03,Butter Naan,Breads,14,0.83,99.6,Monday,0,0,Sunny,8,0
2025-03-03,Garlic Naan,Breads,17,1.02,122.4,Monday,0,0,Sunny,8,0
2025-03-03,Tandoori Roti,Breads,20,1.16,139.2,Monday,0,0,Sunny,8,0
2025-03-03,Gulab Jamun,Desserts,5,0.59,165.2,Monday,0,0,Sunny,8,0
2025-03-03,Ras Malai,Desserts,12,1.28,358.4,Monday,0,0,Sunny,8,0
2025-03-03,Kheer,Desserts,10,1.17,327.6,Monday,0,0,Sunny,8,0
2025-03-03,Kulfi,Desserts,8,1.15,322.0,Monday,0,0,Sunny,8,0
2025-03-04,Paneer Butter Masala,Main Course,2,0.67,214.4,Tuesday,0,0,Stormy,12,0
2025-03-04,Dal Makhani,Main Course,4,1.22,390.4,Tuesday,0,0,Stormy,12,0
2025-03-04,Chicken Biryani,Main Course,8,2.17,694.4,Tuesday,0,0,Stormy,12,0
2025-03-04,Mutton Rogan Josh,Main Course,9,2.26,723.2,Tuesday,0,0,Stormy,12,0
2025-03-04,Paneer Tikka,Starters,14,2.32,580.0,Tuesday,0,0,Stormy,12,0
2025-03-04,Chicken Tandoori,Starters,14,2.21,552.5,Tuesday,0,0,Stormy,12,0
2025-03-04,Veg Spring Rolls,Starters,15,2.44,610.0,Tuesday,0,0,Stormy,12,0
2025-03-04,Fish Amritsari,Starters,14,2.68,670.0,Tuesday,0,0,Stormy,12,0
2025-03-04,Butter Naan,Breads,11,0.66,79.2,Tuesday,0,0,Stormy,12,0
2025-03-04,Garlic Naan,Breads,13,0.96,115.2,Tuesday,0,0,Stormy,12,0
2025-03-04,Tandoori Roti,Breads,14,0.9,108.0,Tuesday,0,0,Stormy,12,0
2025-03-04,Gulab Jamun,Desserts,3,0.38,106.4,Tuesday,0,0,Stormy,12,0
2025-03-04,Ras Malai,Desserts,5,0.7,196.0,Tuesday,0,0,Stormy,12,0
2025-03-04,Kheer,Desserts,3,0.32,89.6,Tuesday,0,0,Stormy,12,0
2025-03-04,Kulfi,Desserts,13,1.46,408.8,Tuesday,0,0,Stormy,12,0
2025-03-05,Paneer Butter Masala,Main Course,5,1.28,409.6,Wednesday,0,0,Cloudy,11,0
2025-03-05,Dal Makhani,Main Course,12,3.88,1241.6,Wednesday,0,0,Cloudy,11,0
2025-03-05,Chicken Biryani,Main Course,9,2.51,803.2,Wednesday,0,0,Cloudy,11,0
2025-03-05,Mutton Rogan Josh,Main Course,11,3.53,1129.6,Wednesday,0,0,Cloudy,11,0
2025-03-05,Paneer Tikka,Starters,6,1.03,257.5,Wednesday,0,0,Cloudy,11,0
2025-03-05,Chicken Tandoori,Starters,7,0.99,247.5,Wednesday,0,0,Cloudy,11,0
2025-03-05,Veg Spring Rolls,Starters,4,0.77,192.5,Wednesday,0,0,Cloudy,11,0
2025-03-05,Fish Amritsari,Starters,15,2.36,590.0,Wednesday,0,0,Cloudy,11,0
2025-03-05,Butter Naan,Breads,8,0.58,69.6,Wednesday,0,0,Cloudy,11,0
2025-03-05,Garlic Naan,Breads,8,0.56,67.2,Wednesday,0,0,Cloudy,11,0
2025-03-05,Tandoori Roti,Breads,17,1.01,121.2,Wednesday,0,0,Cloudy,11,0
2025-03-05,Gulab Jamun,Desserts,6,0.71,198.8,Wednesday,0,0,Cloudy,11,0
2025-03-05,Ras Malai,Desserts,10,1.44,403.2,Wednesday,0,0,Cloudy,11,0
2025-03-05,Kheer,Desserts,9,0.99,277.2,Wednesday,0,0,Cloudy,11,0
2025-03-05,Kulfi,Desserts,7,1.0,280.0,Wednesday,0,0,Cloudy,11,0
2025-03-06,Paneer Butter Masala,Main Course,3,0.91,291.2,Thursday,0,0,Sunny,12,0
2025-03-06,Dal Makhani,Main Course,14,3.82,1222.4,Thursday,0,0,Sunny,12,0
2025-03-06,Chicken Biryani,Main Course,7,2.39,764.8,Thursday,0,0,Sunny,12,0
2025-03-06,Mutton Rogan Josh,Main Course,14,3.84,1228.8,Thursday,0,0,Sunny,12,0
2025-03-06,Paneer Tikka,Starters,22,3.56,890.0,Thursday,0,0,Sunny,12,0
2025-03-06,Chicken Tandoori,Starters,15,2.59,647.5,Thursday,0,0,Sunny,12,0
2025-03-06,Veg Spring Rolls,Starters,13,2.04,510.0,Thursday,0,0,Sunny,12,0
2025-03-06,Fish Amritsari,Starters,16,3.01,752.5,Thursday,0,0,Sunny,12,0
2025-03-06,Butter Naan,Breads,2,0.13,15.6,Thursday,0,0,Sunny,12,0
2025-03-06,Garlic Naan,Breads,13,0.87,104.4,Thursday,0,0,Sunny,12,0
2025-03-06,Tandoori Roti,Breads,10,0.79,94.8,Thursday,0,0,Sunny,12,0
2025-03-06,Gulab Jamun,Desserts,10,1.42,397.6,Thursday,0,0,Sunny,12,0
2025-03-06,Ras Malai,Desserts,14,2.08,582.4,Thursday,0,0,Sunny,12,0
2025-03-06,Kheer,Desserts,4,0.46,128.8,Thursday,0,0,Sunny,12,0
2025-03-06,Kulfi,Desserts,11,1.4,392.0,Thursday,0,0,Sunny,12,0
2025-03-07,Paneer Butter Masala,Main Course,5,1.32,422.4,Friday,0,0,Sunny,9,0
2025-03-07,Dal Makhani,Main Course,11,3.08,985.6,Friday,0,0,Sunny,9,0
2025-03-07,Chicken Biryani,Main Course,9,2.71,867.2,Friday,0,0,Sunny,9,0
2025-03-07,Mutton Rogan Josh,Main Course,13,4.12,1318.4,Friday,0,0,Sunny,9,0
2025-03-07,Paneer Tikka,Starters,8,1.31,327.5,Friday,0,0,Sunny,9,0
2025-03-07,Chicken Tandoori,Starters,5,0.81,202.5,Friday,0,0,Sunny,9,0
2025-03-07,Veg Spring Rolls,Starters,11,2.17,542.5,Friday,0,0,Sunny,9,0
2025-03-07,Fish Amritsari,Starters,26,3.78,945.0,Friday,0,0,Sunny,9,0
2025-03-07,Butter Naan,Breads,3,0.21,25.2,Friday,0,0,Sunny,9,0
2025-03-07,Garlic Naan,Breads,6,0.46,55.2,Friday,0,0,Sunny,9,0
2025-03-07,Tandoori Roti,Breads,30,2.14,256.8,Friday,0,0,Sunny,9,0
2025-03-07,Gulab Jamun,Desserts,5,0.66,184.8,Friday,0,0,Sunny,9,0
2025-03-07,Ras Malai,Desserts,8,0.96,268.8,Friday,0,0,Sunny,9,0
2025-03-07,Kheer,Desserts,25,3.49,977.2,Friday,0,0,Sunny,9,0
2025-03-07,Kulfi,Desserts,16,2.26,632.8,Friday,0,0,Sunny,9,0
2025-03-08,Paneer Butter Masala,Main Course,3,1.04,332.8,Saturday,1,0,Cloudy,12,0
2025-03-08,Dal Makhani,Main Course,11,2.82,902.4,Saturday,1,0,Cloudy,12,0
2025-03-08,Chicken Biryani,Main Course,13,4.4,1408.0,Saturday,1,0,Cloudy,12,0
2025-03-08,Mutton Rogan Josh,Main Course,26,8.07,2582.4,Saturday,1,0,Cloudy,12,0
2025-03-08,Paneer Tikka,Starters,30,4.59,1147.5,Saturday,1,0,Cloudy,12,0
2025-03-08,Chicken Tandoori,Starters,12,1.73,432.5,Saturday,1,0,Cloudy,12,0
2025-03-08,Veg Spring Rolls,Starters,13,2.05,512.5,Saturday,1,0,Cloudy,12,0
2025-03-08,Fish Amritsari,Starters,36,6.16,1540.0,Saturday,1,0,Cloudy,12,0
2025-03-08,Butter Naan,Breads,12,0.72,86.4,Saturday,1,0,Cloudy,12,0
2025-03-08,Garlic Naan,Breads,15,0.92,110.4,Saturday,1,0,Cloudy,12,0
2025-03-08,Tandoori Roti,Breads,24,1.66,199.2,Saturday,1,0,Cloudy,12,0
2025-03-08,Gulab Jamun,Desserts,14,1.77,495.6,Saturday,1,0,Cloudy,12,0
2025-03-08,Ras Malai,Desserts,4,0.45,126.0,Saturday,1,0,Cloudy,12,0
2025-03-08,Kheer,Desserts,6,0.86,240.8,Saturday,1,0,Cloudy,12,0
2025-03-08,Kulfi,Desserts,16,2.17,607.6,Saturday,1,0,Cloudy,12,0
2025-03-09,Paneer Butter Masala,Main Course,7,2.26,723.2,Sunday,1,0,Sunny,12,0
2025-03-09,Dal Makhani,Main Course,6,1.63,521.6,Sunday,1,0,Sunny,12,0
2025-03-09,Chicken Biryani,Main Course,9,2.92,934.4,Sunday,1,0,Sunny,12,0
2025-03-09,Mutton Rogan Josh,Main Course,13,3.27,1046.4,Sunday,1,0,Sunny,12,0
2025-03-09,Paneer Tikka,Starters,22,3.97,992.5,Sunday,1,0,Sunny,12,0
2025-03-09,Chicken Tandoori,Starters,18,3.21,802.5,Sunday,1,0,Sunny,12,0
2025-03-09,Veg Spring Rolls,Starters,21,3.37,842.5,Sunday,1,0,Sunny,12,0
2025-03-09,Fish Amritsari,Starters,41,7.94,1985.0,Sunday,1,0,Sunny,12,0
2025-03-09,Butter Naan,Breads,5,0.29,34.8,Sunday,1,0,Sunny,12,0
2025-03-09,Garlic Naan,Breads,20,1.16,139.2,Sunday,1,0,Sunny,12,0
2025-03-09,Tandoori Roti,Breads,17,1.19,142.8,Sunday,1,0,Sunny,12,0
2025-03-09,Gulab Jamun,Desserts,14,2.09,585.2,Sunday,1,0,Sunny,12,0
2025-03-09,Ras Malai,Desserts,14,2.08,582.4,Sunday,1,0,Sunny,12,0
2025-03-09,Kheer,Desserts,5,0.62,173.6,Sunday,1,0,Sunny,12,0
2025-03-09,Kulfi,Desserts,17,2.3,644.0,Sunday,1,0,Sunny,12,0
2025-03-10,Paneer Butter Masala,Main Course,5,1.44,460.8,Monday,0,0,Sunny,9,0
2025-03-10,Dal Makhani,Main Course,7,2.13,681.6,Monday,0,0,Sunny,9,0
2025-03-10,Chicken Biryani,Main Course,2,0.68,217.6,Monday,0,0,Sunny,9,0
2025-03-10,Mutton Rogan Josh,Main Course,15,4.85,1552.0,Monday,0,0,Sunny,9,0
2025-03-10,Paneer Tikka,Starters,11,2.02,505.0,Monday,0,0,Sunny,9,0
2025-03-10,Chicken Tandoori,Starters,13,2.21,552.5,Monday,0,0,Sunny,9,0
2025-03-10,Veg Spring Rolls,Starters,6,1.04,260.0,Monday,0,0,Sunny,9,0
2025-03-10,Fish Amritsari,Starters,15,2.64,660.0,Monday,0,0,Sunny,9,0
2025-03-10,Butter Naan,Breads,10,0.57,68.4,Monday,0,0,Sunny,9,0
2025-03-10,Garlic Naan,Breads,8,0.57,68.4,Monday,0,0,Sunny,9,0
2025-03-10,Tandoori Roti,Breads,12,0.89,106.8,Monday,0,0,Sunny,9,0
2025-03-10,Gulab Jamun,Desserts,9,1.29,361.2,Monday,0,0,Sunny,9,0
2025-03-10,Ras Malai,Desserts,9,1.34,375.2,Monday,0,0,Sunny,9,0
2025-03-10,Kheer,Desserts,8,1.18,330.4,Monday,0,0,Sunny,9,0
2025-03-10,Kulfi,Desserts,11,1.6,448.0,Monday,0,0,Sunny,9,0
2025-03-11,Paneer Butter Masala,Main Course,4,1.36,435.2,Tuesday,0,0,Cloudy,12,0
2025-03-11,Dal Makhani,Main Course,17,4.69,1500.8,Tuesday,0,0,Cloudy,12,0
2025-03-11,Chicken Biryani,Main Course,4,1.25,400.0,Tuesday,0,0,Cloudy,12,0
2025-03-11,Mutton Rogan Josh,Main Course,15,3.79,1212.8,Tuesday,0,0,Cloudy,12,0
2025-03-11,Paneer Tikka,Starters,10,1.58,395.0,Tuesday,0,0,Cloudy,12,0
2025-03-11,Chicken Tandoori,Starters,14,2.13,532.5,Tuesday,0,0,Cloudy,12,0
2025-03-11,Veg Spring Rolls,Starters,19,2.76,690.0,Tuesday,0,0,Cloudy,12,0
2025-03-11,Fish Amritsari,Starters,19,2.82,705.0,Tuesday,0,0,Cloudy,12,0
2025-03-11,Butter Naan,Breads,12,0.84,100.8,Tuesday,0,0,Cloudy,12,0
2025-03-11,Garlic Naan,Breads,17,1.2,144.0,Tuesday,0,0,Cloudy,12,0
2025-03-11,Tandoori Roti,Breads,18,1.17,140.4,Tuesday,0,0,Cloudy,12,0
2025-03-11,Gulab Jamun,Desserts,14,1.73,484.4,Tuesday,0,0,Cloudy,12,0
2025-03-11,Ras Malai,Desserts,3,0.4,112.0,Tuesday,0,0,Cloudy,12,0
2025-03-11,Kheer,Desserts,4,0.49,137.2,Tuesday,0,0,Cloudy,12,0
2025-03-11,Kulfi,Desserts,8,1.18,330.4,Tuesday,0,0,Cloudy,12,0
2025-03-12,Paneer Butter Masala,Main Course,40,13.66,4371.2,Wednesday,0,0,Sunny,9,0
2025-03-12,Dal Makhani,Main Course,9,2.62,838.4,Wednesday,0,0,Sunny,9,0
2025-03-12,Chicken Biryani,Main Course,5,1.5,480.0,Wednesday,0,0,Sunny,9,0
2025-03-12,Mutton Rogan Josh,Main Course,17,5.52,1766.4,Wednesday,0,0,Sunny,9,0
2025-03-12,Paneer Tikka,Starters,17,3.17,792.5,Wednesday,0,0,Sunny,9,0
2025-03-12,Chicken Tandoori,Starters,16,2.33,582.5,Wednesday,0,0,Sunny,9,0
2025-03-12,Veg Spring Rolls,Starters,10,1.45,362.5,Wednesday,0,0,Sunny,9,0
2025-03-12,Fish Amritsari,Starters,16,2.94,735.0,Wednesday,0,0,Sunny,9,0
2025-03-12,Butter Naan,Breads,7,0.53,63.6,Wednesday,0,0,Sunny,9,0
2025-03-12,Garlic Naan,Breads,22,1.73,207.6,Wednesday,0,0,Sunny,9,0
2025-03-12,Tandoori Roti,Breads,23,1.35,162.0,Wednesday,0,0,Sunny,9,0
2025-03-12,Gulab Jamun,Desserts,9,1.18,330.4,Wednesday,0,0,Sunny,9,0
2025-03-12,Ras Malai,Desserts,3,0.45,126.0,Wednesday,0,0,Sunny,9,0
2025-03-12,Kheer,Desserts,11,1.16,324.8,Wednesday,0,0,Sunny,9,0
2025-03-12,Kulfi,Desserts,9,1.1,308.0,Wednesday,0,0,Sunny,9,0
2025-03-13,Paneer Butter Masala,Main Course,6,1.47,470.4,Thursday,0,0,Sunny,10,1
2025-03-13,Dal Makhani,Main Course,16,5.09,1628.8,Thursday,0,0,Sunny,10,1
2025-03-13,Chicken Biryani,Main Course,9,3.05,976.0,Thursday,0,0,Sunny,10,1
2025-03-13,Mutton Rogan Josh,Main Course,13,4.49,1436.8,Thursday,0,0,Sunny,10,1
2025-03-13,Paneer Tikka,Starters,8,1.39,347.5,Thursday,0,0,Sunny,10,1
2025-03-13,Chicken Tandoori,Starters,8,1.15,287.5,Thursday,0,0,Sunny,10,1
2025-03-13,Veg Spring Rolls,Starters,5,0.75,187.5,Thursday,0,0,Sunny,10,1
2025-03-13,Fish Amritsari,Starters,26,3.91,977.5,Thursday,0,0,Sunny,10,1
2025-03-13,Butter Naan,Breads,7,0.48,57.6,Thursday,0,0,Sunny,10,1
2025-03-13,Garlic Naan,Breads,6,0.47,56.4,Thursday,0,0,Sunny,10,1
2025-03-13,Tandoori Roti,Breads,20,1.53,183.6,Thursday,0,0,Sunny,10,1
2025-03-13,Gulab Jamun,Desserts,13,1.71,478.8,Thursday,0,0,Sunny,10,1
2025-03-13,Ras Malai,Desserts,3,0.42,117.6,Thursday,0,0,Sunny,10,1
2025-03-13,Kheer,Desserts,9,1.34,375.2,Thursday,0,0,Sunny,10,1
2025-03-13,Kulfi,Desserts,14,1.67,467.6,Thursday,0,0,Sunny,10,1
2025-03-14,Paneer Butter Masala,Main Course,8,2.05,656.0,Friday,0,0,Sunny,9,0
2025-03-14,Dal Makhani,Main Course,15,3.86,1235.2,Friday,0,0,Sunny,9,0
2025-03-14,Chicken Biryani,Main Course,33,9.82,3142.4,Friday,0,0,Sunny,9,0
2025-03-14,Mutton Rogan Josh,Main Course,12,2.99,956.8,Friday,0,0,Sunny,9,0
2025-03-14,Paneer Tikka,Starters,14,2.03,507.5,Friday,0,0,Sunny,9,0
2025-03-14,Chicken Tandoori,Starters,8,1.48,370.0,Friday,0,0,Sunny,9,0
2025-03-14,Veg Spring Rolls,Starters,22,3.8,950.0,Friday,0,0,Sunny,9,0
2025-03-14,Fish Amritsari,Starters,21,2.94,735.0,Friday,0,0,Sunny,9,0
2025-03-14,Butter Naan,Breads,11,0.77,92.4,Friday,0,0,Sunny,9,0
2025-03-14,Garlic Naan,Breads,8,0.49,58.8,Friday,0,0,Sunny,9,0
2025-03-14,Tandoori Roti,Breads,10,0.59,70.8,Friday,0,0,Sunny,9,0
2025-03-14,Gulab Jamun,Desserts,2,0.24,67.2,Friday,0,0,Sunny,9,0
2025-03-14,Ras Malai,Desserts,9,1.26,352.8,Friday,0,0,Sunny,9,0
2025-03-14,Kheer,Desserts,8,1.03,288.4,Friday,0,0,Sunny,9,0
2025-03-14,Kulfi,Desserts,10,1.31,366.8,Friday,0,0,Sunny,9,0
2025-03-15,Paneer Butter Masala,Main Course,4,1.06,339.2,Saturday,1,0,Sunny,11,0
2025-03-15,Dal Makhani,Main Course,13,3.43,1097.6,Saturday,1,0,Sunny,11,0
2025-03-15,Chicken Biryani,Main Course,10,2.62,838.4,Saturday,1,0,Sunny,11,0
2025-03-15,Mutton Rogan Josh,Main Course,16,4.79,1532.8,Saturday,1,0,Sunny,11,0
2025-03-15,Paneer Tikka,Starters,20,3.46,865.0,Saturday,1,0,Sunny,11,0
2025-03-15,Chicken Tandoori,Starters,7,1.0,250.0,Saturday,1,0,Sunny,11,0
2025-03-15,Veg Spring Rolls,Starters,28,4.19,1047.5,Saturday,1,0,Sunny,11,0
2025-03-15,Fish Amritsari,Starters,26,4.24,1060.0,Saturday,1,0,Sunny,11,0
2025-03-15,Butter Naan,Breads,17,1.06,127.2,Saturday,1,0,Sunny,11,0
2025-03-15,Garlic Naan,Breads,27,1.93,231.6,Saturday,1,0,Sunny,11,0
2025-03-15,Tandoori Roti,Breads,20,1.43,171.6,Saturday,1,0,Sunny,11,0
2025-03-15,Gulab Jamun,Desserts,5,0.57,159.6,Saturday,1,0,Sunny,11,0
2025-03-15,Ras Malai,Desserts,12,1.3,364.0,Saturday,1,0,Sunny,11,0
2025-03-15,Kheer,Desserts,7,0.92,257.6,Saturday,1,0,Sunny,11,0
2025-03-15,Kulfi,Desserts,19,2.07,579.6,Saturday,1,0,Sunny,11,0
2025-03-16,Paneer Butter Masala,Main Course,12,3.9,1248.0,Sunday,1,0,Sunny,13,0
2025-03-16,Dal Makhani,Main Course,15,4.36,1395.2,Sunday,1,0,Sunny,13,0
2025-03-16,Chicken Biryani,Main Course,3,0.81,259.2,Sunday,1,0,Sunny,13,0
2025-03-16,Mutton Rogan Josh,Main Course,14,4.54,1452.8,Sunday,1,0,Sunny,13,0
2025-03-16,Paneer Tikka,Starters,26,4.64,1160.0,Sunday,1,0,Sunny,13,0
2025-03-16,Chicken Tandoori,Starters,17,2.71,677.5,Sunday,1,0,Sunny,13,0
2025-03-16,Veg Spring Rolls,Starters,16,2.56,640.0,Sunday,1,0,Sunny,13,0
2025-03-16,Fish Amritsari,Starters,24,3.76,940.0,Sunday,1,0,Sunny,13,0
2025-03-16,Butter Naan,Breads,10,0.69,82.8,Sunday,1,0,Sunny,13,0
2025-03-16,Garlic Naan,Breads,23,1.35,162.0,Sunday,1,0,Sunny,13,0
2025-03-16,Tandoori Roti,Breads,29,1.85,222.0,Sunday,1,0,Sunny,13,0
2025-03-16,Gulab Jamun,Desserts,9,1.2,336.0,Sunday,1,0,Sunny,13,0
2025-03-16,Ras Malai,Desserts,11,1.5,420.0,Sunday,1,0,Sunny,13,0
2025-03-16,Kheer,Desserts,12,1.36,380.8,Sunday,1,0,Sunny,13,0
2025-03-16,Kulfi,Desserts,11,1.34,375.2,Sunday,1,0,Sunny,13,0
2025-03-17,Paneer Butter Masala,Main Course,7,1.92,614.4,Monday,0,0,Sunny,12,0
2025-03-17,Dal Makhani,Main Course,3,0.95,304.0,Monday,0,0,Sunny,12,0
2025-03-17,Chicken Biryani,Main Course,6,1.74,556.8,Monday,0,0,Sunny,12,0
2025-03-17,Mutton Rogan Josh,Main Course,9,2.99,956.8,Monday,0,0,Sunny,12,0
2025-03-17,Paneer Tikka,Starters,10,1.64,410.0,Monday,0,0,Sunny,12,0
2025-03-17,Chicken Tandoori,Starters,9,1.36,340.0,Monday,0,0,Sunny,12,0
2025-03-17,Veg Spring Rolls,Starters,4,0.68,170.0,Monday,0,0,Sunny,12,0
2025-03-17,Fish Amritsari,Starters,28,4.22,1055.0,Monday,0,0,Sunny,12,0
2025-03-17,Butter Naan,Breads,12,0.79,94.8,Monday,0,0,Sunny,12,0
2025-03-17,Garlic Naan,Breads,9,0.52,62.4,Monday,0,0,Sunny,12,0
2025-03-17,Tandoori Roti,Breads,26,1.69,202.8,Monday,0,0,Sunny,12,0
2025-03-17,Gulab Jamun,Desserts,14,1.98,554.4,Monday,0,0,Sunny,12,0
2025-03-17,Ras Malai,Desserts,3,0.44,123.2,Monday,0,0,Sunny,12,0
2025-03-17,Kheer,Desserts,8,1.14,319.2,Monday,0,0,Sunny,12,0
2025-03-17,Kulfi,Desserts,10,1.09,305.2,Monday,0,0,Sunny,12,0
2025-03-18,Paneer Butter Masala,Main Course,3,0.85,272.0,Tuesday,0,0,Cloudy,12,0
2025-03-18,Dal Makhani,Main Course,9,2.24,716.8,Tuesday,0,0,Cloudy,12,0
2025-03-18,Chicken Biryani,Main Course,5,1.34,428.8,Tuesday,0,0,Cloudy,12,0
2025-03-18,Mutton Rogan Josh,Main Course,13,4.42,1414.4,Tuesday,0,0,Cloudy,12,0
2025-03-18,Paneer Tikka,Starters,9,1.6,400.0,Tuesday,0,0,Cloudy,12,0
2025-03-18,Chicken Tandoori,Starters,17,2.41,602.5,Tuesday,0,0,Cloudy,12,0
2025-03-18,Veg Spring Rolls,Starters,4,0.59,147.5,Tuesday,0,0,Cloudy,12,0
2025-03-18,Fish Amritsari,Starters,21,3.54,885.0,Tuesday,0,0,Cloudy,12,0
2025-03-18,Butter Naan,Breads,14,0.97,116.4,Tuesday,0,0,Cloudy,12,0
2025-03-18,Garlic Naan,Breads,12,0.75,90.0,Tuesday,0,0,Cloudy,12,0
2025-03-18,Tandoori Roti,Breads,14,0.91,109.2,Tuesday,0,0,Cloudy,12,0
2025-03-18,Gulab Jamun,Desserts,6,0.9,252.0,Tuesday,0,0,Cloudy,12,0
2025-03-18,Ras Malai,Desserts,10,1.13,316.4,Tuesday,0,0,Cloudy,12,0
2025-03-18,Kheer,Desserts,7,0.96,268.8,Tuesday,0,0,Cloudy,12,0
2025-03-18,Kulfi,Desserts,14,1.95,546.0,Tuesday,0,0,Cloudy,12,0
2025-03-19,Paneer Butter Masala,Main Course,4,1.14,364.8,Wednesday,0,0,Sunny,12,0
2025-03-19,Dal Makhani,Main Course,8,2.54,812.8,Wednesday,0,0,Sunny,12,0
2025-03-19,Chicken Biryani,Main Course,9,2.56,819.2,Wednesday,0,0,Sunny,12,0
2025-03-19,Mutton Rogan Josh,Main Course,22,7.19,2300.8,Wednesday,0,0,Sunny,12,0
2025-03-19,Paneer Tikka,Starters,12,1.69,422.5,Wednesday,0,0,Sunny,12,0
2025-03-19,Chicken Tandoori,Starters,7,1.34,335.0,Wednesday,0,0,Sunny,12,0
2025-03-19,Veg Spring Rolls,Starters,13,2.41,602.5,Wednesday,0,0,Sunny,12,0
2025-03-19,Fish Amritsari,Starters,23,3.96,990.0,Wednesday,0,0,Sunny,12,0
2025-03-19,Butter Naan,Breads,4,0.26,31.2,Wednesday,0,0,Sunny,12,0
2025-03-19,Garlic Naan,Breads,23,1.52,182.4,Wednesday,0,0,Sunny,12,0
2025-03-19,Tandoori Roti,Breads,11,0.83,99.6,Wednesday,0,0,Sunny,12,0
2025-03-19,Gulab Jamun,Desserts,14,2.03,568.4,Wednesday,0,0,Sunny,12,0
2025-03-19,Ras Malai,Desserts,9,1.31,366.8,Wednesday,0,0,Sunny,12,0
2025-03-19,Kheer,Desserts,10,1.41,394.8,Wednesday,0,0,Sunny,12,0
2025-03-19,Kulfi,Desserts,11,1.53,428.4,Wednesday,0,0,Sunny,12,0
2025-03-20,Paneer Butter Masala,Main Course,8,2.07,662.4,Thursday,0,0,Sunny,11,1
2025-03-20,Dal Makhani,Main Course,9,2.73,873.6,Thursday,0,0,Sunny,11,1
2025-03-20,Chicken Biryani,Main Course,7,1.79,572.8,Thursday,0,0,Sunny,11,1
2025-03-20,Mutton Rogan Josh,Main Course,17,5.66,1811.2,Thursday,0,0,Sunny,11,1
2025-03-20,Paneer Tikka,Starters,20,3.85,962.5,Thursday,0,0,Sunny,11,1
2025-03-20,Chicken Tandoori,Starters,17,2.61,652.5,Thursday,0,0,Sunny,11,1
2025-03-20,Veg Spring Rolls,Starters,10,1.52,380.0,Thursday,0,0,Sunny,11,1
2025-03-20,Fish Amritsari,Starters,32,6.14,1535.0,Thursday,0,0,Sunny,11,1
2025-03-20,Butter Naan,Breads,21,1.21,145.2,Thursday,0,0,Sunny,11,1
2025-03-20,Garlic Naan,Breads,20,1.17,140.4,Thursday,0,0,Sunny,11,1
2025-03-20,Tandoori Roti,Breads,18,1.17,140.4,Thursday,0,0,Sunny,11,1
2025-03-20,Gulab Jamun,Desserts,12,1.59,445.2,Thursday,0,0,Sunny,11,1
2025-03-20,Ras Malai,Desserts,5,0.63,176.4,Thursday,0,0,Sunny,11,1
2025-03-20,Kheer,Desserts,3,0.4,112.0,Thursday,0,0,Sunny,11,1
2025-03-20,Kulfi,Desserts,19,2.12,593.6,Thursday,0,0,Sunny,11,1
2025-03-21,Paneer Butter Masala,Main Course,9,3.11,995.2,Friday,0,0,Sunny,11,0
2025-03-21,Dal Makhani,Main Course,11,3.19,1020.8,Friday,0,0,Sunny,11,0
2025-03-21,Chicken Biryani,Main Course,6,1.63,521.6,Friday,0,0,Sunny,11,0
2025-03-21,Mutton Rogan Josh,Main Course,9,3.08,985.6,Friday,0,0,Sunny,11,0
2025-03-21,Paneer Tikka,Starters,4,0.72,180.0,Friday,0,0,Sunny,11,0
2025-03-21,Chicken Tandoori,Starters,17,2.55,637.5,Friday,0,0,Sunny,11,0
2025-03-21,Veg Spring Rolls,Starters,8,1.48,370.0,Friday,0,0,Sunny,11,0
2025-03-21,Fish Amritsari,Starters,28,5.42,1355.0,Friday,0,0,Sunny,11,0
2025-03-21,Butter Naan,Breads,3,0.19,22.8,Friday,0,0,Sunny,11,0
2025-03-21,Garlic Naan,Breads,17,1.16,139.2,Friday,0,0,Sunny,11,0
2025-03-21,Tandoori Roti,Breads,14,0.97,116.4,Friday,0,0,Sunny,11,0
2025-03-21,Gulab Jamun,Desserts,7,0.77,215.6,Friday,0,0,Sunny,11,0
2025-03-21,Ras Malai,Desserts,3,0.44,123.2,Friday,0,0,Sunny,11,0
2025-03-21,Kheer,Desserts,2,0.28,78.4,Friday,0,0,Sunny,11,0
2025-03-21,Kulfi,Desserts,8,1.14,319.2,Friday,0,0,Sunny,11,0
2025-03-22,Paneer Butter Masala,Main Course,13,4.53,1449.6,Saturday,1,0,Sunny,12,0
2025-03-22,Dal Makhani,Main Course,24,7.13,2281.6,Saturday,1,0,Sunny,12,0
2025-03-22,Chicken Biryani,Main Course,12,4.2,1344.0,Saturday,1,0,Sunny,12,0
2025-03-22,Mutton Rogan Josh,Main Course,22,6.25,2000.0,Saturday,1,0,Sunny,12,0
2025-03-22,Paneer Tikka,Starters,18,3.4,850.0,Saturday,1,0,Sunny,12,0
2025-03-22,Chicken Tandoori,Starters,49,8.97,2242.5,Saturday,1,0,Sunny,12,0
2025-03-22,Veg Spring Rolls,Starters,14,2.06,515.0,Saturday,1,0,Sunny,12,0
2025-03-22,Fish Amritsari,Starters,29,4.6,1150.0,Saturday,1,0,Sunny,12,0
2025-03-22,Butter Naan,Breads,15,1.16,139.2,Saturday,1,0,Sunny,12,0
2025-03-22,Garlic Naan,Breads,15,1.19,142.8,Saturday,1,0,Sunny,12,0
2025-03-22,Tandoori Roti,Breads,32,2.14,256.8,Saturday,1,0,Sunny,12,0
2025-03-22,Gulab Jamun,Desserts,5,0.72,201.6,Saturday,1,0,Sunny,12,0
2025-03-22,Ras Malai,Desserts,5,0.69,193.2,Saturday,1,0,Sunny,12,0
2025-03-22,Kheer,Desserts,3,0.32,89.6,Saturday,1,0,Sunny,12,0
2025-03-22,Kulfi,Desserts,16,2.05,574.0,Saturday,1,0,Sunny,12,0
2025-03-23,Paneer Butter Masala,Main Course,6,1.78,569.6,Sunday,1,0,Sunny,10,0
2025-03-23,Dal Makhani,Main Course,22,6.98,2233.6,Sunday,1,0,Sunny,10,0
2025-03-23,Chicken Biryani,Main Course,2,0.69,220.8,Sunday,1,0,Sunny,10,0
2025-03-23,Mutton Rogan Josh,Main Course,20,5.99,1916.8,Sunday,1,0,Sunny,10,0
2025-03-23,Paneer Tikka,Starters,4,0.62,155.0,Sunday,1,0,Sunny,10,0
2025-03-23,Chicken Tandoori,Starters,87,17.2,4300.0,Sunday,1,0,Sunny,10,0
2025-03-23,Veg Spring Rolls,Starters,18,3.36,840.0,Sunday,1,0,Sunny,10,0
2025-03-23,Fish Amritsari,Starters,31,5.12,1280.0,Sunday,1,0,Sunny,10,0
2025-03-23,Butter Naan,Breads,23,1.58,189.6,Sunday,1,0,Sunny,10,0
2025-03-23,Garlic Naan,Breads,10,0.64,76.8,Sunday,1,0,Sunny,10,0
2025-03-23,Tandoori Roti,Breads,27,1.56,187.2,Sunday,1,0,Sunny,10,0
2025-03-23,Gulab Jamun,Desserts,9,1.2,336.0,Sunday,1,0,Sunny,10,0
2025-03-23,Ras Malai,Desserts,4,0.5,140.0,Sunday,1,0,Sunny,10,0
2025-03-23,Kheer,Desserts,11,1.58,442.4,Sunday,1,0,Sunny,10,0
2025-03-23,Kulfi,Desserts,15,2.23,624.4,Sunday,1,0,Sunny,10,0
2025-03-24,Paneer Butter Masala,Main Course,6,1.86,595.2,Monday,0,0,Cloudy,8,0
2025-03-24,Dal Makhani,Main Course,14,3.91,1251.2,Monday,0,0,Cloudy,8,0
2025-03-24,Chicken Biryani,Main Course,8,2.09,668.8,Monday,0,0,Cloudy,8,0
2025-03-24,Mutton Rogan Josh,Main Course,14,4.39,1404.8,Monday,0,0,Cloudy,8,0
2025-03-24,Paneer Tikka,Starters,14,2.18,545.0,Monday,0,0,Cloudy,8,0
2025-03-24,Chicken Tandoori,Starters,15,2.92,730.0,Monday,0,0,Cloudy,8,0
2025-03-24,Veg Spring Rolls,Starters,15,2.96,740.0,Monday,0,0,Cloudy,8,0
2025-03-24,Fish Amritsari,Starters,19,2.82,705.0,Monday,0,0,Cloudy,8,0
2025-03-24,Butter Naan,Breads,3,0.21,25.2,Monday,0,0,Cloudy,8,0
2025-03-24,Garlic Naan,Breads,11,0.73,87.6,Monday,0,0,Cloudy,8,0
2025-03-24,Tandoori Roti,Breads,59,4.41,529.2,Monday,0,0,Cloudy,8,0
2025-03-24,Gulab Jamun,Desserts,9,1.02,285.6,Monday,0,0,Cloudy,8,0
2025-03-24,Ras Malai,Desserts,7,0.77,215.6,Monday,0,0,Cloudy,8,0
2025-03-24,Kheer,Desserts,4,0.45,126.0,Monday,0,0,Cloudy,8,0
2025-03-24,Kulfi,Desserts,14,1.91,534.8,Monday,0,0,Cloudy,8,0
2025-03-25,Paneer Butter Masala,Main Course,4,0.99,316.8,Tuesday,0,0,Sunny,10,0
2025-03-25,Dal Makhani,Main Course,37,9.09,2908.8,Tuesday,0,0,Sunny,10,0
2025-03-25,Chicken Biryani,Main Course,2,0.51,163.2,Tuesday,0,0,Sunny,10,0
2025-03-25,Mutton Rogan Josh,Main Course,16,5.26,1683.2,Tuesday,0,0,Sunny,10,0
2025-03-25,Paneer Tikka,Starters,9,1.37,342.5,Tuesday,0,0,Sunny,10,0
2025-03-25,Chicken Tandoori,Starters,6,1.02,255.0,Tuesday,0,0,Sunny,10,0
2025-03-25,Veg Spring Rolls,Starters,14,2.53,632.5,Tuesday,0,0,Sunny,10,0
2025-03-25,Fish Amritsari,Starters,20,3.11,777.5,Tuesday,0,0,Sunny,10,0
2025-03-25,Butter Naan,Breads,5,0.4,48.0,Tuesday,0,0,Sunny,10,0
2025-03-25,Garlic Naan,Breads,5,0.3,36.0,Tuesday,0,0,Sunny,10,0
2025-03-25,Tandoori Roti,Breads,13,0.96,115.2,Tuesday,0,0,Sunny,10,0
2025-03-25,Gulab Jamun,Desserts,13,1.37,383.6,Tuesday,0,0,Sunny,10,0
2025-03-25,Ras Malai,Desserts,5,0.58,162.4,Tuesday,0,0,Sunny,10,0
2025-03-25,Kheer,Desserts,10,1.15,322.0,Tuesday,0,0,Sunny,10,0
2025-03-25,Kulfi,Desserts,11,1.31,366.8,Tuesday,0,0,Sunny,10,0
2025-03-26,Paneer Butter Masala,Main Course,7,2.29,732.8,Wednesday,0,0,Sunny,9,0
2025-03-26,Dal Makhani,Main Course,17,4.57,1462.4,Wednesday,0,0,Sunny,9,0
2025-03-26,Chicken Biryani,Main Course,3,0.86,275.2,Wednesday,0,0,Sunny,9,0
2025-03-26,Mutton Rogan Josh,Main Course,18,5.04,1612.8,Wednesday,0,0,Sunny,9,0
2025-03-26,Paneer Tikka,Starters,21,3.15,787.5,Wednesday,0,0,Sunny,9,0
2025-03-26,Chicken Tandoori,Starters,14,2.4,600.0,Wednesday,0,0,Sunny,9,0
2025-03-26,Veg Spring Rolls,Starters,22,3.59,897.5,Wednesday,0,0,Sunny,9,0
2025-03-26,Fish Amritsari,Starters,63,11.07,2767.5,Wednesday,0,0,Sunny,9,0
2025-03-26,Butter Naan,Breads,7,0.52,62.4,Wednesday,0,0,Sunny,9,0
2025-03-26,Garlic Naan,Breads,5,0.3,36.0,Wednesday,0,0,Sunny,9,0
2025-03-26,Tandoori Roti,Breads,21,1.66,199.2,Wednesday,0,0,Sunny,9,0
2025-03-26,Gulab Jamun,Desserts,4,0.54,151.2,Wednesday,0,0,Sunny,9,0
2025-03-26,Ras Malai,Desserts,12,1.32,369.6,Wednesday,0,0,Sunny,9,0
2025-03-26,Kheer,Desserts,4,0.46,128.8,Wednesday,0,0,Sunny,9,0
2025-03-26,Kulfi,Desserts,11,1.54,431.2,Wednesday,0,0,Sunny,9,0
2025-03-27,Paneer Butter Masala,Main Course,7,2.0,640.0,Thursday,0,0,Cloudy,10,0
2025-03-27,Dal Makhani,Main Course,19,6.06,1939.2,Thursday,0,0,Cloudy,10,0
2025-03-27,Chicken Biryani,Main Course,2,0.69,220.8,Thursday,0,0,Cloudy,10,0
2025-03-27,Mutton Rogan Josh,Main Course,11,3.4,1088.0,Thursday,0,0,Cloudy,10,0
2025-03-27,Paneer Tikka,Starters,7,1.31,327.5,Thursday,0,0,Cloudy,10,0
2025-03-27,Chicken Tandoori,Starters,8,1.57,392.5,Thursday,0,0,Cloudy,10,0
2025-03-27,Veg Spring Rolls,Starters,19,3.42,855.0,Thursday,0,0,Cloudy,10,0
2025-03-27,Fish Amritsari,Starters,23,3.46,865.0,Thursday,0,0,Cloudy,10,0
2025-03-27,Butter Naan,Breads,7,0.56,67.2,Thursday,0,0,Cloudy,10,0
2025-03-27,Garlic Naan,Breads,10,0.63,75.6,Thursday,0,0,Cloudy,10,0
2025-03-27,Tandoori Roti,Breads,22,1.69,202.8,Thursday,0,0,Cloudy,10,0
2025-03-27,Gulab Jamun,Desserts,13,1.65,462.0,Thursday,0,0,Cloudy,10,0
2025-03-27,Ras Malai,Desserts,9,1.16,324.8,Thursday,0,0,Cloudy,10,0
2025-03-27,Kheer,Desserts,7,0.84,235.2,Thursday,0,0,Cloudy,10,0
2025-03-27,Kulfi,Desserts,9,1.02,285.6,Thursday,0,0,Cloudy,10,0
2025-03-28,Paneer Butter Masala,Main Course,9,2.98,953.6,Friday,0,0,Cloudy,8,0
2025-03-28,Dal Makhani,Main Course,7,2.08,665.6,Friday,0,0,Cloudy,8,0
2025-03-28,Chicken Biryani,Main Course,5,1.31,419.2,Friday,0,0,Cloudy,8,0
2025-03-28,Mutton Rogan Josh,Main Course,12,3.94,1260.8,Friday,0,0,Cloudy,8,0
2025-03-28,Paneer Tikka,Starters,5,0.79,197.5,Friday,0,0,Cloudy,8,0
2025-03-28,Chicken Tandoori,Starters,8,1.21,302.5,Friday,0,0,Cloudy,8,0
2025-03-28,Veg Spring Rolls,Starters,18,3.26,815.0,Friday,0,0,Cloudy,8,0
2025-03-28,Fish Amritsari,Starters,12,1.84,460.0,Friday,0,0,Cloudy,8,0
2025-03-28,Butter Naan,Breads,16,1.25,150.0,Friday,0,0,Cloudy,8,0
2025-03-28,Garlic Naan,Breads,5,0.29,34.8,Friday,0,0,Cloudy,8,0
2025-03-28,Tandoori Roti,Breads,20,1.38,165.6,Friday,0,0,Cloudy,8,0
2025-03-28,Gulab Jamun,Desserts,9,1.27,355.6,Friday,0,0,Cloudy,8,0
2025-03-28,Ras Malai,Desserts,4,0.48,134.4,Friday,0,0,Cloudy,8,0
2025-03-28,Kheer,Desserts,3,0.33,92.4,Friday,0,0,Cloudy,8,0
2025-03-28,Kulfi,Desserts,16,1.75,490.0,Friday,0,0,Cloudy,8,0
2025-03-29,Paneer Butter Masala,Main Course,63,21.7,6944.0,Saturday,1,1,Stormy,17,1
2025-03-29,Dal Makhani,Main Course,15,4.03,1289.6,Saturday,1,1,Stormy,17,1
2025-03-29,Chicken Biryani,Main Course,9,2.53,809.6,Saturday,1,1,Stormy,17,1
2025-03-29,Mutton Rogan Josh,Main Course,28,9.48,3033.6,Saturday,1,1,Stormy,17,1
2025-03-29,Paneer Tikka,Starters,36,5.43,1357.5,Saturday,1,1,Stormy,17,1
2025-03-29,Chicken Tandoori,Starters,26,3.71,927.5,Saturday,1,1,Stormy,17,1
2025-03-29,Veg Spring Rolls,Starters,13,2.25,562.5,Saturday,1,1,Stormy,17,1
2025-03-29,Fish Amritsari,Starters,53,9.75,2437.5,Saturday,1,1,Stormy,17,1
2025-03-29,Butter Naan,Breads,7,0.54,64.8,Saturday,1,1,Stormy,17,1
2025-03-29,Garlic Naan,Breads,35,2.19,262.8,Saturday,1,1,Stormy,17,1
2025-03-29,Tandoori Roti,Breads,43,2.77,332.4,Saturday,1,1,Stormy,17,1
2025-03-29,Gulab Jamun,Desserts,14,1.75,490.0,Saturday,1,1,Stormy,17,1
2025-03-29,Ras Malai,Desserts,15,2.16,604.8,Saturday,1,1,Stormy,17,1
2025-03-29,Kheer,Desserts,5,0.69,193.2,Saturday,1,1,Stormy,17,1
2025-03-29,Kulfi,Desserts,16,2.32,649.6,Saturday,1,1,Stormy,17,1
2025-03-30,Paneer Butter Masala,Main Course,6,1.77,566.4,Sunday,1,0,Sunny,16,1
2025-03-30,Dal Makhani,Main Course,13,4.19,1340.8,Sunday,1,0,Sunny,16,1
2025-03-30,Chicken Biryani,Main Course,6,1.89,604.8,Sunday,1,0,Sunny,16,1
2025-03-30,Mutton Rogan Josh,Main Course,27,8.55,2736.0,Sunday,1,0,Sunny,16,1
2025-03-30,Paneer Tikka,Starters,16,2.65,662.5,Sunday,1,0,Sunny,16,1
2025-03-30,Chicken Tandoori,Starters,9,1.32,330.0,Sunday,1,0,Sunny,16,1
2025-03-30,Veg Spring Rolls,Starters,64,11.2,2800.0,Sunday,1,0,Sunny,16,1
2025-03-30,Fish Amritsari,Starters,41,7.47,1867.5,Sunday,1,0,Sunny,16,1
2025-03-30,Butter Naan,Breads,12,0.95,114.0,Sunday,1,0,Sunny,16,1
2025-03-30,Garlic Naan,Breads,40,2.79,334.8,Sunday,1,0,Sunny,16,1
2025-03-30,Tandoori Roti,Breads,14,0.92,110.4,Sunday,1,0,Sunny,16,1
2025-03-30,Gulab Jamun,Desserts,14,1.91,534.8,Sunday,1,0,Sunny,16,1
2025-03-30,Ras Malai,Desserts,16,2.04,571.2,Sunday,1,0,Sunny,16,1
2025-03-30,Kheer,Desserts,19,2.3,644.0,Sunday,1,0,Sunny,16,1
2025-03-30,Kulfi,Desserts,21,2.71,758.8,Sunday,1,0,Sunny,16,1
2025-03-31,Paneer Butter Masala,Main Course,2,0.64,204.8,Monday,0,0,Cloudy,11,0
2025-03-31,Dal Makhani,Main Course,6,1.9,608.0,Monday,0,0,Cloudy,11,0
2025-03-31,Chicken Biryani,Main Course,7,1.87,598.4,Monday,0,0,Cloudy,11,0
2025-03-31,Mutton Rogan Josh,Main Course,34,8.74,2796.8,Monday,0,0,Cloudy,11,0
2025-03-31,Paneer Tikka,Starters,16,2.83,707.5,Monday,0,0,Cloudy,11,0
2025-03-31,Chicken Tandoori,Starters,11,1.72,430.0,Monday,0,0,Cloudy,11,0
2025-03-31,Veg Spring Rolls,Starters,45,7.62,1905.0,Monday,0,0,Cloudy,11,0
2025-03-31,Fish Amritsari,Starters,26,4.96,1240.0,Monday,0,0,Cloudy,11,0
2025-03-31,Butter Naan,Breads,12,0.77,92.4,Monday,0,0,Cloudy,11,0
2025-03-31,Garlic Naan,Breads,10,0.66,79.2,Monday,0,0,Cloudy,11,0
2025-03-31,Tandoori Roti,Breads,7,0.51,61.2,Monday,0,0,Cloudy,11,0
2025-03-31,Gulab Jamun,Desserts,8,0.88,246.4,Monday,0,0,Cloudy,11,0
2025-03-31,Ras Malai,Desserts,12,1.61,450.8,Monday,0,0,Cloudy,11,0
2025-03-31,Kheer,Desserts,11,1.21,338.8,Monday,0,0,Cloudy,11,0
2025-03-31,Kulfi,Desserts,12,1.29,361.2,Monday,0,0,Cloudy,11,0
2025-04-01,Paneer Butter Masala,Main Course,8,1.99,636.8,Tuesday,0,0,Cloudy,9,0
2025-04-01,Dal Makhani,Main Course,14,3.45,1104.0,Tuesday,0,0,Cloudy,9,0
2025-04-01,Chicken Biryani,Main Course,4,1.25,400.0,Tuesday,0,0,Cloudy,9,0
2025-04-01,Mutton Rogan Josh,Main Course,18,4.48,1433.6,Tuesday,0,0,Cloudy,9,0
2025-04-01,Paneer Tikka,Starters,6,1.04,260.0,Tuesday,0,0,Cloudy,9,0
2025-04-01,Chicken Tandoori,Starters,8,1.18,295.0,Tuesday,0,0,Cloudy,9,0
2025-04-01,Veg Spring Rolls,Starters,10,1.64,410.0,Tuesday,0,0,Cloudy,9,0
2025-04-01,Fish Amritsari,Starters,74,11.22,2805.0,Tuesday,0,0,Cloudy,9,0
2025-04-01,Butter Naan,Breads,3,0.24,28.8,Tuesday,0,0,Cloudy,9,0
2025-04-01,Garlic Naan,Breads,22,1.58,189.6,Tuesday,0,0,Cloudy,9,0
2025-04-01,Tandoori Roti,Breads,15,1.03,123.6,Tuesday,0,0,Cloudy,9,0
2025-04-01,Gulab Jamun,Desserts,9,1.25,350.0,Tuesday,0,0,Cloudy,9,0
2025-04-01,Ras Malai,Desserts,4,0.48,134.4,Tuesday,0,0,Cloudy,9,0
2025-04-01,Kheer,Desserts,10,1.22,341.6,Tuesday,0,0,Cloudy,9,0
2025-04-01,Kulfi,Desserts,14,1.86,520.8,Tuesday,0,0,Cloudy,9,0
2025-04-02,Paneer Butter Masala,Main Course,4,1.22,390.4,Wednesday,0,0,Cloudy,10,0
2025-04-02,Dal Makhani,Main Course,6,2.01,643.2,Wednesday,0,0,Cloudy,10,0
2025-04-02,Chicken Biryani,Main Course,8,2.16,691.2,Wednesday,0,0,Cloudy,10,0
2025-04-02,Mutton Rogan Josh,Main Course,10,3.15,1008.0,Wednesday,0,0,Cloudy,10,0
2025-04-02,Paneer Tikka,Starters,22,3.1,775.0,Wednesday,0,0,Cloudy,10,0
2025-04-02,Chicken Tandoori,Starters,4,0.67,167.5,Wednesday,0,0,Cloudy,10,0
2025-04-02,Veg Spring Rolls,Starters,20,3.17,792.5,Wednesday,0,0,Cloudy,10,0
2025-04-02,Fish Amritsari,Starters,26,4.63,1157.5,Wednesday,0,0,Cloudy,10,0
2025-04-02,Butter Naan,Breads,6,0.41,49.2,Wednesday,0,0,Cloudy,10,0
2025-04-02,Garlic Naan,Breads,24,1.72,206.4,Wednesday,0,0,Cloudy,10,0
2025-04-02,Tandoori Roti,Breads,17,0.97,116.4,Wednesday,0,0,Cloudy,10,0
2025-04-02,Gulab Jamun,Desserts,7,0.83,232.4,Wednesday,0,0,Cloudy,10,0
2025-04-02,Ras Malai,Desserts,9,1.11,310.8,Wednesday,0,0,Cloudy,10,0
2025-04-02,Kheer,Desserts,24,3.24,907.2,Wednesday,0,0,Cloudy,10,0
2025-04-02,Kulfi,Desserts,15,1.6,448.0,Wednesday,0,0,Cloudy,10,0
2025-04-03,Paneer Butter Masala,Main Course,4,1.25,400.0,Thursday,0,0,Cloudy,12,0
2025-04-03,Dal Makhani,Main Course,12,3.7,1184.0,Thursday,0,0,Cloudy,12,0
2025-04-03,Chicken Biryani,Main Course,8,1.98,633.6,Thursday,0,0,Cloudy,12,0
2025-04-03,Mutton Rogan Josh,Main Course,18,5.58,1785.6,Thursday,0,0,Cloudy,12,0
2025-04-03,Paneer Tikka,Starters,8,1.32,330.0,Thursday,0,0,Cloudy,12,0
2025-04-03,Chicken Tandoori,Starters,16,2.85,712.5,Thursday,0,0,Cloudy,12,0
2025-04-03,Veg Spring Rolls,Starters,19,2.72,680.0,Thursday,0,0,Cloudy,12,0
2025-04-03,Fish Amritsari,Starters,23,4.25,1062.5,Thursday,0,0,Cloudy,12,0
2025-04-03,Butter Naan,Breads,9,0.67,80.4,Thursday,0,0,Cloudy,12,0
2025-04-03,Garlic Naan,Breads,7,0.46,55.2,Thursday,0,0,Cloudy,12,0
2025-04-03,Tandoori Roti,Breads,14,1.07,128.4,Thursday,0,0,Cloudy,12,0
2025-04-03,Gulab Jamun,Desserts,13,1.75,490.0,Thursday,0,0,Cloudy,12,0
2025-04-03,Ras Malai,Desserts,6,0.74,207.2,Thursday,0,0,Cloudy,12,0
2025-04-03,Kheer,Desserts,5,0.68,190.4,Thursday,0,0,Cloudy,12,0
2025-04-03,Kulfi,Desserts,37,5.09,1425.2,Thursday,0,0,Cloudy,12,0
2025-04-04,Paneer Butter Masala,Main Course,8,2.07,662.4,Friday,0,0,Sunny,11,0
2025-04-04,Dal Makhani,Main Course,9,2.24,716.8,Friday,0,0,Sunny,11,0
2025-04-04,Chicken Biryani,Main Course,7,2.25,720.0,Friday,0,0,Sunny,11,0
2025-04-04,Mutton Rogan Josh,Main Course,40,11.23,3593.6,Friday,0,0,Sunny,11,0
2025-04-04,Paneer Tikka,Starters,13,1.93,482.5,Friday,0,0,Sunny,11,0
2025-04-04,Chicken Tandoori,Starters,14,2.6,650.0,Friday,0,0,Sunny,11,0
2025-04-04,Veg Spring Rolls,Starters,18,3.16,790.0,Friday,0,0,Sunny,11,0
2025-04-04,Fish Amritsari,Starters,23,4.52,1130.0,Friday,0,0,Sunny,11,0
2025-04-04,Butter Naan,Breads,12,0.74,88.8,Friday,0,0,Sunny,11,0
2025-04-04,Garlic Naan,Breads,14,1.08,129.6,Friday,0,0,Sunny,11,0
2025-04-04,Tandoori Roti,Breads,15,1.07,128.4,Friday,0,0,Sunny,11,0
2025-04-04,Gulab Jamun,Desserts,12,1.54,431.2,Friday,0,0,Sunny,11,0
2025-04-04,Ras Malai,Desserts,11,1.17,327.6,Friday,0,0,Sunny,11,0
2025-04-04,Kheer,Desserts,8,1.01,282.8,Friday,0,0,Sunny,11,0
2025-04-04,Kulfi,Desserts,7,0.95,266.0,Friday,0,0,Sunny,11,0
2025-04-05,Paneer Butter Masala,Main Course,6,1.63,521.6,Saturday,1,0,Sunny,13,0
2025-04-05,Dal Makhani,Main Course,12,3.38,1081.6,Saturday,1,0,Sunny,13,0
2025-04-05,Chicken Biryani,Main Course,4,1.12,358.4,Saturday,1,0,Sunny,13,0
2025-04-05,Mutton Rogan Josh,Main Course,14,4.86,1555.2,Saturday,1,0,Sunny,13,0
2025-04-05,Paneer Tikka,Starters,18,3.31,827.5,Saturday,1,0,Sunny,13,0
2025-04-05,Chicken Tandoori,Starters,16,2.35,587.5,Saturday,1,0,Sunny,13,0
2025-04-05,Veg Spring Rolls,Starters,12,2.18,545.0,Saturday,1,0,Sunny,13,0
2025-04-05,Fish Amritsari,Starters,32,4.92,1230.0,Saturday,1,0,Sunny,13,0
2025-04-05,Butter Naan,Breads,20,1.25,150.0,Saturday,1,0,Sunny,13,0
2025-04-05,Garlic Naan,Breads,16,1.14,136.8,Saturday,1,0,Sunny,13,0
2025-04-05,Tandoori Roti,Breads,34,2.09,250.8,Saturday,1,0,Sunny,13,0
2025-04-05,Gulab Jamun,Desserts,18,2.38,666.4,Saturday,1,0,Sunny,13,0
2025-04-05,Ras Malai,Desserts,17,2.04,571.2,Saturday,1,0,Sunny,13,0
2025-04-05,Kheer,Desserts,13,1.54,431.2,Saturday,1,0,Sunny,13,0
2025-04-05,Kulfi,Desserts,8,0.85,238.0,Saturday,1,0,Sunny,13,0
2025-04-06,Paneer Butter Masala,Main Course,11,2.84,908.8,Sunday,1,0,Sunny,15,0
2025-04-06,Dal Makhani,Main Course,9,2.99,956.8,Sunday,1,0,Sunny,15,0
2025-04-06,Chicken Biryani,Main Course,8,2.39,764.8,Sunday,1,0,Sunny,15,0
2025-04-06,Mutton Rogan Josh,Main Course,25,6.2,1984.0,Sunday,1,0,Sunny,15,0
2025-04-06,Paneer Tikka,Starters,17,2.45,612.5,Sunday,1,0,Sunny,15,0
2025-04-06,Chicken Tandoori,Starters,8,1.37,342.5,Sunday,1,0,Sunny,15,0
2025-04-06,Veg Spring Rolls,Starters,26,4.07,1017.5,Sunday,1,0,Sunny,15,0
2025-04-06,Fish Amritsari,Starters,52,8.39,2097.5,Sunday,1,0,Sunny,15,0
2025-04-06,Butter Naan,Breads,10,0.59,70.8,Sunday,1,0,Sunny,15,0
2025-04-06,Garlic Naan,Breads,26,1.51,181.2,Sunday,1,0,Sunny,15,0
2025-04-06,Tandoori Roti,Breads,20,1.12,134.4,Sunday,1,0,Sunny,15,0
2025-04-06,Gulab Jamun,Desserts,15,2.17,607.6,Sunday,1,0,Sunny,15,0
2025-04-06,Ras Malai,Desserts,37,5.32,1489.6,Sunday,1,0,Sunny,15,0
2025-04-06,Kheer,Desserts,32,4.67,1307.6,Sunday,1,0,Sunny,15,0
2025-04-06,Kulfi,Desserts,19,2.02,565.6,Sunday,1,0,Sunny,15,0
2025-04-07,Paneer Butter Masala,Main Course,4,1.01,323.2,Monday,0,0,Cloudy,9,0
2025-04-07,Dal Makhani,Main Course,5,1.5,480.0,Monday,0,0,Cloudy,9,0
2025-04-07,Chicken Biryani,Main Course,9,3.06,979.2,Monday,0,0,Cloudy,9,0
2025-04-07,Mutton Rogan Josh,Main Course,8,2.35,752.0,Monday,0,0,Cloudy,9,0
2025-04-07,Paneer Tikka,Starters,8,1.15,287.5,Monday,0,0,Cloudy,9,0
2025-04-07,Chicken Tandoori,Starters,9,1.27,317.5,Monday,0,0,Cloudy,9,0
2025-04-07,Veg Spring Rolls,Starters,6,0.87,217.5,Monday,0,0,Cloudy,9,0
2025-04-07,Fish Amritsari,Starters,27,4.56,1140.0,Monday,0,0,Cloudy,9,0
2025-04-07,Butter Naan,Breads,9,0.69,82.8,Monday,0,0,Cloudy,9,0
2025-04-07,Garlic Naan,Breads,27,2.1,252.0,Monday,0,0,Cloudy,9,0
2025-04-07,Tandoori Roti,Breads,15,0.85,102.0,Monday,0,0,Cloudy,9,0
2025-04-07,Gulab Jamun,Desserts,13,1.65,462.0,Monday,0,0,Cloudy,9,0
2025-04-07,Ras Malai,Desserts,4,0.51,142.8,Monday,0,0,Cloudy,9,0
2025-04-07,Kheer,Desserts,4,0.45,126.0,Monday,0,0,Cloudy,9,0
2025-04-07,Kulfi,Desserts,14,1.72,481.6,Monday,0,0,Cloudy,9,0
2025-04-08,Paneer Butter Masala,Main Course,8,2.64,844.8,Tuesday,0,0,Rainy,10,0
2025-04-08,Dal Makhani,Main Course,14,4.74,1516.8,Tuesday,0,0,Rainy,10,0
2025-04-08,Chicken Biryani,Main Course,4,1.09,348.8,Tuesday,0,0,Rainy,10,0
2025-04-08,Mutton Rogan Josh,Main Course,10,2.91,931.2,Tuesday,0,0,Rainy,10,0
2025-04-08,Paneer Tikka,Starters,9,1.29,322.5,Tuesday,0,0,Rainy,10,0
2025-04-08,Chicken Tandoori,Starters,4,0.7,175.0,Tuesday,0,0,Rainy,10,0
2025-04-08,Veg Spring Rolls,Starters,17,3.26,815.0,Tuesday,0,0,Rainy,10,0
2025-04-08,Fish Amritsari,Starters,23,4.1,1025.0,Tuesday,0,0,Rainy,10,0
2025-04-08,Butter Naan,Breads,10,0.67,80.4,Tuesday,0,0,Rainy,10,0
2025-04-08,Garlic Naan,Breads,5,0.33,39.6,Tuesday,0,0,Rainy,10,0
2025-04-08,Tandoori Roti,Breads,7,0.49,58.8,Tuesday,0,0,Rainy,10,0
2025-04-08,Gulab Jamun,Desserts,14,1.8,504.0,Tuesday,0,0,Rainy,10,0
2025-04-08,Ras Malai,Desserts,6,0.65,182.0,Tuesday,0,0,Rainy,10,0
2025-04-08,Kheer,Desserts,9,1.08,302.4,Tuesday,0,0,Rainy,10,0
2025-04-08,Kulfi,Desserts,15,2.24,627.2,Tuesday,0,0,Rainy,10,0
2025-04-09,Paneer Butter Masala,Main Course,4,1.07,342.4,Wednesday,0,0,Sunny,11,0
2025-04-09,Dal Makhani,Main Course,6,1.51,483.2,Wednesday,0,0,Sunny,11,0
2025-04-09,Chicken Biryani,Main Course,3,1.03,329.6,Wednesday,0,0,Sunny,11,0
2025-04-09,Mutton Rogan Josh,Main Course,14,3.53,1129.6,Wednesday,0,0,Sunny,11,0
2025-04-09,Paneer Tikka,Starters,15,2.72,680.0,Wednesday,0,0,Sunny,11,0
2025-04-09,Chicken Tandoori,Starters,7,1.04,260.0,Wednesday,0,0,Sunny,11,0
2025-04-09,Veg Spring Rolls,Starters,4,0.61,152.5,Wednesday,0,0,Sunny,11,0
2025-04-09,Fish Amritsari,Starters,25,3.89,972.5,Wednesday,0,0,Sunny,11,0
2025-04-09,Butter Naan,Breads,15,0.88,105.6,Wednesday,0,0,Sunny,11,0
2025-04-09,Garlic Naan,Breads,16,0.92,110.4,Wednesday,0,0,Sunny,11,0
2025-04-09,Tandoori Roti,Breads,19,1.34,160.8,Wednesday,0,0,Sunny,11,0
2025-04-09,Gulab Jamun,Desserts,15,1.73,484.4,Wednesday,0,0,Sunny,11,0
2025-04-09,Ras Malai,Desserts,7,0.97,271.6,Wednesday,0,0,Sunny,11,0
2025-04-09,Kheer,Desserts,9,1.28,358.4,Wednesday,0,0,Sunny,11,0
2025-04-09,Kulfi,Desserts,13,1.6,448.0,Wednesday,0,0,Sunny,11,0
2025-04-10,Paneer Butter Masala,Main Course,8,2.03,649.6,Thursday,0,0,Sunny,10,0
2025-04-10,Dal Makhani,Main Course,17,4.62,1478.4,Thursday,0,0,Sunny,10,0
2025-04-10,Chicken Biryani,Main Course,7,2.06,659.2,Thursday,0,0,Sunny,10,0
2025-04-10,Mutton Rogan Josh,Main Course,17,5.51,1763.2,Thursday,0,0,Sunny,10,0
2025-04-10,Paneer Tikka,Starters,16,2.55,637.5,Thursday,0,0,Sunny,10,0
2025-04-10,Chicken Tandoori,Starters,10,1.41,352.5,Thursday,0,0,Sunny,10,0
2025-04-10,Veg Spring Rolls,Starters,13,2.01,502.5,Thursday,0,0,Sunny,10,0
2025-04-10,Fish Amritsari,Starters,18,3.33,832.5,Thursday,0,0,Sunny,10,0
2025-04-10,Butter Naan,Breads,10,0.66,79.2,Thursday,0,0,Sunny,10,0
2025-04-10,Garlic Naan,Breads,20,1.49,178.8,Thursday,0,0,Sunny,10,0
2025-04-10,Tandoori Roti,Breads,21,1.27,152.4,Thursday,0,0,Sunny,10,0
2025-04-10,Gulab Jamun,Desserts,9,1.14,319.2,Thursday,0,0,Sunny,10,0
2025-04-10,Ras Malai,Desserts,12,1.44,403.2,Thursday,0,0,Sunny,10,0
2025-04-10,Kheer,Desserts,7,0.95,266.0,Thursday,0,0,Sunny,10,0
2025-04-10,Kulfi,Desserts,10,1.25,350.0,Thursday,0,0,Sunny,10,0
2025-04-11,Paneer Butter Masala,Main Course,4,1.04,332.8,Friday,0,0,Sunny,9,0
2025-04-11,Dal Makhani,Main Course,15,4.58,1465.6,Friday,0,0,Sunny,9,0
2025-04-11,Chicken Biryani,Main Course,7,2.24,716.8,Friday,0,0,Sunny,9,0
2025-04-11,Mutton Rogan Josh,Main Course,10,3.02,966.4,Friday,0,0,Sunny,9,0
2025-04-11,Paneer Tikka,Starters,62,8.96,2240.0,Friday,0,0,Sunny,9,0
2025-04-11,Chicken Tandoori,Starters,17,2.74,685.0,Friday,0,0,Sunny,9,0
2025-04-11,Veg Spring Rolls,Starters,17,3.34,835.0,Friday,0,0,Sunny,9,0
2025-04-11,Fish Amritsari,Starters,24,4.05,1012.5,Friday,0,0,Sunny,9,0
2025-04-11,Butter Naan,Breads,12,0.86,103.2,Friday,0,0,Sunny,9,0
2025-04-11,Garlic Naan,Breads,23,1.36,163.2,Friday,0,0,Sunny,9,0
2025-04-11,Tandoori Roti,Breads,6,0.45,54.0,Friday,0,0,Sunny,9,0
2025-04-11,Gulab Jamun,Desserts,7,0.78,218.4,Friday,0,0,Sunny,9,0
2025-04-11,Ras Malai,Desserts,6,0.88,246.4,Friday,0,0,Sunny,9,0
2025-04-11,Kheer,Desserts,7,0.82,229.6,Friday,0,0,Sunny,9,0
2025-04-11,Kulfi,Desserts,12,1.42,397.6,Friday,0,0,Sunny,9,0
2025-04-12,Paneer Butter Masala,Main Course,7,1.73,553.6,Saturday,1,0,Sunny,14,1
2025-04-12,Dal Makhani,Main Course,8,1.96,627.2,Saturday,1,0,Sunny,14,1
2025-04-12,Chicken Biryani,Main Course,6,1.75,560.0,Saturday,1,0,Sunny,14,1
2025-04-12,Mutton Rogan Josh,Main Course,14,4.08,1305.6,Saturday,1,0,Sunny,14,1
2025-04-12,Paneer Tikka,Starters,26,4.8,1200.0,Saturday,1,0,Sunny,14,1
2025-04-12,Chicken Tandoori,Starters,19,3.47,867.5,Saturday,1,0,Sunny,14,1
2025-04-12,Veg Spring Rolls,Starters,18,2.71,677.5,Saturday,1,0,Sunny,14,1
2025-04-12,Fish Amritsari,Starters,46,8.24,2060.0,Saturday,1,0,Sunny,14,1
2025-04-12,Butter Naan,Breads,12,0.75,90.0,Saturday,1,0,Sunny,14,1
2025-04-12,Garlic Naan,Breads,35,2.36,283.2,Saturday,1,0,Sunny,14,1
2025-04-12,Tandoori Roti,Breads,14,0.93,111.6,Saturday,1,0,Sunny,14,1
2025-04-12,Gulab Jamun,Desserts,7,0.84,235.2,Saturday,1,0,Sunny,14,1
2025-04-12,Ras Malai,Desserts,6,0.71,198.8,Saturday,1,0,Sunny,14,1
2025-04-12,Kheer,Desserts,12,1.79,501.2,Saturday,1,0,Sunny,14,1
2025-04-12,Kulfi,Desserts,13,1.62,453.6,Saturday,1,0,Sunny,14,1
2025-04-13,Paneer Butter Masala,Main Course,4,1.18,377.6,Sunday,1,0,Rainy,15,0
2025-04-13,Dal Makhani,Main Course,7,2.17,694.4,Sunday,1,0,Rainy,15,0
2025-04-13,Chicken Biryani,Main Course,5,1.39,444.8,Sunday,1,0,Rainy,15,0
2025-04-13,Mutton Rogan Josh,Main Course,20,5.61,1795.2,Sunday,1,0,Rainy,15,0
2025-04-13,Paneer Tikka,Starters,8,1.39,347.5,Sunday,1,0,Rainy,15,0
2025-04-13,Chicken Tandoori,Starters,17,3.26,815.0,Sunday,1,0,Rainy,15,0
2025-04-13,Veg Spring Rolls,Starters,21,3.36,840.0,Sunday,1,0,Rainy,15,0
2025-04-13,Fish Amritsari,Starters,14,2.1,525.0,Sunday,1,0,Rainy,15,0
2025-04-13,Butter Naan,Breads,66,4.02,482.4,Sunday,1,0,Rainy,15,0
2025-04-13,Garlic Naan,Breads,26,1.6,192.0,Sunday,1,0,Rainy,15,0
2025-04-13,Tandoori Roti,Breads,7,0.5,60.0,Sunday,1,0,Rainy,15,0
2025-04-13,Gulab Jamun,Desserts,16,2.34,655.2,Sunday,1,0,Rainy,15,0
2025-04-13,Ras Malai,Desserts,8,0.99,277.2,Sunday,1,0,Rainy,15,0
2025-04-13,Kheer,Desserts,12,1.5,420.0,Sunday,1,0,Rainy,15,0
2025-04-13,Kulfi,Desserts,14,1.63,456.4,Sunday,1,0,Rainy,15,0
2025-04-14,Paneer Butter Masala,Main Course,11,3.49,1116.8,Monday,0,1,Cloudy,13,1
2025-04-14,Dal Makhani,Main Course,11,3.1,992.0,Monday,0,1,Cloudy,13,1
2025-04-14,Chicken Biryani,Main Course,11,3.54,1132.8,Monday,0,1,Cloudy,13,1
2025-04-14,Mutton Rogan Josh,Main Course,27,7.59,2428.8,Monday,0,1,Cloudy,13,1
2025-04-14,Paneer Tikka,Starters,21,3.92,980.0,Monday,0,1,Cloudy,13,1
2025-04-14,Chicken Tandoori,Starters,23,3.89,972.5,Monday,0,1,Cloudy,13,1
2025-04-14,Veg Spring Rolls,Starters,13,2.56,640.0,Monday,0,1,Cloudy,13,1
2025-04-14,Fish Amritsari,Starters,33,5.34,1335.0,Monday,0,1,Cloudy,13,1
2025-04-14,Butter Naan,Breads,18,1.19,142.8,Monday,0,1,Cloudy,13,1
2025-04-14,Garlic Naan,Breads,15,1.18,141.6,Monday,0,1,Cloudy,13,1
2025-04-14,Tandoori Roti,Breads,33,2.34,280.8,Monday,0,1,Cloudy,13,1
2025-04-14,Gulab Jamun,Desserts,9,1.0,280.0,Monday,0,1,Cloudy,13,1
2025-04-14,Ras Malai,Desserts,17,2.02,565.6,Monday,0,1,Cloudy,13,1
2025-04-14,Kheer,Desserts,13,1.55,434.0,Monday,0,1,Cloudy,13,1
2025-04-14,Kulfi,Desserts,18,2.57,719.6,Monday,0,1,Cloudy,13,1
2025-04-15,Paneer Butter Masala,Main Course,1,0.27,86.4,Tuesday,0,0,Sunny,11,0
2025-04-15,Dal Makhani,Main Course,8,2.6,832.0,Tuesday,0,0,Sunny,11,0
2025-04-15,Chicken Biryani,Main Course,9,2.3,736.0,Tuesday,0,0,Sunny,11,0
2025-04-15,Mutton Rogan Josh,Main Course,14,4.61,1475.2,Tuesday,0,0,Sunny,11,0
2025-04-15,Paneer Tikka,Starters,40,5.78,1445.0,Tuesday,0,0,Sunny,11,0
2025-04-15,Chicken Tandoori,Starters,18,3.1,775.0,Tuesday,0,0,Sunny,11,0
2025-04-15,Veg Spring Rolls,Starters,10,1.71,427.5,Tuesday,0,0,Sunny,11,0
2025-04-15,Fish Amritsari,Starters,26,4.05,1012.5,Tuesday,0,0,Sunny,11,0
2025-04-15,Butter Naan,Breads,6,0.46,55.2,Tuesday,0,0,Sunny,11,0
2025-04-15,Garlic Naan,Breads,15,1.04,124.8,Tuesday,0,0,Sunny,11,0
2025-04-15,Tandoori Roti,Breads,29,2.19,262.8,Tuesday,0,0,Sunny,11,0
2025-04-15,Gulab Jamun,Desserts,5,0.75,210.0,Tuesday,0,0,Sunny,11,0
2025-04-15,Ras Malai,Desserts,11,1.64,459.2,Tuesday,0,0,Sunny,11,0
2025-04-15,Kheer,Desserts,4,0.47,131.6,Tuesday,0,0,Sunny,11,0
2025-04-15,Kulfi,Desserts,14,1.54,431.2,Tuesday,0,0,Sunny,11,0
2025-04-16,Paneer Butter Masala,Main Course,5,1.75,560.0,Wednesday,0,0,Sunny,10,0
2025-04-16,Dal Makhani,Main Course,10,2.88,921.6,Wednesday,0,0,Sunny,10,0
2025-04-16,Chicken Biryani,Main Course,6,1.7,544.0,Wednesday,0,0,Sunny,10,0
2025-04-16,Mutton Rogan Josh,Main Course,23,7.94,2540.8,Wednesday,0,0,Sunny,10,0
2025-04-16,Paneer Tikka,Starters,20,3.89,972.5,Wednesday,0,0,Sunny,10,0
2025-04-16,Chicken Tandoori,Starters,14,2.71,677.5,Wednesday,0,0,Sunny,10,0
2025-04-16,Veg Spring Rolls,Starters,4,0.69,172.5,Wednesday,0,0,Sunny,10,0
2025-04-16,Fish Amritsari,Starters,15,2.43,607.5,Wednesday,0,0,Sunny,10,0
2025-04-16,Butter Naan,Breads,6,0.45,54.0,Wednesday,0,0,Sunny,10,0
2025-04-16,Garlic Naan,Breads,25,1.84,220.8,Wednesday,0,0,Sunny,10,0
2025-04-16,Tandoori Roti,Breads,10,0.6,72.0,Wednesday,0,0,Sunny,10,0
2025-04-16,Gulab Jamun,Desserts,5,0.73,204.4,Wednesday,0,0,Sunny,10,0
2025-04-16,Ras Malai,Desserts,10,1.11,310.8,Wednesday,0,0,Sunny,10,0
2025-04-16,Kheer,Desserts,6,0.68,190.4,Wednesday,0,0,Sunny,10,0
2025-04-16,Kulfi,Desserts,12,1.78,498.4,Wednesday,0,0,Sunny,10,0
2025-04-17,Paneer Butter Masala,Main Course,6,1.8,576.0,Thursday,0,0,Cloudy,9,0
2025-04-17,Dal Makhani,Main Course,10,3.48,1113.6,Thursday,0,0,Cloudy,9,0
2025-04-17,Chicken Biryani,Main Course,6,2.05,656.0,Thursday,0,0,Cloudy,9,0
2025-04-17,Mutton Rogan Josh,Main Course,10,3.14,1004.8,Thursday,0,0,Cloudy,9,0
2025-04-17,Paneer Tikka,Starters,8,1.46,365.0,Thursday,0,0,Cloudy,9,0
2025-04-17,Chicken Tandoori,Starters,16,2.41,602.5,Thursday,0,0,Cloudy,9,0
2025-04-17,Veg Spring Rolls,Starters,10,1.43,357.5,Thursday,0,0,Cloudy,9,0
2025-04-17,Fish Amritsari,Starters,23,4.54,1135.0,Thursday,0,0,Cloudy,9,0
2025-04-17,Butter Naan,Breads,11,0.82,98.4,Thursday,0,0,Cloudy,9,0
2025-04-17,Garlic Naan,Breads,27,1.75,210.0,Thursday,0,0,Cloudy,9,0
2025-04-17,Tandoori Roti,Breads,15,1.13,135.6,Thursday,0,0,Cloudy,9,0
2025-04-17,Gulab Jamun,Desserts,4,0.51,142.8,Thursday,0,0,Cloudy,9,0
2025-04-17,Ras Malai,Desserts,5,0.69,193.2,Thursday,0,0,Cloudy,9,0
2025-04-17,Kheer,Desserts,5,0.71,198.8,Thursday,0,0,Cloudy,9,0
2025-04-17,Kulfi,Desserts,13,1.39,389.2,Thursday,0,0,Cloudy,9,0
2025-04-18,Paneer Butter Masala,Main Course,5,1.3,416.0,Friday,0,0,Sunny,8,0
2025-04-18,Dal Makhani,Main Course,3,0.84,268.8,Friday,0,0,Sunny,8,0
2025-04-18,Chicken Biryani,Main Course,4,1.31,419.2,Friday,0,0,Sunny,8,0
2025-04-18,Mutton Rogan Josh,Main Course,18,6.15,1968.0,Friday,0,0,Sunny,8,0
2025-04-18,Paneer Tikka,Starters,19,3.32,830.0,Friday,0,0,Sunny,8,0
2025-04-18,Chicken Tandoori,Starters,11,2.08,520.0,Friday,0,0,Sunny,8,0
2025-04-18,Veg Spring Rolls,Starters,8,1.4,350.0,Friday,0,0,Sunny,8,0
2025-04-18,Fish Amritsari,Starters,16,3.03,757.5,Friday,0,0,Sunny,8,0
2025-04-18,Butter Naan,Breads,8,0.45,54.0,Friday,0,0,Sunny,8,0
2025-04-18,Garlic Naan,Breads,5,0.39,46.8,Friday,0,0,Sunny,8,0
2025-04-18,Tandoori Roti,Breads,29,2.13,255.6,Friday,0,0,Sunny,8,0
2025-04-18,Gulab Jamun,Desserts,13,1.84,515.2,Friday,0,0,Sunny,8,0
2025-04-18,Ras Malai,Desserts,12,1.78,498.4,Friday,0,0,Sunny,8,0
2025-04-18,Kheer,Desserts,9,1.01,282.8,Friday,0,0,Sunny,8,0
2025-04-18,Kulfi,Desserts,14,1.83,512.4,Friday,0,0,Sunny,8,0
2025-04-19,Paneer Butter Masala,Main Course,6,1.58,505.6,Saturday,1,0,Sunny,13,1
2025-04-19,Dal Makhani,Main Course,8,2.19,700.8,Saturday,1,0,Sunny,13,1
2025-04-19,Chicken Biryani,Main Course,9,2.53,809.6,Saturday,1,0,Sunny,13,1
2025-04-19,Mutton Rogan Josh,Main Course,23,7.98,2553.6,Saturday,1,0,Sunny,13,1
2025-04-19,Paneer Tikka,Starters,8,1.44,360.0,Saturday,1,0,Sunny,13,1
2025-04-19,Chicken Tandoori,Starters,27,4.3,1075.0,Saturday,1,0,Sunny,13,1
2025-04-19,Veg Spring Rolls,Starters,5,0.86,215.0,Saturday,1,0,Sunny,13,1
2025-04-19,Fish Amritsari,Starters,22,3.44,860.0,Saturday,1,0,Sunny,13,1
2025-04-19,Butter Naan,Breads,17,1.26,151.2,Saturday,1,0,Sunny,13,1
2025-04-19,Garlic Naan,Breads,11,0.77,92.4,Saturday,1,0,Sunny,13,1
2025-04-19,Tandoori Roti,Breads,13,1.04,124.8,Saturday,1,0,Sunny,13,1
2025-04-19,Gulab Jamun,Desserts,16,2.06,576.8,Saturday,1,0,Sunny,13,1
2025-04-19,Ras Malai,Desserts,7,0.99,277.2,Saturday,1,0,Sunny,13,1
2025-04-19,Kheer,Desserts,10,1.49,417.2,Saturday,1,0,Sunny,13,1
2025-04-19,Kulfi,Desserts,24,2.7,756.0,Saturday,1,0,Sunny,13,1
2025-04-20,Paneer Butter Masala,Main Course,6,1.73,553.6,Sunday,1,0,Sunny,15,0
2025-04-20,Dal Makhani,Main Course,21,5.44,1740.8,Sunday,1,0,Sunny,15,0
2025-04-20,Chicken Biryani,Main Course,9,3.13,1001.6,Sunday,1,0,Sunny,15,0
2025-04-20,Mutton Rogan Josh,Main Course,14,3.95,1264.0,Sunday,1,0,Sunny,15,0
2025-04-20,Paneer Tikka,Starters,6,0.85,212.5,Sunday,1,0,Sunny,15,0
2025-04-20,Chicken Tandoori,Starters,19,3.21,802.5,Sunday,1,0,Sunny,15,0
2025-04-20,Veg Spring Rolls,Starters,22,3.51,877.5,Sunday,1,0,Sunny,15,0
2025-04-20,Fish Amritsari,Starters,32,4.73,1182.5,Sunday,1,0,Sunny,15,0
2025-04-20,Butter Naan,Breads,20,1.13,135.6,Sunday,1,0,Sunny,15,0
2025-04-20,Garlic Naan,Breads,18,1.21,145.2,Sunday,1,0,Sunny,15,0
2025-04-20,Tandoori Roti,Breads,28,2.04,244.8,Sunday,1,0,Sunny,15,0
2025-04-20,Gulab Jamun,Desserts,17,1.86,520.8,Sunday,1,0,Sunny,15,0
2025-04-20,Ras Malai,Desserts,9,1.2,336.0,Sunday,1,0,Sunny,15,0
2025-04-20,Kheer,Desserts,12,1.74,487.2,Sunday,1,0,Sunny,15,0
2025-04-20,Kulfi,Desserts,17,2.22,621.6,Sunday,1,0,Sunny,15,0
2025-04-21,Paneer Butter Masala,Main Course,3,1.02,326.4,Monday,0,0,Cloudy,11,0
2025-04-21,Dal Makhani,Main Course,8,2.11,675.2,Monday,0,0,Cloudy,11,0
2025-04-21,Chicken Biryani,Main Course,2,0.67,214.4,Monday,0,0,Cloudy,11,0
2025-04-21,Mutton Rogan Josh,Main Course,15,4.79,1532.8,Monday,0,0,Cloudy,11,0
2025-04-21,Paneer Tikka,Starters,11,1.87,467.5,Monday,0,0,Cloudy,11,0
2025-04-21,Chicken Tandoori,Starters,17,2.57,642.5,Monday,0,0,Cloudy,11,0
2025-04-21,Veg Spring Rolls,Starters,13,2.5,625.0,Monday,0,0,Cloudy,11,0
2025-04-21,Fish Amritsari,Starters,26,4.51,1127.5,Monday,0,0,Cloudy,11,0
2025-04-21,Butter Naan,Breads,6,0.37,44.4,Monday,0,0,Cloudy,11,0
2025-04-21,Garlic Naan,Breads,9,0.7,84.0,Monday,0,0,Cloudy,11,0
2025-04-21,Tandoori Roti,Breads,8,0.45,54.0,Monday,0,0,Cloudy,11,0
2025-04-21,Gulab Jamun,Desserts,11,1.28,358.4,Monday,0,0,Cloudy,11,0
2025-04-21,Ras Malai,Desserts,5,0.7,196.0,Monday,0,0,Cloudy,11,0
2025-04-21,Kheer,Desserts,9,1.04,291.2,Monday,0,0,Cloudy,11,0
2025-04-21,Kulfi,Desserts,9,1.34,375.2,Monday,0,0,Cloudy,11,0
2025-04-22,Paneer Butter Masala,Main Course,2,0.51,163.2,Tuesday,0,0,Stormy,8,0
2025-04-22,Dal Makhani,Main Course,9,2.94,940.8,Tuesday,0,0,Stormy,8,0
2025-04-22,Chicken Biryani,Main Course,6,1.75,560.0,Tuesday,0,0,Stormy,8,0
2025-04-22,Mutton Rogan Josh,Main Course,13,4.5,1440.0,Tuesday,0,0,Stormy,8,0
2025-04-22,Paneer Tikka,Starters,11,1.68,420.0,Tuesday,0,0,Stormy,8,0
2025-04-22,Chicken Tandoori,Starters,3,0.56,140.0,Tuesday,0,0,Stormy,8,0
2025-04-22,Veg Spring Rolls,Starters,3,0.48,120.0,Tuesday,0,0,Stormy,8,0
2025-04-22,Fish Amritsari,Starters,20,3.15,787.5,Tuesday,0,0,Stormy,8,0
2025-04-22,Butter Naan,Breads,7,0.43,51.6,Tuesday,0,0,Stormy,8,0
2025-04-22,Garlic Naan,Breads,11,0.83,99.6,Tuesday,0,0,Stormy,8,0
2025-04-22,Tandoori Roti,Breads,8,0.58,69.6,Tuesday,0,0,Stormy,8,0
2025-04-22,Gulab Jamun,Desserts,6,0.8,224.0,Tuesday,0,0,Stormy,8,0
2025-04-22,Ras Malai,Desserts,5,0.56,156.8,Tuesday,0,0,Stormy,8,0
2025-04-22,Kheer,Desserts,4,0.45,126.0,Tuesday,0,0,Stormy,8,0
2025-04-22,Kulfi,Desserts,8,0.95,266.0,Tuesday,0,0,Stormy,8,0
2025-04-23,Paneer Butter Masala,Main Course,6,2.06,659.2,Wednesday,0,0,Sunny,9,0
2025-04-23,Dal Makhani,Main Course,8,2.04,652.8,Wednesday,0,0,Sunny,9,0
2025-04-23,Chicken Biryani,Main Course,2,0.5,160.0,Wednesday,0,0,Sunny,9,0
2025-04-23,Mutton Rogan Josh,Main Course,18,5.87,1878.4,Wednesday,0,0,Sunny,9,0
2025-04-23,Paneer Tikka,Starters,6,0.91,227.5,Wednesday,0,0,Sunny,9,0
2025-04-23,Chicken Tandoori,Starters,8,1.6,400.0,Wednesday,0,0,Sunny,9,0
2025-04-23,Veg Spring Rolls,Starters,13,2.26,565.0,Wednesday,0,0,Sunny,9,0
2025-04-23,Fish Amritsari,Starters,16,2.99,747.5,Wednesday,0,0,Sunny,9,0
2025-04-23,Butter Naan,Breads,4,0.27,32.4,Wednesday,0,0,Sunny,9,0
2025-04-23,Garlic Naan,Breads,6,0.47,56.4,Wednesday,0,0,Sunny,9,0
2025-04-23,Tandoori Roti,Breads,12,0.76,91.2,Wednesday,0,0,Sunny,9,0
2025-04-23,Gulab Jamun,Desserts,7,0.81,226.8,Wednesday,0,0,Sunny,9,0
2025-04-23,Ras Malai,Desserts,7,0.95,266.0,Wednesday,0,0,Sunny,9,0
2025-04-23,Kheer,Desserts,5,0.74,207.2,Wednesday,0,0,Sunny,9,0
2025-04-23,Kulfi,Desserts,8,0.87,243.6,Wednesday,0,0,Sunny,9,0
2025-04-24,Paneer Butter Masala,Main Course,31,9.81,3139.2,Thursday,0,0,Sunny,12,0
2025-04-24,Dal Makhani,Main Course,14,4.09,1308.8,Thursday,0,0,Sunny,12,0
2025-04-24,Chicken Biryani,Main Course,5,1.47,470.4,Thursday,0,0,Sunny,12,0
2025-04-24,Mutton Rogan Josh,Main Course,15,5.24,1676.8,Thursday,0,0,Sunny,12,0
2025-04-24,Paneer Tikka,Starters,17,2.9,725.0,Thursday,0,0,Sunny,12,0
2025-04-24,Chicken Tandoori,Starters,12,2.34,585.0,Thursday,0,0,Sunny,12,0
2025-04-24,Veg Spring Rolls,Starters,10,1.44,360.0,Thursday,0,0,Sunny,12,0
2025-04-24,Fish Amritsari,Starters,15,2.11,527.5,Thursday,0,0,Sunny,12,0
2025-04-24,Butter Naan,Breads,7,0.51,61.2,Thursday,0,0,Sunny,12,0
2025-04-24,Garlic Naan,Breads,5,0.34,40.8,Thursday,0,0,Sunny,12,0
2025-04-24,Tandoori Roti,Breads,17,1.36,163.2,Thursday,0,0,Sunny,12,0
2025-04-24,Gulab Jamun,Desserts,5,0.71,198.8,Thursday,0,0,Sunny,12,0
2025-04-24,Ras Malai,Desserts,29,3.07,859.6,Thursday,0,0,Sunny,12,0
2025-04-24,Kheer,Desserts,7,0.8,224.0,Thursday,0,0,Sunny,12,0
2025-04-24,Kulfi,Desserts,9,1.19,333.2,Thursday,0,0,Sunny,12,0
2025-04-25,Paneer Butter Masala,Main Course,3,0.91,291.2,Friday,0,0,Sunny,11,0
2025-04-25,Dal Makhani,Main Course,6,1.51,483.2,Friday,0,0,Sunny,11,0
2025-04-25,Chicken Biryani,Main Course,5,1.56,499.2,Friday,0,0,Sunny,11,0
2025-04-25,Mutton Rogan Josh,Main Course,20,6.22,1990.4,Friday,0,0,Sunny,11,0
2025-04-25,Paneer Tikka,Starters,7,1.06,265.0,Friday,0,0,Sunny,11,0
2025-04-25,Chicken Tandoori,Starters,11,1.81,452.5,Friday,0,0,Sunny,11,0
2025-04-25,Veg Spring Rolls,Starters,17,2.97,742.5,Friday,0,0,Sunny,11,0
2025-04-25,Fish Amritsari,Starters,30,5.74,1435.0,Friday,0,0,Sunny,11,0
2025-04-25,Butter Naan,Breads,13,0.93,111.6,Friday,0,0,Sunny,11,0
2025-04-25,Garlic Naan,Breads,13,0.86,103.2,Friday,0,0,Sunny,11,0
2025-04-25,Tandoori Roti,Breads,26,1.89,226.8,Friday,0,0,Sunny,11,0
2025-04-25,Gulab Jamun,Desserts,10,1.2,336.0,Friday,0,0,Sunny,11,0
2025-04-25,Ras Malai,Desserts,10,1.19,333.2,Friday,0,0,Sunny,11,0
2025-04-25,Kheer,Desserts,11,1.46,408.8,Friday,0,0,Sunny,11,0
2025-04-25,Kulfi,Desserts,12,1.56,436.8,Friday,0,0,Sunny,11,0
2025-04-26,Paneer Butter Masala,Main Course,6,2.07,662.4,Saturday,1,0,Sunny,15,0
2025-04-26,Dal Makhani,Main Course,19,5.13,1641.6,Saturday,1,0,Sunny,15,0
2025-04-26,Chicken Biryani,Main Course,66,21.92,7014.4,Saturday,1,0,Sunny,15,0
2025-04-26,Mutton Rogan Josh,Main Course,15,4.78,1529.6,Saturday,1,0,Sunny,15,0
2025-04-26,Paneer Tikka,Starters,24,4.72,1180.0,Saturday,1,0,Sunny,15,0
2025-04-26,Chicken Tandoori,Starters,8,1.27,317.5,Saturday,1,0,Sunny,15,0
2025-04-26,Veg Spring Rolls,Starters,12,2.36,590.0,Saturday,1,0,Sunny,15,0
2025-04-26,Fish Amritsari,Starters,17,3.09,772.5,Saturday,1,0,Sunny,15,0
2025-04-26,Butter Naan,Breads,6,0.45,54.0,Saturday,1,0,Sunny,15,0
2025-04-26,Garlic Naan,Breads,15,1.02,122.4,Saturday,1,0,Sunny,15,0
2025-04-26,Tandoori Roti,Breads,9,0.71,85.2,Saturday,1,0,Sunny,15,0
2025-04-26,Gulab Jamun,Desserts,11,1.64,459.2,Saturday,1,0,Sunny,15,0
2025-04-26,Ras Malai,Desserts,12,1.47,411.6,Saturday,1,0,Sunny,15,0
2025-04-26,Kheer,Desserts,12,1.49,417.2,Saturday,1,0,Sunny,15,0
2025-04-26,Kulfi,Desserts,19,2.36,660.8,Saturday,1,0,Sunny,15,0
2025-04-27,Paneer Butter Masala,Main Course,2,0.59,188.8,Sunday,1,0,Sunny,16,0
2025-04-27,Dal Makhani,Main Course,15,4.02,1286.4,Sunday,1,0,Sunny,16,0
2025-04-27,Chicken Biryani,Main Course,3,1.04,332.8,Sunday,1,0,Sunny,16,0
2025-04-27,Mutton Rogan Josh,Main Course,31,9.29,2972.8,Sunday,1,0,Sunny,16,0
2025-04-27,Paneer Tikka,Starters,25,3.57,892.5,Sunday,1,0,Sunny,16,0
2025-04-27,Chicken Tandoori,Starters,6,0.92,230.0,Sunday,1,0,Sunny,16,0
2025-04-27,Veg Spring Rolls,Starters,7,1.09,272.5,Sunday,1,0,Sunny,16,0
2025-04-27,Fish Amritsari,Starters,26,4.43,1107.5,Sunday,1,0,Sunny,16,0
2025-04-27,Butter Naan,Breads,7,0.46,55.2,Sunday,1,0,Sunny,16,0
2025-04-27,Garlic Naan,Breads,9,0.67,80.4,Sunday,1,0,Sunny,16,0
2025-04-27,Tandoori Roti,Breads,30,2.24,268.8,Sunday,1,0,Sunny,16,0
2025-04-27,Gulab Jamun,Desserts,11,1.56,436.8,Sunday,1,0,Sunny,16,0
2025-04-27,Ras Malai,Desserts,6,0.69,193.2,Sunday,1,0,Sunny,16,0
2025-04-27,Kheer,Desserts,14,1.83,512.4,Sunday,1,0,Sunny,16,0
2025-04-27,Kulfi,Desserts,12,1.72,481.6,Sunday,1,0,Sunny,16,0
2025-04-28,Paneer Butter Masala,Main Course,7,1.81,579.2,Monday,0,0,Cloudy,10,0
2025-04-28,Dal Makhani,Main Course,17,4.47,1430.4,Monday,0,0,Cloudy,10,0
2025-04-28,Chicken Biryani,Main Course,6,1.64,524.8,Monday,0,0,Cloudy,10,0
2025-04-28,Mutton Rogan Josh,Main Course,18,4.77,1526.4,Monday,0,0,Cloudy,10,0
2025-04-28,Paneer Tikka,Starters,7,1.05,262.5,Monday,0,0,Cloudy,10,0
2025-04-28,Chicken Tandoori,Starters,3,0.5,125.0,Monday,0,0,Cloudy,10,0
2025-04-28,Veg Spring Rolls,Starters,19,3.75,937.5,Monday,0,0,Cloudy,10,0
2025-04-28,Fish Amritsari,Starters,23,3.73,932.5,Monday,0,0,Cloudy,10,0
2025-04-28,Butter Naan,Breads,8,0.49,58.8,Monday,0,0,Cloudy,10,0
2025-04-28,Garlic Naan,Breads,8,0.53,63.6,Monday,0,0,Cloudy,10,0
2025-04-28,Tandoori Roti,Breads,29,2.13,255.6,Monday,0,0,Cloudy,10,0
2025-04-28,Gulab Jamun,Desserts,5,0.58,162.4,Monday,0,0,Cloudy,10,0
2025-04-28,Ras Malai,Desserts,8,1.08,302.4,Monday,0,0,Cloudy,10,0
2025-04-28,Kheer,Desserts,5,0.74,207.2,Monday,0,0,Cloudy,10,0
2025-04-28,Kulfi,Desserts,13,1.83,512.4,Monday,0,0,Cloudy,10,0
2025-04-29,Paneer Butter Masala,Main Course,2,0.67,214.4,Tuesday,0,0,Sunny,10,0
2025-04-29,Dal Makhani,Main Course,4,1.32,422.4,Tuesday,0,0,Sunny,10,0
2025-04-29,Chicken Biryani,Main Course,4,1.34,428.8,Tuesday,0,0,Sunny,10,0
2025-04-29,Mutton Rogan Josh,Main Course,8,2.12,678.4,Tuesday,0,0,Sunny,10,0
2025-04-29,Paneer Tikka,Starters,12,2.27,567.5,Tuesday,0,0,Sunny,10,0
2025-04-29,Chicken Tandoori,Starters,8,1.57,392.5,Tuesday,0,0,Sunny,10,0
2025-04-29,Veg Spring Rolls,Starters,16,2.38,595.0,Tuesday,0,0,Sunny,10,0
2025-04-29,Fish Amritsari,Starters,19,3.14,785.0,Tuesday,0,0,Sunny,10,0
2025-04-29,Butter Naan,Breads,12,0.85,102.0,Tuesday,0,0,Sunny,10,0
2025-04-29,Garlic Naan,Breads,25,1.65,198.0,Tuesday,0,0,Sunny,10,0
2025-04-29,Tandoori Roti,Breads,17,0.99,118.8,Tuesday,0,0,Sunny,10,0
2025-04-29,Gulab Jamun,Desserts,11,1.36,380.8,Tuesday,0,0,Sunny,10,0
2025-04-29,Ras Malai,Desserts,26,2.8,784.0,Tuesday,0,0,Sunny,10,0
2025-04-29,Kheer,Desserts,9,1.03,288.4,Tuesday,0,0,Sunny,10,0
2025-04-29,Kulfi,Desserts,15,2.13,596.4,Tuesday,0,0,Sunny,10,0
2025-04-30,Paneer Butter Masala,Main Course,5,1.28,409.6,Wednesday,0,0,Sunny,9,0
2025-04-30,Dal Makhani,Main Course,13,4.18,1337.6,Wednesday,0,0,Sunny,9,0
2025-04-30,Chicken Biryani,Main Course,6,1.94,620.8,Wednesday,0,0,Sunny,9,0
2025-04-30,Mutton Rogan Josh,Main Course,11,2.78,889.6,Wednesday,0,0,Sunny,9,0
2025-04-30,Paneer Tikka,Starters,20,3.7,925.0,Wednesday,0,0,Sunny,9,0
2025-04-30,Chicken Tandoori,Starters,10,1.68,420.0,Wednesday,0,0,Sunny,9,0
2025-04-30,Veg Spring Rolls,Starters,20,3.58,895.0,Wednesday,0,0,Sunny,9,0
2025-04-30,Fish Amritsari,Starters,25,4.9,1225.0,Wednesday,0,0,Sunny,9,0
2025-04-30,Butter Naan,Breads,12,0.76,91.2,Wednesday,0,0,Sunny,9,0
2025-04-30,Garlic Naan,Breads,8,0.62,74.4,Wednesday,0,0,Sunny,9,0
2025-04-30,Tandoori Roti,Breads,11,0.69,82.8,Wednesday,0,0,Sunny,9,0
2025-04-30,Gulab Jamun,Desserts,9,1.31,366.8,Wednesday,0,0,Sunny,9,0
2025-04-30,Ras Malai,Desserts,6,0.7,196.0,Wednesday,0,0,Sunny,9,0
2025-04-30,Kheer,Desserts,4,0.54,151.2,Wednesday,0,0,Sunny,9,0
2025-04-30,Kulfi,Desserts,15,1.88,526.4,Wednesday,0,0,Sunny,9,0
2025-05-01,Paneer Butter Masala,Main Course,6,1.78,569.6,Thursday,0,1,Cloudy,10,1
2025-05-01,Dal Makhani,Main Course,16,4.57,1462.4,Thursday,0,1,Cloudy,10,1
2025-05-01,Chicken Biryani,Main Course,8,2.8,896.0,Thursday,0,1,Cloudy,10,1
2025-05-01,Mutton Rogan Josh,Main Course,14,4.02,1286.4,Thursday,0,1,Cloudy,10,1
2025-05-01,Paneer Tikka,Starters,26,4.17,1042.5,Thursday,0,1,Cloudy,10,1
2025-05-01,Chicken Tandoori,Starters,16,2.48,620.0,Thursday,0,1,Cloudy,10,1
2025-05-01,Veg Spring Rolls,Starters,16,2.37,592.5,Thursday,0,1,Cloudy,10,1
2025-05-01,Fish Amritsari,Starters,81,12.04,3010.0,Thursday,0,1,Cloudy,10,1
2025-05-01,Butter Naan,Breads,7,0.5,60.0,Thursday,0,1,Cloudy,10,1
2025-05-01,Garlic Naan,Breads,35,2.47,296.4,Thursday,0,1,Cloudy,10,1
2025-05-01,Tandoori Roti,Breads,46,3.51,421.2,Thursday,0,1,Cloudy,10,1
2025-05-01,Gulab Jamun,Desserts,8,0.97,271.6,Thursday,0,1,Cloudy,10,1
2025-05-01,Ras Malai,Desserts,17,2.27,635.6,Thursday,0,1,Cloudy,10,1
2025-05-01,Kheer,Desserts,59,7.17,2007.6,Thursday,0,1,Cloudy,10,1
2025-05-01,Kulfi,Desserts,17,2.24,627.2,Thursday,0,1,Cloudy,10,1
2025-05-02,Paneer Butter Masala,Main Course,8,2.1,672.0,Friday,0,0,Sunny,10,0
2025-05-02,Dal Makhani,Main Course,15,4.78,1529.6,Friday,0,0,Sunny,10,0
2025-05-02,Chicken Biryani,Main Course,2,0.54,172.8,Friday,0,0,Sunny,10,0
2025-05-02,Mutton Rogan Josh,Main Course,10,3.04,972.8,Friday,0,0,Sunny,10,0
2025-05-02,Paneer Tikka,Starters,21,3.46,865.0,Friday,0,0,Sunny,10,0
2025-05-02,Chicken Tandoori,Starters,4,0.63,157.5,Friday,0,0,Sunny,10,0
2025-05-02,Veg Spring Rolls,Starters,18,3.07,767.5,Friday,0,0,Sunny,10,0
2025-05-02,Fish Amritsari,Starters,27,5.26,1315.0,Friday,0,0,Sunny,10,0
2025-05-02,Butter Naan,Breads,15,1.11,133.2,Friday,0,0,Sunny,10,0
2025-05-02,Garlic Naan,Breads,8,0.54,64.8,Friday,0,0,Sunny,10,0
2025-05-02,Tandoori Roti,Breads,13,0.75,90.0,Friday,0,0,Sunny,10,0
2025-05-02,Gulab Jamun,Desserts,7,0.89,249.2,Friday,0,0,Sunny,10,0
2025-05-02,Ras Malai,Desserts,9,0.97,271.6,Friday,0,0,Sunny,10,0
2025-05-02,Kheer,Desserts,9,1.1,308.0,Friday,0,0,Sunny,10,0
2025-05-02,Kulfi,Desserts,16,1.69,473.2,Friday,0,0,Sunny,10,0
2025-05-03,Paneer Butter Masala,Main Course,5,1.41,451.2,Saturday,1,0,Sunny,12,0
2025-05-03,Dal Makhani,Main Course,7,2.21,707.2,Saturday,1,0,Sunny,12,0
2025-05-03,Chicken Biryani,Main Course,2,0.65,208.0,Saturday,1,0,Sunny,12,0
2025-05-03,Mutton Rogan Josh,Main Course,26,7.64,2444.8,Saturday,1,0,Sunny,12,0
2025-05-03,Paneer Tikka,Starters,21,3.56,890.0,Saturday,1,0,Sunny,12,0
2025-05-03,Chicken Tandoori,Starters,26,5.05,1262.5,Saturday,1,0,Sunny,12,0
2025-05-03,Veg Spring Rolls,Starters,69,11.4,2850.0,Saturday,1,0,Sunny,12,0
2025-05-03,Fish Amritsari,Starters,29,5.63,1407.5,Saturday,1,0,Sunny,12,0
2025-05-03,Butter Naan,Breads,15,0.92,110.4,Saturday,1,0,Sunny,12,0
2025-05-03,Garlic Naan,Breads,90,5.29,634.8,Saturday,1,0,Sunny,12,0
2025-05-03,Tandoori Roti,Breads,29,2.22,266.4,Saturday,1,0,Sunny,12,0
2025-05-03,Gulab Jamun,Desserts,5,0.73,204.4,Saturday,1,0,Sunny,12,0
2025-05-03,Ras Malai,Desserts,9,1.1,308.0,Saturday,1,0,Sunny,12,0
2025-05-03,Kheer,Desserts,7,1.0,280.0,Saturday,1,0,Sunny,12,0
2025-05-03,Kulfi,Desserts,18,1.98,554.4,Saturday,1,0,Sunny,12,0
2025-05-04,Paneer Butter Masala,Main Course,13,3.87,1238.4,Sunday,1,0,Sunny,15,0
2025-05-04,Dal Makhani,Main Course,9,2.86,915.2,Sunday,1,0,Sunny,15,0
2025-05-04,Chicken Biryani,Main Course,10,3.1,992.0,Sunday,1,0,Sunny,15,0
2025-05-04,Mutton Rogan Josh,Main Course,16,5.02,1606.4,Sunday,1,0,Sunny,15,0
2025-05-04,Paneer Tikka,Starters,19,2.83,707.5,Sunday,1,0,Sunny,15,0
2025-05-04,Chicken Tandoori,Starters,6,1.02,255.0,Sunday,1,0,Sunny,15,0
2025-05-04,Veg Spring Rolls,Starters,19,2.84,710.0,Sunday,1,0,Sunny,15,0
2025-05-04,Fish Amritsari,Starters,28,4.1,1025.0,Sunday,1,0,Sunny,15,0
2025-05-04,Butter Naan,Breads,15,1.08,129.6,Sunday,1,0,Sunny,15,0
2025-05-04,Garlic Naan,Breads,26,1.83,219.6,Sunday,1,0,Sunny,15,0
2025-05-04,Tandoori Roti,Breads,9,0.69,82.8,Sunday,1,0,Sunny,15,0
2025-05-04,Gulab Jamun,Desserts,7,0.8,224.0,Sunday,1,0,Sunny,15,0
2025-05-04,Ras Malai,Desserts,8,1.15,322.0,Sunday,1,0,Sunny,15,0
2025-05-04,Kheer,Desserts,9,1.29,361.2,Sunday,1,0,Sunny,15,0
2025-05-04,Kulfi,Desserts,10,1.24,347.2,Sunday,1,0,Sunny,15,0
2025-05-05,Paneer Butter Masala,Main Course,3,1.05,336.0,Monday,0,0,Rainy,12,0
2025-05-05,Dal Makhani,Main Course,12,3.31,1059.2,Monday,0,0,Rainy,12,0
2025-05-05,Chicken Biryani,Main Course,3,0.85,272.0,Monday,0,0,Rainy,12,0
2025-05-05,Mutton Rogan Josh,Main Course,11,3.72,1190.4,Monday,0,0,Rainy,12,0
2025-05-05,Paneer Tikka,Starters,4,0.68,170.0,Monday,0,0,Rainy,12,0
2025-05-05,Chicken Tandoori,Starters,13,2.46,615.0,Monday,0,0,Rainy,12,0
2025-05-05,Veg Spring Rolls,Starters,13,1.93,482.5,Monday,0,0,Rainy,12,0
2025-05-05,Fish Amritsari,Starters,20,3.13,782.5,Monday,0,0,Rainy,12,0
2025-05-05,Butter Naan,Breads,2,0.13,15.6,Monday,0,0,Rainy,12,0
2025-05-05,Garlic Naan,Breads,23,1.79,214.8,Monday,0,0,Rainy,12,0
2025-05-05,Tandoori Roti,Breads,24,1.52,182.4,Monday,0,0,Rainy,12,0
2025-05-05,Gulab Jamun,Desserts,6,0.75,210.0,Monday,0,0,Rainy,12,0
2025-05-05,Ras Malai,Desserts,7,0.85,238.0,Monday,0,0,Rainy,12,0
2025-05-05,Kheer,Desserts,5,0.72,201.6,Monday,0,0,Rainy,12,0
2025-05-05,Kulfi,Desserts,11,1.54,431.2,Monday,0,0,Rainy,12,0
2025-05-06,Paneer Butter Masala,Main Course,2,0.67,214.4,Tuesday,0,0,Sunny,12,0
2025-05-06,Dal Makhani,Main Course,13,4.12,1318.4,Tuesday,0,0,Sunny,12,0
2025-05-06,Chicken Biryani,Main Course,5,1.71,547.2,Tuesday,0,0,Sunny,12,0
2025-05-06,Mutton Rogan Josh,Main Course,17,4.95,1584.0,Tuesday,0,0,Sunny,12,0
2025-05-06,Paneer Tikka,Starters,15,2.49,622.5,Tuesday,0,0,Sunny,12,0
2025-05-06,Chicken Tandoori,Starters,4,0.67,167.5,Tuesday,0,0,Sunny,12,0
2025-05-06,Veg Spring Rolls,Starters,5,0.73,182.5,Tuesday,0,0,Sunny,12,0
2025-05-06,Fish Amritsari,Starters,20,2.84,710.0,Tuesday,0,0,Sunny,12,0
2025-05-06,Butter Naan,Breads,3,0.23,27.6,Tuesday,0,0,Sunny,12,0
2025-05-06,Garlic Naan,Breads,12,0.88,105.6,Tuesday,0,0,Sunny,12,0
2025-05-06,Tandoori Roti,Breads,9,0.67,80.4,Tuesday,0,0,Sunny,12,0
2025-05-06,Gulab Jamun,Desserts,13,1.52,425.6,Tuesday,0,0,Sunny,12,0
2025-05-06,Ras Malai,Desserts,14,1.92,537.6,Tuesday,0,0,Sunny,12,0
2025-05-06,Kheer,Desserts,9,1.28,358.4,Tuesday,0,0,Sunny,12,0
2025-05-06,Kulfi,Desserts,8,1.07,299.6,Tuesday,0,0,Sunny,12,0
2025-05-07,Paneer Butter Masala,Main Course,2,0.7,224.0,Wednesday,0,0,Sunny,8,0
2025-05-07,Dal Makhani,Main Course,9,2.26,723.2,Wednesday,0,0,Sunny,8,0
2025-05-07,Chicken Biryani,Main Course,3,0.97,310.4,Wednesday,0,0,Sunny,8,0
2025-05-07,Mutton Rogan Josh,Main Course,12,3.88,1241.6,Wednesday,0,0,Sunny,8,0
2025-05-07,Paneer Tikka,Starters,15,2.48,620.0,Wednesday,0,0,Sunny,8,0
2025-05-07,Chicken Tandoori,Starters,6,1.19,297.5,Wednesday,0,0,Sunny,8,0
2025-05-07,Veg Spring Rolls,Starters,11,2.16,540.0,Wednesday,0,0,Sunny,8,0
2025-05-07,Fish Amritsari,Starters,15,2.59,647.5,Wednesday,0,0,Sunny,8,0
2025-05-07,Butter Naan,Breads,9,0.64,76.8,Wednesday,0,0,Sunny,8,0
2025-05-07,Garlic Naan,Breads,17,1.11,133.2,Wednesday,0,0,Sunny,8,0
2025-05-07,Tandoori Roti,Breads,18,1.27,152.4,Wednesday,0,0,Sunny,8,0
2025-05-07,Gulab Jamun,Desserts,13,1.67,467.6,Wednesday,0,0,Sunny,8,0
2025-05-07,Ras Malai,Desserts,12,1.7,476.0,Wednesday,0,0,Sunny,8,0
2025-05-07,Kheer,Desserts,11,1.64,459.2,Wednesday,0,0,Sunny,8,0
2025-05-07,Kulfi,Desserts,8,1.1,308.0,Wednesday,0,0,Sunny,8,0
2025-05-08,Paneer Butter Masala,Main Course,5,1.23,393.6,Thursday,0,0,Sunny,8,0
2025-05-08,Dal Makhani,Main Course,8,2.27,726.4,Thursday,0,0,Sunny,8,0
2025-05-08,Chicken Biryani,Main Course,5,1.5,480.0,Thursday,0,0,Sunny,8,0
2025-05-08,Mutton Rogan Josh,Main Course,10,3.0,960.0,Thursday,0,0,Sunny,8,0
2025-05-08,Paneer Tikka,Starters,20,3.42,855.0,Thursday,0,0,Sunny,8,0
2025-05-08,Chicken Tandoori,Starters,7,1.14,285.0,Thursday,0,0,Sunny,8,0
2025-05-08,Veg Spring Rolls,Starters,17,2.48,620.0,Thursday,0,0,Sunny,8,0
2025-05-08,Fish Amritsari,Starters,20,3.56,890.0,Thursday,0,0,Sunny,8,0
2025-05-08,Butter Naan,Breads,15,0.99,118.8,Thursday,0,0,Sunny,8,0
2025-05-08,Garlic Naan,Breads,23,1.45,174.0,Thursday,0,0,Sunny,8,0
2025-05-08,Tandoori Roti,Breads,24,1.57,188.4,Thursday,0,0,Sunny,8,0
2025-05-08,Gulab Jamun,Desserts,30,3.79,1061.2,Thursday,0,0,Sunny,8,0
2025-05-08,Ras Malai,Desserts,3,0.35,98.0,Thursday,0,0,Sunny,8,0
2025-05-08,Kheer,Desserts,10,1.1,308.0,Thursday,0,0,Sunny,8,0
2025-05-08,Kulfi,Desserts,7,0.95,266.0,Thursday,0,0,Sunny,8,0
2025-05-09,Paneer Butter Masala,Main Course,9,2.21,707.2,Friday,0,0,Sunny,10,0
2025-05-09,Dal Makhani,Main Course,8,2.24,716.8,Friday,0,0,Sunny,10,0
2025-05-09,Chicken Biryani,Main Course,6,1.52,486.4,Friday,0,0,Sunny,10,0
2025-05-09,Mutton Rogan Josh,Main Course,15,4.46,1427.2,Friday,0,0,Sunny,10,0
2025-05-09,Paneer Tikka,Starters,12,2.22,555.0,Friday,0,0,Sunny,10,0
2025-05-09,Chicken Tandoori,Starters,18,3.55,887.5,Friday,0,0,Sunny,10,0
2025-05-09,Veg Spring Rolls,Starters,6,1.07,267.5,Friday,0,0,Sunny,10,0
2025-05-09,Fish Amritsari,Starters,64,12.32,3080.0,Friday,0,0,Sunny,10,0
2025-05-09,Butter Naan,Breads,6,0.39,46.8,Friday,0,0,Sunny,10,0
2025-05-09,Garlic Naan,Breads,14,0.87,104.4,Friday,0,0,Sunny,10,0
2025-05-09,Tandoori Roti,Breads,25,1.66,199.2,Friday,0,0,Sunny,10,0
2025-05-09,Gulab Jamun,Desserts,13,1.76,492.8,Friday,0,0,Sunny,10,0
2025-05-09,Ras Malai,Desserts,8,1.18,330.4,Friday,0,0,Sunny,10,0
2025-05-09,Kheer,Desserts,9,1.17,327.6,Friday,0,0,Sunny,10,0
2025-05-09,Kulfi,Desserts,12,1.6,448.0,Friday,0,0,Sunny,10,0
2025-05-10,Paneer Butter Masala,Main Course,7,1.78,569.6,Saturday,1,0,Sunny,15,0
2025-05-10,Dal Makhani,Main Course,18,5.31,1699.2,Saturday,1,0,Sunny,15,0
2025-05-10,Chicken Biryani,Main Course,5,1.4,448.0,Saturday,1,0,Sunny,15,0
2025-05-10,Mutton Rogan Josh,Main Course,13,4.04,1292.8,Saturday,1,0,Sunny,15,0
2025-05-10,Paneer Tikka,Starters,14,2.19,547.5,Saturday,1,0,Sunny,15,0
2025-05-10,Chicken Tandoori,Starters,6,0.84,210.0,Saturday,1,0,Sunny,15,0
2025-05-10,Veg Spring Rolls,Starters,19,3.46,865.0,Saturday,1,0,Sunny,15,0
2025-05-10,Fish Amritsari,Starters,19,3.06,765.0,Saturday,1,0,Sunny,15,0
2025-05-10,Butter Naan,Breads,13,0.81,97.2,Saturday,1,0,Sunny,15,0
2025-05-10,Garlic Naan,Breads,23,1.58,189.6,Saturday,1,0,Sunny,15,0
2025-05-10,Tandoori Roti,Breads,33,2.4,288.0,Saturday,1,0,Sunny,15,0
2025-05-10,Gulab Jamun,Desserts,42,5.6,1568.0,Saturday,1,0,Sunny,15,0
2025-05-10,Ras Malai,Desserts,8,0.98,274.4,Saturday,1,0,Sunny,15,0
2025-05-10,Kheer,Desserts,6,0.89,249.2,Saturday,1,0,Sunny,15,0
2025-05-10,Kulfi,Desserts,14,1.74,487.2,Saturday,1,0,Sunny,15,0
2025-05-11,Paneer Butter Masala,Main Course,8,2.29,732.8,Sunday,1,0,Rainy,16,1
2025-05-11,Dal Makhani,Main Course,18,4.88,1561.6,Sunday,1,0,Rainy,16,1
2025-05-11,Chicken Biryani,Main Course,10,2.76,883.2,Sunday,1,0,Rainy,16,1
2025-05-11,Mutton Rogan Josh,Main Course,13,3.74,1196.8,Sunday,1,0,Rainy,16,1
2025-05-11,Paneer Tikka,Starters,11,1.79,447.5,Sunday,1,0,Rainy,16,1
2025-05-11,Chicken Tandoori,Starters,20,3.69,922.5,Sunday,1,0,Rainy,16,1
2025-05-11,Veg Spring Rolls,Starters,16,2.5,625.0,Sunday,1,0,Rainy,16,1
2025-05-11,Fish Amritsari,Starters,26,4.56,1140.0,Sunday,1,0,Rainy,16,1
2025-05-11,Butter Naan,Breads,13,0.79,94.8,Sunday,1,0,Rainy,16,1
2025-05-11,Garlic Naan,Breads,18,1.23,147.6,Sunday,1,0,Rainy,16,1
2025-05-11,Tandoori Roti,Breads,14,1.09,130.8,Sunday,1,0,Rainy,16,1
2025-05-11,Gulab Jamun,Desserts,10,1.27,355.6,Sunday,1,0,Rainy,16,1
2025-05-11,Ras Malai,Desserts,12,1.74,487.2,Sunday,1,0,Rainy,16,1
2025-05-11,Kheer,Desserts,6,0.86,240.8,Sunday,1,0,Rainy,16,1
2025-05-11,Kulfi,Desserts,20,2.14,599.2,Sunday,1,0,Rainy,16,1
2025-05-12,Paneer Butter Masala,Main Course,4,1.22,390.4,Monday,0,0,Stormy,12,0
2025-05-12,Dal Makhani,Main Course,14,3.95,1264.0,Monday,0,0,Stormy,12,0
2025-05-12,Chicken Biryani,Main Course,6,2.09,668.8,Monday,0,0,Stormy,12,0
2025-05-12,Mutton Rogan Josh,Main Course,13,4.29,1372.8,Monday,0,0,Stormy,12,0
2025-05-12,Paneer Tikka,Starters,13,1.94,485.0,Monday,0,0,Stormy,12,0
2025-05-12,Chicken Tandoori,Starters,5,0.83,207.5,Monday,0,0,Stormy,12,0
2025-05-12,Veg Spring Rolls,Starters,17,2.88,720.0,Monday,0,0,Stormy,12,0
2025-05-12,Fish Amritsari,Starters,16,3.11,777.5,Monday,0,0,Stormy,12,0
2025-05-12,Butter Naan,Breads,11,0.67,80.4,Monday,0,0,Stormy,12,0
2025-05-12,Garlic Naan,Breads,9,0.57,68.4,Monday,0,0,Stormy,12,0
2025-05-12,Tandoori Roti,Breads,9,0.52,62.4,Monday,0,0,Stormy,12,0
2025-05-12,Gulab Jamun,Desserts,6,0.79,221.2,Monday,0,0,Stormy,12,0
2025-05-12,Ras Malai,Desserts,5,0.63,176.4,Monday,0,0,Stormy,12,0
2025-05-12,Kheer,Desserts,5,0.54,151.2,Monday,0,0,Stormy,12,0
2025-05-12,Kulfi,Desserts,11,1.25,350.0,Monday,0,0,Stormy,12,0
2025-05-13,Paneer Butter Masala,Main Course,6,1.51,483.2,Tuesday,0,0,Cloudy,11,0
2025-05-13,Dal Makhani,Main Course,11,2.96,947.2,Tuesday,0,0,Cloudy,11,0
2025-05-13,Chicken Biryani,Main Course,7,2.25,720.0,Tuesday,0,0,Cloudy,11,0
2025-05-13,Mutton Rogan Josh,Main Course,13,3.81,1219.2,Tuesday,0,0,Cloudy,11,0
2025-05-13,Paneer Tikka,Starters,16,2.44,610.0,Tuesday,0,0,Cloudy,11,0
2025-05-13,Chicken Tandoori,Starters,3,0.54,135.0,Tuesday,0,0,Cloudy,11,0
2025-05-13,Veg Spring Rolls,Starters,7,0.98,245.0,Tuesday,0,0,Cloudy,11,0
2025-05-13,Fish Amritsari,Starters,18,2.82,705.0,Tuesday,0,0,Cloudy,11,0
2025-05-13,Butter Naan,Breads,8,0.52,62.4,Tuesday,0,0,Cloudy,11,0
2025-05-13,Garlic Naan,Breads,23,1.39,166.8,Tuesday,0,0,Cloudy,11,0
2025-05-13,Tandoori Roti,Breads,20,1.16,139.2,Tuesday,0,0,Cloudy,11,0
2025-05-13,Gulab Jamun,Desserts,4,0.47,131.6,Tuesday,0,0,Cloudy,11,0
2025-05-13,Ras Malai,Desserts,7,0.83,232.4,Tuesday,0,0,Cloudy,11,0
2025-05-13,Kheer,Desserts,11,1.6,448.0,Tuesday,0,0,Cloudy,11,0
2025-05-13,Kulfi,Desserts,9,1.16,324.8,Tuesday,0,0,Cloudy,11,0
2025-05-14,Paneer Butter Masala,Main Course,2,0.6,192.0,Wednesday,0,0,Rainy,9,0
2025-05-14,Dal Makhani,Main Course,9,2.91,931.2,Wednesday,0,0,Rainy,9,0
2025-05-14,Chicken Biryani,Main Course,4,1.08,345.6,Wednesday,0,0,Rainy,9,0
2025-05-14,Mutton Rogan Josh,Main Course,33,9.75,3120.0,Wednesday,0,0,Rainy,9,0
2025-05-14,Paneer Tikka,Starters,50,7.72,1930.0,Wednesday,0,0,Rainy,9,0
2025-05-14,Chicken Tandoori,Starters,9,1.46,365.0,Wednesday,0,0,Rainy,9,0
2025-05-14,Veg Spring Rolls,Starters,8,1.19,297.5,Wednesday,0,0,Rainy,9,0
2025-05-14,Fish Amritsari,Starters,15,2.34,585.0,Wednesday,0,0,Rainy,9,0
2025-05-14,Butter Naan,Breads,11,0.78,93.6,Wednesday,0,0,Rainy,9,0
2025-05-14,Garlic Naan,Breads,13,0.98,117.6,Wednesday,0,0,Rainy,9,0
2025-05-14,Tandoori Roti,Breads,23,1.33,159.6,Wednesday,0,0,Rainy,9,0
2025-05-14,Gulab Jamun,Desserts,6,0.83,232.4,Wednesday,0,0,Rainy,9,0
2025-05-14,Ras Malai,Desserts,11,1.2,336.0,Wednesday,0,0,Rainy,9,0
2025-05-14,Kheer,Desserts,8,0.99,277.2,Wednesday,0,0,Rainy,9,0
2025-05-14,Kulfi,Desserts,9,1.14,319.2,Wednesday,0,0,Rainy,9,0
2025-05-15,Paneer Butter Masala,Main Course,1,0.3,96.0,Thursday,0,0,Stormy,8,0
2025-05-15,Dal Makhani,Main Course,12,3.02,966.4,Thursday,0,0,Stormy,8,0
2025-05-15,Chicken Biryani,Main Course,2,0.69,220.8,Thursday,0,0,Stormy,8,0
2025-05-15,Mutton Rogan Josh,Main Course,16,4.88,1561.6,Thursday,0,0,Stormy,8,0
2025-05-15,Paneer Tikka,Starters,13,1.89,472.5,Thursday,0,0,Stormy,8,0
2025-05-15,Chicken Tandoori,Starters,10,1.74,435.0,Thursday,0,0,Stormy,8,0
2025-05-15,Veg Spring Rolls,Starters,11,1.56,390.0,Thursday,0,0,Stormy,8,0
2025-05-15,Fish Amritsari,Starters,15,2.66,665.0,Thursday,0,0,Stormy,8,0
2025-05-15,Butter Naan,Breads,11,0.66,79.2,Thursday,0,0,Stormy,8,0
2025-05-15,Garlic Naan,Breads,11,0.82,98.4,Thursday,0,0,Stormy,8,0
2025-05-15,Tandoori Roti,Breads,20,1.4,168.0,Thursday,0,0,Stormy,8,0
2025-05-15,Gulab Jamun,Desserts,4,0.54,151.2,Thursday,0,0,Stormy,8,0
2025-05-15,Ras Malai,Desserts,5,0.67,187.6,Thursday,0,0,Stormy,8,0
2025-05-15,Kheer,Desserts,4,0.44,123.2,Thursday,0,0,Stormy,8,0
2025-05-15,Kulfi,Desserts,12,1.47,411.6,Thursday,0,0,Stormy,8,0
2025-05-16,Paneer Butter Masala,Main Course,6,1.65,528.0,Friday,0,0,Sunny,8,0
2025-05-16,Dal Makhani,Main Course,9,2.93,937.6,Friday,0,0,Sunny,8,0
2025-05-16,Chicken Biryani,Main Course,9,2.66,851.2,Friday,0,0,Sunny,8,0
2025-05-16,Mutton Rogan Josh,Main Course,16,4.73,1513.6,Friday,0,0,Sunny,8,0
2025-05-16,Paneer Tikka,Starters,14,2.15,537.5,Friday,0,0,Sunny,8,0
2025-05-16,Chicken Tandoori,Starters,8,1.44,360.0,Friday,0,0,Sunny,8,0
2025-05-16,Veg Spring Rolls,Starters,7,1.3,325.0,Friday,0,0,Sunny,8,0
2025-05-16,Fish Amritsari,Starters,15,2.92,730.0,Friday,0,0,Sunny,8,0
2025-05-16,Butter Naan,Breads,3,0.22,26.4,Friday,0,0,Sunny,8,0
2025-05-16,Garlic Naan,Breads,26,1.53,183.6,Friday,0,0,Sunny,8,0
2025-05-16,Tandoori Roti,Breads,20,1.48,177.6,Friday,0,0,Sunny,8,0
2025-05-16,Gulab Jamun,Desserts,3,0.42,117.6,Friday,0,0,Sunny,8,0
2025-05-16,Ras Malai,Desserts,10,1.34,375.2,Friday,0,0,Sunny,8,0
2025-05-16,Kheer,Desserts,10,1.1,308.0,Friday,0,0,Sunny,8,0
2025-05-16,Kulfi,Desserts,10,1.45,406.0,Friday,0,0,Sunny,8,0
2025-05-17,Paneer Butter Masala,Main Course,11,2.92,934.4,Saturday,1,0,Cloudy,14,0
2025-05-17,Dal Makhani,Main Course,12,3.72,1190.4,Saturday,1,0,Cloudy,14,0
2025-05-17,Chicken Biryani,Main Course,2,0.59,188.8,Saturday,1,0,Cloudy,14,0
2025-05-17,Mutton Rogan Josh,Main Course,16,4.31,1379.2,Saturday,1,0,Cloudy,14,0
2025-05-17,Paneer Tikka,Starters,5,0.7,175.0,Saturday,1,0,Cloudy,14,0
2025-05-17,Chicken Tandoori,Starters,12,2.36,590.0,Saturday,1,0,Cloudy,14,0
2025-05-17,Veg Spring Rolls,Starters,6,1.1,275.0,Saturday,1,0,Cloudy,14,0
2025-05-17,Fish Amritsari,Starters,19,3.7,925.0,Saturday,1,0,Cloudy,14,0
2025-05-17,Butter Naan,Breads,17,1.15,138.0,Saturday,1,0,Cloudy,14,0
2025-05-17,Garlic Naan,Breads,22,1.58,189.6,Saturday,1,0,Cloudy,14,0
2025-05-17,Tandoori Roti,Breads,32,2.14,256.8,Saturday,1,0,Cloudy,14,0
2025-05-17,Gulab Jamun,Desserts,16,1.75,490.0,Saturday,1,0,Cloudy,14,0
2025-05-17,Ras Malai,Desserts,9,1.28,358.4,Saturday,1,0,Cloudy,14,0
2025-05-17,Kheer,Desserts,8,1.17,327.6,Saturday,1,0,Cloudy,14,0
2025-05-17,Kulfi,Desserts,20,2.25,630.0,Saturday,1,0,Cloudy,14,0
2025-05-18,Paneer Butter Masala,Main Course,12,4.1,1312.0,Sunday,1,0,Stormy,15,1
2025-05-18,Dal Makhani,Main Course,8,2.51,803.2,Sunday,1,0,Stormy,15,1
2025-05-18,Chicken Biryani,Main Course,2,0.54,172.8,Sunday,1,0,Stormy,15,1
2025-05-18,Mutton Rogan Josh,Main Course,26,7.97,2550.4,Sunday,1,0,Stormy,15,1
2025-05-18,Paneer Tikka,Starters,22,3.9,975.0,Sunday,1,0,Stormy,15,1
2025-05-18,Chicken Tandoori,Starters,19,3.06,765.0,Sunday,1,0,Stormy,15,1
2025-05-18,Veg Spring Rolls,Starters,5,0.96,240.0,Sunday,1,0,Stormy,15,1
2025-05-18,Fish Amritsari,Starters,35,5.79,1447.5,Sunday,1,0,Stormy,15,1
2025-05-18,Butter Naan,Breads,22,1.66,199.2,Sunday,1,0,Stormy,15,1
2025-05-18,Garlic Naan,Breads,28,2.01,241.2,Sunday,1,0,Stormy,15,1
2025-05-18,Tandoori Roti,Breads,32,2.25,270.0,Sunday,1,0,Stormy,15,1
2025-05-18,Gulab Jamun,Desserts,17,1.87,523.6,Sunday,1,0,Stormy,15,1
2025-05-18,Ras Malai,Desserts,3,0.43,120.4,Sunday,1,0,Stormy,15,1
2025-05-18,Kheer,Desserts,16,2.05,574.0,Sunday,1,0,Stormy,15,1
2025-05-18,Kulfi,Desserts,18,2.41,674.8,Sunday,1,0,Stormy,15,1
2025-05-19,Paneer Butter Masala,Main Course,6,1.54,492.8,Monday,0,0,Sunny,8,0
2025-05-19,Dal Makhani,Main Course,14,3.43,1097.6,Monday,0,0,Sunny,8,0
2025-05-19,Chicken Biryani,Main Course,5,1.31,419.2,Monday,0,0,Sunny,8,0
2025-05-19,Mutton Rogan Josh,Main Course,13,3.39,1084.8,Monday,0,0,Sunny,8,0
2025-05-19,Paneer Tikka,Starters,13,2.27,567.5,Monday,0,0,Sunny,8,0
2025-05-19,Chicken Tandoori,Starters,17,2.44,610.0,Monday,0,0,Sunny,8,0
2025-05-19,Veg Spring Rolls,Starters,17,3.21,802.5,Monday,0,0,Sunny,8,0
2025-05-19,Fish Amritsari,Starters,16,2.64,660.0,Monday,0,0,Sunny,8,0
2025-05-19,Butter Naan,Breads,5,0.35,42.0,Monday,0,0,Sunny,8,0
2025-05-19,Garlic Naan,Breads,15,0.98,117.6,Monday,0,0,Sunny,8,0
2025-05-19,Tandoori Roti,Breads,7,0.46,55.2,Monday,0,0,Sunny,8,0
2025-05-19,Gulab Jamun,Desserts,13,1.75,490.0,Monday,0,0,Sunny,8,0
2025-05-19,Ras Malai,Desserts,7,0.82,229.6,Monday,0,0,Sunny,8,0
2025-05-19,Kheer,Desserts,6,0.7,196.0,Monday,0,0,Sunny,8,0
2025-05-19,Kulfi,Desserts,16,1.91,534.8,Monday,0,0,Sunny,8,0
2025-05-20,Paneer Butter Masala,Main Course,4,1.17,374.4,Tuesday,0,0,Rainy,12,0
2025-05-20,Dal Makhani,Main Course,14,3.99,1276.8,Tuesday,0,0,Rainy,12,0
2025-05-20,Chicken Biryani,Main Course,7,2.31,739.2,Tuesday,0,0,Rainy,12,0
2025-05-20,Mutton Rogan Josh,Main Course,15,4.28,1369.6,Tuesday,0,0,Rainy,12,0
2025-05-20,Paneer Tikka,Starters,11,1.8,450.0,Tuesday,0,0,Rainy,12,0
2025-05-20,Chicken Tandoori,Starters,8,1.46,365.0,Tuesday,0,0,Rainy,12,0
2025-05-20,Veg Spring Rolls,Starters,4,0.73,182.5,Tuesday,0,0,Rainy,12,0
2025-05-20,Fish Amritsari,Starters,21,3.16,790.0,Tuesday,0,0,Rainy,12,0
2025-05-20,Butter Naan,Breads,4,0.24,28.8,Tuesday,0,0,Rainy,12,0
2025-05-20,Garlic Naan,Breads,22,1.69,202.8,Tuesday,0,0,Rainy,12,0
2025-05-20,Tandoori Roti,Breads,20,1.12,134.4,Tuesday,0,0,Rainy,12,0
2025-05-20,Gulab Jamun,Desserts,3,0.32,89.6,Tuesday,0,0,Rainy,12,0
2025-05-20,Ras Malai,Desserts,23,3.31,926.8,Tuesday,0,0,Rainy,12,0
2025-05-20,Kheer,Desserts,5,0.68,190.4,Tuesday,0,0,Rainy,12,0
2025-05-20,Kulfi,Desserts,10,1.18,330.4,Tuesday,0,0,Rainy,12,0
2025-05-21,Paneer Butter Masala,Main Course,2,0.5,160.0,Wednesday,0,0,Sunny,10,0
2025-05-21,Dal Makhani,Main Course,17,4.85,1552.0,Wednesday,0,0,Sunny,10,0
2025-05-21,Chicken Biryani,Main Course,8,2.17,694.4,Wednesday,0,0,Sunny,10,0
2025-05-21,Mutton Rogan Josh,Main Course,20,5.24,1676.8,Wednesday,0,0,Sunny,10,0
2025-05-21,Paneer Tikka,Starters,14,2.75,687.5,Wednesday,0,0,Sunny,10,0
2025-05-21,Chicken Tandoori,Starters,12,2.33,582.5,Wednesday,0,0,Sunny,10,0
2025-05-21,Veg Spring Rolls,Starters,16,3.04,760.0,Wednesday,0,0,Sunny,10,0
2025-05-21,Fish Amritsari,Starters,25,3.6,900.0,Wednesday,0,0,Sunny,10,0
2025-05-21,Butter Naan,Breads,13,0.77,92.4,Wednesday,0,0,Sunny,10,0
2025-05-21,Garlic Naan,Breads,17,1.08,129.6,Wednesday,0,0,Sunny,10,0
2025-05-21,Tandoori Roti,Breads,22,1.24,148.8,Wednesday,0,0,Sunny,10,0
2025-05-21,Gulab Jamun,Desserts,4,0.55,154.0,Wednesday,0,0,Sunny,10,0
2025-05-21,Ras Malai,Desserts,10,1.28,358.4,Wednesday,0,0,Sunny,10,0
2025-05-21,Kheer,Desserts,3,0.45,126.0,Wednesday,0,0,Sunny,10,0
2025-05-21,Kulfi,Desserts,11,1.37,383.6,Wednesday,0,0,Sunny,10,0
2025-05-22,Paneer Butter Masala,Main Course,8,2.59,828.8,Thursday,0,0,Rainy,9,0
2025-05-22,Dal Makhani,Main Course,3,0.8,256.0,Thursday,0,0,Rainy,9,0
2025-05-22,Chicken Biryani,Main Course,7,2.28,729.6,Thursday,0,0,Rainy,9,0
2025-05-22,Mutton Rogan Josh,Main Course,17,4.77,1526.4,Thursday,0,0,Rainy,9,0
2025-05-22,Paneer Tikka,Starters,9,1.7,425.0,Thursday,0,0,Rainy,9,0
2025-05-22,Chicken Tandoori,Starters,5,0.73,182.5,Thursday,0,0,Rainy,9,0
2025-05-22,Veg Spring Rolls,Starters,11,2.16,540.0,Thursday,0,0,Rainy,9,0
2025-05-22,Fish Amritsari,Starters,13,2.21,552.5,Thursday,0,0,Rainy,9,0
2025-05-22,Butter Naan,Breads,6,0.43,51.6,Thursday,0,0,Rainy,9,0
2025-05-22,Garlic Naan,Breads,19,1.42,170.4,Thursday,0,0,Rainy,9,0
2025-05-22,Tandoori Roti,Breads,15,0.99,118.8,Thursday,0,0,Rainy,9,0
2025-05-22,Gulab Jamun,Desserts,9,1.0,280.0,Thursday,0,0,Rainy,9,0
2025-05-22,Ras Malai,Desserts,5,0.53,148.4,Thursday,0,0,Rainy,9,0
2025-05-22,Kheer,Desserts,4,0.47,131.6,Thursday,0,0,Rainy,9,0
2025-05-22,Kulfi,Desserts,11,1.19,333.2,Thursday,0,0,Rainy,9,0
2025-05-23,Paneer Butter Masala,Main Course,9,2.27,726.4,Friday,0,0,Cloudy,9,0
2025-05-23,Dal Makhani,Main Course,10,2.59,828.8,Friday,0,0,Cloudy,9,0
2025-05-23,Chicken Biryani,Main Course,7,1.76,563.2,Friday,0,0,Cloudy,9,0
2025-05-23,Mutton Rogan Josh,Main Course,10,2.75,880.0,Friday,0,0,Cloudy,9,0
2025-05-23,Paneer Tikka,Starters,18,3.21,802.5,Friday,0,0,Cloudy,9,0
2025-05-23,Chicken Tandoori,Starters,19,3.3,825.0,Friday,0,0,Cloudy,9,0
2025-05-23,Veg Spring Rolls,Starters,9,1.32,330.0,Friday,0,0,Cloudy,9,0
2025-05-23,Fish Amritsari,Starters,17,2.65,662.5,Friday,0,0,Cloudy,9,0
2025-05-23,Butter Naan,Breads,4,0.25,30.0,Friday,0,0,Cloudy,9,0
2025-05-23,Garlic Naan,Breads,13,1.02,122.4,Friday,0,0,Cloudy,9,0
2025-05-23,Tandoori Roti,Breads,19,1.07,128.4,Friday,0,0,Cloudy,9,0
2025-05-23,Gulab Jamun,Desserts,8,0.85,238.0,Friday,0,0,Cloudy,9,0
2025-05-23,Ras Malai,Desserts,11,1.21,338.8,Friday,0,0,Cloudy,9,0
2025-05-23,Kheer,Desserts,6,0.65,182.0,Friday,0,0,Cloudy,9,0
2025-05-23,Kulfi,Desserts,11,1.52,425.6,Friday,0,0,Cloudy,9,0
2025-05-24,Paneer Butter Masala,Main Course,2,0.67,214.4,Saturday,1,0,Stormy,16,0
2025-05-24,Dal Makhani,Main Course,16,5.2,1664.0,Saturday,1,0,Stormy,16,0
2025-05-24,Chicken Biryani,Main Course,8,2.49,796.8,Saturday,1,0,Stormy,16,0
2025-05-24,Mutton Rogan Josh,Main Course,21,6.9,2208.0,Saturday,1,0,Stormy,16,0
2025-05-24,Paneer Tikka,Starters,24,3.85,962.5,Saturday,1,0,Stormy,16,0
2025-05-24,Chicken Tandoori,Starters,13,2.6,650.0,Saturday,1,0,Stormy,16,0
2025-05-24,Veg Spring Rolls,Starters,5,0.82,205.0,Saturday,1,0,Stormy,16,0
2025-05-24,Fish Amritsari,Starters,14,2.36,590.0,Saturday,1,0,Stormy,16,0
2025-05-24,Butter Naan,Breads,20,1.42,170.4,Saturday,1,0,Stormy,16,0
2025-05-24,Garlic Naan,Breads,35,2.04,244.8,Saturday,1,0,Stormy,16,0
2025-05-24,Tandoori Roti,Breads,15,1.11,133.2,Saturday,1,0,Stormy,16,0
2025-05-24,Gulab Jamun,Desserts,14,1.47,411.6,Saturday,1,0,Stormy,16,0
2025-05-24,Ras Malai,Desserts,34,4.82,1349.6,Saturday,1,0,Stormy,16,0
2025-05-24,Kheer,Desserts,4,0.48,134.4,Saturday,1,0,Stormy,16,0
2025-05-24,Kulfi,Desserts,10,1.07,299.6,Saturday,1,0,Stormy,16,0
2025-05-25,Paneer Butter Masala,Main Course,8,1.97,630.4,Sunday,1,0,Cloudy,12,0
2025-05-25,Dal Makhani,Main Course,18,4.98,1593.6,Sunday,1,0,Cloudy,12,0
2025-05-25,Chicken Biryani,Main Course,4,1.23,393.6,Sunday,1,0,Cloudy,12,0
2025-05-25,Mutton Rogan Josh,Main Course,24,7.2,2304.0,Sunday,1,0,Cloudy,12,0
2025-05-25,Paneer Tikka,Starters,68,12.48,3120.0,Sunday,1,0,Cloudy,12,0
2025-05-25,Chicken Tandoori,Starters,20,2.85,712.5,Sunday,1,0,Cloudy,12,0
2025-05-25,Veg Spring Rolls,Starters,5,0.96,240.0,Sunday,1,0,Cloudy,12,0
2025-05-25,Fish Amritsari,Starters,23,4.13,1032.5,Sunday,1,0,Cloudy,12,0
2025-05-25,Butter Naan,Breads,19,1.39,166.8,Sunday,1,0,Cloudy,12,0
2025-05-25,Garlic Naan,Breads,9,0.7,84.0,Sunday,1,0,Cloudy,12,0
2025-05-25,Tandoori Roti,Breads,43,2.79,334.8,Sunday,1,0,Cloudy,12,0
2025-05-25,Gulab Jamun,Desserts,18,1.93,540.4,Sunday,1,0,Cloudy,12,0
2025-05-25,Ras Malai,Desserts,4,0.52,145.6,Sunday,1,0,Cloudy,12,0
2025-05-25,Kheer,Desserts,6,0.84,235.2,Sunday,1,0,Cloudy,12,0
2025-05-25,Kulfi,Desserts,9,1.11,310.8,Sunday,1,0,Cloudy,12,0
2025-05-26,Paneer Butter Masala,Main Course,7,2.31,739.2,Monday,0,0,Rainy,8,0
2025-05-26,Dal Makhani,Main Course,12,3.57,1142.4,Monday,0,0,Rainy,8,0
2025-05-26,Chicken Biryani,Main Course,4,1.21,387.2,Monday,0,0,Rainy,8,0
2025-05-26,Mutton Rogan Josh,Main Course,15,5.16,1651.2,Monday,0,0,Rainy,8,0
2025-05-26,Paneer Tikka,Starters,13,1.93,482.5,Monday,0,0,Rainy,8,0
2025-05-26,Chicken Tandoori,Starters,6,1.14,285.0,Monday,0,0,Rainy,8,0
2025-05-26,Veg Spring Rolls,Starters,12,2.38,595.0,Monday,0,0,Rainy,8,0
2025-05-26,Fish Amritsari,Starters,13,2.26,565.0,Monday,0,0,Rainy,8,0
2025-05-26,Butter Naan,Breads,5,0.36,43.2,Monday,0,0,Rainy,8,0
2025-05-26,Garlic Naan,Breads,22,1.47,176.4,Monday,0,0,Rainy,8,0
2025-05-26,Tandoori Roti,Breads,14,0.91,109.2,Monday,0,0,Rainy,8,0
2025-05-26,Gulab Jamun,Desserts,14,1.52,425.6,Monday,0,0,Rainy,8,0
2025-05-26,Ras Malai,Desserts,8,1.02,285.6,Monday,0,0,Rainy,8,0
2025-05-26,Kheer,Desserts,3,0.37,103.6,Monday,0,0,Rainy,8,0
2025-05-26,Kulfi,Desserts,16,1.95,546.0,Monday,0,0,Rainy,8,0
2025-05-27,Paneer Butter Masala,Main Course,5,1.41,451.2,Tuesday,0,0,Cloudy,11,0
2025-05-27,Dal Makhani,Main Course,8,2.43,777.6,Tuesday,0,0,Cloudy,11,0
2025-05-27,Chicken Biryani,Main Course,4,1.14,364.8,Tuesday,0,0,Cloudy,11,0
2025-05-27,Mutton Rogan Josh,Main Course,14,4.58,1465.6,Tuesday,0,0,Cloudy,11,0
2025-05-27,Paneer Tikka,Starters,17,2.38,595.0,Tuesday,0,0,Cloudy,11,0
2025-05-27,Chicken Tandoori,Starters,45,8.87,2217.5,Tuesday,0,0,Cloudy,11,0
2025-05-27,Veg Spring Rolls,Starters,13,2.29,572.5,Tuesday,0,0,Cloudy,11,0
2025-05-27,Fish Amritsari,Starters,28,4.6,1150.0,Tuesday,0,0,Cloudy,11,0
2025-05-27,Butter Naan,Breads,10,0.79,94.8,Tuesday,0,0,Cloudy,11,0
2025-05-27,Garlic Naan,Breads,10,0.59,70.8,Tuesday,0,0,Cloudy,11,0
2025-05-27,Tandoori Roti,Breads,18,1.41,169.2,Tuesday,0,0,Cloudy,11,0
2025-05-27,Gulab Jamun,Desserts,12,1.48,414.4,Tuesday,0,0,Cloudy,11,0
2025-05-27,Ras Malai,Desserts,8,1.11,310.8,Tuesday,0,0,Cloudy,11,0
2025-05-27,Kheer,Desserts,10,1.1,308.0,Tuesday,0,0,Cloudy,11,0
2025-05-27,Kulfi,Desserts,8,0.91,254.8,Tuesday,0,0,Cloudy,11,0
2025-05-28,Paneer Butter Masala,Main Course,7,2.4,768.0,Wednesday,0,0,Stormy,8,0
2025-05-28,Dal Makhani,Main Course,11,2.94,940.8,Wednesday,0,0,Stormy,8,0
2025-05-28,Chicken Biryani,Main Course,7,2.33,745.6,Wednesday,0,0,Stormy,8,0
2025-05-28,Mutton Rogan Josh,Main Course,8,2.63,841.6,Wednesday,0,0,Stormy,8,0
2025-05-28,Paneer Tikka,Starters,11,1.87,467.5,Wednesday,0,0,Stormy,8,0
2025-05-28,Chicken Tandoori,Starters,13,2.2,550.0,Wednesday,0,0,Stormy,8,0
2025-05-28,Veg Spring Rolls,Starters,3,0.58,145.0,Wednesday,0,0,Stormy,8,0
2025-05-28,Fish Amritsari,Starters,17,2.42,605.0,Wednesday,0,0,Stormy,8,0
2025-05-28,Butter Naan,Breads,11,0.88,105.6,Wednesday,0,0,Stormy,8,0
2025-05-28,Garlic Naan,Breads,18,1.11,133.2,Wednesday,0,0,Stormy,8,0
2025-05-28,Tandoori Roti,Breads,6,0.44,52.8,Wednesday,0,0,Stormy,8,0
2025-05-28,Gulab Jamun,Desserts,7,0.99,277.2,Wednesday,0,0,Stormy,8,0
2025-05-28,Ras Malai,Desserts,2,0.28,78.4,Wednesday,0,0,Stormy,8,0
2025-05-28,Kheer,Desserts,8,1.04,291.2,Wednesday,0,0,Stormy,8,0
2025-05-28,Kulfi,Desserts,13,1.88,526.4,Wednesday,0,0,Stormy,8,0
2025-05-29,Paneer Butter Masala,Main Course,6,1.97,630.4,Thursday,0,0,Sunny,12,0
2025-05-29,Dal Makhani,Main Course,5,1.63,521.6,Thursday,0,0,Sunny,12,0
2025-05-29,Chicken Biryani,Main Course,7,2.01,643.2,Thursday,0,0,Sunny,12,0
2025-05-29,Mutton Rogan Josh,Main Course,11,3.08,985.6,Thursday,0,0,Sunny,12,0
2025-05-29,Paneer Tikka,Starters,18,2.55,637.5,Thursday,0,0,Sunny,12,0
2025-05-29,Chicken Tandoori,Starters,10,1.43,357.5,Thursday,0,0,Sunny,12,0
2025-05-29,Veg Spring Rolls,Starters,6,0.87,217.5,Thursday,0,0,Sunny,12,0
2025-05-29,Fish Amritsari,Starters,23,4.59,1147.5,Thursday,0,0,Sunny,12,0
2025-05-29,Butter Naan,Breads,7,0.5,60.0,Thursday,0,0,Sunny,12,0
2025-05-29,Garlic Naan,Breads,5,0.37,44.4,Thursday,0,0,Sunny,12,0
2025-05-29,Tandoori Roti,Breads,11,0.66,79.2,Thursday,0,0,Sunny,12,0
2025-05-29,Gulab Jamun,Desserts,3,0.33,92.4,Thursday,0,0,Sunny,12,0
2025-05-29,Ras Malai,Desserts,3,0.36,100.8,Thursday,0,0,Sunny,12,0
2025-05-29,Kheer,Desserts,10,1.42,397.6,Thursday,0,0,Sunny,12,0
2025-05-29,Kulfi,Desserts,9,1.08,302.4,Thursday,0,0,Sunny,12,0
2025-05-30,Paneer Butter Masala,Main Course,3,0.91,291.2,Friday,0,0,Sunny,11,0
2025-05-30,Dal Makhani,Main Course,5,1.28,409.6,Friday,0,0,Sunny,11,0
2025-05-30,Chicken Biryani,Main Course,5,1.23,393.6,Friday,0,0,Sunny,11,0
2025-05-30,Mutton Rogan Josh,Main Course,12,3.08,985.6,Friday,0,0,Sunny,11,0
2025-05-30,Paneer Tikka,Starters,6,1.16,290.0,Friday,0,0,Sunny,11,0
2025-05-30,Chicken Tandoori,Starters,14,2.75,687.5,Friday,0,0,Sunny,11,0
2025-05-30,Veg Spring Rolls,Starters,9,1.34,335.0,Friday,0,0,Sunny,11,0
2025-05-30,Fish Amritsari,Starters,23,4.55,1137.5,Friday,0,0,Sunny,11,0
2025-05-30,Butter Naan,Breads,12,0.71,85.2,Friday,0,0,Sunny,11,0
2025-05-30,Garlic Naan,Breads,10,0.78,93.6,Friday,0,0,Sunny,11,0
2025-05-30,Tandoori Roti,Breads,19,1.17,140.4,Friday,0,0,Sunny,11,0
2025-05-30,Gulab Jamun,Desserts,8,1.18,330.4,Friday,0,0,Sunny,11,0
2025-05-30,Ras Malai,Desserts,4,0.49,137.2,Friday,0,0,Sunny,11,0
2025-05-30,Kheer,Desserts,2,0.3,84.0,Friday,0,0,Sunny,11,0
2025-05-30,Kulfi,Desserts,13,1.51,422.8,Friday,0,0,Sunny,11,0
2025-05-31,Paneer Butter Masala,Main Course,40,10.98,3513.6,Saturday,1,0,Sunny,15,0
2025-05-31,Dal Makhani,Main Course,64,17.12,5478.4,Saturday,1,0,Sunny,15,0
2025-05-31,Chicken Biryani,Main Course,4,1.18,377.6,Saturday,1,0,Sunny,15,0
2025-05-31,Mutton Rogan Josh,Main Course,25,7.87,2518.4,Saturday,1,0,Sunny,15,0
2025-05-31,Paneer Tikka,Starters,11,1.75,437.5,Saturday,1,0,Sunny,15,0
2025-05-31,Chicken Tandoori,Starters,18,2.64,660.0,Saturday,1,0,Sunny,15,0
2025-05-31,Veg Spring Rolls,Starters,26,5.18,1295.0,Saturday,1,0,Sunny,15,0
2025-05-31,Fish Amritsari,Starters,21,3.4,850.0,Saturday,1,0,Sunny,15,0
2025-05-31,Butter Naan,Breads,17,1.29,154.8,Saturday,1,0,Sunny,15,0
2025-05-31,Garlic Naan,Breads,31,2.15,258.0,Saturday,1,0,Sunny,15,0
2025-05-31,Tandoori Roti,Breads,21,1.43,171.6,Saturday,1,0,Sunny,15,0
2025-05-31,Gulab Jamun,Desserts,3,0.42,117.6,Saturday,1,0,Sunny,15,0
2025-05-31,Ras Malai,Desserts,12,1.54,431.2,Saturday,1,0,Sunny,15,0
2025-05-31,Kheer,Desserts,10,1.06,296.8,Saturday,1,0,Sunny,15,0
2025-05-31,Kulfi,Desserts,10,1.23,344.4,Saturday,1,0,Sunny,15,0
2025-06-01,Paneer Butter Masala,Main Course,6,1.55,496.0,Sunday,1,0,Rainy,15,0
2025-06-01,Dal Makhani,Main Course,19,6.61,2115.2,Sunday,1,0,Rainy,15,0
2025-06-01,Chicken Biryani,Main Course,8,1.97,630.4,Sunday,1,0,Rainy,15,0
2025-06-01,Mutton Rogan Josh,Main Course,22,7.7,2464.0,Sunday,1,0,Rainy,15,0
2025-06-01,Paneer Tikka,Starters,14,2.43,607.5,Sunday,1,0,Rainy,15,0
2025-06-01,Chicken Tandoori,Starters,10,1.53,382.5,Sunday,1,0,Rainy,15,0
2025-06-01,Veg Spring Rolls,Starters,59,8.68,2170.0,Sunday,1,0,Rainy,15,0
2025-06-01,Fish Amritsari,Starters,13,2.29,572.5,Sunday,1,0,Rainy,15,0
2025-06-01,Butter Naan,Breads,11,0.85,102.0,Sunday,1,0,Rainy,15,0
2025-06-01,Garlic Naan,Breads,9,0.57,68.4,Sunday,1,0,Rainy,15,0
2025-06-01,Tandoori Roti,Breads,19,1.39,166.8,Sunday,1,0,Rainy,15,0
2025-06-01,Gulab Jamun,Desserts,6,0.67,187.6,Sunday,1,0,Rainy,15,0
2025-06-01,Ras Malai,Desserts,10,1.12,313.6,Sunday,1,0,Rainy,15,0
2025-06-01,Kheer,Desserts,7,0.9,252.0,Sunday,1,0,Rainy,15,0
2025-06-01,Kulfi,Desserts,14,1.62,453.6,Sunday,1,0,Rainy,15,0
2025-06-02,Paneer Butter Masala,Main Course,2,0.62,198.4,Monday,0,0,Rainy,11,0
2025-06-02,Dal Makhani,Main Course,8,2.17,694.4,Monday,0,0,Rainy,11,0
2025-06-02,Chicken Biryani,Main Course,5,1.34,428.8,Monday,0,0,Rainy,11,0
2025-06-02,Mutton Rogan Josh,Main Course,9,2.97,950.4,Monday,0,0,Rainy,11,0
2025-06-02,Paneer Tikka,Starters,7,1.08,270.0,Monday,0,0,Rainy,11,0
2025-06-02,Chicken Tandoori,Starters,9,1.53,382.5,Monday,0,0,Rainy,11,0
2025-06-02,Veg Spring Rolls,Starters,14,2.24,560.0,Monday,0,0,Rainy,11,0
2025-06-02,Fish Amritsari,Starters,15,2.45,612.5,Monday,0,0,Rainy,11,0
2025-06-02,Butter Naan,Breads,3,0.24,28.8,Monday,0,0,Rainy,11,0
2025-06-02,Garlic Naan,Breads,16,0.95,114.0,Monday,0,0,Rainy,11,0
2025-06-02,Tandoori Roti,Breads,6,0.41,49.2,Monday,0,0,Rainy,11,0
2025-06-02,Gulab Jamun,Desserts,9,1.15,322.0,Monday,0,0,Rainy,11,0
2025-06-02,Ras Malai,Desserts,6,0.66,184.8,Monday,0,0,Rainy,11,0
2025-06-02,Kheer,Desserts,7,0.97,271.6,Monday,0,0,Rainy,11,0
2025-06-02,Kulfi,Desserts,6,0.83,232.4,Monday,0,0,Rainy,11,0
2025-06-03,Paneer Butter Masala,Main Course,1,0.25,80.0,Tuesday,0,0,Cloudy,12,0
2025-06-03,Dal Makhani,Main Course,10,3.08,985.6,Tuesday,0,0,Cloudy,12,0
2025-06-03,Chicken Biryani,Main Course,7,2.13,681.6,Tuesday,0,0,Cloudy,12,0
2025-06-03,Mutton Rogan Josh,Main Course,7,2.16,691.2,Tuesday,0,0,Cloudy,12,0
2025-06-03,Paneer Tikka,Starters,8,1.21,302.5,Tuesday,0,0,Cloudy,12,0
2025-06-03,Chicken Tandoori,Starters,6,1.03,257.5,Tuesday,0,0,Cloudy,12,0
2025-06-03,Veg Spring Rolls,Starters,9,1.29,322.5,Tuesday,0,0,Cloudy,12,0
2025-06-03,Fish Amritsari,Starters,21,3.57,892.5,Tuesday,0,0,Cloudy,12,0
2025-06-03,Butter Naan,Breads,2,0.16,19.2,Tuesday,0,0,Cloudy,12,0
2025-06-03,Garlic Naan,Breads,23,1.78,213.6,Tuesday,0,0,Cloudy,12,0
2025-06-03,Tandoori Roti,Breads,15,0.91,109.2,Tuesday,0,0,Cloudy,12,0
2025-06-03,Gulab Jamun,Desserts,7,0.96,268.8,Tuesday,0,0,Cloudy,12,0
2025-06-03,Ras Malai,Desserts,9,1.21,338.8,Tuesday,0,0,Cloudy,12,0
2025-06-03,Kheer,Desserts,6,0.76,212.8,Tuesday,0,0,Cloudy,12,0
2025-06-03,Kulfi,Desserts,11,1.27,355.6,Tuesday,0,0,Cloudy,12,0
2025-06-04,Paneer Butter Masala,Main Course,2,0.66,211.2,Wednesday,0,0,Rainy,11,0
2025-06-04,Dal Makhani,Main Course,12,3.14,1004.8,Wednesday,0,0,Rainy,11,0
2025-06-04,Chicken Biryani,Main Course,7,2.36,755.2,Wednesday,0,0,Rainy,11,0
2025-06-04,Mutton Rogan Josh,Main Course,13,3.76,1203.2,Wednesday,0,0,Rainy,11,0
2025-06-04,Paneer Tikka,Starters,6,1.2,300.0,Wednesday,0,0,Rainy,11,0
2025-06-04,Chicken Tandoori,Starters,14,1.99,497.5,Wednesday,0,0,Rainy,11,0
2025-06-04,Veg Spring Rolls,Starters,13,1.84,460.0,Wednesday,0,0,Rainy,11,0
2025-06-04,Fish Amritsari,Starters,12,1.84,460.0,Wednesday,0,0,Rainy,11,0
2025-06-04,Butter Naan,Breads,7,0.4,48.0,Wednesday,0,0,Rainy,11,0
2025-06-04,Garlic Naan,Breads,8,0.56,67.2,Wednesday,0,0,Rainy,11,0
2025-06-04,Tandoori Roti,Breads,13,1.03,123.6,Wednesday,0,0,Rainy,11,0
2025-06-04,Gulab Jamun,Desserts,11,1.44,403.2,Wednesday,0,0,Rainy,11,0
2025-06-04,Ras Malai,Desserts,2,0.23,64.4,Wednesday,0,0,Rainy,11,0
2025-06-04,Kheer,Desserts,3,0.4,112.0,Wednesday,0,0,Rainy,11,0
2025-06-04,Kulfi,Desserts,7,0.81,226.8,Wednesday,0,0,Rainy,11,0
2025-06-05,Paneer Butter Masala,Main Course,4,1.05,336.0,Thursday,0,0,Sunny,8,0
2025-06-05,Dal Makhani,Main Course,7,2.15,688.0,Thursday,0,0,Sunny,8,0
2025-06-05,Chicken Biryani,Main Course,5,1.3,416.0,Thursday,0,0,Sunny,8,0
2025-06-05,Mutton Rogan Josh,Main Course,14,4.52,1446.4,Thursday,0,0,Sunny,8,0
2025-06-05,Paneer Tikka,Starters,12,1.92,480.0,Thursday,0,0,Sunny,8,0
2025-06-05,Chicken Tandoori,Starters,13,2.22,555.0,Thursday,0,0,Sunny,8,0
2025-06-05,Veg Spring Rolls,Starters,7,1.22,305.0,Thursday,0,0,Sunny,8,0
2025-06-05,Fish Amritsari,Starters,12,1.98,495.0,Thursday,0,0,Sunny,8,0
2025-06-05,Butter Naan,Breads,3,0.18,21.6,Thursday,0,0,Sunny,8,0
2025-06-05,Garlic Naan,Breads,19,1.36,163.2,Thursday,0,0,Sunny,8,0
2025-06-05,Tandoori Roti,Breads,13,0.78,93.6,Thursday,0,0,Sunny,8,0
2025-06-05,Gulab Jamun,Desserts,5,0.55,154.0,Thursday,0,0,Sunny,8,0
2025-06-05,Ras Malai,Desserts,7,1.02,285.6,Thursday,0,0,Sunny,8,0
2025-06-05,Kheer,Desserts,4,0.46,128.8,Thursday,0,0,Sunny,8,0
2025-06-05,Kulfi,Desserts,7,0.83,232.4,Thursday,0,0,Sunny,8,0
2025-06-06,Paneer Butter Masala,Main Course,5,1.7,544.0,Friday,0,0,Stormy,9,0
2025-06-06,Dal Makhani,Main Course,10,3.45,1104.0,Friday,0,0,Stormy,9,0
2025-06-06,Chicken Biryani,Main Course,2,0.55,176.0,Friday,0,0,Stormy,9,0
2025-06-06,Mutton Rogan Josh,Main Course,8,2.19,700.8,Friday,0,0,Stormy,9,0
2025-06-06,Paneer Tikka,Starters,13,2.3,575.0,Friday,0,0,Stormy,9,0
2025-06-06,Chicken Tandoori,Starters,11,1.82,455.0,Friday,0,0,Stormy,9,0
2025-06-06,Veg Spring Rolls,Starters,8,1.2,300.0,Friday,0,0,Stormy,9,0
2025-06-06,Fish Amritsari,Starters,14,2.7,675.0,Friday,0,0,Stormy,9,0
2025-06-06,Butter Naan,Breads,11,0.64,76.8,Friday,0,0,Stormy,9,0
2025-06-06,Garlic Naan,Breads,12,0.84,100.8,Friday,0,0,Stormy,9,0
2025-06-06,Tandoori Roti,Breads,18,1.34,160.8,Friday,0,0,Stormy,9,0
2025-06-06,Gulab Jamun,Desserts,4,0.56,156.8,Friday,0,0,Stormy,9,0
2025-06-06,Ras Malai,Desserts,7,0.86,240.8,Friday,0,0,Stormy,9,0
2025-06-06,Kheer,Desserts,7,0.75,210.0,Friday,0,0,Stormy,9,0
2025-06-06,Kulfi,Desserts,6,0.81,226.8,Friday,0,0,Stormy,9,0
2025-06-07,Paneer Butter Masala,Main Course,5,1.25,400.0,Saturday,1,0,Stormy,14,0
2025-06-07,Dal Makhani,Main Course,12,3.15,1008.0,Saturday,1,0,Stormy,14,0
2025-06-07,Chicken Biryani,Main Course,7,2.01,643.2,Saturday,1,0,Stormy,14,0
2025-06-07,Mutton Rogan Josh,Main Course,10,2.93,937.6,Saturday,1,0,Stormy,14,0
2025-06-07,Paneer Tikka,Starters,3,0.57,142.5,Saturday,1,0,Stormy,14,0
2025-06-07,Chicken Tandoori,Starters,11,2.16,540.0,Saturday,1,0,Stormy,14,0
2025-06-07,Veg Spring Rolls,Starters,9,1.69,422.5,Saturday,1,0,Stormy,14,0
2025-06-07,Fish Amritsari,Starters,19,2.97,742.5,Saturday,1,0,Stormy,14,0
2025-06-07,Butter Naan,Breads,12,0.71,85.2,Saturday,1,0,Stormy,14,0
2025-06-07,Garlic Naan,Breads,13,0.9,108.0,Saturday,1,0,Stormy,14,0
2025-06-07,Tandoori Roti,Breads,10,0.65,78.0,Saturday,1,0,Stormy,14,0
2025-06-07,Gulab Jamun,Desserts,4,0.5,140.0,Saturday,1,0,Stormy,14,0
2025-06-07,Ras Malai,Desserts,4,0.44,123.2,Saturday,1,0,Stormy,14,0
2025-06-07,Kheer,Desserts,9,1.13,316.4,Saturday,1,0,Stormy,14,0
2025-06-07,Kulfi,Desserts,9,1.03,288.4,Saturday,1,0,Stormy,14,0
2025-06-08,Paneer Butter Masala,Main Course,3,0.94,300.8,Sunday,1,0,Cloudy,13,0
2025-06-08,Dal Makhani,Main Course,9,2.84,908.8,Sunday,1,0,Cloudy,13,0
2025-06-08,Chicken Biryani,Main Course,5,1.61,515.2,Sunday,1,0,Cloudy,13,0
2025-06-08,Mutton Rogan Josh,Main Course,49,13.6,4352.0,Sunday,1,0,Cloudy,13,0
2025-06-08,Paneer Tikka,Starters,13,1.98,495.0,Sunday,1,0,Cloudy,13,0
2025-06-08,Chicken Tandoori,Starters,17,2.5,625.0,Sunday,1,0,Cloudy,13,0
2025-06-08,Veg Spring Rolls,Starters,5,0.95,237.5,Sunday,1,0,Cloudy,13,0
2025-06-08,Fish Amritsari,Starters,19,3.69,922.5,Sunday,1,0,Cloudy,13,0
2025-06-08,Butter Naan,Breads,16,0.94,112.8,Sunday,1,0,Cloudy,13,0
2025-06-08,Garlic Naan,Breads,11,0.65,78.0,Sunday,1,0,Cloudy,13,0
2025-06-08,Tandoori Roti,Breads,14,0.95,114.0,Sunday,1,0,Cloudy,13,0
2025-06-08,Gulab Jamun,Desserts,9,1.27,355.6,Sunday,1,0,Cloudy,13,0
2025-06-08,Ras Malai,Desserts,13,1.89,529.2,Sunday,1,0,Cloudy,13,0
2025-06-08,Kheer,Desserts,5,0.69,193.2,Sunday,1,0,Cloudy,13,0
2025-06-08,Kulfi,Desserts,12,1.45,406.0,Sunday,1,0,Cloudy,13,0
2025-06-09,Paneer Butter Masala,Main Course,4,1.39,444.8,Monday,0,0,Rainy,10,0
2025-06-09,Dal Makhani,Main Course,13,4.46,1427.2,Monday,0,0,Rainy,10,0
2025-06-09,Chicken Biryani,Main Course,6,1.79,572.8,Monday,0,0,Rainy,10,0
2025-06-09,Mutton Rogan Josh,Main Course,9,2.57,822.4,Monday,0,0,Rainy,10,0
2025-06-09,Paneer Tikka,Starters,12,1.8,450.0,Monday,0,0,Rainy,10,0
2025-06-09,Chicken Tandoori,Starters,11,1.74,435.0,Monday,0,0,Rainy,10,0
2025-06-09,Veg Spring Rolls,Starters,16,2.5,625.0,Monday,0,0,Rainy,10,0
2025-06-09,Fish Amritsari,Starters,44,8.57,2142.5,Monday,0,0,Rainy,10,0
2025-06-09,Butter Naan,Breads,8,0.56,67.2,Monday,0,0,Rainy,10,0
2025-06-09,Garlic Naan,Breads,11,0.69,82.8,Monday,0,0,Rainy,10,0
2025-06-09,Tandoori Roti,Breads,4,0.25,30.0,Monday,0,0,Rainy,10,0
2025-06-09,Gulab Jamun,Desserts,9,1.15,322.0,Monday,0,0,Rainy,10,0
2025-06-09,Ras Malai,Desserts,3,0.44,123.2,Monday,0,0,Rainy,10,0
2025-06-09,Kheer,Desserts,8,1.06,296.8,Monday,0,0,Rainy,10,0
2025-06-09,Kulfi,Desserts,9,1.17,327.6,Monday,0,0,Rainy,10,0
2025-06-10,Paneer Butter Masala,Main Course,2,0.56,179.2,Tuesday,0,0,Sunny,12,0
2025-06-10,Dal Makhani,Main Course,12,3.11,995.2,Tuesday,0,0,Sunny,12,0
2025-06-10,Chicken Biryani,Main Course,2,0.66,211.2,Tuesday,0,0,Sunny,12,0
2025-06-10,Mutton Rogan Josh,Main Course,12,3.07,982.4,Tuesday,0,0,Sunny,12,0
2025-06-10,Paneer Tikka,Starters,8,1.47,367.5,Tuesday,0,0,Sunny,12,0
2025-06-10,Chicken Tandoori,Starters,5,0.76,190.0,Tuesday,0,0,Sunny,12,0
2025-06-10,Veg Spring Rolls,Starters,13,2.38,595.0,Tuesday,0,0,Sunny,12,0
2025-06-10,Fish Amritsari,Starters,16,2.35,587.5,Tuesday,0,0,Sunny,12,0
2025-06-10,Butter Naan,Breads,10,0.61,73.2,Tuesday,0,0,Sunny,12,0
2025-06-10,Garlic Naan,Breads,9,0.56,67.2,Tuesday,0,0,Sunny,12,0
2025-06-10,Tandoori Roti,Breads,20,1.21,145.2,Tuesday,0,0,Sunny,12,0
2025-06-10,Gulab Jamun,Desserts,6,0.75,210.0,Tuesday,0,0,Sunny,12,0
2025-06-10,Ras Malai,Desserts,5,0.58,162.4,Tuesday,0,0,Sunny,12,0
2025-06-10,Kheer,Desserts,3,0.32,89.6,Tuesday,0,0,Sunny,12,0
2025-06-10,Kulfi,Desserts,27,3.46,968.8,Tuesday,0,0,Sunny,12,0
2025-06-11,Paneer Butter Masala,Main Course,7,2.1,672.0,Wednesday,0,0,Rainy,12,1
2025-06-11,Dal Makhani,Main Course,7,2.22,710.4,Wednesday,0,0,Rainy,12,1
2025-06-11,Chicken Biryani,Main Course,6,1.78,569.6,Wednesday,0,0,Rainy,12,1
2025-06-11,Mutton Rogan Josh,Main Course,14,4.28,1369.6,Wednesday,0,0,Rainy,12,1
2025-06-11,Paneer Tikka,Starters,6,0.97,242.5,Wednesday,0,0,Rainy,12,1
2025-06-11,Chicken Tandoori,Starters,3,0.51,127.5,Wednesday,0,0,Rainy,12,1
2025-06-11,Veg Spring Rolls,Starters,10,1.76,440.0,Wednesday,0,0,Rainy,12,1
2025-06-11,Fish Amritsari,Starters,14,2.2,550.0,Wednesday,0,0,Rainy,12,1
2025-06-11,Butter Naan,Breads,11,0.86,103.2,Wednesday,0,0,Rainy,12,1
2025-06-11,Garlic Naan,Breads,8,0.6,72.0,Wednesday,0,0,Rainy,12,1
2025-06-11,Tandoori Roti,Breads,10,0.59,70.8,Wednesday,0,0,Rainy,12,1
2025-06-11,Gulab Jamun,Desserts,6,0.84,235.2,Wednesday,0,0,Rainy,12,1
2025-06-11,Ras Malai,Desserts,5,0.54,151.2,Wednesday,0,0,Rainy,12,1
2025-06-11,Kheer,Desserts,8,0.86,240.8,Wednesday,0,0,Rainy,12,1
2025-06-11,Kulfi,Desserts,12,1.73,484.4,Wednesday,0,0,Rainy,12,1
2025-06-12,Paneer Butter Masala,Main Course,19,5.98,1913.6,Thursday,0,0,Rainy,8,0
2025-06-12,Dal Makhani,Main Course,13,3.43,1097.6,Thursday,0,0,Rainy,8,0
2025-06-12,Chicken Biryani,Main Course,22,6.22,1990.4,Thursday,0,0,Rainy,8,0
2025-06-12,Mutton Rogan Josh,Main Course,11,2.78,889.6,Thursday,0,0,Rainy,8,0
2025-06-12,Paneer Tikka,Starters,12,2.31,577.5,Thursday,0,0,Rainy,8,0
2025-06-12,Chicken Tandoori,Starters,5,0.73,182.5,Thursday,0,0,Rainy,8,0
2025-06-12,Veg Spring Rolls,Starters,4,0.75,187.5,Thursday,0,0,Rainy,8,0
2025-06-12,Fish Amritsari,Starters,18,2.66,665.0,Thursday,0,0,Rainy,8,0
2025-06-12,Butter Naan,Breads,7,0.54,64.8,Thursday,0,0,Rainy,8,0
2025-06-12,Garlic Naan,Breads,5,0.38,45.6,Thursday,0,0,Rainy,8,0
2025-06-12,Tandoori Roti,Breads,6,0.41,49.2,Thursday,0,0,Rainy,8,0
2025-06-12,Gulab Jamun,Desserts,2,0.24,67.2,Thursday,0,0,Rainy,8,0
2025-06-12,Ras Malai,Desserts,3,0.35,98.0,Thursday,0,0,Rainy,8,0
2025-06-12,Kheer,Desserts,8,1.11,310.8,Thursday,0,0,Rainy,8,0
2025-06-12,Kulfi,Desserts,7,1.02,285.6,Thursday,0,0,Rainy,8,0
2025-06-13,Paneer Butter Masala,Main Course,7,2.12,678.4,Friday,0,0,Rainy,10,0
2025-06-13,Dal Makhani,Main Course,8,2.12,678.4,Friday,0,0,Rainy,10,0
2025-06-13,Chicken Biryani,Main Course,6,2.07,662.4,Friday,0,0,Rainy,10,0
2025-06-13,Mutton Rogan Josh,Main Course,6,2.03,649.6,Friday,0,0,Rainy,10,0
2025-06-13,Paneer Tikka,Starters,9,1.51,377.5,Friday,0,0,Rainy,10,0
2025-06-13,Chicken Tandoori,Starters,6,1.19,297.5,Friday,0,0,Rainy,10,0
2025-06-13,Veg Spring Rolls,Starters,12,2.3,575.0,Friday,0,0,Rainy,10,0
2025-06-13,Fish Amritsari,Starters,10,1.9,475.0,Friday,0,0,Rainy,10,0
2025-06-13,Butter Naan,Breads,11,0.62,74.4,Friday,0,0,Rainy,10,0
2025-06-13,Garlic Naan,Breads,13,0.89,106.8,Friday,0,0,Rainy,10,0
2025-06-13,Tandoori Roti,Breads,4,0.24,28.8,Friday,0,0,Rainy,10,0
2025-06-13,Gulab Jamun,Desserts,5,0.65,182.0,Friday,0,0,Rainy,10,0
2025-06-13,Ras Malai,Desserts,2,0.21,58.8,Friday,0,0,Rainy,10,0
2025-06-13,Kheer,Desserts,9,1.17,327.6,Friday,0,0,Rainy,10,0
2025-06-13,Kulfi,Desserts,7,0.79,221.2,Friday,0,0,Rainy,10,0
2025-06-14,Paneer Butter Masala,Main Course,3,0.92,294.4,Saturday,1,0,Rainy,14,0
2025-06-14,Dal Makhani,Main Course,7,1.94,620.8,Saturday,1,0,Rainy,14,0
2025-06-14,Chicken Biryani,Main Course,5,1.29,412.8,Saturday,1,0,Rainy,14,0
2025-06-14,Mutton Rogan Josh,Main Course,37,12.01,3843.2,Saturday,1,0,Rainy,14,0
2025-06-14,Paneer Tikka,Starters,12,2.23,557.5,Saturday,1,0,Rainy,14,0
2025-06-14,Chicken Tandoori,Starters,16,3.2,800.0,Saturday,1,0,Rainy,14,0
2025-06-14,Veg Spring Rolls,Starters,9,1.74,435.0,Saturday,1,0,Rainy,14,0
2025-06-14,Fish Amritsari,Starters,20,2.97,742.5,Saturday,1,0,Rainy,14,0
2025-06-14,Butter Naan,Breads,8,0.51,61.2,Saturday,1,0,Rainy,14,0
2025-06-14,Garlic Naan,Breads,8,0.59,70.8,Saturday,1,0,Rainy,14,0
2025-06-14,Tandoori Roti,Breads,24,1.41,169.2,Saturday,1,0,Rainy,14,0
2025-06-14,Gulab Jamun,Desserts,6,0.64,179.2,Saturday,1,0,Rainy,14,0
2025-06-14,Ras Malai,Desserts,5,0.61,170.8,Saturday,1,0,Rainy,14,0
2025-06-14,Kheer,Desserts,23,2.72,761.6,Saturday,1,0,Rainy,14,0
2025-06-14,Kulfi,Desserts,16,2.22,621.6,Saturday,1,0,Rainy,14,0
2025-06-15,Paneer Butter Masala,Main Course,4,1.3,416.0,Sunday,1,0,Sunny,12,1
2025-06-15,Dal Makhani,Main Course,10,2.65,848.0,Sunday,1,0,Sunny,12,1
2025-06-15,Chicken Biryani,Main Course,7,2.3,736.0,Sunday,1,0,Sunny,12,1
2025-06-15,Mutton Rogan Josh,Main Course,15,4.14,1324.8,Sunday,1,0,Sunny,12,1
2025-06-15,Paneer Tikka,Starters,23,3.65,912.5,Sunday,1,0,Sunny,12,1
2025-06-15,Chicken Tandoori,Starters,22,3.44,860.0,Sunday,1,0,Sunny,12,1
2025-06-15,Veg Spring Rolls,Starters,20,3.26,815.0,Sunday,1,0,Sunny,12,1
2025-06-15,Fish Amritsari,Starters,28,4.78,1195.0,Sunday,1,0,Sunny,12,1
2025-06-15,Butter Naan,Breads,19,1.07,128.4,Sunday,1,0,Sunny,12,1
2025-06-15,Garlic Naan,Breads,25,1.49,178.8,Sunday,1,0,Sunny,12,1
2025-06-15,Tandoori Roti,Breads,17,1.31,157.2,Sunday,1,0,Sunny,12,1
2025-06-15,Gulab Jamun,Desserts,20,2.12,593.6,Sunday,1,0,Sunny,12,1
2025-06-15,Ras Malai,Desserts,15,1.89,529.2,Sunday,1,0,Sunny,12,1
2025-06-15,Kheer,Desserts,9,1.1,308.0,Sunday,1,0,Sunny,12,1
2025-06-15,Kulfi,Desserts,15,2.21,618.8,Sunday,1,0,Sunny,12,1
2025-06-16,Paneer Butter Masala,Main Course,7,2.31,739.2,Monday,0,0,Cloudy,9,0
2025-06-16,Dal Makhani,Main Course,3,0.99,316.8,Monday,0,0,Cloudy,9,0
2025-06-16,Chicken Biryani,Main Course,4,1.19,380.8,Monday,0,0,Cloudy,9,0
2025-06-16,Mutton Rogan Josh,Main Course,10,3.15,1008.0,Monday,0,0,Cloudy,9,0
2025-06-16,Paneer Tikka,Starters,8,1.18,295.0,Monday,0,0,Cloudy,9,0
2025-06-16,Chicken Tandoori,Starters,15,2.85,712.5,Monday,0,0,Cloudy,9,0
2025-06-16,Veg Spring Rolls,Starters,3,0.43,107.5,Monday,0,0,Cloudy,9,0
2025-06-16,Fish Amritsari,Starters,18,3.36,840.0,Monday,0,0,Cloudy,9,0
2025-06-16,Butter Naan,Breads,10,0.62,74.4,Monday,0,0,Cloudy,9,0
2025-06-16,Garlic Naan,Breads,8,0.46,55.2,Monday,0,0,Cloudy,9,0
2025-06-16,Tandoori Roti,Breads,10,0.79,94.8,Monday,0,0,Cloudy,9,0
2025-06-16,Gulab Jamun,Desserts,8,0.89,249.2,Monday,0,0,Cloudy,9,0
2025-06-16,Ras Malai,Desserts,7,0.81,226.8,Monday,0,0,Cloudy,9,0
2025-06-16,Kheer,Desserts,7,0.79,221.2,Monday,0,0,Cloudy,9,0
2025-06-16,Kulfi,Desserts,9,1.02,285.6,Monday,0,0,Cloudy,9,0
2025-06-17,Paneer Butter Masala,Main Course,2,0.57,182.4,Tuesday,0,0,Sunny,12,0
2025-06-17,Dal Makhani,Main Course,3,0.85,272.0,Tuesday,0,0,Sunny,12,0
2025-06-17,Chicken Biryani,Main Course,2,0.68,217.6,Tuesday,0,0,Sunny,12,0
2025-06-17,Mutton Rogan Josh,Main Course,25,7.99,2556.8,Tuesday,0,0,Sunny,12,0
2025-06-17,Paneer Tikka,Starters,16,2.52,630.0,Tuesday,0,0,Sunny,12,0
2025-06-17,Chicken Tandoori,Starters,9,1.36,340.0,Tuesday,0,0,Sunny,12,0
2025-06-17,Veg Spring Rolls,Starters,7,1.34,335.0,Tuesday,0,0,Sunny,12,0
2025-06-17,Fish Amritsari,Starters,16,3.07,767.5,Tuesday,0,0,Sunny,12,0
2025-06-17,Butter Naan,Breads,8,0.62,74.4,Tuesday,0,0,Sunny,12,0
2025-06-17,Garlic Naan,Breads,7,0.44,52.8,Tuesday,0,0,Sunny,12,0
2025-06-17,Tandoori Roti,Breads,7,0.44,52.8,Tuesday,0,0,Sunny,12,0
2025-06-17,Gulab Jamun,Desserts,11,1.4,392.0,Tuesday,0,0,Sunny,12,0
2025-06-17,Ras Malai,Desserts,3,0.39,109.2,Tuesday,0,0,Sunny,12,0
2025-06-17,Kheer,Desserts,7,1.01,282.8,Tuesday,0,0,Sunny,12,0
2025-06-17,Kulfi,Desserts,10,1.36,380.8,Tuesday,0,0,Sunny,12,0
2025-06-18,Paneer Butter Masala,Main Course,1,0.35,112.0,Wednesday,0,0,Sunny,9,0
2025-06-18,Dal Makhani,Main Course,8,2.43,777.6,Wednesday,0,0,Sunny,9,0
2025-06-18,Chicken Biryani,Main Course,1,0.27,86.4,Wednesday,0,0,Sunny,9,0
2025-06-18,Mutton Rogan Josh,Main Course,14,4.18,1337.6,Wednesday,0,0,Sunny,9,0
2025-06-18,Paneer Tikka,Starters,9,1.78,445.0,Wednesday,0,0,Sunny,9,0
2025-06-18,Chicken Tandoori,Starters,4,0.68,170.0,Wednesday,0,0,Sunny,9,0
2025-06-18,Veg Spring Rolls,Starters,13,2.17,542.5,Wednesday,0,0,Sunny,9,0
2025-06-18,Fish Amritsari,Starters,15,2.2,550.0,Wednesday,0,0,Sunny,9,0
2025-06-18,Butter Naan,Breads,10,0.71,85.2,Wednesday,0,0,Sunny,9,0
2025-06-18,Garlic Naan,Breads,18,1.34,160.8,Wednesday,0,0,Sunny,9,0
2025-06-18,Tandoori Roti,Breads,14,0.8,96.0,Wednesday,0,0,Sunny,9,0
2025-06-18,Gulab Jamun,Desserts,4,0.55,154.0,Wednesday,0,0,Sunny,9,0
2025-06-18,Ras Malai,Desserts,4,0.44,123.2,Wednesday,0,0,Sunny,9,0
2025-06-18,Kheer,Desserts,3,0.35,98.0,Wednesday,0,0,Sunny,9,0
2025-06-18,Kulfi,Desserts,8,0.89,249.2,Wednesday,0,0,Sunny,9,0
2025-06-19,Paneer Butter Masala,Main Course,4,1.38,441.6,Thursday,0,0,Sunny,12,0
2025-06-19,Dal Makhani,Main Course,8,2.74,876.8,Thursday,0,0,Sunny,12,0
2025-06-19,Chicken Biryani,Main Course,27,8.98,2873.6,Thursday,0,0,Sunny,12,0
2025-06-19,Mutton Rogan Josh,Main Course,13,3.6,1152.0,Thursday,0,0,Sunny,12,0
2025-06-19,Paneer Tikka,Starters,4,0.57,142.5,Thursday,0,0,Sunny,12,0
2025-06-19,Chicken Tandoori,Starters,10,1.7,425.0,Thursday,0,0,Sunny,12,0
2025-06-19,Veg Spring Rolls,Starters,13,2.01,502.5,Thursday,0,0,Sunny,12,0
2025-06-19,Fish Amritsari,Starters,16,2.32,580.0,Thursday,0,0,Sunny,12,0
2025-06-19,Butter Naan,Breads,10,0.77,92.4,Thursday,0,0,Sunny,12,0
2025-06-19,Garlic Naan,Breads,20,1.38,165.6,Thursday,0,0,Sunny,12,0
2025-06-19,Tandoori Roti,Breads,12,0.89,106.8,Thursday,0,0,Sunny,12,0
2025-06-19,Gulab Jamun,Desserts,2,0.27,75.6,Thursday,0,0,Sunny,12,0
2025-06-19,Ras Malai,Desserts,8,0.94,263.2,Thursday,0,0,Sunny,12,0
2025-06-19,Kheer,Desserts,6,0.86,240.8,Thursday,0,0,Sunny,12,0
2025-06-19,Kulfi,Desserts,13,1.56,436.8,Thursday,0,0,Sunny,12,0
2025-06-20,Paneer Butter Masala,Main Course,2,0.57,182.4,Friday,0,0,Cloudy,9,0
2025-06-20,Dal Makhani,Main Course,4,1.2,384.0,Friday,0,0,Cloudy,9,0
2025-06-20,Chicken Biryani,Main Course,26,7.31,2339.2,Friday,0,0,Cloudy,9,0
2025-06-20,Mutton Rogan Josh,Main Course,15,5.01,1603.2,Friday,0,0,Cloudy,9,0
2025-06-20,Paneer Tikka,Starters,7,1.39,347.5,Friday,0,0,Cloudy,9,0
2025-06-20,Chicken Tandoori,Starters,4,0.56,140.0,Friday,0,0,Cloudy,9,0
2025-06-20,Veg Spring Rolls,Starters,10,1.62,405.0,Friday,0,0,Cloudy,9,0
2025-06-20,Fish Amritsari,Starters,18,3.38,845.0,Friday,0,0,Cloudy,9,0
2025-06-20,Butter Naan,Breads,7,0.44,52.8,Friday,0,0,Cloudy,9,0
2025-06-20,Garlic Naan,Breads,14,0.91,109.2,Friday,0,0,Cloudy,9,0
2025-06-20,Tandoori Roti,Breads,9,0.65,78.0,Friday,0,0,Cloudy,9,0
2025-06-20,Gulab Jamun,Desserts,3,0.34,95.2,Friday,0,0,Cloudy,9,0
2025-06-20,Ras Malai,Desserts,6,0.67,187.6,Friday,0,0,Cloudy,9,0
2025-06-20,Kheer,Desserts,2,0.25,70.0,Friday,0,0,Cloudy,9,0
2025-06-20,Kulfi,Desserts,8,1.19,333.2,Friday,0,0,Cloudy,9,0
2025-06-21,Paneer Butter Masala,Main Course,9,2.39,764.8,Saturday,1,0,Rainy,14,0
2025-06-21,Dal Makhani,Main Course,19,6.2,1984.0,Saturday,1,0,Rainy,14,0
2025-06-21,Chicken Biryani,Main Course,3,0.85,272.0,Saturday,1,0,Rainy,14,0
2025-06-21,Mutton Rogan Josh,Main Course,15,4.06,1299.2,Saturday,1,0,Rainy,14,0
2025-06-21,Paneer Tikka,Starters,13,2.08,520.0,Saturday,1,0,Rainy,14,0
2025-06-21,Chicken Tandoori,Starters,11,2.14,535.0,Saturday,1,0,Rainy,14,0
2025-06-21,Veg Spring Rolls,Starters,6,1.1,275.0,Saturday,1,0,Rainy,14,0
2025-06-21,Fish Amritsari,Starters,11,2.08,520.0,Saturday,1,0,Rainy,14,0
2025-06-21,Butter Naan,Breads,11,0.67,80.4,Saturday,1,0,Rainy,14,0
2025-06-21,Garlic Naan,Breads,16,1.23,147.6,Saturday,1,0,Rainy,14,0
2025-06-21,Tandoori Roti,Breads,5,0.33,39.6,Saturday,1,0,Rainy,14,0
2025-06-21,Gulab Jamun,Desserts,13,1.88,526.4,Saturday,1,0,Rainy,14,0
2025-06-21,Ras Malai,Desserts,37,4.98,1394.4,Saturday,1,0,Rainy,14,0
2025-06-21,Kheer,Desserts,8,0.85,238.0,Saturday,1,0,Rainy,14,0
2025-06-21,Kulfi,Desserts,8,0.94,263.2,Saturday,1,0,Rainy,14,0
2025-06-22,Paneer Butter Masala,Main Course,10,3.28,1049.6,Sunday,1,0,Rainy,12,1
2025-06-22,Dal Makhani,Main Course,18,5.59,1788.8,Sunday,1,0,Rainy,12,1
2025-06-22,Chicken Biryani,Main Course,5,1.26,403.2,Sunday,1,0,Rainy,12,1
2025-06-22,Mutton Rogan Josh,Main Course,16,4.34,1388.8,Sunday,1,0,Rainy,12,1
2025-06-22,Paneer Tikka,Starters,15,2.14,535.0,Sunday,1,0,Rainy,12,1
2025-06-22,Chicken Tandoori,Starters,21,3.0,750.0,Sunday,1,0,Rainy,12,1
2025-06-22,Veg Spring Rolls,Starters,15,2.59,647.5,Sunday,1,0,Rainy,12,1
2025-06-22,Fish Amritsari,Starters,33,4.85,1212.5,Sunday,1,0,Rainy,12,1
2025-06-22,Butter Naan,Breads,17,1.31,157.2,Sunday,1,0,Rainy,12,1
2025-06-22,Garlic Naan,Breads,33,2.55,306.0,Sunday,1,0,Rainy,12,1
2025-06-22,Tandoori Roti,Breads,7,0.47,56.4,Sunday,1,0,Rainy,12,1
2025-06-22,Gulab Jamun,Desserts,12,1.43,400.4,Sunday,1,0,Rainy,12,1
2025-06-22,Ras Malai,Desserts,32,4.65,1302.0,Sunday,1,0,Rainy,12,1
2025-06-22,Kheer,Desserts,6,0.79,221.2,Sunday,1,0,Rainy,12,1
2025-06-22,Kulfi,Desserts,19,2.1,588.0,Sunday,1,0,Rainy,12,1
2025-06-23,Paneer Butter Masala,Main Course,4,1.24,396.8,Monday,0,0,Sunny,12,0
2025-06-23,Dal Makhani,Main Course,3,0.84,268.8,Monday,0,0,Sunny,12,0
2025-06-23,Chicken Biryani,Main Course,2,0.69,220.8,Monday,0,0,Sunny,12,0
2025-06-23,Mutton Rogan Josh,Main Course,8,2.58,825.6,Monday,0,0,Sunny,12,0
2025-06-23,Paneer Tikka,Starters,7,1.17,292.5,Monday,0,0,Sunny,12,0
2025-06-23,Chicken Tandoori,Starters,10,1.64,410.0,Monday,0,0,Sunny,12,0
2025-06-23,Veg Spring Rolls,Starters,14,1.98,495.0,Monday,0,0,Sunny,12,0
2025-06-23,Fish Amritsari,Starters,17,2.5,625.0,Monday,0,0,Sunny,12,0
2025-06-23,Butter Naan,Breads,4,0.29,34.8,Monday,0,0,Sunny,12,0
2025-06-23,Garlic Naan,Breads,9,0.56,67.2,Monday,0,0,Sunny,12,0
2025-06-23,Tandoori Roti,Breads,16,1.05,126.0,Monday,0,0,Sunny,12,0
2025-06-23,Gulab Jamun,Desserts,8,1.14,319.2,Monday,0,0,Sunny,12,0
2025-06-23,Ras Malai,Desserts,8,1.06,296.8,Monday,0,0,Sunny,12,0
2025-06-23,Kheer,Desserts,4,0.49,137.2,Monday,0,0,Sunny,12,0
2025-06-23,Kulfi,Desserts,7,0.88,246.4,Monday,0,0,Sunny,12,0
2025-06-24,Paneer Butter Masala,Main Course,2,0.62,198.4,Tuesday,0,0,Cloudy,8,0
2025-06-24,Dal Makhani,Main Course,6,1.73,553.6,Tuesday,0,0,Cloudy,8,0
2025-06-24,Chicken Biryani,Main Course,6,1.49,476.8,Tuesday,0,0,Cloudy,8,0
2025-06-24,Mutton Rogan Josh,Main Course,16,5.22,1670.4,Tuesday,0,0,Cloudy,8,0
2025-06-24,Paneer Tikka,Starters,13,2.58,645.0,Tuesday,0,0,Cloudy,8,0
2025-06-24,Chicken Tandoori,Starters,8,1.4,350.0,Tuesday,0,0,Cloudy,8,0
2025-06-24,Veg Spring Rolls,Starters,5,0.89,222.5,Tuesday,0,0,Cloudy,8,0
2025-06-24,Fish Amritsari,Starters,21,3.15,787.5,Tuesday,0,0,Cloudy,8,0
2025-06-24,Butter Naan,Breads,6,0.37,44.4,Tuesday,0,0,Cloudy,8,0
2025-06-24,Garlic Naan,Breads,4,0.32,38.4,Tuesday,0,0,Cloudy,8,0
2025-06-24,Tandoori Roti,Breads,22,1.76,211.2,Tuesday,0,0,Cloudy,8,0
2025-06-24,Gulab Jamun,Desserts,5,0.56,156.8,Tuesday,0,0,Cloudy,8,0
2025-06-24,Ras Malai,Desserts,24,3.46,968.8,Tuesday,0,0,Cloudy,8,0
2025-06-24,Kheer,Desserts,2,0.29,81.2,Tuesday,0,0,Cloudy,8,0
2025-06-24,Kulfi,Desserts,6,0.86,240.8,Tuesday,0,0,Cloudy,8,0
2025-06-25,Paneer Butter Masala,Main Course,3,0.83,265.6,Wednesday,0,0,Rainy,10,0
2025-06-25,Dal Makhani,Main Course,6,1.97,630.4,Wednesday,0,0,Rainy,10,0
2025-06-25,Chicken Biryani,Main Course,5,1.73,553.6,Wednesday,0,0,Rainy,10,0
2025-06-25,Mutton Rogan Josh,Main Course,8,2.66,851.2,Wednesday,0,0,Rainy,10,0
2025-06-25,Paneer Tikka,Starters,11,1.77,442.5,Wednesday,0,0,Rainy,10,0
2025-06-25,Chicken Tandoori,Starters,7,1.0,250.0,Wednesday,0,0,Rainy,10,0
2025-06-25,Veg Spring Rolls,Starters,6,1.02,255.0,Wednesday,0,0,Rainy,10,0
2025-06-25,Fish Amritsari,Starters,16,2.89,722.5,Wednesday,0,0,Rainy,10,0
2025-06-25,Butter Naan,Breads,6,0.35,42.0,Wednesday,0,0,Rainy,10,0
2025-06-25,Garlic Naan,Breads,11,0.68,81.6,Wednesday,0,0,Rainy,10,0
2025-06-25,Tandoori Roti,Breads,17,1.01,121.2,Wednesday,0,0,Rainy,10,0
2025-06-25,Gulab Jamun,Desserts,4,0.53,148.4,Wednesday,0,0,Rainy,10,0
2025-06-25,Ras Malai,Desserts,7,0.89,249.2,Wednesday,0,0,Rainy,10,0
2025-06-25,Kheer,Desserts,7,0.87,243.6,Wednesday,0,0,Rainy,10,0
2025-06-25,Kulfi,Desserts,8,1.18,330.4,Wednesday,0,0,Rainy,10,0
2025-06-26,Paneer Butter Masala,Main Course,5,1.39,444.8,Thursday,0,0,Stormy,11,0
2025-06-26,Dal Makhani,Main Course,10,3.1,992.0,Thursday,0,0,Stormy,11,0
2025-06-26,Chicken Biryani,Main Course,3,0.93,297.6,Thursday,0,0,Stormy,11,0
2025-06-26,Mutton Rogan Josh,Main Course,30,8.7,2784.0,Thursday,0,0,Stormy,11,0
2025-06-26,Paneer Tikka,Starters,5,0.81,202.5,Thursday,0,0,Stormy,11,0
2025-06-26,Chicken Tandoori,Starters,7,1.07,267.5,Thursday,0,0,Stormy,11,0
2025-06-26,Veg Spring Rolls,Starters,11,1.9,475.0,Thursday,0,0,Stormy,11,0
2025-06-26,Fish Amritsari,Starters,12,2.05,512.5,Thursday,0,0,Stormy,11,0
2025-06-26,Butter Naan,Breads,3,0.19,22.8,Thursday,0,0,Stormy,11,0
2025-06-26,Garlic Naan,Breads,8,0.45,54.0,Thursday,0,0,Stormy,11,0
2025-06-26,Tandoori Roti,Breads,17,1.2,144.0,Thursday,0,0,Stormy,11,0
2025-06-26,Gulab Jamun,Desserts,4,0.5,140.0,Thursday,0,0,Stormy,11,0
2025-06-26,Ras Malai,Desserts,3,0.34,95.2,Thursday,0,0,Stormy,11,0
2025-06-26,Kheer,Desserts,6,0.73,204.4,Thursday,0,0,Stormy,11,0
2025-06-26,Kulfi,Desserts,9,1.23,344.4,Thursday,0,0,Stormy,11,0
2025-06-27,Paneer Butter Masala,Main Course,6,1.83,585.6,Friday,0,0,Stormy,9,0
2025-06-27,Dal Makhani,Main Course,9,2.43,777.6,Friday,0,0,Stormy,9,0
2025-06-27,Chicken Biryani,Main Course,2,0.69,220.8,Friday,0,0,Stormy,9,0
2025-06-27,Mutton Rogan Josh,Main Course,12,3.71,1187.2,Friday,0,0,Stormy,9,0
2025-06-27,Paneer Tikka,Starters,7,1.34,335.0,Friday,0,0,Stormy,9,0
2025-06-27,Chicken Tandoori,Starters,3,0.46,115.0,Friday,0,0,Stormy,9,0
2025-06-27,Veg Spring Rolls,Starters,4,0.72,180.0,Friday,0,0,Stormy,9,0
2025-06-27,Fish Amritsari,Starters,8,1.32,330.0,Friday,0,0,Stormy,9,0
2025-06-27,Butter Naan,Breads,11,0.64,76.8,Friday,0,0,Stormy,9,0
2025-06-27,Garlic Naan,Breads,7,0.51,61.2,Friday,0,0,Stormy,9,0
2025-06-27,Tandoori Roti,Breads,15,0.87,104.4,Friday,0,0,Stormy,9,0
2025-06-27,Gulab Jamun,Desserts,3,0.36,100.8,Friday,0,0,Stormy,9,0
2025-06-27,Ras Malai,Desserts,2,0.21,58.8,Friday,0,0,Stormy,9,0
2025-06-27,Kheer,Desserts,6,0.72,201.6,Friday,0,0,Stormy,9,0
2025-06-27,Kulfi,Desserts,8,1.01,282.8,Friday,0,0,Stormy,9,0
2025-06-28,Paneer Butter Masala,Main Course,7,2.28,729.6,Saturday,1,0,Rainy,13,0
2025-06-28,Dal Makhani,Main Course,5,1.7,544.0,Saturday,1,0,Rainy,13,0
2025-06-28,Chicken Biryani,Main Course,3,1.03,329.6,Saturday,1,0,Rainy,13,0
2025-06-28,Mutton Rogan Josh,Main Course,13,3.33,1065.6,Saturday,1,0,Rainy,13,0
2025-06-28,Paneer Tikka,Starters,4,0.76,190.0,Saturday,1,0,Rainy,13,0
2025-06-28,Chicken Tandoori,Starters,10,1.45,362.5,Saturday,1,0,Rainy,13,0
2025-06-28,Veg Spring Rolls,Starters,10,1.83,457.5,Saturday,1,0,Rainy,13,0
2025-06-28,Fish Amritsari,Starters,17,3.18,795.0,Saturday,1,0,Rainy,13,0
2025-06-28,Butter Naan,Breads,8,0.55,66.0,Saturday,1,0,Rainy,13,0
2025-06-28,Garlic Naan,Breads,14,0.86,103.2,Saturday,1,0,Rainy,13,0
2025-06-28,Tandoori Roti,Breads,21,1.43,171.6,Saturday,1,0,Rainy,13,0
2025-06-28,Gulab Jamun,Desserts,8,0.94,263.2,Saturday,1,0,Rainy,13,0
2025-06-28,Ras Malai,Desserts,11,1.59,445.2,Saturday,1,0,Rainy,13,0
2025-06-28,Kheer,Desserts,9,1.12,313.6,Saturday,1,0,Rainy,13,0
2025-06-28,Kulfi,Desserts,10,1.08,302.4,Saturday,1,0,Rainy,13,0
2025-06-29,Paneer Butter Masala,Main Course,2,0.51,163.2,Sunday,1,0,Rainy,14,0
2025-06-29,Dal Makhani,Main Course,5,1.46,467.2,Sunday,1,0,Rainy,14,0
2025-06-29,Chicken Biryani,Main Course,9,2.55,816.0,Sunday,1,0,Rainy,14,0
2025-06-29,Mutton Rogan Josh,Main Course,13,3.3,1056.0,Sunday,1,0,Rainy,14,0
2025-06-29,Paneer Tikka,Starters,15,2.57,642.5,Sunday,1,0,Rainy,14,0
2025-06-29,Chicken Tandoori,Starters,17,2.79,697.5,Sunday,1,0,Rainy,14,0
2025-06-29,Veg Spring Rolls,Starters,13,2.13,532.5,Sunday,1,0,Rainy,14,0
2025-06-29,Fish Amritsari,Starters,25,4.25,1062.5,Sunday,1,0,Rainy,14,0
2025-06-29,Butter Naan,Breads,5,0.35,42.0,Sunday,1,0,Rainy,14,0
2025-06-29,Garlic Naan,Breads,7,0.51,61.2,Sunday,1,0,Rainy,14,0
2025-06-29,Tandoori Roti,Breads,5,0.29,34.8,Sunday,1,0,Rainy,14,0
2025-06-29,Gulab Jamun,Desserts,14,1.76,492.8,Sunday,1,0,Rainy,14,0
2025-06-29,Ras Malai,Desserts,10,1.07,299.6,Sunday,1,0,Rainy,14,0
2025-06-29,Kheer,Desserts,4,0.46,128.8,Sunday,1,0,Rainy,14,0
2025-06-29,Kulfi,Desserts,10,1.15,322.0,Sunday,1,0,Rainy,14,0
2025-06-30,Paneer Butter Masala,Main Course,5,1.31,419.2,Monday,0,0,Cloudy,12,0
2025-06-30,Dal Makhani,Main Course,7,2.19,700.8,Monday,0,0,Cloudy,12,0
2025-06-30,Chicken Biryani,Main Course,5,1.39,444.8,Monday,0,0,Cloudy,12,0
2025-06-30,Mutton Rogan Josh,Main Course,13,4.02,1286.4,Monday,0,0,Cloudy,12,0
2025-06-30,Paneer Tikka,Starters,16,2.76,690.0,Monday,0,0,Cloudy,12,0
2025-06-30,Chicken Tandoori,Starters,3,0.57,142.5,Monday,0,0,Cloudy,12,0
2025-06-30,Veg Spring Rolls,Starters,13,2.54,635.0,Monday,0,0,Cloudy,12,0
2025-06-30,Fish Amritsari,Starters,20,3.49,872.5,Monday,0,0,Cloudy,12,0
2025-06-30,Butter Naan,Breads,4,0.3,36.0,Monday,0,0,Cloudy,12,0
2025-06-30,Garlic Naan,Breads,18,1.3,156.0,Monday,0,0,Cloudy,12,0
2025-06-30,Tandoori Roti,Breads,20,1.46,175.2,Monday,0,0,Cloudy,12,0
2025-06-30,Gulab Jamun,Desserts,4,0.49,137.2,Monday,0,0,Cloudy,12,0
2025-06-30,Ras Malai,Desserts,4,0.54,151.2,Monday,0,0,Cloudy,12,0
2025-06-30,Kheer,Desserts,4,0.59,165.2,Monday,0,0,Cloudy,12,0
2025-06-30,Kulfi,Desserts,6,0.7,196.0,Monday,0,0,Cloudy,12,0
2025-07-01,Paneer Butter Masala,Main Course,2,0.7,224.0,Tuesday,0,0,Rainy,8,0
2025-07-01,Dal Makhani,Main Course,10,2.52,806.4,Tuesday,0,0,Rainy,8,0
2025-07-01,Chicken Biryani,Main Course,1,0.25,80.0,Tuesday,0,0,Rainy,8,0
2025-07-01,Mutton Rogan Josh,Main Course,8,2.59,828.8,Tuesday,0,0,Rainy,8,0
2025-07-01,Paneer Tikka,Starters,4,0.8,200.0,Tuesday,0,0,Rainy,8,0
2025-07-01,Chicken Tandoori,Starters,11,1.76,440.0,Tuesday,0,0,Rainy,8,0
2025-07-01,Veg Spring Rolls,Starters,3,0.47,117.5,Tuesday,0,0,Rainy,8,0
2025-07-01,Fish Amritsari,Starters,10,1.83,457.5,Tuesday,0,0,Rainy,8,0
2025-07-01,Butter Naan,Breads,9,0.71,85.2,Tuesday,0,0,Rainy,8,0
2025-07-01,Garlic Naan,Breads,13,0.76,91.2,Tuesday,0,0,Rainy,8,0
2025-07-01,Tandoori Roti,Breads,17,1.34,160.8,Tuesday,0,0,Rainy,8,0
2025-07-01,Gulab Jamun,Desserts,6,0.76,212.8,Tuesday,0,0,Rainy,8,0
2025-07-01,Ras Malai,Desserts,4,0.6,168.0,Tuesday,0,0,Rainy,8,0
2025-07-01,Kheer,Desserts,7,1.03,288.4,Tuesday,0,0,Rainy,8,0
2025-07-01,Kulfi,Desserts,10,1.49,417.2,Tuesday,0,0,Rainy,8,0
2025-07-02,Paneer Butter Masala,Main Course,5,1.73,553.6,Wednesday,0,0,Rainy,10,0
2025-07-02,Dal Makhani,Main Course,8,1.98,633.6,Wednesday,0,0,Rainy,10,0
2025-07-02,Chicken Biryani,Main Course,5,1.24,396.8,Wednesday,0,0,Rainy,10,0
2025-07-02,Mutton Rogan Josh,Main Course,11,3.48,1113.6,Wednesday,0,0,Rainy,10,0
2025-07-02,Paneer Tikka,Starters,12,2.36,590.0,Wednesday,0,0,Rainy,10,0
2025-07-02,Chicken Tandoori,Starters,5,0.79,197.5,Wednesday,0,0,Rainy,10,0
2025-07-02,Veg Spring Rolls,Starters,12,1.72,430.0,Wednesday,0,0,Rainy,10,0
2025-07-02,Fish Amritsari,Starters,9,1.4,350.0,Wednesday,0,0,Rainy,10,0
2025-07-02,Butter Naan,Breads,6,0.34,40.8,Wednesday,0,0,Rainy,10,0
2025-07-02,Garlic Naan,Breads,13,0.97,116.4,Wednesday,0,0,Rainy,10,0
2025-07-02,Tandoori Roti,Breads,14,0.93,111.6,Wednesday,0,0,Rainy,10,0
2025-07-02,Gulab Jamun,Desserts,2,0.28,78.4,Wednesday,0,0,Rainy,10,0
2025-07-02,Ras Malai,Desserts,9,0.96,268.8,Wednesday,0,0,Rainy,10,0
2025-07-02,Kheer,Desserts,3,0.33,92.4,Wednesday,0,0,Rainy,10,0
2025-07-02,Kulfi,Desserts,6,0.82,229.6,Wednesday,0,0,Rainy,10,0
2025-07-03,Paneer Butter Masala,Main Course,3,0.94,300.8,Thursday,0,0,Rainy,11,0
2025-07-03,Dal Makhani,Main Course,10,3.32,1062.4,Thursday,0,0,Rainy,11,0
2025-07-03,Chicken Biryani,Main Course,6,1.97,630.4,Thursday,0,0,Rainy,11,0
2025-07-03,Mutton Rogan Josh,Main Course,8,2.73,873.6,Thursday,0,0,Rainy,11,0
2025-07-03,Paneer Tikka,Starters,12,1.99,497.5,Thursday,0,0,Rainy,11,0
2025-07-03,Chicken Tandoori,Starters,2,0.36,90.0,Thursday,0,0,Rainy,11,0
2025-07-03,Veg Spring Rolls,Starters,7,1.2,300.0,Thursday,0,0,Rainy,11,0
2025-07-03,Fish Amritsari,Starters,8,1.24,310.0,Thursday,0,0,Rainy,11,0
2025-07-03,Butter Naan,Breads,5,0.31,37.2,Thursday,0,0,Rainy,11,0
2025-07-03,Garlic Naan,Breads,12,0.79,94.8,Thursday,0,0,Rainy,11,0
2025-07-03,Tandoori Roti,Breads,14,1.02,122.4,Thursday,0,0,Rainy,11,0
2025-07-03,Gulab Jamun,Desserts,6,0.65,182.0,Thursday,0,0,Rainy,11,0
2025-07-03,Ras Malai,Desserts,3,0.41,114.8,Thursday,0,0,Rainy,11,0
2025-07-03,Kheer,Desserts,5,0.74,207.2,Thursday,0,0,Rainy,11,0
2025-07-03,Kulfi,Desserts,6,0.85,238.0,Thursday,0,0,Rainy,11,0
2025-07-04,Paneer Butter Masala,Main Course,4,1.27,406.4,Friday,0,0,Stormy,8,0
2025-07-04,Dal Makhani,Main Course,11,3.78,1209.6,Friday,0,0,Stormy,8,0
2025-07-04,Chicken Biryani,Main Course,3,0.8,256.0,Friday,0,0,Stormy,8,0
2025-07-04,Mutton Rogan Josh,Main Course,9,2.39,764.8,Friday,0,0,Stormy,8,0
2025-07-04,Paneer Tikka,Starters,2,0.33,82.5,Friday,0,0,Stormy,8,0
2025-07-04,Chicken Tandoori,Starters,7,1.2,300.0,Friday,0,0,Stormy,8,0
2025-07-04,Veg Spring Rolls,Starters,7,1.12,280.0,Friday,0,0,Stormy,8,0
2025-07-04,Fish Amritsari,Starters,11,1.67,417.5,Friday,0,0,Stormy,8,0
2025-07-04,Butter Naan,Breads,5,0.39,46.8,Friday,0,0,Stormy,8,0
2025-07-04,Garlic Naan,Breads,9,0.69,82.8,Friday,0,0,Stormy,8,0
2025-07-04,Tandoori Roti,Breads,5,0.28,33.6,Friday,0,0,Stormy,8,0
2025-07-04,Gulab Jamun,Desserts,4,0.59,165.2,Friday,0,0,Stormy,8,0
2025-07-04,Ras Malai,Desserts,8,1.03,288.4,Friday,0,0,Stormy,8,0
2025-07-04,Kheer,Desserts,16,2.34,655.2,Friday,0,0,Stormy,8,0
2025-07-04,Kulfi,Desserts,8,1.17,327.6,Friday,0,0,Stormy,8,0
2025-07-05,Paneer Butter Masala,Main Course,6,1.78,569.6,Saturday,1,0,Stormy,14,0
2025-07-05,Dal Makhani,Main Course,5,1.61,515.2,Saturday,1,0,Stormy,14,0
2025-07-05,Chicken Biryani,Main Course,2,0.53,169.6,Saturday,1,0,Stormy,14,0
2025-07-05,Mutton Rogan Josh,Main Course,16,4.77,1526.4,Saturday,1,0,Stormy,14,0
2025-07-05,Paneer Tikka,Starters,7,1.2,300.0,Saturday,1,0,Stormy,14,0
2025-07-05,Chicken Tandoori,Starters,4,0.69,172.5,Saturday,1,0,Stormy,14,0
2025-07-05,Veg Spring Rolls,Starters,16,2.75,687.5,Saturday,1,0,Stormy,14,0
2025-07-05,Fish Amritsari,Starters,19,2.72,680.0,Saturday,1,0,Stormy,14,0
2025-07-05,Butter Naan,Breads,6,0.37,44.4,Saturday,1,0,Stormy,14,0
2025-07-05,Garlic Naan,Breads,13,1.02,122.4,Saturday,1,0,Stormy,14,0
2025-07-05,Tandoori Roti,Breads,8,0.61,73.2,Saturday,1,0,Stormy,14,0
2025-07-05,Gulab Jamun,Desserts,4,0.49,137.2,Saturday,1,0,Stormy,14,0
2025-07-05,Ras Malai,Desserts,9,0.97,271.6,Saturday,1,0,Stormy,14,0
2025-07-05,Kheer,Desserts,6,0.79,221.2,Saturday,1,0,Stormy,14,0
2025-07-05,Kulfi,Desserts,11,1.32,369.6,Saturday,1,0,Stormy,14,0
2025-07-06,Paneer Butter Masala,Main Course,2,0.53,169.6,Sunday,1,0,Cloudy,13,0
2025-07-06,Dal Makhani,Main Course,11,3.3,1056.0,Sunday,1,0,Cloudy,13,0
2025-07-06,Chicken Biryani,Main Course,1,0.3,96.0,Sunday,1,0,Cloudy,13,0
2025-07-06,Mutton Rogan Josh,Main Course,18,5.07,1622.4,Sunday,1,0,Cloudy,13,0
2025-07-06,Paneer Tikka,Starters,14,2.78,695.0,Sunday,1,0,Cloudy,13,0
2025-07-06,Chicken Tandoori,Starters,8,1.31,327.5,Sunday,1,0,Cloudy,13,0
2025-07-06,Veg Spring Rolls,Starters,8,1.42,355.0,Sunday,1,0,Cloudy,13,0
2025-07-06,Fish Amritsari,Starters,11,2.1,525.0,Sunday,1,0,Cloudy,13,0
2025-07-06,Butter Naan,Breads,2,0.12,14.4,Sunday,1,0,Cloudy,13,0
2025-07-06,Garlic Naan,Breads,12,0.73,87.6,Sunday,1,0,Cloudy,13,0
2025-07-06,Tandoori Roti,Breads,7,0.5,60.0,Sunday,1,0,Cloudy,13,0
2025-07-06,Gulab Jamun,Desserts,11,1.28,358.4,Sunday,1,0,Cloudy,13,0
2025-07-06,Ras Malai,Desserts,9,1.21,338.8,Sunday,1,0,Cloudy,13,0
2025-07-06,Kheer,Desserts,9,0.95,266.0,Sunday,1,0,Cloudy,13,0
2025-07-06,Kulfi,Desserts,8,1.03,288.4,Sunday,1,0,Cloudy,13,0
2025-07-07,Paneer Butter Masala,Main Course,7,2.42,774.4,Monday,0,0,Cloudy,12,0
2025-07-07,Dal Makhani,Main Course,8,2.19,700.8,Monday,0,0,Cloudy,12,0
2025-07-07,Chicken Biryani,Main Course,4,1.37,438.4,Monday,0,0,Cloudy,12,0
2025-07-07,Mutton Rogan Josh,Main Course,16,4.4,1408.0,Monday,0,0,Cloudy,12,0
2025-07-07,Paneer Tikka,Starters,13,2.47,617.5,Monday,0,0,Cloudy,12,0
2025-07-07,Chicken Tandoori,Starters,3,0.48,120.0,Monday,0,0,Cloudy,12,0
2025-07-07,Veg Spring Rolls,Starters,8,1.35,337.5,Monday,0,0,Cloudy,12,0
2025-07-07,Fish Amritsari,Starters,15,2.95,737.5,Monday,0,0,Cloudy,12,0
2025-07-07,Butter Naan,Breads,12,0.78,93.6,Monday,0,0,Cloudy,12,0
2025-07-07,Garlic Naan,Breads,6,0.44,52.8,Monday,0,0,Cloudy,12,0
2025-07-07,Tandoori Roti,Breads,13,1.01,121.2,Monday,0,0,Cloudy,12,0
2025-07-07,Gulab Jamun,Desserts,7,0.75,210.0,Monday,0,0,Cloudy,12,0
2025-07-07,Ras Malai,Desserts,6,0.63,176.4,Monday,0,0,Cloudy,12,0
2025-07-07,Kheer,Desserts,2,0.23,64.4,Monday,0,0,Cloudy,12,0
2025-07-07,Kulfi,Desserts,9,1.03,288.4,Monday,0,0,Cloudy,12,0
2025-07-08,Paneer Butter Masala,Main Course,4,1.23,393.6,Tuesday,0,0,Stormy,10,0
2025-07-08,Dal Makhani,Main Course,6,2.0,640.0,Tuesday,0,0,Stormy,10,0
2025-07-08,Chicken Biryani,Main Course,3,0.75,240.0,Tuesday,0,0,Stormy,10,0
2025-07-08,Mutton Rogan Josh,Main Course,10,3.3,1056.0,Tuesday,0,0,Stormy,10,0
2025-07-08,Paneer Tikka,Starters,4,0.78,195.0,Tuesday,0,0,Stormy,10,0
2025-07-08,Chicken Tandoori,Starters,9,1.29,322.5,Tuesday,0,0,Stormy,10,0
2025-07-08,Veg Spring Rolls,Starters,9,1.51,377.5,Tuesday,0,0,Stormy,10,0
2025-07-08,Fish Amritsari,Starters,13,2.37,592.5,Tuesday,0,0,Stormy,10,0
2025-07-08,Butter Naan,Breads,8,0.61,73.2,Tuesday,0,0,Stormy,10,0
2025-07-08,Garlic Naan,Breads,8,0.48,57.6,Tuesday,0,0,Stormy,10,0
2025-07-08,Tandoori Roti,Breads,5,0.36,43.2,Tuesday,0,0,Stormy,10,0
2025-07-08,Gulab Jamun,Desserts,6,0.87,243.6,Tuesday,0,0,Stormy,10,0
2025-07-08,Ras Malai,Desserts,5,0.73,204.4,Tuesday,0,0,Stormy,10,0
2025-07-08,Kheer,Desserts,6,0.89,249.2,Tuesday,0,0,Stormy,10,0
2025-07-08,Kulfi,Desserts,7,0.85,238.0,Tuesday,0,0,Stormy,10,0
2025-07-09,Paneer Butter Masala,Main Course,7,1.78,569.6,Wednesday,0,0,Cloudy,12,0
2025-07-09,Dal Makhani,Main Course,6,1.5,480.0,Wednesday,0,0,Cloudy,12,0
2025-07-09,Chicken Biryani,Main Course,5,1.31,419.2,Wednesday,0,0,Cloudy,12,0
2025-07-09,Mutton Rogan Josh,Main Course,13,3.56,1139.2,Wednesday,0,0,Cloudy,12,0
2025-07-09,Paneer Tikka,Starters,10,1.96,490.0,Wednesday,0,0,Cloudy,12,0
2025-07-09,Chicken Tandoori,Starters,14,2.34,585.0,Wednesday,0,0,Cloudy,12,0
2025-07-09,Veg Spring Rolls,Starters,6,0.87,217.5,Wednesday,0,0,Cloudy,12,0
2025-07-09,Fish Amritsari,Starters,17,2.94,735.0,Wednesday,0,0,Cloudy,12,0
2025-07-09,Butter Naan,Breads,3,0.18,21.6,Wednesday,0,0,Cloudy,12,0
2025-07-09,Garlic Naan,Breads,4,0.29,34.8,Wednesday,0,0,Cloudy,12,0
2025-07-09,Tandoori Roti,Breads,20,1.3,156.0,Wednesday,0,0,Cloudy,12,0
2025-07-09,Gulab Jamun,Desserts,8,0.9,252.0,Wednesday,0,0,Cloudy,12,0
2025-07-09,Ras Malai,Desserts,7,0.88,246.4,Wednesday,0,0,Cloudy,12,0
2025-07-09,Kheer,Desserts,9,1.24,347.2,Wednesday,0,0,Cloudy,12,0
2025-07-09,Kulfi,Desserts,10,1.27,355.6,Wednesday,0,0,Cloudy,12,0
2025-07-10,Paneer Butter Masala,Main Course,6,1.82,582.4,Thursday,0,0,Rainy,9,0
2025-07-10,Dal Makhani,Main Course,6,1.78,569.6,Thursday,0,0,Rainy,9,0
2025-07-10,Chicken Biryani,Main Course,3,1.01,323.2,Thursday,0,0,Rainy,9,0
2025-07-10,Mutton Rogan Josh,Main Course,10,2.83,905.6,Thursday,0,0,Rainy,9,0
2025-07-10,Paneer Tikka,Starters,14,2.66,665.0,Thursday,0,0,Rainy,9,0
2025-07-10,Chicken Tandoori,Starters,11,2.18,545.0,Thursday,0,0,Rainy,9,0
2025-07-10,Veg Spring Rolls,Starters,11,1.71,427.5,Thursday,0,0,Rainy,9,0
2025-07-10,Fish Amritsari,Starters,16,2.72,680.0,Thursday,0,0,Rainy,9,0
2025-07-10,Butter Naan,Breads,7,0.52,62.4,Thursday,0,0,Rainy,9,0
2025-07-10,Garlic Naan,Breads,14,0.93,111.6,Thursday,0,0,Rainy,9,0
2025-07-10,Tandoori Roti,Breads,5,0.3,36.0,Thursday,0,0,Rainy,9,0
2025-07-10,Gulab Jamun,Desserts,7,1.03,288.4,Thursday,0,0,Rainy,9,0
2025-07-10,Ras Malai,Desserts,3,0.4,112.0,Thursday,0,0,Rainy,9,0
2025-07-10,Kheer,Desserts,4,0.43,120.4,Thursday,0,0,Rainy,9,0
2025-07-10,Kulfi,Desserts,4,0.57,159.6,Thursday,0,0,Rainy,9,0
2025-07-11,Paneer Butter Masala,Main Course,3,0.78,249.6,Friday,0,0,Cloudy,8,0
2025-07-11,Dal Makhani,Main Course,12,4.11,1315.2,Friday,0,0,Cloudy,8,0
2025-07-11,Chicken Biryani,Main Course,2,0.68,217.6,Friday,0,0,Cloudy,8,0
2025-07-11,Mutton Rogan Josh,Main Course,11,3.27,1046.4,Friday,0,0,Cloudy,8,0
2025-07-11,Paneer Tikka,Starters,7,1.27,317.5,Friday,0,0,Cloudy,8,0
2025-07-11,Chicken Tandoori,Starters,10,1.92,480.0,Friday,0,0,Cloudy,8,0
2025-07-11,Veg Spring Rolls,Starters,5,0.86,215.0,Friday,0,0,Cloudy,8,0
2025-07-11,Fish Amritsari,Starters,18,3.53,882.5,Friday,0,0,Cloudy,8,0
2025-07-11,Butter Naan,Breads,12,0.72,86.4,Friday,0,0,Cloudy,8,0
2025-07-11,Garlic Naan,Breads,14,0.88,105.6,Friday,0,0,Cloudy,8,0
2025-07-11,Tandoori Roti,Breads,8,0.61,73.2,Friday,0,0,Cloudy,8,0
2025-07-11,Gulab Jamun,Desserts,10,1.33,372.4,Friday,0,0,Cloudy,8,0
2025-07-11,Ras Malai,Desserts,7,0.88,246.4,Friday,0,0,Cloudy,8,0
2025-07-11,Kheer,Desserts,2,0.25,70.0,Friday,0,0,Cloudy,8,0
2025-07-11,Kulfi,Desserts,9,1.26,352.8,Friday,0,0,Cloudy,8,0
2025-07-12,Paneer Butter Masala,Main Course,8,2.71,867.2,Saturday,1,0,Sunny,15,1
2025-07-12,Dal Makhani,Main Course,19,6.56,2099.2,Saturday,1,0,Sunny,15,1
2025-07-12,Chicken Biryani,Main Course,5,1.72,550.4,Saturday,1,0,Sunny,15,1
2025-07-12,Mutton Rogan Josh,Main Course,22,6.06,1939.2,Saturday,1,0,Sunny,15,1
2025-07-12,Paneer Tikka,Starters,13,2.42,605.0,Saturday,1,0,Sunny,15,1
2025-07-12,Chicken Tandoori,Starters,17,2.86,715.0,Saturday,1,0,Sunny,15,1
2025-07-12,Veg Spring Rolls,Starters,9,1.75,437.5,Saturday,1,0,Sunny,15,1
2025-07-12,Fish Amritsari,Starters,32,5.15,1287.5,Saturday,1,0,Sunny,15,1
2025-07-12,Butter Naan,Breads,3,0.21,25.2,Saturday,1,0,Sunny,15,1
2025-07-12,Garlic Naan,Breads,19,1.24,148.8,Saturday,1,0,Sunny,15,1
2025-07-12,Tandoori Roti,Breads,17,1.21,145.2,Saturday,1,0,Sunny,15,1
2025-07-12,Gulab Jamun,Desserts,5,0.54,151.2,Saturday,1,0,Sunny,15,1
2025-07-12,Ras Malai,Desserts,4,0.51,142.8,Saturday,1,0,Sunny,15,1
2025-07-12,Kheer,Desserts,5,0.67,187.6,Saturday,1,0,Sunny,15,1
2025-07-12,Kulfi,Desserts,15,1.59,445.2,Saturday,1,0,Sunny,15,1
2025-07-13,Paneer Butter Masala,Main Course,2,0.5,160.0,Sunday,1,0,Rainy,13,0
2025-07-13,Dal Makhani,Main Course,12,3.63,1161.6,Sunday,1,0,Rainy,13,0
2025-07-13,Chicken Biryani,Main Course,5,1.27,406.4,Sunday,1,0,Rainy,13,0
2025-07-13,Mutton Rogan Josh,Main Course,16,4.07,1302.4,Sunday,1,0,Rainy,13,0
2025-07-13,Paneer Tikka,Starters,13,2.31,577.5,Sunday,1,0,Rainy,13,0
2025-07-13,Chicken Tandoori,Starters,15,2.82,705.0,Sunday,1,0,Rainy,13,0
2025-07-13,Veg Spring Rolls,Starters,8,1.48,370.0,Sunday,1,0,Rainy,13,0
2025-07-13,Fish Amritsari,Starters,17,3.09,772.5,Sunday,1,0,Rainy,13,0
2025-07-13,Butter Naan,Breads,5,0.35,42.0,Sunday,1,0,Rainy,13,0
2025-07-13,Garlic Naan,Breads,7,0.46,55.2,Sunday,1,0,Rainy,13,0
2025-07-13,Tandoori Roti,Breads,4,0.27,32.4,Sunday,1,0,Rainy,13,0
2025-07-13,Gulab Jamun,Desserts,10,1.37,383.6,Sunday,1,0,Rainy,13,0
2025-07-13,Ras Malai,Desserts,9,1.18,330.4,Sunday,1,0,Rainy,13,0
2025-07-13,Kheer,Desserts,8,1.05,294.0,Sunday,1,0,Rainy,13,0
2025-07-13,Kulfi,Desserts,8,0.94,263.2,Sunday,1,0,Rainy,13,0
2025-07-14,Paneer Butter Masala,Main Course,21,5.6,1792.0,Monday,0,0,Cloudy,11,0
2025-07-14,Dal Makhani,Main Course,6,1.72,550.4,Monday,0,0,Cloudy,11,0
2025-07-14,Chicken Biryani,Main Course,3,0.78,249.6,Monday,0,0,Cloudy,11,0
2025-07-14,Mutton Rogan Josh,Main Course,6,1.59,508.8,Monday,0,0,Cloudy,11,0
2025-07-14,Paneer Tikka,Starters,6,0.87,217.5,Monday,0,0,Cloudy,11,0
2025-07-14,Chicken Tandoori,Starters,8,1.32,330.0,Monday,0,0,Cloudy,11,0
2025-07-14,Veg Spring Rolls,Starters,6,1.16,290.0,Monday,0,0,Cloudy,11,0
2025-07-14,Fish Amritsari,Starters,16,2.71,677.5,Monday,0,0,Cloudy,11,0
2025-07-14,Butter Naan,Breads,11,0.69,82.8,Monday,0,0,Cloudy,11,0
2025-07-14,Garlic Naan,Breads,9,0.68,81.6,Monday,0,0,Cloudy,11,0
2025-07-14,Tandoori Roti,Breads,7,0.44,52.8,Monday,0,0,Cloudy,11,0
2025-07-14,Gulab Jamun,Desserts,6,0.63,176.4,Monday,0,0,Cloudy,11,0
2025-07-14,Ras Malai,Desserts,7,0.75,210.0,Monday,0,0,Cloudy,11,0
2025-07-14,Kheer,Desserts,8,0.99,277.2,Monday,0,0,Cloudy,11,0
2025-07-14,Kulfi,Desserts,8,0.95,266.0,Monday,0,0,Cloudy,11,0
2025-07-15,Paneer Butter Masala,Main Course,4,1.28,409.6,Tuesday,0,0,Stormy,8,1
2025-07-15,Dal Makhani,Main Course,3,0.88,281.6,Tuesday,0,0,Stormy,8,1
2025-07-15,Chicken Biryani,Main Course,6,1.94,620.8,Tuesday,0,0,Stormy,8,1
2025-07-15,Mutton Rogan Josh,Main Course,13,4.01,1283.2,Tuesday,0,0,Stormy,8,1
2025-07-15,Paneer Tikka,Starters,9,1.62,405.0,Tuesday,0,0,Stormy,8,1
2025-07-15,Chicken Tandoori,Starters,13,1.84,460.0,Tuesday,0,0,Stormy,8,1
2025-07-15,Veg Spring Rolls,Starters,6,1.11,277.5,Tuesday,0,0,Stormy,8,1
2025-07-15,Fish Amritsari,Starters,9,1.76,440.0,Tuesday,0,0,Stormy,8,1
2025-07-15,Butter Naan,Breads,3,0.24,28.8,Tuesday,0,0,Stormy,8,1
2025-07-15,Garlic Naan,Breads,4,0.23,27.6,Tuesday,0,0,Stormy,8,1
2025-07-15,Tandoori Roti,Breads,6,0.48,57.6,Tuesday,0,0,Stormy,8,1
2025-07-15,Gulab Jamun,Desserts,6,0.77,215.6,Tuesday,0,0,Stormy,8,1
2025-07-15,Ras Malai,Desserts,20,2.18,610.4,Tuesday,0,0,Stormy,8,1
2025-07-15,Kheer,Desserts,5,0.7,196.0,Tuesday,0,0,Stormy,8,1
2025-07-15,Kulfi,Desserts,10,1.25,350.0,Tuesday,0,0,Stormy,8,1
2025-07-16,Paneer Butter Masala,Main Course,5,1.6,512.0,Wednesday,0,0,Sunny,11,0
2025-07-16,Dal Makhani,Main Course,11,3.11,995.2,Wednesday,0,0,Sunny,11,0
2025-07-16,Chicken Biryani,Main Course,4,1.37,438.4,Wednesday,0,0,Sunny,11,0
2025-07-16,Mutton Rogan Josh,Main Course,9,2.99,956.8,Wednesday,0,0,Sunny,11,0
2025-07-16,Paneer Tikka,Starters,11,2.16,540.0,Wednesday,0,0,Sunny,11,0
2025-07-16,Chicken Tandoori,Starters,4,0.6,150.0,Wednesday,0,0,Sunny,11,0
2025-07-16,Veg Spring Rolls,Starters,13,2.5,625.0,Wednesday,0,0,Sunny,11,0
2025-07-16,Fish Amritsari,Starters,14,2.67,667.5,Wednesday,0,0,Sunny,11,0
2025-07-16,Butter Naan,Breads,5,0.36,43.2,Wednesday,0,0,Sunny,11,0
2025-07-16,Garlic Naan,Breads,6,0.46,55.2,Wednesday,0,0,Sunny,11,0
2025-07-16,Tandoori Roti,Breads,13,0.77,92.4,Wednesday,0,0,Sunny,11,0
2025-07-16,Gulab Jamun,Desserts,5,0.74,207.2,Wednesday,0,0,Sunny,11,0
2025-07-16,Ras Malai,Desserts,6,0.83,232.4,Wednesday,0,0,Sunny,11,0
2025-07-16,Kheer,Desserts,7,0.97,271.6,Wednesday,0,0,Sunny,11,0
2025-07-16,Kulfi,Desserts,7,0.94,263.2,Wednesday,0,0,Sunny,11,0
2025-07-17,Paneer Butter Masala,Main Course,5,1.26,403.2,Thursday,0,0,Cloudy,10,0
2025-07-17,Dal Makhani,Main Course,8,2.16,691.2,Thursday,0,0,Cloudy,10,0
2025-07-17,Chicken Biryani,Main Course,5,1.45,464.0,Thursday,0,0,Cloudy,10,0
2025-07-17,Mutton Rogan Josh,Main Course,14,3.95,1264.0,Thursday,0,0,Cloudy,10,0
2025-07-17,Paneer Tikka,Starters,6,1.05,262.5,Thursday,0,0,Cloudy,10,0
2025-07-17,Chicken Tandoori,Starters,9,1.78,445.0,Thursday,0,0,Cloudy,10,0
2025-07-17,Veg Spring Rolls,Starters,14,2.11,527.5,Thursday,0,0,Cloudy,10,0
2025-07-17,Fish Amritsari,Starters,12,2.37,592.5,Thursday,0,0,Cloudy,10,0
2025-07-17,Butter Naan,Breads,2,0.16,19.2,Thursday,0,0,Cloudy,10,0
2025-07-17,Garlic Naan,Breads,4,0.24,28.8,Thursday,0,0,Cloudy,10,0
2025-07-17,Tandoori Roti,Breads,19,1.1,132.0,Thursday,0,0,Cloudy,10,0
2025-07-17,Gulab Jamun,Desserts,5,0.7,196.0,Thursday,0,0,Cloudy,10,0
2025-07-17,Ras Malai,Desserts,2,0.22,61.6,Thursday,0,0,Cloudy,10,0
2025-07-17,Kheer,Desserts,3,0.38,106.4,Thursday,0,0,Cloudy,10,0
2025-07-17,Kulfi,Desserts,7,0.84,235.2,Thursday,0,0,Cloudy,10,0
2025-07-18,Paneer Butter Masala,Main Course,5,1.33,425.6,Friday,0,0,Rainy,12,0
2025-07-18,Dal Makhani,Main Course,4,1.0,320.0,Friday,0,0,Rainy,12,0
2025-07-18,Chicken Biryani,Main Course,5,1.45,464.0,Friday,0,0,Rainy,12,0
2025-07-18,Mutton Rogan Josh,Main Course,7,2.0,640.0,Friday,0,0,Rainy,12,0
2025-07-18,Paneer Tikka,Starters,3,0.56,140.0,Friday,0,0,Rainy,12,0
2025-07-18,Chicken Tandoori,Starters,4,0.78,195.0,Friday,0,0,Rainy,12,0
2025-07-18,Veg Spring Rolls,Starters,11,1.61,402.5,Friday,0,0,Rainy,12,0
2025-07-18,Fish Amritsari,Starters,20,3.52,880.0,Friday,0,0,Rainy,12,0
2025-07-18,Butter Naan,Breads,2,0.13,15.6,Friday,0,0,Rainy,12,0
2025-07-18,Garlic Naan,Breads,14,0.94,112.8,Friday,0,0,Rainy,12,0
2025-07-18,Tandoori Roti,Breads,11,0.8,96.0,Friday,0,0,Rainy,12,0
2025-07-18,Gulab Jamun,Desserts,3,0.37,103.6,Friday,0,0,Rainy,12,0
2025-07-18,Ras Malai,Desserts,4,0.49,137.2,Friday,0,0,Rainy,12,0
2025-07-18,Kheer,Desserts,5,0.55,154.0,Friday,0,0,Rainy,12,0
2025-07-18,Kulfi,Desserts,9,1.02,285.6,Friday,0,0,Rainy,12,0
2025-07-19,Paneer Butter Masala,Main Course,6,1.85,592.0,Saturday,1,0,Cloudy,13,0
2025-07-19,Dal Makhani,Main Course,8,2.6,832.0,Saturday,1,0,Cloudy,13,0
2025-07-19,Chicken Biryani,Main Course,4,1.2,384.0,Saturday,1,0,Cloudy,13,0
2025-07-19,Mutton Rogan Josh,Main Course,13,4.24,1356.8,Saturday,1,0,Cloudy,13,0
2025-07-19,Paneer Tikka,Starters,6,1.16,290.0,Saturday,1,0,Cloudy,13,0
2025-07-19,Chicken Tandoori,Starters,15,2.63,657.5,Saturday,1,0,Cloudy,13,0
2025-07-19,Veg Spring Rolls,Starters,4,0.66,165.0,Saturday,1,0,Cloudy,13,0
2025-07-19,Fish Amritsari,Starters,26,4.03,1007.5,Saturday,1,0,Cloudy,13,0
2025-07-19,Butter Naan,Breads,11,0.7,84.0,Saturday,1,0,Cloudy,13,0
2025-07-19,Garlic Naan,Breads,20,1.41,169.2,Saturday,1,0,Cloudy,13,0
2025-07-19,Tandoori Roti,Breads,25,1.59,190.8,Saturday,1,0,Cloudy,13,0
2025-07-19,Gulab Jamun,Desserts,6,0.86,240.8,Saturday,1,0,Cloudy,13,0
2025-07-19,Ras Malai,Desserts,9,1.12,313.6,Saturday,1,0,Cloudy,13,0
2025-07-19,Kheer,Desserts,2,0.29,81.2,Saturday,1,0,Cloudy,13,0
2025-07-19,Kulfi,Desserts,7,1.01,282.8,Saturday,1,0,Cloudy,13,0
2025-07-20,Paneer Butter Masala,Main Course,5,1.53,489.6,Sunday,1,0,Stormy,12,0
2025-07-20,Dal Makhani,Main Course,6,1.79,572.8,Sunday,1,0,Stormy,12,0
2025-07-20,Chicken Biryani,Main Course,4,1.19,380.8,Sunday,1,0,Stormy,12,0
2025-07-20,Mutton Rogan Josh,Main Course,10,2.71,867.2,Sunday,1,0,Stormy,12,0
2025-07-20,Paneer Tikka,Starters,16,3.2,800.0,Sunday,1,0,Stormy,12,0
2025-07-20,Chicken Tandoori,Starters,11,2.05,512.5,Sunday,1,0,Stormy,12,0
2025-07-20,Veg Spring Rolls,Starters,4,0.64,160.0,Sunday,1,0,Stormy,12,0
2025-07-20,Fish Amritsari,Starters,13,2.47,617.5,Sunday,1,0,Stormy,12,0
2025-07-20,Butter Naan,Breads,7,0.41,49.2,Sunday,1,0,Stormy,12,0
2025-07-20,Garlic Naan,Breads,12,0.73,87.6,Sunday,1,0,Stormy,12,0
2025-07-20,Tandoori Roti,Breads,5,0.37,44.4,Sunday,1,0,Stormy,12,0
2025-07-20,Gulab Jamun,Desserts,12,1.3,364.0,Sunday,1,0,Stormy,12,0
2025-07-20,Ras Malai,Desserts,9,1.28,358.4,Sunday,1,0,Stormy,12,0
2025-07-20,Kheer,Desserts,2,0.21,58.8,Sunday,1,0,Stormy,12,0
2025-07-20,Kulfi,Desserts,7,0.77,215.6,Sunday,1,0,Stormy,12,0
2025-07-21,Paneer Butter Masala,Main Course,4,0.99,316.8,Monday,0,0,Sunny,8,0
2025-07-21,Dal Makhani,Main Course,11,2.83,905.6,Monday,0,0,Sunny,8,0
2025-07-21,Chicken Biryani,Main Course,2,0.57,182.4,Monday,0,0,Sunny,8,0
2025-07-21,Mutton Rogan Josh,Main Course,10,2.46,787.2,Monday,0,0,Sunny,8,0
2025-07-21,Paneer Tikka,Starters,13,2.01,502.5,Monday,0,0,Sunny,8,0
2025-07-21,Chicken Tandoori,Starters,9,1.78,445.0,Monday,0,0,Sunny,8,0
2025-07-21,Veg Spring Rolls,Starters,15,2.54,635.0,Monday,0,0,Sunny,8,0
2025-07-21,Fish Amritsari,Starters,20,3.88,970.0,Monday,0,0,Sunny,8,0
2025-07-21,Butter Naan,Breads,5,0.32,38.4,Monday,0,0,Sunny,8,0
2025-07-21,Garlic Naan,Breads,6,0.41,49.2,Monday,0,0,Sunny,8,0
2025-07-21,Tandoori Roti,Breads,8,0.51,61.2,Monday,0,0,Sunny,8,0
2025-07-21,Gulab Jamun,Desserts,5,0.58,162.4,Monday,0,0,Sunny,8,0
2025-07-21,Ras Malai,Desserts,4,0.51,142.8,Monday,0,0,Sunny,8,0
2025-07-21,Kheer,Desserts,4,0.46,128.8,Monday,0,0,Sunny,8,0
2025-07-21,Kulfi,Desserts,11,1.59,445.2,Monday,0,0,Sunny,8,0
2025-07-22,Paneer Butter Masala,Main Course,3,0.92,294.4,Tuesday,0,0,Sunny,12,0
2025-07-22,Dal Makhani,Main Course,8,2.41,771.2,Tuesday,0,0,Sunny,12,0
2025-07-22,Chicken Biryani,Main Course,4,1.36,435.2,Tuesday,0,0,Sunny,12,0
2025-07-22,Mutton Rogan Josh,Main Course,11,3.3,1056.0,Tuesday,0,0,Sunny,12,0
2025-07-22,Paneer Tikka,Starters,9,1.32,330.0,Tuesday,0,0,Sunny,12,0
2025-07-22,Chicken Tandoori,Starters,6,0.98,245.0,Tuesday,0,0,Sunny,12,0
2025-07-22,Veg Spring Rolls,Starters,9,1.44,360.0,Tuesday,0,0,Sunny,12,0
2025-07-22,Fish Amritsari,Starters,13,2.54,635.0,Tuesday,0,0,Sunny,12,0
2025-07-22,Butter Naan,Breads,2,0.16,19.2,Tuesday,0,0,Sunny,12,0
2025-07-22,Garlic Naan,Breads,18,1.05,126.0,Tuesday,0,0,Sunny,12,0
2025-07-22,Tandoori Roti,Breads,12,0.71,85.2,Tuesday,0,0,Sunny,12,0
2025-07-22,Gulab Jamun,Desserts,4,0.54,151.2,Tuesday,0,0,Sunny,12,0
2025-07-22,Ras Malai,Desserts,2,0.28,78.4,Tuesday,0,0,Sunny,12,0
2025-07-22,Kheer,Desserts,2,0.23,64.4,Tuesday,0,0,Sunny,12,0
2025-07-22,Kulfi,Desserts,9,1.0,280.0,Tuesday,0,0,Sunny,12,0
2025-07-23,Paneer Butter Masala,Main Course,1,0.31,99.2,Wednesday,0,0,Rainy,12,0
2025-07-23,Dal Makhani,Main Course,10,2.56,819.2,Wednesday,0,0,Rainy,12,0
2025-07-23,Chicken Biryani,Main Course,4,1.31,419.2,Wednesday,0,0,Rainy,12,0
2025-07-23,Mutton Rogan Josh,Main Course,10,3.27,1046.4,Wednesday,0,0,Rainy,12,0
2025-07-23,Paneer Tikka,Starters,5,0.97,242.5,Wednesday,0,0,Rainy,12,0
2025-07-23,Chicken Tandoori,Starters,9,1.78,445.0,Wednesday,0,0,Rainy,12,0
2025-07-23,Veg Spring Rolls,Starters,9,1.7,425.0,Wednesday,0,0,Rainy,12,0
2025-07-23,Fish Amritsari,Starters,10,1.46,365.0,Wednesday,0,0,Rainy,12,0
2025-07-23,Butter Naan,Breads,7,0.5,60.0,Wednesday,0,0,Rainy,12,0
2025-07-23,Garlic Naan,Breads,13,0.74,88.8,Wednesday,0,0,Rainy,12,0
2025-07-23,Tandoori Roti,Breads,7,0.47,56.4,Wednesday,0,0,Rainy,12,0
2025-07-23,Gulab Jamun,Desserts,3,0.41,114.8,Wednesday,0,0,Rainy,12,0
2025-07-23,Ras Malai,Desserts,9,1.14,319.2,Wednesday,0,0,Rainy,12,0
2025-07-23,Kheer,Desserts,3,0.41,114.8,Wednesday,0,0,Rainy,12,0
2025-07-23,Kulfi,Desserts,9,1.31,366.8,Wednesday,0,0,Rainy,12,0
2025-07-24,Paneer Butter Masala,Main Course,5,1.71,547.2,Thursday,0,0,Stormy,8,0
2025-07-24,Dal Makhani,Main Course,12,3.87,1238.4,Thursday,0,0,Stormy,8,0
2025-07-24,Chicken Biryani,Main Course,2,0.52,166.4,Thursday,0,0,Stormy,8,0
2025-07-24,Mutton Rogan Josh,Main Course,5,1.34,428.8,Thursday,0,0,Stormy,8,0
2025-07-24,Paneer Tikka,Starters,3,0.6,150.0,Thursday,0,0,Stormy,8,0
2025-07-24,Chicken Tandoori,Starters,10,1.43,357.5,Thursday,0,0,Stormy,8,0
2025-07-24,Veg Spring Rolls,Starters,7,1.38,345.0,Thursday,0,0,Stormy,8,0
2025-07-24,Fish Amritsari,Starters,11,2.08,520.0,Thursday,0,0,Stormy,8,0
2025-07-24,Butter Naan,Breads,39,2.57,308.4,Thursday,0,0,Stormy,8,0
2025-07-24,Garlic Naan,Breads,14,1.01,121.2,Thursday,0,0,Stormy,8,0
2025-07-24,Tandoori Roti,Breads,16,0.97,116.4,Thursday,0,0,Stormy,8,0
2025-07-24,Gulab Jamun,Desserts,5,0.59,165.2,Thursday,0,0,Stormy,8,0
2025-07-24,Ras Malai,Desserts,2,0.27,75.6,Thursday,0,0,Stormy,8,0
2025-07-24,Kheer,Desserts,5,0.72,201.6,Thursday,0,0,Stormy,8,0
2025-07-24,Kulfi,Desserts,5,0.62,173.6,Thursday,0,0,Stormy,8,0
2025-07-25,Paneer Butter Masala,Main Course,4,1.22,390.4,Friday,0,0,Stormy,9,0
2025-07-25,Dal Makhani,Main Course,10,2.89,924.8,Friday,0,0,Stormy,9,0
2025-07-25,Chicken Biryani,Main Course,2,0.65,208.0,Friday,0,0,Stormy,9,0
2025-07-25,Mutton Rogan Josh,Main Course,9,2.95,944.0,Friday,0,0,Stormy,9,0
2025-07-25,Paneer Tikka,Starters,3,0.51,127.5,Friday,0,0,Stormy,9,0
2025-07-25,Chicken Tandoori,Starters,9,1.79,447.5,Friday,0,0,Stormy,9,0
2025-07-25,Veg Spring Rolls,Starters,4,0.79,197.5,Friday,0,0,Stormy,9,0
2025-07-25,Fish Amritsari,Starters,12,1.87,467.5,Friday,0,0,Stormy,9,0
2025-07-25,Butter Naan,Breads,9,0.66,79.2,Friday,0,0,Stormy,9,0
2025-07-25,Garlic Naan,Breads,12,0.8,96.0,Friday,0,0,Stormy,9,0
2025-07-25,Tandoori Roti,Breads,7,0.45,54.0,Friday,0,0,Stormy,9,0
2025-07-25,Gulab Jamun,Desserts,8,1.2,336.0,Friday,0,0,Stormy,9,0
2025-07-25,Ras Malai,Desserts,7,1.03,288.4,Friday,0,0,Stormy,9,0
2025-07-25,Kheer,Desserts,4,0.44,123.2,Friday,0,0,Stormy,9,0
2025-07-25,Kulfi,Desserts,8,1.07,299.6,Friday,0,0,Stormy,9,0
2025-07-26,Paneer Butter Masala,Main Course,3,0.79,252.8,Saturday,1,0,Rainy,11,0
2025-07-26,Dal Makhani,Main Course,11,3.41,1091.2,Saturday,1,0,Rainy,11,0
2025-07-26,Chicken Biryani,Main Course,7,1.81,579.2,Saturday,1,0,Rainy,11,0
2025-07-26,Mutton Rogan Josh,Main Course,17,4.29,1372.8,Saturday,1,0,Rainy,11,0
2025-07-26,Paneer Tikka,Starters,18,3.25,812.5,Saturday,1,0,Rainy,11,0
2025-07-26,Chicken Tandoori,Starters,5,0.97,242.5,Saturday,1,0,Rainy,11,0
2025-07-26,Veg Spring Rolls,Starters,15,2.63,657.5,Saturday,1,0,Rainy,11,0
2025-07-26,Fish Amritsari,Starters,19,3.27,817.5,Saturday,1,0,Rainy,11,0
2025-07-26,Butter Naan,Breads,5,0.34,40.8,Saturday,1,0,Rainy,11,0
2025-07-26,Garlic Naan,Breads,22,1.4,168.0,Saturday,1,0,Rainy,11,0
2025-07-26,Tandoori Roti,Breads,22,1.35,162.0,Saturday,1,0,Rainy,11,0
2025-07-26,Gulab Jamun,Desserts,7,0.84,235.2,Saturday,1,0,Rainy,11,0
2025-07-26,Ras Malai,Desserts,9,1.33,372.4,Saturday,1,0,Rainy,11,0
2025-07-26,Kheer,Desserts,5,0.65,182.0,Saturday,1,0,Rainy,11,0
2025-07-26,Kulfi,Desserts,9,1.12,313.6,Saturday,1,0,Rainy,11,0
2025-07-27,Paneer Butter Masala,Main Course,5,1.65,528.0,Sunday,1,0,Stormy,12,1
2025-07-27,Dal Makhani,Main Course,13,3.32,1062.4,Sunday,1,0,Stormy,12,1
2025-07-27,Chicken Biryani,Main Course,3,0.89,284.8,Sunday,1,0,Stormy,12,1
2025-07-27,Mutton Rogan Josh,Main Course,15,5.24,1676.8,Sunday,1,0,Stormy,12,1
2025-07-27,Paneer Tikka,Starters,5,0.79,197.5,Sunday,1,0,Stormy,12,1
2025-07-27,Chicken Tandoori,Starters,3,0.46,115.0,Sunday,1,0,Stormy,12,1
2025-07-27,Veg Spring Rolls,Starters,8,1.23,307.5,Sunday,1,0,Stormy,12,1
2025-07-27,Fish Amritsari,Starters,22,3.98,995.0,Sunday,1,0,Stormy,12,1
2025-07-27,Butter Naan,Breads,13,0.82,98.4,Sunday,1,0,Stormy,12,1
2025-07-27,Garlic Naan,Breads,6,0.41,49.2,Sunday,1,0,Stormy,12,1
2025-07-27,Tandoori Roti,Breads,56,3.36,403.2,Sunday,1,0,Stormy,12,1
2025-07-27,Gulab Jamun,Desserts,12,1.62,453.6,Sunday,1,0,Stormy,12,1
2025-07-27,Ras Malai,Desserts,14,2.01,562.8,Sunday,1,0,Stormy,12,1
2025-07-27,Kheer,Desserts,7,0.97,271.6,Sunday,1,0,Stormy,12,1
2025-07-27,Kulfi,Desserts,28,3.13,876.4,Sunday,1,0,Stormy,12,1
2025-07-28,Paneer Butter Masala,Main Course,6,1.68,537.6,Monday,0,0,Sunny,12,0
2025-07-28,Dal Makhani,Main Course,13,3.41,1091.2,Monday,0,0,Sunny,12,0
2025-07-28,Chicken Biryani,Main Course,3,0.83,265.6,Monday,0,0,Sunny,12,0
2025-07-28,Mutton Rogan Josh,Main Course,12,3.87,1238.4,Monday,0,0,Sunny,12,0
2025-07-28,Paneer Tikka,Starters,5,0.78,195.0,Monday,0,0,Sunny,12,0
2025-07-28,Chicken Tandoori,Starters,3,0.58,145.0,Monday,0,0,Sunny,12,0
2025-07-28,Veg Spring Rolls,Starters,6,1.13,282.5,Monday,0,0,Sunny,12,0
2025-07-28,Fish Amritsari,Starters,17,2.56,640.0,Monday,0,0,Sunny,12,0
2025-07-28,Butter Naan,Breads,5,0.33,39.6,Monday,0,0,Sunny,12,0
2025-07-28,Garlic Naan,Breads,15,0.88,105.6,Monday,0,0,Sunny,12,0
2025-07-28,Tandoori Roti,Breads,13,0.92,110.4,Monday,0,0,Sunny,12,0
2025-07-28,Gulab Jamun,Desserts,4,0.51,142.8,Monday,0,0,Sunny,12,0
2025-07-28,Ras Malai,Desserts,3,0.4,112.0,Monday,0,0,Sunny,12,0
2025-07-28,Kheer,Desserts,5,0.53,148.4,Monday,0,0,Sunny,12,0
2025-07-28,Kulfi,Desserts,22,3.04,851.2,Monday,0,0,Sunny,12,0
2025-07-29,Paneer Butter Masala,Main Course,5,1.59,508.8,Tuesday,0,0,Cloudy,12,0
2025-07-29,Dal Makhani,Main Course,4,1.32,422.4,Tuesday,0,0,Cloudy,12,0
2025-07-29,Chicken Biryani,Main Course,2,0.68,217.6,Tuesday,0,0,Cloudy,12,0
2025-07-29,Mutton Rogan Josh,Main Course,15,4.42,1414.4,Tuesday,0,0,Cloudy,12,0
2025-07-29,Paneer Tikka,Starters,4,0.57,142.5,Tuesday,0,0,Cloudy,12,0
2025-07-29,Chicken Tandoori,Starters,30,5.35,1337.5,Tuesday,0,0,Cloudy,12,0
2025-07-29,Veg Spring Rolls,Starters,15,2.38,595.0,Tuesday,0,0,Cloudy,12,0
2025-07-29,Fish Amritsari,Starters,12,2.26,565.0,Tuesday,0,0,Cloudy,12,0
2025-07-29,Butter Naan,Breads,4,0.25,30.0,Tuesday,0,0,Cloudy,12,0
2025-07-29,Garlic Naan,Breads,12,0.89,106.8,Tuesday,0,0,Cloudy,12,0
2025-07-29,Tandoori Roti,Breads,10,0.65,78.0,Tuesday,0,0,Cloudy,12,0
2025-07-29,Gulab Jamun,Desserts,3,0.36,100.8,Tuesday,0,0,Cloudy,12,0
2025-07-29,Ras Malai,Desserts,5,0.71,198.8,Tuesday,0,0,Cloudy,12,0
2025-07-29,Kheer,Desserts,7,0.95,266.0,Tuesday,0,0,Cloudy,12,0
2025-07-29,Kulfi,Desserts,8,0.98,274.4,Tuesday,0,0,Cloudy,12,0
2025-07-30,Paneer Butter Masala,Main Course,4,1.34,428.8,Wednesday,0,0,Stormy,9,0
2025-07-30,Dal Makhani,Main Course,7,1.79,572.8,Wednesday,0,0,Stormy,9,0
2025-07-30,Chicken Biryani,Main Course,3,1.01,323.2,Wednesday,0,0,Stormy,9,0
2025-07-30,Mutton Rogan Josh,Main Course,10,2.9,928.0,Wednesday,0,0,Stormy,9,0
2025-07-30,Paneer Tikka,Starters,9,1.32,330.0,Wednesday,0,0,Stormy,9,0
2025-07-30,Chicken Tandoori,Starters,10,1.97,492.5,Wednesday,0,0,Stormy,9,0
2025-07-30,Veg Spring Rolls,Starters,29,4.83,1207.5,Wednesday,0,0,Stormy,9,0
2025-07-30,Fish Amritsari,Starters,12,2.11,527.5,Wednesday,0,0,Stormy,9,0
2025-07-30,Butter Naan,Breads,3,0.21,25.2,Wednesday,0,0,Stormy,9,0
2025-07-30,Garlic Naan,Breads,16,1.12,134.4,Wednesday,0,0,Stormy,9,0
2025-07-30,Tandoori Roti,Breads,8,0.48,57.6,Wednesday,0,0,Stormy,9,0
2025-07-30,Gulab Jamun,Desserts,3,0.43,120.4,Wednesday,0,0,Stormy,9,0
2025-07-30,Ras Malai,Desserts,9,1.06,296.8,Wednesday,0,0,Stormy,9,0
2025-07-30,Kheer,Desserts,3,0.35,98.0,Wednesday,0,0,Stormy,9,0
2025-07-30,Kulfi,Desserts,7,0.83,232.4,Wednesday,0,0,Stormy,9,0
2025-07-31,Paneer Butter Masala,Main Course,3,0.88,281.6,Thursday,0,0,Rainy,9,0
2025-07-31,Dal Makhani,Main Course,10,3.35,1072.0,Thursday,0,0,Rainy,9,0
2025-07-31,Chicken Biryani,Main Course,4,1.04,332.8,Thursday,0,0,Rainy,9,0
2025-07-31,Mutton Rogan Josh,Main Course,14,4.65,1488.0,Thursday,0,0,Rainy,9,0
2025-07-31,Paneer Tikka,Starters,7,1.23,307.5,Thursday,0,0,Rainy,9,0
2025-07-31,Chicken Tandoori,Starters,10,1.46,365.0,Thursday,0,0,Rainy,9,0
2025-07-31,Veg Spring Rolls,Starters,13,1.9,475.0,Thursday,0,0,Rainy,9,0
2025-07-31,Fish Amritsari,Starters,13,2.13,532.5,Thursday,0,0,Rainy,9,0
2025-07-31,Butter Naan,Breads,5,0.34,40.8,Thursday,0,0,Rainy,9,0
2025-07-31,Garlic Naan,Breads,8,0.55,66.0,Thursday,0,0,Rainy,9,0
2025-07-31,Tandoori Roti,Breads,4,0.25,30.0,Thursday,0,0,Rainy,9,0
2025-07-31,Gulab Jamun,Desserts,5,0.62,173.6,Thursday,0,0,Rainy,9,0
2025-07-31,Ras Malai,Desserts,6,0.65,182.0,Thursday,0,0,Rainy,9,0
2025-07-31,Kheer,Desserts,5,0.66,184.8,Thursday,0,0,Rainy,9,0
2025-07-31,Kulfi,Desserts,5,0.73,204.4,Thursday,0,0,Rainy,9,0
2025-08-01,Paneer Butter Masala,Main Course,2,0.66,211.2,Friday,0,0,Rainy,9,0
2025-08-01,Dal Makhani,Main Course,11,2.89,924.8,Friday,0,0,Rainy,9,0
2025-08-01,Chicken Biryani,Main Course,4,1.23,393.6,Friday,0,0,Rainy,9,0
2025-08-01,Mutton Rogan Josh,Main Course,8,1.98,633.6,Friday,0,0,Rainy,9,0
2025-08-01,Paneer Tikka,Starters,4,0.64,160.0,Friday,0,0,Rainy,9,0
2025-08-01,Chicken Tandoori,Starters,3,0.5,125.0,Friday,0,0,Rainy,9,0
2025-08-01,Veg Spring Rolls,Starters,8,1.56,390.0,Friday,0,0,Rainy,9,0
2025-08-01,Fish Amritsari,Starters,16,2.51,627.5,Friday,0,0,Rainy,9,0
2025-08-01,Butter Naan,Breads,8,0.56,67.2,Friday,0,0,Rainy,9,0
2025-08-01,Garlic Naan,Breads,15,0.93,111.6,Friday,0,0,Rainy,9,0
2025-08-01,Tandoori Roti,Breads,13,0.9,108.0,Friday,0,0,Rainy,9,0
2025-08-01,Gulab Jamun,Desserts,5,0.55,154.0,Friday,0,0,Rainy,9,0
2025-08-01,Ras Malai,Desserts,6,0.77,215.6,Friday,0,0,Rainy,9,0
2025-08-01,Kheer,Desserts,6,0.64,179.2,Friday,0,0,Rainy,9,0
2025-08-01,Kulfi,Desserts,8,0.92,257.6,Friday,0,0,Rainy,9,0
2025-08-02,Paneer Butter Masala,Main Course,7,2.44,780.8,Saturday,1,0,Sunny,13,1
2025-08-02,Dal Makhani,Main Course,16,4.17,1334.4,Saturday,1,0,Sunny,13,1
2025-08-02,Chicken Biryani,Main Course,8,2.66,851.2,Saturday,1,0,Sunny,13,1
2025-08-02,Mutton Rogan Josh,Main Course,13,3.99,1276.8,Saturday,1,0,Sunny,13,1
2025-08-02,Paneer Tikka,Starters,6,0.97,242.5,Saturday,1,0,Sunny,13,1
2025-08-02,Chicken Tandoori,Starters,11,1.97,492.5,Saturday,1,0,Sunny,13,1
2025-08-02,Veg Spring Rolls,Starters,16,3.13,782.5,Saturday,1,0,Sunny,13,1
2025-08-02,Fish Amritsari,Starters,15,2.82,705.0,Saturday,1,0,Sunny,13,1
2025-08-02,Butter Naan,Breads,13,0.86,103.2,Saturday,1,0,Sunny,13,1
2025-08-02,Garlic Naan,Breads,17,1.12,134.4,Saturday,1,0,Sunny,13,1
2025-08-02,Tandoori Roti,Breads,26,1.81,217.2,Saturday,1,0,Sunny,13,1
2025-08-02,Gulab Jamun,Desserts,6,0.88,246.4,Saturday,1,0,Sunny,13,1
2025-08-02,Ras Malai,Desserts,14,1.83,512.4,Saturday,1,0,Sunny,13,1
2025-08-02,Kheer,Desserts,9,1.08,302.4,Saturday,1,0,Sunny,13,1
2025-08-02,Kulfi,Desserts,8,0.85,238.0,Saturday,1,0,Sunny,13,1
2025-08-03,Paneer Butter Masala,Main Course,7,2.03,649.6,Sunday,1,0,Stormy,13,0
2025-08-03,Dal Makhani,Main Course,11,3.65,1168.0,Sunday,1,0,Stormy,13,0
2025-08-03,Chicken Biryani,Main Course,7,1.98,633.6,Sunday,1,0,Stormy,13,0
2025-08-03,Mutton Rogan Josh,Main Course,19,6.46,2067.2,Sunday,1,0,Stormy,13,0
2025-08-03,Paneer Tikka,Starters,13,2.02,505.0,Sunday,1,0,Stormy,13,0
2025-08-03,Chicken Tandoori,Starters,3,0.42,105.0,Sunday,1,0,Stormy,13,0
2025-08-03,Veg Spring Rolls,Starters,4,0.78,195.0,Sunday,1,0,Stormy,13,0
2025-08-03,Fish Amritsari,Starters,23,4.18,1045.0,Sunday,1,0,Stormy,13,0
2025-08-03,Butter Naan,Breads,11,0.67,80.4,Sunday,1,0,Stormy,13,0
2025-08-03,Garlic Naan,Breads,21,1.64,196.8,Sunday,1,0,Stormy,13,0
2025-08-03,Tandoori Roti,Breads,19,1.32,158.4,Sunday,1,0,Stormy,13,0
2025-08-03,Gulab Jamun,Desserts,10,1.44,403.2,Sunday,1,0,Stormy,13,0
2025-08-03,Ras Malai,Desserts,3,0.38,106.4,Sunday,1,0,Stormy,13,0
2025-08-03,Kheer,Desserts,9,1.14,319.2,Sunday,1,0,Stormy,13,0
2025-08-03,Kulfi,Desserts,9,1.32,369.6,Sunday,1,0,Stormy,13,0
2025-08-04,Paneer Butter Masala,Main Course,3,1.0,320.0,Monday,0,0,Rainy,11,0
2025-08-04,Dal Makhani,Main Course,4,1.18,377.6,Monday,0,0,Rainy,11,0
2025-08-04,Chicken Biryani,Main Course,3,0.93,297.6,Monday,0,0,Rainy,11,0
2025-08-04,Mutton Rogan Josh,Main Course,14,4.87,1558.4,Monday,0,0,Rainy,11,0
2025-08-04,Paneer Tikka,Starters,2,0.32,80.0,Monday,0,0,Rainy,11,0
2025-08-04,Chicken Tandoori,Starters,13,2.13,532.5,Monday,0,0,Rainy,11,0
2025-08-04,Veg Spring Rolls,Starters,9,1.61,402.5,Monday,0,0,Rainy,11,0
2025-08-04,Fish Amritsari,Starters,8,1.34,335.0,Monday,0,0,Rainy,11,0
2025-08-04,Butter Naan,Breads,9,0.69,82.8,Monday,0,0,Rainy,11,0
2025-08-04,Garlic Naan,Breads,8,0.52,62.4,Monday,0,0,Rainy,11,0
2025-08-04,Tandoori Roti,Breads,15,0.93,111.6,Monday,0,0,Rainy,11,0
2025-08-04,Gulab Jamun,Desserts,7,0.81,226.8,Monday,0,0,Rainy,11,0
2025-08-04,Ras Malai,Desserts,8,1.12,313.6,Monday,0,0,Rainy,11,0
2025-08-04,Kheer,Desserts,2,0.22,61.6,Monday,0,0,Rainy,11,0
2025-08-04,Kulfi,Desserts,8,0.96,268.8,Monday,0,0,Rainy,11,0
2025-08-05,Paneer Butter Masala,Main Course,3,1.05,336.0,Tuesday,0,0,Rainy,12,0
2025-08-05,Dal Makhani,Main Course,10,2.83,905.6,Tuesday,0,0,Rainy,12,0
2025-08-05,Chicken Biryani,Main Course,2,0.51,163.2,Tuesday,0,0,Rainy,12,0
2025-08-05,Mutton Rogan Josh,Main Course,9,3.08,985.6,Tuesday,0,0,Rainy,12,0
2025-08-05,Paneer Tikka,Starters,7,1.21,302.5,Tuesday,0,0,Rainy,12,0
2025-08-05,Chicken Tandoori,Starters,3,0.57,142.5,Tuesday,0,0,Rainy,12,0
2025-08-05,Veg Spring Rolls,Starters,13,1.91,477.5,Tuesday,0,0,Rainy,12,0
2025-08-05,Fish Amritsari,Starters,13,2.46,615.0,Tuesday,0,0,Rainy,12,0
2025-08-05,Butter Naan,Breads,8,0.6,72.0,Tuesday,0,0,Rainy,12,0
2025-08-05,Garlic Naan,Breads,4,0.32,38.4,Tuesday,0,0,Rainy,12,0
2025-08-05,Tandoori Roti,Breads,18,1.09,130.8,Tuesday,0,0,Rainy,12,0
2025-08-05,Gulab Jamun,Desserts,2,0.22,61.6,Tuesday,0,0,Rainy,12,0
2025-08-05,Ras Malai,Desserts,3,0.39,109.2,Tuesday,0,0,Rainy,12,0
2025-08-05,Kheer,Desserts,3,0.4,112.0,Tuesday,0,0,Rainy,12,0
2025-08-05,Kulfi,Desserts,5,0.54,151.2,Tuesday,0,0,Rainy,12,0
2025-08-06,Paneer Butter Masala,Main Course,1,0.27,86.4,Wednesday,0,0,Rainy,10,0
2025-08-06,Dal Makhani,Main Course,10,2.97,950.4,Wednesday,0,0,Rainy,10,0
2025-08-06,Chicken Biryani,Main Course,3,0.76,243.2,Wednesday,0,0,Rainy,10,0
2025-08-06,Mutton Rogan Josh,Main Course,9,2.92,934.4,Wednesday,0,0,Rainy,10,0
2025-08-06,Paneer Tikka,Starters,10,1.98,495.0,Wednesday,0,0,Rainy,10,0
2025-08-06,Chicken Tandoori,Starters,8,1.5,375.0,Wednesday,0,0,Rainy,10,0
2025-08-06,Veg Spring Rolls,Starters,6,1.18,295.0,Wednesday,0,0,Rainy,10,0
2025-08-06,Fish Amritsari,Starters,8,1.23,307.5,Wednesday,0,0,Rainy,10,0
2025-08-06,Butter Naan,Breads,10,0.78,93.6,Wednesday,0,0,Rainy,10,0
2025-08-06,Garlic Naan,Breads,4,0.23,27.6,Wednesday,0,0,Rainy,10,0
2025-08-06,Tandoori Roti,Breads,12,0.89,106.8,Wednesday,0,0,Rainy,10,0
2025-08-06,Gulab Jamun,Desserts,2,0.24,67.2,Wednesday,0,0,Rainy,10,0
2025-08-06,Ras Malai,Desserts,5,0.61,170.8,Wednesday,0,0,Rainy,10,0
2025-08-06,Kheer,Desserts,7,1.02,285.6,Wednesday,0,0,Rainy,10,0
2025-08-06,Kulfi,Desserts,6,0.65,182.0,Wednesday,0,0,Rainy,10,0
2025-08-07,Paneer Butter Masala,Main Course,4,1.1,352.0,Thursday,0,0,Rainy,11,1
2025-08-07,Dal Makhani,Main Course,5,1.69,540.8,Thursday,0,0,Rainy,11,1
2025-08-07,Chicken Biryani,Main Course,4,1.33,425.6,Thursday,0,0,Rainy,11,1
2025-08-07,Mutton Rogan Josh,Main Course,12,4.14,1324.8,Thursday,0,0,Rainy,11,1
2025-08-07,Paneer Tikka,Starters,13,1.89,472.5,Thursday,0,0,Rainy,11,1
2025-08-07,Chicken Tandoori,Starters,9,1.44,360.0,Thursday,0,0,Rainy,11,1
2025-08-07,Veg Spring Rolls,Starters,14,2.3,575.0,Thursday,0,0,Rainy,11,1
2025-08-07,Fish Amritsari,Starters,18,2.65,662.5,Thursday,0,0,Rainy,11,1
2025-08-07,Butter Naan,Breads,9,0.53,63.6,Thursday,0,0,Rainy,11,1
2025-08-07,Garlic Naan,Breads,4,0.27,32.4,Thursday,0,0,Rainy,11,1
2025-08-07,Tandoori Roti,Breads,41,2.68,321.6,Thursday,0,0,Rainy,11,1
2025-08-07,Gulab Jamun,Desserts,9,1.23,344.4,Thursday,0,0,Rainy,11,1
2025-08-07,Ras Malai,Desserts,3,0.42,117.6,Thursday,0,0,Rainy,11,1
2025-08-07,Kheer,Desserts,6,0.83,232.4,Thursday,0,0,Rainy,11,1
2025-08-07,Kulfi,Desserts,10,1.46,408.8,Thursday,0,0,Rainy,11,1
2025-08-08,Paneer Butter Masala,Main Course,4,1.13,361.6,Friday,0,0,Rainy,11,0
2025-08-08,Dal Makhani,Main Course,10,2.68,857.6,Friday,0,0,Rainy,11,0
2025-08-08,Chicken Biryani,Main Course,2,0.54,172.8,Friday,0,0,Rainy,11,0
2025-08-08,Mutton Rogan Josh,Main Course,11,3.03,969.6,Friday,0,0,Rainy,11,0
2025-08-08,Paneer Tikka,Starters,11,1.72,430.0,Friday,0,0,Rainy,11,0
2025-08-08,Chicken Tandoori,Starters,7,1.29,322.5,Friday,0,0,Rainy,11,0
2025-08-08,Veg Spring Rolls,Starters,10,1.73,432.5,Friday,0,0,Rainy,11,0
2025-08-08,Fish Amritsari,Starters,19,3.63,907.5,Friday,0,0,Rainy,11,0
2025-08-08,Butter Naan,Breads,8,0.53,63.6,Friday,0,0,Rainy,11,0
2025-08-08,Garlic Naan,Breads,9,0.51,61.2,Friday,0,0,Rainy,11,0
2025-08-08,Tandoori Roti,Breads,16,1.07,128.4,Friday,0,0,Rainy,11,0
2025-08-08,Gulab Jamun,Desserts,19,2.81,786.8,Friday,0,0,Rainy,11,0
2025-08-08,Ras Malai,Desserts,6,0.63,176.4,Friday,0,0,Rainy,11,0
2025-08-08,Kheer,Desserts,7,0.97,271.6,Friday,0,0,Rainy,11,0
2025-08-08,Kulfi,Desserts,6,0.85,238.0,Friday,0,0,Rainy,11,0
2025-08-09,Paneer Butter Masala,Main Course,8,2.35,752.0,Saturday,1,0,Rainy,14,0
2025-08-09,Dal Makhani,Main Course,14,3.7,1184.0,Saturday,1,0,Rainy,14,0
2025-08-09,Chicken Biryani,Main Course,3,1.04,332.8,Saturday,1,0,Rainy,14,0
2025-08-09,Mutton Rogan Josh,Main Course,18,6.29,2012.8,Saturday,1,0,Rainy,14,0
2025-08-09,Paneer Tikka,Starters,16,2.61,652.5,Saturday,1,0,Rainy,14,0
2025-08-09,Chicken Tandoori,Starters,6,1.14,285.0,Saturday,1,0,Rainy,14,0
2025-08-09,Veg Spring Rolls,Starters,9,1.62,405.0,Saturday,1,0,Rainy,14,0
2025-08-09,Fish Amritsari,Starters,23,3.98,995.0,Saturday,1,0,Rainy,14,0
2025-08-09,Butter Naan,Breads,12,0.73,87.6,Saturday,1,0,Rainy,14,0
2025-08-09,Garlic Naan,Breads,20,1.57,188.4,Saturday,1,0,Rainy,14,0
2025-08-09,Tandoori Roti,Breads,8,0.61,73.2,Saturday,1,0,Rainy,14,0
2025-08-09,Gulab Jamun,Desserts,3,0.32,89.6,Saturday,1,0,Rainy,14,0
2025-08-09,Ras Malai,Desserts,3,0.37,103.6,Saturday,1,0,Rainy,14,0
2025-08-09,Kheer,Desserts,3,0.41,114.8,Saturday,1,0,Rainy,14,0
2025-08-09,Kulfi,Desserts,11,1.54,431.2,Saturday,1,0,Rainy,14,0
2025-08-10,Paneer Butter Masala,Main Course,5,1.59,508.8,Sunday,1,0,Rainy,14,1
2025-08-10,Dal Makhani,Main Course,16,4.69,1500.8,Sunday,1,0,Rainy,14,1
2025-08-10,Chicken Biryani,Main Course,9,2.56,819.2,Sunday,1,0,Rainy,14,1
2025-08-10,Mutton Rogan Josh,Main Course,14,4.69,1500.8,Sunday,1,0,Rainy,14,1
2025-08-10,Paneer Tikka,Starters,13,1.91,477.5,Sunday,1,0,Rainy,14,1
2025-08-10,Chicken Tandoori,Starters,13,2.57,642.5,Sunday,1,0,Rainy,14,1
2025-08-10,Veg Spring Rolls,Starters,21,3.69,922.5,Sunday,1,0,Rainy,14,1
2025-08-10,Fish Amritsari,Starters,24,4.79,1197.5,Sunday,1,0,Rainy,14,1
2025-08-10,Butter Naan,Breads,14,0.88,105.6,Sunday,1,0,Rainy,14,1
2025-08-10,Garlic Naan,Breads,14,0.88,105.6,Sunday,1,0,Rainy,14,1
2025-08-10,Tandoori Roti,Breads,13,0.96,115.2,Sunday,1,0,Rainy,14,1
2025-08-10,Gulab Jamun,Desserts,6,0.83,232.4,Sunday,1,0,Rainy,14,1
2025-08-10,Ras Malai,Desserts,5,0.75,210.0,Sunday,1,0,Rainy,14,1
2025-08-10,Kheer,Desserts,9,1.21,338.8,Sunday,1,0,Rainy,14,1
2025-08-10,Kulfi,Desserts,13,1.39,389.2,Sunday,1,0,Rainy,14,1
2025-08-11,Paneer Butter Masala,Main Course,7,2.15,688.0,Monday,0,0,Cloudy,9,0
2025-08-11,Dal Makhani,Main Course,5,1.43,457.6,Monday,0,0,Cloudy,9,0
2025-08-11,Chicken Biryani,Main Course,3,0.99,316.8,Monday,0,0,Cloudy,9,0
2025-08-11,Mutton Rogan Josh,Main Course,13,4.16,1331.2,Monday,0,0,Cloudy,9,0
2025-08-11,Paneer Tikka,Starters,11,1.61,402.5,Monday,0,0,Cloudy,9,0
2025-08-11,Chicken Tandoori,Starters,8,1.45,362.5,Monday,0,0,Cloudy,9,0
2025-08-11,Veg Spring Rolls,Starters,6,0.94,235.0,Monday,0,0,Cloudy,9,0
2025-08-11,Fish Amritsari,Starters,18,2.91,727.5,Monday,0,0,Cloudy,9,0
2025-08-11,Butter Naan,Breads,3,0.24,28.8,Monday,0,0,Cloudy,9,0
2025-08-11,Garlic Naan,Breads,5,0.34,40.8,Monday,0,0,Cloudy,9,0
2025-08-11,Tandoori Roti,Breads,9,0.55,66.0,Monday,0,0,Cloudy,9,0
2025-08-11,Gulab Jamun,Desserts,5,0.71,198.8,Monday,0,0,Cloudy,9,0
2025-08-11,Ras Malai,Desserts,5,0.72,201.6,Monday,0,0,Cloudy,9,0
2025-08-11,Kheer,Desserts,7,0.76,212.8,Monday,0,0,Cloudy,9,0
2025-08-11,Kulfi,Desserts,11,1.25,350.0,Monday,0,0,Cloudy,9,0
2025-08-12,Paneer Butter Masala,Main Course,2,0.55,176.0,Tuesday,0,0,Rainy,8,0
2025-08-12,Dal Makhani,Main Course,10,3.28,1049.6,Tuesday,0,0,Rainy,8,0
2025-08-12,Chicken Biryani,Main Course,4,1.26,403.2,Tuesday,0,0,Rainy,8,0
2025-08-12,Mutton Rogan Josh,Main Course,6,1.7,544.0,Tuesday,0,0,Rainy,8,0
2025-08-12,Paneer Tikka,Starters,4,0.73,182.5,Tuesday,0,0,Rainy,8,0
2025-08-12,Chicken Tandoori,Starters,4,0.67,167.5,Tuesday,0,0,Rainy,8,0
2025-08-12,Veg Spring Rolls,Starters,10,1.68,420.0,Tuesday,0,0,Rainy,8,0
2025-08-12,Fish Amritsari,Starters,14,2.37,592.5,Tuesday,0,0,Rainy,8,0
2025-08-12,Butter Naan,Breads,3,0.22,26.4,Tuesday,0,0,Rainy,8,0
2025-08-12,Garlic Naan,Breads,14,0.79,94.8,Tuesday,0,0,Rainy,8,0
2025-08-12,Tandoori Roti,Breads,18,1.23,147.6,Tuesday,0,0,Rainy,8,0
2025-08-12,Gulab Jamun,Desserts,9,1.01,282.8,Tuesday,0,0,Rainy,8,0
2025-08-12,Ras Malai,Desserts,5,0.72,201.6,Tuesday,0,0,Rainy,8,0
2025-08-12,Kheer,Desserts,6,0.86,240.8,Tuesday,0,0,Rainy,8,0
2025-08-12,Kulfi,Desserts,9,1.18,330.4,Tuesday,0,0,Rainy,8,0
2025-08-13,Paneer Butter Masala,Main Course,6,1.93,617.6,Wednesday,0,0,Rainy,12,0
2025-08-13,Dal Makhani,Main Course,5,1.73,553.6,Wednesday,0,0,Rainy,12,0
2025-08-13,Chicken Biryani,Main Course,4,1.35,432.0,Wednesday,0,0,Rainy,12,0
2025-08-13,Mutton Rogan Josh,Main Course,6,1.92,614.4,Wednesday,0,0,Rainy,12,0
2025-08-13,Paneer Tikka,Starters,4,0.79,197.5,Wednesday,0,0,Rainy,12,0
2025-08-13,Chicken Tandoori,Starters,11,1.74,435.0,Wednesday,0,0,Rainy,12,0
2025-08-13,Veg Spring Rolls,Starters,4,0.77,192.5,Wednesday,0,0,Rainy,12,0
2025-08-13,Fish Amritsari,Starters,8,1.59,397.5,Wednesday,0,0,Rainy,12,0
2025-08-13,Butter Naan,Breads,3,0.19,22.8,Wednesday,0,0,Rainy,12,0
2025-08-13,Garlic Naan,Breads,13,0.81,97.2,Wednesday,0,0,Rainy,12,0
2025-08-13,Tandoori Roti,Breads,37,2.63,315.6,Wednesday,0,0,Rainy,12,0
2025-08-13,Gulab Jamun,Desserts,6,0.64,179.2,Wednesday,0,0,Rainy,12,0
2025-08-13,Ras Malai,Desserts,7,1.02,285.6,Wednesday,0,0,Rainy,12,0
2025-08-13,Kheer,Desserts,4,0.59,165.2,Wednesday,0,0,Rainy,12,0
2025-08-13,Kulfi,Desserts,7,0.88,246.4,Wednesday,0,0,Rainy,12,0
2025-08-14,Paneer Butter Masala,Main Course,5,1.59,508.8,Thursday,0,0,Cloudy,11,0
2025-08-14,Dal Makhani,Main Course,12,3.87,1238.4,Thursday,0,0,Cloudy,11,0
2025-08-14,Chicken Biryani,Main Course,4,1.31,419.2,Thursday,0,0,Cloudy,11,0
2025-08-14,Mutton Rogan Josh,Main Course,8,2.11,675.2,Thursday,0,0,Cloudy,11,0
2025-08-14,Paneer Tikka,Starters,5,0.81,202.5,Thursday,0,0,Cloudy,11,0
2025-08-14,Chicken Tandoori,Starters,5,0.82,205.0,Thursday,0,0,Cloudy,11,0
2025-08-14,Veg Spring Rolls,Starters,16,2.73,682.5,Thursday,0,0,Cloudy,11,0
2025-08-14,Fish Amritsari,Starters,17,2.82,705.0,Thursday,0,0,Cloudy,11,0
2025-08-14,Butter Naan,Breads,10,0.79,94.8,Thursday,0,0,Cloudy,11,0
2025-08-14,Garlic Naan,Breads,4,0.31,37.2,Thursday,0,0,Cloudy,11,0
2025-08-14,Tandoori Roti,Breads,6,0.43,51.6,Thursday,0,0,Cloudy,11,0
2025-08-14,Gulab Jamun,Desserts,7,0.87,243.6,Thursday,0,0,Cloudy,11,0
2025-08-14,Ras Malai,Desserts,3,0.35,98.0,Thursday,0,0,Cloudy,11,0
2025-08-14,Kheer,Desserts,4,0.49,137.2,Thursday,0,0,Cloudy,11,0
2025-08-14,Kulfi,Desserts,5,0.63,176.4,Thursday,0,0,Cloudy,11,0
2025-08-15,Paneer Butter Masala,Main Course,4,1.18,377.6,Friday,0,1,Cloudy,15,1
2025-08-15,Dal Makhani,Main Course,8,2.33,745.6,Friday,0,1,Cloudy,15,1
2025-08-15,Chicken Biryani,Main Course,3,0.98,313.6,Friday,0,1,Cloudy,15,1
2025-08-15,Mutton Rogan Josh,Main Course,13,4.3,1376.0,Friday,0,1,Cloudy,15,1
2025-08-15,Paneer Tikka,Starters,13,2.4,600.0,Friday,0,1,Cloudy,15,1
2025-08-15,Chicken Tandoori,Starters,17,3.28,820.0,Friday,0,1,Cloudy,15,1
2025-08-15,Veg Spring Rolls,Starters,15,2.28,570.0,Friday,0,1,Cloudy,15,1
2025-08-15,Fish Amritsari,Starters,12,1.78,445.0,Friday,0,1,Cloudy,15,1
2025-08-15,Butter Naan,Breads,4,0.32,38.4,Friday,0,1,Cloudy,15,1
2025-08-15,Garlic Naan,Breads,9,0.56,67.2,Friday,0,1,Cloudy,15,1
2025-08-15,Tandoori Roti,Breads,12,0.7,84.0,Friday,0,1,Cloudy,15,1
2025-08-15,Gulab Jamun,Desserts,7,0.89,249.2,Friday,0,1,Cloudy,15,1
2025-08-15,Ras Malai,Desserts,14,1.57,439.6,Friday,0,1,Cloudy,15,1
2025-08-15,Kheer,Desserts,3,0.37,103.6,Friday,0,1,Cloudy,15,1
2025-08-15,Kulfi,Desserts,17,2.21,618.8,Friday,0,1,Cloudy,15,1
2025-08-16,Paneer Butter Masala,Main Course,31,9.99,3196.8,Saturday,1,0,Rainy,10,0
2025-08-16,Dal Makhani,Main Course,15,5.16,1651.2,Saturday,1,0,Rainy,10,0
2025-08-16,Chicken Biryani,Main Course,8,2.23,713.6,Saturday,1,0,Rainy,10,0
2025-08-16,Mutton Rogan Josh,Main Course,21,5.16,1651.2,Saturday,1,0,Rainy,10,0
2025-08-16,Paneer Tikka,Starters,11,1.56,390.0,Saturday,1,0,Rainy,10,0
2025-08-16,Chicken Tandoori,Starters,8,1.31,327.5,Saturday,1,0,Rainy,10,0
2025-08-16,Veg Spring Rolls,Starters,17,3.24,810.0,Saturday,1,0,Rainy,10,0
2025-08-16,Fish Amritsari,Starters,11,1.54,385.0,Saturday,1,0,Rainy,10,0
2025-08-16,Butter Naan,Breads,7,0.47,56.4,Saturday,1,0,Rainy,10,0
2025-08-16,Garlic Naan,Breads,17,1.33,159.6,Saturday,1,0,Rainy,10,0
2025-08-16,Tandoori Roti,Breads,8,0.46,55.2,Saturday,1,0,Rainy,10,0
2025-08-16,Gulab Jamun,Desserts,9,1.18,330.4,Saturday,1,0,Rainy,10,0
2025-08-16,Ras Malai,Desserts,7,1.01,282.8,Saturday,1,0,Rainy,10,0
2025-08-16,Kheer,Desserts,8,0.87,243.6,Saturday,1,0,Rainy,10,0
2025-08-16,Kulfi,Desserts,9,1.29,361.2,Saturday,1,0,Rainy,10,0
2025-08-17,Paneer Butter Masala,Main Course,5,1.53,489.6,Sunday,1,0,Sunny,12,1
2025-08-17,Dal Makhani,Main Course,5,1.63,521.6,Sunday,1,0,Sunny,12,1
2025-08-17,Chicken Biryani,Main Course,2,0.63,201.6,Sunday,1,0,Sunny,12,1
2025-08-17,Mutton Rogan Josh,Main Course,17,5.85,1872.0,Sunday,1,0,Sunny,12,1
2025-08-17,Paneer Tikka,Starters,11,1.61,402.5,Sunday,1,0,Sunny,12,1
2025-08-17,Chicken Tandoori,Starters,12,1.9,475.0,Sunday,1,0,Sunny,12,1
2025-08-17,Veg Spring Rolls,Starters,8,1.56,390.0,Sunday,1,0,Sunny,12,1
2025-08-17,Fish Amritsari,Starters,18,2.53,632.5,Sunday,1,0,Sunny,12,1
2025-08-17,Butter Naan,Breads,3,0.17,20.4,Sunday,1,0,Sunny,12,1
2025-08-17,Garlic Naan,Breads,23,1.58,189.6,Sunday,1,0,Sunny,12,1
2025-08-17,Tandoori Roti,Breads,14,0.88,105.6,Sunday,1,0,Sunny,12,1
2025-08-17,Gulab Jamun,Desserts,4,0.47,131.6,Sunday,1,0,Sunny,12,1
2025-08-17,Ras Malai,Desserts,11,1.3,364.0,Sunday,1,0,Sunny,12,1
2025-08-17,Kheer,Desserts,12,1.46,408.8,Sunday,1,0,Sunny,12,1
2025-08-17,Kulfi,Desserts,10,1.27,355.6,Sunday,1,0,Sunny,12,1
2025-08-18,Paneer Butter Masala,Main Course,6,1.5,480.0,Monday,0,0,Stormy,9,0
2025-08-18,Dal Makhani,Main Course,10,2.53,809.6,Monday,0,0,Stormy,9,0
2025-08-18,Chicken Biryani,Main Course,4,1.35,432.0,Monday,0,0,Stormy,9,0
2025-08-18,Mutton Rogan Josh,Main Course,9,2.34,748.8,Monday,0,0,Stormy,9,0
2025-08-18,Paneer Tikka,Starters,11,1.94,485.0,Monday,0,0,Stormy,9,0
2025-08-18,Chicken Tandoori,Starters,3,0.55,137.5,Monday,0,0,Stormy,9,0
2025-08-18,Veg Spring Rolls,Starters,12,2.28,570.0,Monday,0,0,Stormy,9,0
2025-08-18,Fish Amritsari,Starters,12,2.32,580.0,Monday,0,0,Stormy,9,0
2025-08-18,Butter Naan,Breads,6,0.47,56.4,Monday,0,0,Stormy,9,0
2025-08-18,Garlic Naan,Breads,13,0.81,97.2,Monday,0,0,Stormy,9,0
2025-08-18,Tandoori Roti,Breads,6,0.36,43.2,Monday,0,0,Stormy,9,0
2025-08-18,Gulab Jamun,Desserts,7,1.01,282.8,Monday,0,0,Stormy,9,0
2025-08-18,Ras Malai,Desserts,9,0.98,274.4,Monday,0,0,Stormy,9,0
2025-08-18,Kheer,Desserts,7,0.97,271.6,Monday,0,0,Stormy,9,0
2025-08-18,Kulfi,Desserts,7,0.97,271.6,Monday,0,0,Stormy,9,0
2025-08-19,Paneer Butter Masala,Main Course,6,1.6,512.0,Tuesday,0,0,Rainy,12,0
2025-08-19,Dal Makhani,Main Course,7,1.96,627.2,Tuesday,0,0,Rainy,12,0
2025-08-19,Chicken Biryani,Main Course,5,1.6,512.0,Tuesday,0,0,Rainy,12,0
2025-08-19,Mutton Rogan Josh,Main Course,8,2.38,761.6,Tuesday,0,0,Rainy,12,0
2025-08-19,Paneer Tikka,Starters,7,1.28,320.0,Tuesday,0,0,Rainy,12,0
2025-08-19,Chicken Tandoori,Starters,3,0.44,110.0,Tuesday,0,0,Rainy,12,0
2025-08-19,Veg Spring Rolls,Starters,9,1.36,340.0,Tuesday,0,0,Rainy,12,0
2025-08-19,Fish Amritsari,Starters,13,2.12,530.0,Tuesday,0,0,Rainy,12,0
2025-08-19,Butter Naan,Breads,5,0.34,40.8,Tuesday,0,0,Rainy,12,0
2025-08-19,Garlic Naan,Breads,16,1.0,120.0,Tuesday,0,0,Rainy,12,0
2025-08-19,Tandoori Roti,Breads,10,0.61,73.2,Tuesday,0,0,Rainy,12,0
2025-08-19,Gulab Jamun,Desserts,5,0.54,151.2,Tuesday,0,0,Rainy,12,0
2025-08-19,Ras Malai,Desserts,8,1.09,305.2,Tuesday,0,0,Rainy,12,0
2025-08-19,Kheer,Desserts,3,0.39,109.2,Tuesday,0,0,Rainy,12,0
2025-08-19,Kulfi,Desserts,4,0.49,137.2,Tuesday,0,0,Rainy,12,0
2025-08-20,Paneer Butter Masala,Main Course,5,1.66,531.2,Wednesday,0,0,Cloudy,12,0
2025-08-20,Dal Makhani,Main Course,9,2.28,729.6,Wednesday,0,0,Cloudy,12,0
2025-08-20,Chicken Biryani,Main Course,6,1.71,547.2,Wednesday,0,0,Cloudy,12,0
2025-08-20,Mutton Rogan Josh,Main Course,9,2.72,870.4,Wednesday,0,0,Cloudy,12,0
2025-08-20,Paneer Tikka,Starters,13,2.15,537.5,Wednesday,0,0,Cloudy,12,0
2025-08-20,Chicken Tandoori,Starters,12,2.21,552.5,Wednesday,0,0,Cloudy,12,0
2025-08-20,Veg Spring Rolls,Starters,3,0.42,105.0,Wednesday,0,0,Cloudy,12,0
2025-08-20,Fish Amritsari,Starters,13,2.36,590.0,Wednesday,0,0,Cloudy,12,0
2025-08-20,Butter Naan,Breads,2,0.16,19.2,Wednesday,0,0,Cloudy,12,0
2025-08-20,Garlic Naan,Breads,4,0.26,31.2,Wednesday,0,0,Cloudy,12,0
2025-08-20,Tandoori Roti,Breads,13,0.8,96.0,Wednesday,0,0,Cloudy,12,0
2025-08-20,Gulab Jamun,Desserts,9,1.15,322.0,Wednesday,0,0,Cloudy,12,0
2025-08-20,Ras Malai,Desserts,6,0.7,196.0,Wednesday,0,0,Cloudy,12,0
2025-08-20,Kheer,Desserts,4,0.49,137.2,Wednesday,0,0,Cloudy,12,0
2025-08-20,Kulfi,Desserts,11,1.52,425.6,Wednesday,0,0,Cloudy,12,0
2025-08-21,Paneer Butter Masala,Main Course,29,7.22,2310.4,Thursday,0,0,Rainy,12,0
2025-08-21,Dal Makhani,Main Course,11,3.12,998.4,Thursday,0,0,Rainy,12,0
2025-08-21,Chicken Biryani,Main Course,5,1.64,524.8,Thursday,0,0,Rainy,12,0
2025-08-21,Mutton Rogan Josh,Main Course,15,3.96,1267.2,Thursday,0,0,Rainy,12,0
2025-08-21,Paneer Tikka,Starters,3,0.48,120.0,Thursday,0,0,Rainy,12,0
2025-08-21,Chicken Tandoori,Starters,3,0.6,150.0,Thursday,0,0,Rainy,12,0
2025-08-21,Veg Spring Rolls,Starters,6,1.18,295.0,Thursday,0,0,Rainy,12,0
2025-08-21,Fish Amritsari,Starters,15,2.22,555.0,Thursday,0,0,Rainy,12,0
2025-08-21,Butter Naan,Breads,3,0.22,26.4,Thursday,0,0,Rainy,12,0
2025-08-21,Garlic Naan,Breads,17,1.33,159.6,Thursday,0,0,Rainy,12,0
2025-08-21,Tandoori Roti,Breads,7,0.48,57.6,Thursday,0,0,Rainy,12,0
2025-08-21,Gulab Jamun,Desserts,9,1.22,341.6,Thursday,0,0,Rainy,12,0
2025-08-21,Ras Malai,Desserts,2,0.24,67.2,Thursday,0,0,Rainy,12,0
2025-08-21,Kheer,Desserts,7,0.93,260.4,Thursday,0,0,Rainy,12,0
2025-08-21,Kulfi,Desserts,6,0.83,232.4,Thursday,0,0,Rainy,12,0
2025-08-22,Paneer Butter Masala,Main Course,5,1.51,483.2,Friday,0,0,Stormy,9,0
2025-08-22,Dal Makhani,Main Course,10,3.23,1033.6,Friday,0,0,Stormy,9,0
2025-08-22,Chicken Biryani,Main Course,5,1.54,492.8,Friday,0,0,Stormy,9,0
2025-08-22,Mutton Rogan Josh,Main Course,6,1.52,486.4,Friday,0,0,Stormy,9,0
2025-08-22,Paneer Tikka,Starters,6,1.11,277.5,Friday,0,0,Stormy,9,0
2025-08-22,Chicken Tandoori,Starters,11,1.7,425.0,Friday,0,0,Stormy,9,0
2025-08-22,Veg Spring Rolls,Starters,9,1.29,322.5,Friday,0,0,Stormy,9,0
2025-08-22,Fish Amritsari,Starters,16,3.01,752.5,Friday,0,0,Stormy,9,0
2025-08-22,Butter Naan,Breads,9,0.55,66.0,Friday,0,0,Stormy,9,0
2025-08-22,Garlic Naan,Breads,7,0.56,67.2,Friday,0,0,Stormy,9,0
2025-08-22,Tandoori Roti,Breads,9,0.61,73.2,Friday,0,0,Stormy,9,0
2025-08-22,Gulab Jamun,Desserts,18,2.52,705.6,Friday,0,0,Stormy,9,0
2025-08-22,Ras Malai,Desserts,9,1.11,310.8,Friday,0,0,Stormy,9,0
2025-08-22,Kheer,Desserts,14,1.67,467.6,Friday,0,0,Stormy,9,0
2025-08-22,Kulfi,Desserts,6,0.82,229.6,Friday,0,0,Stormy,9,0
2025-08-23,Paneer Butter Masala,Main Course,7,2.1,672.0,Saturday,1,0,Sunny,16,0
2025-08-23,Dal Makhani,Main Course,12,4.2,1344.0,Saturday,1,0,Sunny,16,0
2025-08-23,Chicken Biryani,Main Course,5,1.52,486.4,Saturday,1,0,Sunny,16,0
2025-08-23,Mutton Rogan Josh,Main Course,10,3.31,1059.2,Saturday,1,0,Sunny,16,0
2025-08-23,Paneer Tikka,Starters,16,3.03,757.5,Saturday,1,0,Sunny,16,0
2025-08-23,Chicken Tandoori,Starters,16,2.79,697.5,Saturday,1,0,Sunny,16,0
2025-08-23,Veg Spring Rolls,Starters,8,1.55,387.5,Saturday,1,0,Sunny,16,0
2025-08-23,Fish Amritsari,Starters,18,3.34,835.0,Saturday,1,0,Sunny,16,0
2025-08-23,Butter Naan,Breads,5,0.3,36.0,Saturday,1,0,Sunny,16,0
2025-08-23,Garlic Naan,Breads,21,1.38,165.6,Saturday,1,0,Sunny,16,0
2025-08-23,Tandoori Roti,Breads,7,0.52,62.4,Saturday,1,0,Sunny,16,0
2025-08-23,Gulab Jamun,Desserts,4,0.5,140.0,Saturday,1,0,Sunny,16,0
2025-08-23,Ras Malai,Desserts,7,0.9,252.0,Saturday,1,0,Sunny,16,0
2025-08-23,Kheer,Desserts,3,0.42,117.6,Saturday,1,0,Sunny,16,0
2025-08-23,Kulfi,Desserts,17,2.39,669.2,Saturday,1,0,Sunny,16,0
2025-08-24,Paneer Butter Masala,Main Course,3,0.92,294.4,Sunday,1,0,Rainy,15,1
2025-08-24,Dal Makhani,Main Course,18,5.31,1699.2,Sunday,1,0,Rainy,15,1
2025-08-24,Chicken Biryani,Main Course,4,1.14,364.8,Sunday,1,0,Rainy,15,1
2025-08-24,Mutton Rogan Josh,Main Course,17,5.92,1894.4,Sunday,1,0,Rainy,15,1
2025-08-24,Paneer Tikka,Starters,20,3.69,922.5,Sunday,1,0,Rainy,15,1
2025-08-24,Chicken Tandoori,Starters,9,1.46,365.0,Sunday,1,0,Rainy,15,1
2025-08-24,Veg Spring Rolls,Starters,14,2.33,582.5,Sunday,1,0,Rainy,15,1
2025-08-24,Fish Amritsari,Starters,26,4.03,1007.5,Sunday,1,0,Rainy,15,1
2025-08-24,Butter Naan,Breads,5,0.36,43.2,Sunday,1,0,Rainy,15,1
2025-08-24,Garlic Naan,Breads,12,0.69,82.8,Sunday,1,0,Rainy,15,1
2025-08-24,Tandoori Roti,Breads,32,2.19,262.8,Sunday,1,0,Rainy,15,1
2025-08-24,Gulab Jamun,Desserts,4,0.52,145.6,Sunday,1,0,Rainy,15,1
2025-08-24,Ras Malai,Desserts,15,2.18,610.4,Sunday,1,0,Rainy,15,1
2025-08-24,Kheer,Desserts,12,1.49,417.2,Sunday,1,0,Rainy,15,1
2025-08-24,Kulfi,Desserts,13,1.42,397.6,Sunday,1,0,Rainy,15,1
2025-08-25,Paneer Butter Masala,Main Course,2,0.69,220.8,Monday,0,0,Stormy,8,0
2025-08-25,Dal Makhani,Main Course,5,1.32,422.4,Monday,0,0,Stormy,8,0
2025-08-25,Chicken Biryani,Main Course,3,0.79,252.8,Monday,0,0,Stormy,8,0
2025-08-25,Mutton Rogan Josh,Main Course,9,2.66,851.2,Monday,0,0,Stormy,8,0
2025-08-25,Paneer Tikka,Starters,8,1.3,325.0,Monday,0,0,Stormy,8,0
2025-08-25,Chicken Tandoori,Starters,9,1.58,395.0,Monday,0,0,Stormy,8,0
2025-08-25,Veg Spring Rolls,Starters,11,2.14,535.0,Monday,0,0,Stormy,8,0
2025-08-25,Fish Amritsari,Starters,8,1.45,362.5,Monday,0,0,Stormy,8,0
2025-08-25,Butter Naan,Breads,6,0.43,51.6,Monday,0,0,Stormy,8,0
2025-08-25,Garlic Naan,Breads,17,1.18,141.6,Monday,0,0,Stormy,8,0
2025-08-25,Tandoori Roti,Breads,7,0.54,64.8,Monday,0,0,Stormy,8,0
2025-08-25,Gulab Jamun,Desserts,6,0.7,196.0,Monday,0,0,Stormy,8,0
2025-08-25,Ras Malai,Desserts,8,1.1,308.0,Monday,0,0,Stormy,8,0
2025-08-25,Kheer,Desserts,6,0.81,226.8,Monday,0,0,Stormy,8,0
2025-08-25,Kulfi,Desserts,4,0.48,134.4,Monday,0,0,Stormy,8,0
2025-08-26,Paneer Butter Masala,Main Course,1,0.27,86.4,Tuesday,0,0,Stormy,9,0
2025-08-26,Dal Makhani,Main Course,9,2.61,835.2,Tuesday,0,0,Stormy,9,0
2025-08-26,Chicken Biryani,Main Course,5,1.48,473.6,Tuesday,0,0,Stormy,9,0
2025-08-26,Mutton Rogan Josh,Main Course,12,3.05,976.0,Tuesday,0,0,Stormy,9,0
2025-08-26,Paneer Tikka,Starters,10,1.44,360.0,Tuesday,0,0,Stormy,9,0
2025-08-26,Chicken Tandoori,Starters,12,2.01,502.5,Tuesday,0,0,Stormy,9,0
2025-08-26,Veg Spring Rolls,Starters,3,0.56,140.0,Tuesday,0,0,Stormy,9,0
2025-08-26,Fish Amritsari,Starters,11,1.83,457.5,Tuesday,0,0,Stormy,9,0
2025-08-26,Butter Naan,Breads,3,0.23,27.6,Tuesday,0,0,Stormy,9,0
2025-08-26,Garlic Naan,Breads,46,3.2,384.0,Tuesday,0,0,Stormy,9,0
2025-08-26,Tandoori Roti,Breads,15,1.01,121.2,Tuesday,0,0,Stormy,9,0
2025-08-26,Gulab Jamun,Desserts,8,0.89,249.2,Tuesday,0,0,Stormy,9,0
2025-08-26,Ras Malai,Desserts,8,0.93,260.4,Tuesday,0,0,Stormy,9,0
2025-08-26,Kheer,Desserts,2,0.23,64.4,Tuesday,0,0,Stormy,9,0
2025-08-26,Kulfi,Desserts,10,1.23,344.4,Tuesday,0,0,Stormy,9,0
2025-08-27,Paneer Butter Masala,Main Course,7,2.45,784.0,Wednesday,0,0,Rainy,10,1
2025-08-27,Dal Makhani,Main Course,14,3.99,1276.8,Wednesday,0,0,Rainy,10,1
2025-08-27,Chicken Biryani,Main Course,7,1.81,579.2,Wednesday,0,0,Rainy,10,1
2025-08-27,Mutton Rogan Josh,Main Course,7,2.44,780.8,Wednesday,0,0,Rainy,10,1
2025-08-27,Paneer Tikka,Starters,6,1.15,287.5,Wednesday,0,0,Rainy,10,1
2025-08-27,Chicken Tandoori,Starters,10,1.56,390.0,Wednesday,0,0,Rainy,10,1
2025-08-27,Veg Spring Rolls,Starters,3,0.45,112.5,Wednesday,0,0,Rainy,10,1
2025-08-27,Fish Amritsari,Starters,9,1.56,390.0,Wednesday,0,0,Rainy,10,1
2025-08-27,Butter Naan,Breads,11,0.76,91.2,Wednesday,0,0,Rainy,10,1
2025-08-27,Garlic Naan,Breads,13,0.84,100.8,Wednesday,0,0,Rainy,10,1
2025-08-27,Tandoori Roti,Breads,6,0.43,51.6,Wednesday,0,0,Rainy,10,1
2025-08-27,Gulab Jamun,Desserts,9,1.06,296.8,Wednesday,0,0,Rainy,10,1
2025-08-27,Ras Malai,Desserts,3,0.43,120.4,Wednesday,0,0,Rainy,10,1
2025-08-27,Kheer,Desserts,2,0.27,75.6,Wednesday,0,0,Rainy,10,1
2025-08-27,Kulfi,Desserts,12,1.42,397.6,Wednesday,0,0,Rainy,10,1
2025-08-28,Paneer Butter Masala,Main Course,4,1.34,428.8,Thursday,0,0,Cloudy,11,0
2025-08-28,Dal Makhani,Main Course,12,4.18,1337.6,Thursday,0,0,Cloudy,11,0
2025-08-28,Chicken Biryani,Main Course,6,1.52,486.4,Thursday,0,0,Cloudy,11,0
2025-08-28,Mutton Rogan Josh,Main Course,7,2.29,732.8,Thursday,0,0,Cloudy,11,0
2025-08-28,Paneer Tikka,Starters,6,1.19,297.5,Thursday,0,0,Cloudy,11,0
2025-08-28,Chicken Tandoori,Starters,10,1.78,445.0,Thursday,0,0,Cloudy,11,0
2025-08-28,Veg Spring Rolls,Starters,12,2.2,550.0,Thursday,0,0,Cloudy,11,0
2025-08-28,Fish Amritsari,Starters,12,2.26,565.0,Thursday,0,0,Cloudy,11,0
2025-08-28,Butter Naan,Breads,7,0.45,54.0,Thursday,0,0,Cloudy,11,0
2025-08-28,Garlic Naan,Breads,4,0.29,34.8,Thursday,0,0,Cloudy,11,0
2025-08-28,Tandoori Roti,Breads,18,1.23,147.6,Thursday,0,0,Cloudy,11,0
2025-08-28,Gulab Jamun,Desserts,8,1.05,294.0,Thursday,0,0,Cloudy,11,0
2025-08-28,Ras Malai,Desserts,9,1.11,310.8,Thursday,0,0,Cloudy,11,0
2025-08-28,Kheer,Desserts,6,0.77,215.6,Thursday,0,0,Cloudy,11,0
2025-08-28,Kulfi,Desserts,6,0.88,246.4,Thursday,0,0,Cloudy,11,0
2025-08-29,Paneer Butter Masala,Main Course,2,0.56,179.2,Friday,0,0,Stormy,11,0
2025-08-29,Dal Makhani,Main Course,3,0.93,297.6,Friday,0,0,Stormy,11,0
2025-08-29,Chicken Biryani,Main Course,1,0.31,99.2,Friday,0,0,Stormy,11,0
2025-08-29,Mutton Rogan Josh,Main Course,12,2.99,956.8,Friday,0,0,Stormy,11,0
2025-08-29,Paneer Tikka,Starters,6,0.85,212.5,Friday,0,0,Stormy,11,0
2025-08-29,Chicken Tandoori,Starters,8,1.53,382.5,Friday,0,0,Stormy,11,0
2025-08-29,Veg Spring Rolls,Starters,9,1.39,347.5,Friday,0,0,Stormy,11,0
2025-08-29,Fish Amritsari,Starters,11,1.63,407.5,Friday,0,0,Stormy,11,0
2025-08-29,Butter Naan,Breads,7,0.43,51.6,Friday,0,0,Stormy,11,0
2025-08-29,Garlic Naan,Breads,10,0.61,73.2,Friday,0,0,Stormy,11,0
2025-08-29,Tandoori Roti,Breads,7,0.52,62.4,Friday,0,0,Stormy,11,0
2025-08-29,Gulab Jamun,Desserts,6,0.67,187.6,Friday,0,0,Stormy,11,0
2025-08-29,Ras Malai,Desserts,7,0.81,226.8,Friday,0,0,Stormy,11,0
2025-08-29,Kheer,Desserts,6,0.82,229.6,Friday,0,0,Stormy,11,0
2025-08-29,Kulfi,Desserts,9,1.29,361.2,Friday,0,0,Stormy,11,0
2025-08-30,Paneer Butter Masala,Main Course,2,0.64,204.8,Saturday,1,0,Sunny,16,0
2025-08-30,Dal Makhani,Main Course,17,5.66,1811.2,Saturday,1,0,Sunny,16,0
2025-08-30,Chicken Biryani,Main Course,7,2.33,745.6,Saturday,1,0,Sunny,16,0
2025-08-30,Mutton Rogan Josh,Main Course,16,5.08,1625.6,Saturday,1,0,Sunny,16,0
2025-08-30,Paneer Tikka,Starters,5,0.92,230.0,Saturday,1,0,Sunny,16,0
2025-08-30,Chicken Tandoori,Starters,16,3.1,775.0,Saturday,1,0,Sunny,16,0
2025-08-30,Veg Spring Rolls,Starters,14,2.66,665.0,Saturday,1,0,Sunny,16,0
2025-08-30,Fish Amritsari,Starters,59,9.65,2412.5,Saturday,1,0,Sunny,16,0
2025-08-30,Butter Naan,Breads,14,0.96,115.2,Saturday,1,0,Sunny,16,0
2025-08-30,Garlic Naan,Breads,5,0.39,46.8,Saturday,1,0,Sunny,16,0
2025-08-30,Tandoori Roti,Breads,24,1.85,222.0,Saturday,1,0,Sunny,16,0
2025-08-30,Gulab Jamun,Desserts,12,1.7,476.0,Saturday,1,0,Sunny,16,0
2025-08-30,Ras Malai,Desserts,6,0.68,190.4,Saturday,1,0,Sunny,16,0
2025-08-30,Kheer,Desserts,5,0.63,176.4,Saturday,1,0,Sunny,16,0
2025-08-30,Kulfi,Desserts,11,1.23,344.4,Saturday,1,0,Sunny,16,0
2025-08-31,Paneer Butter Masala,Main Course,4,1.11,355.2,Sunday,1,0,Stormy,15,0
2025-08-31,Dal Makhani,Main Course,7,2.02,646.4,Sunday,1,0,Stormy,15,0
2025-08-31,Chicken Biryani,Main Course,5,1.27,406.4,Sunday,1,0,Stormy,15,0
2025-08-31,Mutton Rogan Josh,Main Course,7,2.07,662.4,Sunday,1,0,Stormy,15,0
2025-08-31,Paneer Tikka,Starters,14,2.32,580.0,Sunday,1,0,Stormy,15,0
2025-08-31,Chicken Tandoori,Starters,9,1.62,405.0,Sunday,1,0,Stormy,15,0
2025-08-31,Veg Spring Rolls,Starters,5,0.82,205.0,Sunday,1,0,Stormy,15,0
2025-08-31,Fish Amritsari,Starters,19,3.13,782.5,Sunday,1,0,Stormy,15,0
2025-08-31,Butter Naan,Breads,13,0.97,116.4,Sunday,1,0,Stormy,15,0
2025-08-31,Garlic Naan,Breads,6,0.34,40.8,Sunday,1,0,Stormy,15,0
2025-08-31,Tandoori Roti,Breads,10,0.7,84.0,Sunday,1,0,Stormy,15,0
2025-08-31,Gulab Jamun,Desserts,7,0.94,263.2,Sunday,1,0,Stormy,15,0
2025-08-31,Ras Malai,Desserts,4,0.51,142.8,Sunday,1,0,Stormy,15,0
2025-08-31,Kheer,Desserts,3,0.32,89.6,Sunday,1,0,Stormy,15,0
2025-08-31,Kulfi,Desserts,10,1.48,414.4,Sunday,1,0,Stormy,15,0
2025-09-01,Paneer Butter Masala,Main Course,6,1.62,518.4,Monday,0,0,Rainy,10,0
2025-09-01,Dal Makhani,Main Course,5,1.65,528.0,Monday,0,0,Rainy,10,0
2025-09-01,Chicken Biryani,Main Course,6,1.92,614.4,Monday,0,0,Rainy,10,0
2025-09-01,Mutton Rogan Josh,Main Course,13,3.47,1110.4,Monday,0,0,Rainy,10,0
2025-09-01,Paneer Tikka,Starters,13,1.92,480.0,Monday,0,0,Rainy,10,0
2025-09-01,Chicken Tandoori,Starters,11,1.93,482.5,Monday,0,0,Rainy,10,0
2025-09-01,Veg Spring Rolls,Starters,9,1.67,417.5,Monday,0,0,Rainy,10,0
2025-09-01,Fish Amritsari,Starters,11,2.18,545.0,Monday,0,0,Rainy,10,0
2025-09-01,Butter Naan,Breads,12,0.91,109.2,Monday,0,0,Rainy,10,0
2025-09-01,Garlic Naan,Breads,11,0.76,91.2,Monday,0,0,Rainy,10,0
2025-09-01,Tandoori Roti,Breads,17,0.96,115.2,Monday,0,0,Rainy,10,0
2025-09-01,Gulab Jamun,Desserts,8,1.17,327.6,Monday,0,0,Rainy,10,0
2025-09-01,Ras Malai,Desserts,8,0.93,260.4,Monday,0,0,Rainy,10,0
2025-09-01,Kheer,Desserts,5,0.58,162.4,Monday,0,0,Rainy,10,0
2025-09-01,Kulfi,Desserts,10,1.13,316.4,Monday,0,0,Rainy,10,0
2025-09-02,Paneer Butter Masala,Main Course,7,1.96,627.2,Tuesday,0,0,Cloudy,9,0
2025-09-02,Dal Makhani,Main Course,12,3.34,1068.8,Tuesday,0,0,Cloudy,9,0
2025-09-02,Chicken Biryani,Main Course,5,1.62,518.4,Tuesday,0,0,Cloudy,9,0
2025-09-02,Mutton Rogan Josh,Main Course,15,4.47,1430.4,Tuesday,0,0,Cloudy,9,0
2025-09-02,Paneer Tikka,Starters,11,1.77,442.5,Tuesday,0,0,Cloudy,9,0
2025-09-02,Chicken Tandoori,Starters,11,2.18,545.0,Tuesday,0,0,Cloudy,9,0
2025-09-02,Veg Spring Rolls,Starters,4,0.74,185.0,Tuesday,0,0,Cloudy,9,0
2025-09-02,Fish Amritsari,Starters,17,3.36,840.0,Tuesday,0,0,Cloudy,9,0
2025-09-02,Butter Naan,Breads,5,0.34,40.8,Tuesday,0,0,Cloudy,9,0
2025-09-02,Garlic Naan,Breads,5,0.37,44.4,Tuesday,0,0,Cloudy,9,0
2025-09-02,Tandoori Roti,Breads,23,1.47,176.4,Tuesday,0,0,Cloudy,9,0
2025-09-02,Gulab Jamun,Desserts,10,1.34,375.2,Tuesday,0,0,Cloudy,9,0
2025-09-02,Ras Malai,Desserts,9,1.25,350.0,Tuesday,0,0,Cloudy,9,0
2025-09-02,Kheer,Desserts,7,0.78,218.4,Tuesday,0,0,Cloudy,9,0
2025-09-02,Kulfi,Desserts,8,0.9,252.0,Tuesday,0,0,Cloudy,9,0
2025-09-03,Paneer Butter Masala,Main Course,6,1.8,576.0,Wednesday,0,0,Cloudy,12,0
2025-09-03,Dal Makhani,Main Course,3,0.88,281.6,Wednesday,0,0,Cloudy,12,0
2025-09-03,Chicken Biryani,Main Course,8,2.1,672.0,Wednesday,0,0,Cloudy,12,0
2025-09-03,Mutton Rogan Josh,Main Course,10,3.39,1084.8,Wednesday,0,0,Cloudy,12,0
2025-09-03,Paneer Tikka,Starters,3,0.43,107.5,Wednesday,0,0,Cloudy,12,0
2025-09-03,Chicken Tandoori,Starters,10,1.89,472.5,Wednesday,0,0,Cloudy,12,0
2025-09-03,Veg Spring Rolls,Starters,9,1.52,380.0,Wednesday,0,0,Cloudy,12,0
2025-09-03,Fish Amritsari,Starters,12,2.06,515.0,Wednesday,0,0,Cloudy,12,0
2025-09-03,Butter Naan,Breads,35,2.28,273.6,Wednesday,0,0,Cloudy,12,0
2025-09-03,Garlic Naan,Breads,20,1.38,165.6,Wednesday,0,0,Cloudy,12,0
2025-09-03,Tandoori Roti,Breads,20,1.53,183.6,Wednesday,0,0,Cloudy,12,0
2025-09-03,Gulab Jamun,Desserts,9,0.99,277.2,Wednesday,0,0,Cloudy,12,0
2025-09-03,Ras Malai,Desserts,3,0.36,100.8,Wednesday,0,0,Cloudy,12,0
2025-09-03,Kheer,Desserts,7,0.82,229.6,Wednesday,0,0,Cloudy,12,0
2025-09-03,Kulfi,Desserts,12,1.69,473.2,Wednesday,0,0,Cloudy,12,0
2025-09-04,Paneer Butter Masala,Main Course,4,1.37,438.4,Thursday,0,0,Rainy,9,0
2025-09-04,Dal Makhani,Main Course,4,1.1,352.0,Thursday,0,0,Rainy,9,0
2025-09-04,Chicken Biryani,Main Course,7,2.36,755.2,Thursday,0,0,Rainy,9,0
2025-09-04,Mutton Rogan Josh,Main Course,8,2.08,665.6,Thursday,0,0,Rainy,9,0
2025-09-04,Paneer Tikka,Starters,4,0.56,140.0,Thursday,0,0,Rainy,9,0
2025-09-04,Chicken Tandoori,Starters,8,1.42,355.0,Thursday,0,0,Rainy,9,0
2025-09-04,Veg Spring Rolls,Starters,13,2.37,592.5,Thursday,0,0,Rainy,9,0
2025-09-04,Fish Amritsari,Starters,11,1.69,422.5,Thursday,0,0,Rainy,9,0
2025-09-04,Butter Naan,Breads,11,0.8,96.0,Thursday,0,0,Rainy,9,0
2025-09-04,Garlic Naan,Breads,15,1.19,142.8,Thursday,0,0,Rainy,9,0
2025-09-04,Tandoori Roti,Breads,16,1.01,121.2,Thursday,0,0,Rainy,9,0
2025-09-04,Gulab Jamun,Desserts,10,1.32,369.6,Thursday,0,0,Rainy,9,0
2025-09-04,Ras Malai,Desserts,5,0.73,204.4,Thursday,0,0,Rainy,9,0
2025-09-04,Kheer,Desserts,7,0.8,224.0,Thursday,0,0,Rainy,9,0
2025-09-04,Kulfi,Desserts,6,0.77,215.6,Thursday,0,0,Rainy,9,0
2025-09-05,Paneer Butter Masala,Main Course,2,0.66,211.2,Friday,0,0,Cloudy,11,0
2025-09-05,Dal Makhani,Main Course,6,2.04,652.8,Friday,0,0,Cloudy,11,0
2025-09-05,Chicken Biryani,Main Course,2,0.54,172.8,Friday,0,0,Cloudy,11,0
2025-09-05,Mutton Rogan Josh,Main Course,14,3.84,1228.8,Friday,0,0,Cloudy,11,0
2025-09-05,Paneer Tikka,Starters,11,2.15,537.5,Friday,0,0,Cloudy,11,0
2025-09-05,Chicken Tandoori,Starters,4,0.72,180.0,Friday,0,0,Cloudy,11,0
2025-09-05,Veg Spring Rolls,Starters,13,2.35,587.5,Friday,0,0,Cloudy,11,0
2025-09-05,Fish Amritsari,Starters,15,2.26,565.0,Friday,0,0,Cloudy,11,0
2025-09-05,Butter Naan,Breads,7,0.42,50.4,Friday,0,0,Cloudy,11,0
2025-09-05,Garlic Naan,Breads,6,0.43,51.6,Friday,0,0,Cloudy,11,0
2025-09-05,Tandoori Roti,Breads,6,0.39,46.8,Friday,0,0,Cloudy,11,0
2025-09-05,Gulab Jamun,Desserts,7,0.78,218.4,Friday,0,0,Cloudy,11,0
2025-09-05,Ras Malai,Desserts,6,0.64,179.2,Friday,0,0,Cloudy,11,0
2025-09-05,Kheer,Desserts,4,0.58,162.4,Friday,0,0,Cloudy,11,0
2025-09-05,Kulfi,Desserts,12,1.32,369.6,Friday,0,0,Cloudy,11,0
2025-09-06,Paneer Butter Masala,Main Course,2,0.65,208.0,Saturday,1,0,Rainy,15,1
2025-09-06,Dal Makhani,Main Course,4,1.1,352.0,Saturday,1,0,Rainy,15,1
2025-09-06,Chicken Biryani,Main Course,9,2.54,812.8,Saturday,1,0,Rainy,15,1
2025-09-06,Mutton Rogan Josh,Main Course,16,4.98,1593.6,Saturday,1,0,Rainy,15,1
2025-09-06,Paneer Tikka,Starters,18,2.58,645.0,Saturday,1,0,Rainy,15,1
2025-09-06,Chicken Tandoori,Starters,6,1.18,295.0,Saturday,1,0,Rainy,15,1
2025-09-06,Veg Spring Rolls,Starters,5,0.86,215.0,Saturday,1,0,Rainy,15,1
2025-09-06,Fish Amritsari,Starters,29,5.35,1337.5,Saturday,1,0,Rainy,15,1
2025-09-06,Butter Naan,Breads,11,0.86,103.2,Saturday,1,0,Rainy,15,1
2025-09-06,Garlic Naan,Breads,11,0.72,86.4,Saturday,1,0,Rainy,15,1
2025-09-06,Tandoori Roti,Breads,13,0.74,88.8,Saturday,1,0,Rainy,15,1
2025-09-06,Gulab Jamun,Desserts,5,0.7,196.0,Saturday,1,0,Rainy,15,1
2025-09-06,Ras Malai,Desserts,12,1.76,492.8,Saturday,1,0,Rainy,15,1
2025-09-06,Kheer,Desserts,10,1.18,330.4,Saturday,1,0,Rainy,15,1
2025-09-06,Kulfi,Desserts,13,1.46,408.8,Saturday,1,0,Rainy,15,1
2025-09-07,Paneer Butter Masala,Main Course,8,2.29,732.8,Sunday,1,1,Rainy,13,1
2025-09-07,Dal Makhani,Main Course,7,1.87,598.4,Sunday,1,1,Rainy,13,1
2025-09-07,Chicken Biryani,Main Course,2,0.51,163.2,Sunday,1,1,Rainy,13,1
2025-09-07,Mutton Rogan Josh,Main Course,15,4.67,1494.4,Sunday,1,1,Rainy,13,1
2025-09-07,Paneer Tikka,Starters,6,0.93,232.5,Sunday,1,1,Rainy,13,1
2025-09-07,Chicken Tandoori,Starters,24,3.91,977.5,Sunday,1,1,Rainy,13,1
2025-09-07,Veg Spring Rolls,Starters,7,1.23,307.5,Sunday,1,1,Rainy,13,1
2025-09-07,Fish Amritsari,Starters,27,3.79,947.5,Sunday,1,1,Rainy,13,1
2025-09-07,Butter Naan,Breads,4,0.23,27.6,Sunday,1,1,Rainy,13,1
2025-09-07,Garlic Naan,Breads,35,2.01,241.2,Sunday,1,1,Rainy,13,1
2025-09-07,Tandoori Roti,Breads,29,2.1,252.0,Sunday,1,1,Rainy,13,1
2025-09-07,Gulab Jamun,Desserts,6,0.82,229.6,Sunday,1,1,Rainy,13,1
2025-09-07,Ras Malai,Desserts,4,0.48,134.4,Sunday,1,1,Rainy,13,1
2025-09-07,Kheer,Desserts,8,1.17,327.6,Sunday,1,1,Rainy,13,1
2025-09-07,Kulfi,Desserts,24,2.93,820.4,Sunday,1,1,Rainy,13,1
2025-09-08,Paneer Butter Masala,Main Course,3,0.77,246.4,Monday,0,0,Cloudy,9,0
2025-09-08,Dal Makhani,Main Course,5,1.31,419.2,Monday,0,0,Cloudy,9,0
2025-09-08,Chicken Biryani,Main Course,2,0.68,217.6,Monday,0,0,Cloudy,9,0
2025-09-08,Mutton Rogan Josh,Main Course,16,5.0,1600.0,Monday,0,0,Cloudy,9,0
2025-09-08,Paneer Tikka,Starters,9,1.39,347.5,Monday,0,0,Cloudy,9,0
2025-09-08,Chicken Tandoori,Starters,4,0.66,165.0,Monday,0,0,Cloudy,9,0
2025-09-08,Veg Spring Rolls,Starters,16,2.9,725.0,Monday,0,0,Cloudy,9,0
2025-09-08,Fish Amritsari,Starters,14,2.63,657.5,Monday,0,0,Cloudy,9,0
2025-09-08,Butter Naan,Breads,8,0.53,63.6,Monday,0,0,Cloudy,9,0
2025-09-08,Garlic Naan,Breads,42,2.97,356.4,Monday,0,0,Cloudy,9,0
2025-09-08,Tandoori Roti,Breads,15,0.86,103.2,Monday,0,0,Cloudy,9,0
2025-09-08,Gulab Jamun,Desserts,4,0.56,156.8,Monday,0,0,Cloudy,9,0
2025-09-08,Ras Malai,Desserts,4,0.5,140.0,Monday,0,0,Cloudy,9,0
2025-09-08,Kheer,Desserts,2,0.28,78.4,Monday,0,0,Cloudy,9,0
2025-09-08,Kulfi,Desserts,8,1.18,330.4,Monday,0,0,Cloudy,9,0
2025-09-09,Paneer Butter Masala,Main Course,2,0.62,198.4,Tuesday,0,0,Cloudy,9,0
2025-09-09,Dal Makhani,Main Course,11,2.76,883.2,Tuesday,0,0,Cloudy,9,0
2025-09-09,Chicken Biryani,Main Course,7,2.02,646.4,Tuesday,0,0,Cloudy,9,0
2025-09-09,Mutton Rogan Josh,Main Course,17,5.04,1612.8,Tuesday,0,0,Cloudy,9,0
2025-09-09,Paneer Tikka,Starters,6,1.12,280.0,Tuesday,0,0,Cloudy,9,0
2025-09-09,Chicken Tandoori,Starters,10,1.61,402.5,Tuesday,0,0,Cloudy,9,0
2025-09-09,Veg Spring Rolls,Starters,4,0.59,147.5,Tuesday,0,0,Cloudy,9,0
2025-09-09,Fish Amritsari,Starters,19,2.74,685.0,Tuesday,0,0,Cloudy,9,0
2025-09-09,Butter Naan,Breads,7,0.49,58.8,Tuesday,0,0,Cloudy,9,0
2025-09-09,Garlic Naan,Breads,12,0.68,81.6,Tuesday,0,0,Cloudy,9,0
2025-09-09,Tandoori Roti,Breads,16,1.23,147.6,Tuesday,0,0,Cloudy,9,0
2025-09-09,Gulab Jamun,Desserts,4,0.44,123.2,Tuesday,0,0,Cloudy,9,0
2025-09-09,Ras Malai,Desserts,6,0.77,215.6,Tuesday,0,0,Cloudy,9,0
2025-09-09,Kheer,Desserts,6,0.73,204.4,Tuesday,0,0,Cloudy,9,0
2025-09-09,Kulfi,Desserts,8,0.99,277.2,Tuesday,0,0,Cloudy,9,0
2025-09-10,Paneer Butter Masala,Main Course,2,0.64,204.8,Wednesday,0,0,Rainy,9,0
2025-09-10,Dal Makhani,Main Course,12,3.77,1206.4,Wednesday,0,0,Rainy,9,0
2025-09-10,Chicken Biryani,Main Course,5,1.39,444.8,Wednesday,0,0,Rainy,9,0
2025-09-10,Mutton Rogan Josh,Main Course,16,5.42,1734.4,Wednesday,0,0,Rainy,9,0
2025-09-10,Paneer Tikka,Starters,9,1.8,450.0,Wednesday,0,0,Rainy,9,0
2025-09-10,Chicken Tandoori,Starters,15,2.89,722.5,Wednesday,0,0,Rainy,9,0
2025-09-10,Veg Spring Rolls,Starters,9,1.28,320.0,Wednesday,0,0,Rainy,9,0
2025-09-10,Fish Amritsari,Starters,15,2.81,702.5,Wednesday,0,0,Rainy,9,0
2025-09-10,Butter Naan,Breads,3,0.22,26.4,Wednesday,0,0,Rainy,9,0
2025-09-10,Garlic Naan,Breads,16,1.01,121.2,Wednesday,0,0,Rainy,9,0
2025-09-10,Tandoori Roti,Breads,8,0.47,56.4,Wednesday,0,0,Rainy,9,0
2025-09-10,Gulab Jamun,Desserts,9,1.27,355.6,Wednesday,0,0,Rainy,9,0
2025-09-10,Ras Malai,Desserts,4,0.44,123.2,Wednesday,0,0,Rainy,9,0
2025-09-10,Kheer,Desserts,8,0.93,260.4,Wednesday,0,0,Rainy,9,0
2025-09-10,Kulfi,Desserts,7,1.0,280.0,Wednesday,0,0,Rainy,9,0
2025-09-11,Paneer Butter Masala,Main Course,6,2.09,668.8,Thursday,0,0,Rainy,12,0
2025-09-11,Dal Makhani,Main Course,4,0.99,316.8,Thursday,0,0,Rainy,12,0
2025-09-11,Chicken Biryani,Main Course,2,0.54,172.8,Thursday,0,0,Rainy,12,0
2025-09-11,Mutton Rogan Josh,Main Course,12,3.94,1260.8,Thursday,0,0,Rainy,12,0
2025-09-11,Paneer Tikka,Starters,9,1.39,347.5,Thursday,0,0,Rainy,12,0
2025-09-11,Chicken Tandoori,Starters,13,2.11,527.5,Thursday,0,0,Rainy,12,0
2025-09-11,Veg Spring Rolls,Starters,14,2.21,552.5,Thursday,0,0,Rainy,12,0
2025-09-11,Fish Amritsari,Starters,12,2.3,575.0,Thursday,0,0,Rainy,12,0
2025-09-11,Butter Naan,Breads,3,0.23,27.6,Thursday,0,0,Rainy,12,0
2025-09-11,Garlic Naan,Breads,16,0.93,111.6,Thursday,0,0,Rainy,12,0
2025-09-11,Tandoori Roti,Breads,5,0.28,33.6,Thursday,0,0,Rainy,12,0
2025-09-11,Gulab Jamun,Desserts,9,1.01,282.8,Thursday,0,0,Rainy,12,0
2025-09-11,Ras Malai,Desserts,11,1.2,336.0,Thursday,0,0,Rainy,12,0
2025-09-11,Kheer,Desserts,15,1.68,470.4,Thursday,0,0,Rainy,12,0
2025-09-11,Kulfi,Desserts,9,1.2,336.0,Thursday,0,0,Rainy,12,0
2025-09-12,Paneer Butter Masala,Main Course,5,1.4,448.0,Friday,0,0,Rainy,9,0
2025-09-12,Dal Makhani,Main Course,13,4.37,1398.4,Friday,0,0,Rainy,9,0
2025-09-12,Chicken Biryani,Main Course,3,0.97,310.4,Friday,0,0,Rainy,9,0
2025-09-12,Mutton Rogan Josh,Main Course,14,3.94,1260.8,Friday,0,0,Rainy,9,0
2025-09-12,Paneer Tikka,Starters,7,1.03,257.5,Friday,0,0,Rainy,9,0
2025-09-12,Chicken Tandoori,Starters,7,1.2,300.0,Friday,0,0,Rainy,9,0
2025-09-12,Veg Spring Rolls,Starters,16,2.87,717.5,Friday,0,0,Rainy,9,0
2025-09-12,Fish Amritsari,Starters,10,1.5,375.0,Friday,0,0,Rainy,9,0
2025-09-12,Butter Naan,Breads,3,0.23,27.6,Friday,0,0,Rainy,9,0
2025-09-12,Garlic Naan,Breads,16,1.1,132.0,Friday,0,0,Rainy,9,0
2025-09-12,Tandoori Roti,Breads,6,0.38,45.6,Friday,0,0,Rainy,9,0
2025-09-12,Gulab Jamun,Desserts,10,1.19,333.2,Friday,0,0,Rainy,9,0
2025-09-12,Ras Malai,Desserts,3,0.41,114.8,Friday,0,0,Rainy,9,0
2025-09-12,Kheer,Desserts,3,0.42,117.6,Friday,0,0,Rainy,9,0
2025-09-12,Kulfi,Desserts,11,1.65,462.0,Friday,0,0,Rainy,9,0
2025-09-13,Paneer Butter Masala,Main Course,9,2.42,774.4,Saturday,1,0,Stormy,13,0
2025-09-13,Dal Makhani,Main Course,5,1.56,499.2,Saturday,1,0,Stormy,13,0
2025-09-13,Chicken Biryani,Main Course,2,0.58,185.6,Saturday,1,0,Stormy,13,0
2025-09-13,Mutton Rogan Josh,Main Course,15,4.88,1561.6,Saturday,1,0,Stormy,13,0
2025-09-13,Paneer Tikka,Starters,14,2.72,680.0,Saturday,1,0,Stormy,13,0
2025-09-13,Chicken Tandoori,Starters,11,1.98,495.0,Saturday,1,0,Stormy,13,0
2025-09-13,Veg Spring Rolls,Starters,12,1.96,490.0,Saturday,1,0,Stormy,13,0
2025-09-13,Fish Amritsari,Starters,16,2.41,602.5,Saturday,1,0,Stormy,13,0
2025-09-13,Butter Naan,Breads,11,0.67,80.4,Saturday,1,0,Stormy,13,0
2025-09-13,Garlic Naan,Breads,26,1.62,194.4,Saturday,1,0,Stormy,13,0
2025-09-13,Tandoori Roti,Breads,94,7.31,877.2,Saturday,1,0,Stormy,13,0
2025-09-13,Gulab Jamun,Desserts,5,0.54,151.2,Saturday,1,0,Stormy,13,0
2025-09-13,Ras Malai,Desserts,12,1.45,406.0,Saturday,1,0,Stormy,13,0
2025-09-13,Kheer,Desserts,4,0.44,123.2,Saturday,1,0,Stormy,13,0
2025-09-13,Kulfi,Desserts,7,0.78,218.4,Saturday,1,0,Stormy,13,0
2025-09-14,Paneer Butter Masala,Main Course,7,2.08,665.6,Sunday,1,0,Cloudy,10,0
2025-09-14,Dal Makhani,Main Course,8,2.5,800.0,Sunday,1,0,Cloudy,10,0
2025-09-14,Chicken Biryani,Main Course,7,2.31,739.2,Sunday,1,0,Cloudy,10,0
2025-09-14,Mutton Rogan Josh,Main Course,16,4.42,1414.4,Sunday,1,0,Cloudy,10,0
2025-09-14,Paneer Tikka,Starters,13,2.15,537.5,Sunday,1,0,Cloudy,10,0
2025-09-14,Chicken Tandoori,Starters,17,2.71,677.5,Sunday,1,0,Cloudy,10,0
2025-09-14,Veg Spring Rolls,Starters,42,8.17,2042.5,Sunday,1,0,Cloudy,10,0
2025-09-14,Fish Amritsari,Starters,57,8.55,2137.5,Sunday,1,0,Cloudy,10,0
2025-09-14,Butter Naan,Breads,4,0.32,38.4,Sunday,1,0,Cloudy,10,0
2025-09-14,Garlic Naan,Breads,16,1.05,126.0,Sunday,1,0,Cloudy,10,0
2025-09-14,Tandoori Roti,Breads,22,1.27,152.4,Sunday,1,0,Cloudy,10,0
2025-09-14,Gulab Jamun,Desserts,3,0.42,117.6,Sunday,1,0,Cloudy,10,0
2025-09-14,Ras Malai,Desserts,12,1.28,358.4,Sunday,1,0,Cloudy,10,0
2025-09-14,Kheer,Desserts,13,1.64,459.2,Sunday,1,0,Cloudy,10,0
2025-09-14,Kulfi,Desserts,18,2.64,739.2,Sunday,1,0,Cloudy,10,0
2025-09-15,Paneer Butter Masala,Main Course,3,0.78,249.6,Monday,0,0,Rainy,11,0
2025-09-15,Dal Makhani,Main Course,4,1.2,384.0,Monday,0,0,Rainy,11,0
2025-09-15,Chicken Biryani,Main Course,3,0.87,278.4,Monday,0,0,Rainy,11,0
2025-09-15,Mutton Rogan Josh,Main Course,13,3.66,1171.2,Monday,0,0,Rainy,11,0
2025-09-15,Paneer Tikka,Starters,5,0.85,212.5,Monday,0,0,Rainy,11,0
2025-09-15,Chicken Tandoori,Starters,4,0.77,192.5,Monday,0,0,Rainy,11,0
2025-09-15,Veg Spring Rolls,Starters,5,0.71,177.5,Monday,0,0,Rainy,11,0
2025-09-15,Fish Amritsari,Starters,16,2.84,710.0,Monday,0,0,Rainy,11,0
2025-09-15,Butter Naan,Breads,5,0.38,45.6,Monday,0,0,Rainy,11,0
2025-09-15,Garlic Naan,Breads,5,0.36,43.2,Monday,0,0,Rainy,11,0
2025-09-15,Tandoori Roti,Breads,11,0.86,103.2,Monday,0,0,Rainy,11,0
2025-09-15,Gulab Jamun,Desserts,8,0.94,263.2,Monday,0,0,Rainy,11,0
2025-09-15,Ras Malai,Desserts,4,0.43,120.4,Monday,0,0,Rainy,11,0
2025-09-15,Kheer,Desserts,2,0.22,61.6,Monday,0,0,Rainy,11,0
2025-09-15,Kulfi,Desserts,12,1.34,375.2,Monday,0,0,Rainy,11,0
2025-09-16,Paneer Butter Masala,Main Course,6,1.98,633.6,Tuesday,0,0,Cloudy,10,0
2025-09-16,Dal Makhani,Main Course,13,3.28,1049.6,Tuesday,0,0,Cloudy,10,0
2025-09-16,Chicken Biryani,Main Course,2,0.61,195.2,Tuesday,0,0,Cloudy,10,0
2025-09-16,Mutton Rogan Josh,Main Course,16,4.75,1520.0,Tuesday,0,0,Cloudy,10,0
2025-09-16,Paneer Tikka,Starters,16,2.81,702.5,Tuesday,0,0,Cloudy,10,0
2025-09-16,Chicken Tandoori,Starters,12,2.13,532.5,Tuesday,0,0,Cloudy,10,0
2025-09-16,Veg Spring Rolls,Starters,9,1.43,357.5,Tuesday,0,0,Cloudy,10,0
2025-09-16,Fish Amritsari,Starters,12,2.0,500.0,Tuesday,0,0,Cloudy,10,0
2025-09-16,Butter Naan,Breads,3,0.2,24.0,Tuesday,0,0,Cloudy,10,0
2025-09-16,Garlic Naan,Breads,21,1.51,181.2,Tuesday,0,0,Cloudy,10,0
2025-09-16,Tandoori Roti,Breads,5,0.3,36.0,Tuesday,0,0,Cloudy,10,0
2025-09-16,Gulab Jamun,Desserts,6,0.89,249.2,Tuesday,0,0,Cloudy,10,0
2025-09-16,Ras Malai,Desserts,5,0.67,187.6,Tuesday,0,0,Cloudy,10,0
2025-09-16,Kheer,Desserts,7,0.8,224.0,Tuesday,0,0,Cloudy,10,0
2025-09-16,Kulfi,Desserts,12,1.27,355.6,Tuesday,0,0,Cloudy,10,0
2025-09-17,Paneer Butter Masala,Main Course,4,1.35,432.0,Wednesday,0,0,Rainy,11,0
2025-09-17,Dal Makhani,Main Course,10,2.74,876.8,Wednesday,0,0,Rainy,11,0
2025-09-17,Chicken Biryani,Main Course,4,1.34,428.8,Wednesday,0,0,Rainy,11,0
2025-09-17,Mutton Rogan Josh,Main Course,12,3.4,1088.0,Wednesday,0,0,Rainy,11,0
2025-09-17,Paneer Tikka,Starters,4,0.67,167.5,Wednesday,0,0,Rainy,11,0
2025-09-17,Chicken Tandoori,Starters,7,1.39,347.5,Wednesday,0,0,Rainy,11,0
2025-09-17,Veg Spring Rolls,Starters,8,1.23,307.5,Wednesday,0,0,Rainy,11,0
2025-09-17,Fish Amritsari,Starters,20,3.49,872.5,Wednesday,0,0,Rainy,11,0
2025-09-17,Butter Naan,Breads,7,0.55,66.0,Wednesday,0,0,Rainy,11,0
2025-09-17,Garlic Naan,Breads,8,0.48,57.6,Wednesday,0,0,Rainy,11,0
2025-09-17,Tandoori Roti,Breads,14,1.07,128.4,Wednesday,0,0,Rainy,11,0
2025-09-17,Gulab Jamun,Desserts,7,0.87,243.6,Wednesday,0,0,Rainy,11,0
2025-09-17,Ras Malai,Desserts,8,1.12,313.6,Wednesday,0,0,Rainy,11,0
2025-09-17,Kheer,Desserts,4,0.57,159.6,Wednesday,0,0,Rainy,11,0
2025-09-17,Kulfi,Desserts,8,1.13,316.4,Wednesday,0,0,Rainy,11,0
2025-09-18,Paneer Butter Masala,Main Course,5,1.6,512.0,Thursday,0,0,Rainy,12,0
2025-09-18,Dal Makhani,Main Course,9,2.57,822.4,Thursday,0,0,Rainy,12,0
2025-09-18,Chicken Biryani,Main Course,3,0.94,300.8,Thursday,0,0,Rainy,12,0
2025-09-18,Mutton Rogan Josh,Main Course,39,12.88,4121.6,Thursday,0,0,Rainy,12,0
2025-09-18,Paneer Tikka,Starters,10,1.91,477.5,Thursday,0,0,Rainy,12,0
2025-09-18,Chicken Tandoori,Starters,3,0.42,105.0,Thursday,0,0,Rainy,12,0
2025-09-18,Veg Spring Rolls,Starters,4,0.65,162.5,Thursday,0,0,Rainy,12,0
2025-09-18,Fish Amritsari,Starters,13,2.49,622.5,Thursday,0,0,Rainy,12,0
2025-09-18,Butter Naan,Breads,7,0.5,60.0,Thursday,0,0,Rainy,12,0
2025-09-18,Garlic Naan,Breads,5,0.3,36.0,Thursday,0,0,Rainy,12,0
2025-09-18,Tandoori Roti,Breads,12,0.78,93.6,Thursday,0,0,Rainy,12,0
2025-09-18,Gulab Jamun,Desserts,6,0.88,246.4,Thursday,0,0,Rainy,12,0
2025-09-18,Ras Malai,Desserts,5,0.55,154.0,Thursday,0,0,Rainy,12,0
2025-09-18,Kheer,Desserts,7,0.94,263.2,Thursday,0,0,Rainy,12,0
2025-09-18,Kulfi,Desserts,5,0.68,190.4,Thursday,0,0,Rainy,12,0
2025-09-19,Paneer Butter Masala,Main Course,19,5.4,1728.0,Friday,0,0,Cloudy,9,0
2025-09-19,Dal Makhani,Main Course,7,2.14,684.8,Friday,0,0,Cloudy,9,0
2025-09-19,Chicken Biryani,Main Course,3,0.91,291.2,Friday,0,0,Cloudy,9,0
2025-09-19,Mutton Rogan Josh,Main Course,46,13.56,4339.2,Friday,0,0,Cloudy,9,0
2025-09-19,Paneer Tikka,Starters,14,2.18,545.0,Friday,0,0,Cloudy,9,0
2025-09-19,Chicken Tandoori,Starters,6,1.05,262.5,Friday,0,0,Cloudy,9,0
2025-09-19,Veg Spring Rolls,Starters,13,2.3,575.0,Friday,0,0,Cloudy,9,0
2025-09-19,Fish Amritsari,Starters,14,2.48,620.0,Friday,0,0,Cloudy,9,0
2025-09-19,Butter Naan,Breads,10,0.66,79.2,Friday,0,0,Cloudy,9,0
2025-09-19,Garlic Naan,Breads,13,0.76,91.2,Friday,0,0,Cloudy,9,0
2025-09-19,Tandoori Roti,Breads,14,0.95,114.0,Friday,0,0,Cloudy,9,0
2025-09-19,Gulab Jamun,Desserts,12,1.52,425.6,Friday,0,0,Cloudy,9,0
2025-09-19,Ras Malai,Desserts,7,0.86,240.8,Friday,0,0,Cloudy,9,0
2025-09-19,Kheer,Desserts,9,0.97,271.6,Friday,0,0,Cloudy,9,0
2025-09-19,Kulfi,Desserts,7,0.77,215.6,Friday,0,0,Cloudy,9,0
2025-09-20,Paneer Butter Masala,Main Course,8,2.13,681.6,Saturday,1,0,Stormy,15,1
2025-09-20,Dal Makhani,Main Course,9,3.04,972.8,Saturday,1,0,Stormy,15,1
2025-09-20,Chicken Biryani,Main Course,2,0.57,182.4,Saturday,1,0,Stormy,15,1
2025-09-20,Mutton Rogan Josh,Main Course,15,3.72,1190.4,Saturday,1,0,Stormy,15,1
2025-09-20,Paneer Tikka,Starters,10,1.67,417.5,Saturday,1,0,Stormy,15,1
2025-09-20,Chicken Tandoori,Starters,18,3.34,835.0,Saturday,1,0,Stormy,15,1
2025-09-20,Veg Spring Rolls,Starters,7,1.31,327.5,Saturday,1,0,Stormy,15,1
2025-09-20,Fish Amritsari,Starters,22,4.16,1040.0,Saturday,1,0,Stormy,15,1
2025-09-20,Butter Naan,Breads,5,0.4,48.0,Saturday,1,0,Stormy,15,1
2025-09-20,Garlic Naan,Breads,19,1.52,182.4,Saturday,1,0,Stormy,15,1
2025-09-20,Tandoori Roti,Breads,11,0.82,98.4,Saturday,1,0,Stormy,15,1
2025-09-20,Gulab Jamun,Desserts,11,1.4,392.0,Saturday,1,0,Stormy,15,1
2025-09-20,Ras Malai,Desserts,11,1.44,403.2,Saturday,1,0,Stormy,15,1
2025-09-20,Kheer,Desserts,7,0.88,246.4,Saturday,1,0,Stormy,15,1
2025-09-20,Kulfi,Desserts,12,1.5,420.0,Saturday,1,0,Stormy,15,1
2025-09-21,Paneer Butter Masala,Main Course,8,2.68,857.6,Sunday,1,0,Rainy,13,0
2025-09-21,Dal Makhani,Main Course,15,4.22,1350.4,Sunday,1,0,Rainy,13,0
2025-09-21,Chicken Biryani,Main Course,45,11.17,3574.4,Sunday,1,0,Rainy,13,0
2025-09-21,Mutton Rogan Josh,Main Course,49,15.24,4876.8,Sunday,1,0,Rainy,13,0
2025-09-21,Paneer Tikka,Starters,6,0.92,230.0,Sunday,1,0,Rainy,13,0
2025-09-21,Chicken Tandoori,Starters,7,1.09,272.5,Sunday,1,0,Rainy,13,0
2025-09-21,Veg Spring Rolls,Starters,12,1.92,480.0,Sunday,1,0,Rainy,13,0
2025-09-21,Fish Amritsari,Starters,49,8.15,2037.5,Sunday,1,0,Rainy,13,0
2025-09-21,Butter Naan,Breads,6,0.41,49.2,Sunday,1,0,Rainy,13,0
2025-09-21,Garlic Naan,Breads,19,1.29,154.8,Sunday,1,0,Rainy,13,0
2025-09-21,Tandoori Roti,Breads,26,1.57,188.4,Sunday,1,0,Rainy,13,0
2025-09-21,Gulab Jamun,Desserts,12,1.7,476.0,Sunday,1,0,Rainy,13,0
2025-09-21,Ras Malai,Desserts,6,0.78,218.4,Sunday,1,0,Rainy,13,0
2025-09-21,Kheer,Desserts,13,1.4,392.0,Sunday,1,0,Rainy,13,0
2025-09-21,Kulfi,Desserts,12,1.35,378.0,Sunday,1,0,Rainy,13,0
2025-09-22,Paneer Butter Masala,Main Course,7,2.44,780.8,Monday,0,0,Rainy,8,0
2025-09-22,Dal Makhani,Main Course,12,2.97,950.4,Monday,0,0,Rainy,8,0
2025-09-22,Chicken Biryani,Main Course,4,1.4,448.0,Monday,0,0,Rainy,8,0
2025-09-22,Mutton Rogan Josh,Main Course,12,4.01,1283.2,Monday,0,0,Rainy,8,0
2025-09-22,Paneer Tikka,Starters,14,2.63,657.5,Monday,0,0,Rainy,8,0
2025-09-22,Chicken Tandoori,Starters,7,1.09,272.5,Monday,0,0,Rainy,8,0
2025-09-22,Veg Spring Rolls,Starters,27,5.02,1255.0,Monday,0,0,Rainy,8,0
2025-09-22,Fish Amritsari,Starters,17,2.54,635.0,Monday,0,0,Rainy,8,0
2025-09-22,Butter Naan,Breads,12,0.86,103.2,Monday,0,0,Rainy,8,0
2025-09-22,Garlic Naan,Breads,9,0.65,78.0,Monday,0,0,Rainy,8,0
2025-09-22,Tandoori Roti,Breads,15,0.96,115.2,Monday,0,0,Rainy,8,0
2025-09-22,Gulab Jamun,Desserts,4,0.54,151.2,Monday,0,0,Rainy,8,0
2025-09-22,Ras Malai,Desserts,8,0.94,263.2,Monday,0,0,Rainy,8,0
2025-09-22,Kheer,Desserts,2,0.26,72.8,Monday,0,0,Rainy,8,0
2025-09-22,Kulfi,Desserts,10,1.34,375.2,Monday,0,0,Rainy,8,0
2025-09-23,Paneer Butter Masala,Main Course,6,1.74,556.8,Tuesday,0,0,Rainy,8,0
2025-09-23,Dal Makhani,Main Course,8,2.71,867.2,Tuesday,0,0,Rainy,8,0
2025-09-23,Chicken Biryani,Main Course,3,0.98,313.6,Tuesday,0,0,Rainy,8,0
2025-09-23,Mutton Rogan Josh,Main Course,9,2.79,892.8,Tuesday,0,0,Rainy,8,0
2025-09-23,Paneer Tikka,Starters,8,1.36,340.0,Tuesday,0,0,Rainy,8,0
2025-09-23,Chicken Tandoori,Starters,13,2.31,577.5,Tuesday,0,0,Rainy,8,0
2025-09-23,Veg Spring Rolls,Starters,6,1.12,280.0,Tuesday,0,0,Rainy,8,0
2025-09-23,Fish Amritsari,Starters,19,3.27,817.5,Tuesday,0,0,Rainy,8,0
2025-09-23,Butter Naan,Breads,11,0.81,97.2,Tuesday,0,0,Rainy,8,0
2025-09-23,Garlic Naan,Breads,16,1.01,121.2,Tuesday,0,0,Rainy,8,0
2025-09-23,Tandoori Roti,Breads,14,0.81,97.2,Tuesday,0,0,Rainy,8,0
2025-09-23,Gulab Jamun,Desserts,7,0.93,260.4,Tuesday,0,0,Rainy,8,0
2025-09-23,Ras Malai,Desserts,6,0.88,246.4,Tuesday,0,0,Rainy,8,0
2025-09-23,Kheer,Desserts,3,0.44,123.2,Tuesday,0,0,Rainy,8,0
2025-09-23,Kulfi,Desserts,8,0.87,243.6,Tuesday,0,0,Rainy,8,0
2025-09-24,Paneer Butter Masala,Main Course,5,1.59,508.8,Wednesday,0,0,Rainy,9,0
2025-09-24,Dal Makhani,Main Course,3,1.01,323.2,Wednesday,0,0,Rainy,9,0
2025-09-24,Chicken Biryani,Main Course,2,0.7,224.0,Wednesday,0,0,Rainy,9,0
2025-09-24,Mutton Rogan Josh,Main Course,13,3.42,1094.4,Wednesday,0,0,Rainy,9,0
2025-09-24,Paneer Tikka,Starters,4,0.71,177.5,Wednesday,0,0,Rainy,9,0
2025-09-24,Chicken Tandoori,Starters,12,1.93,482.5,Wednesday,0,0,Rainy,9,0
2025-09-24,Veg Spring Rolls,Starters,4,0.74,185.0,Wednesday,0,0,Rainy,9,0
2025-09-24,Fish Amritsari,Starters,13,2.47,617.5,Wednesday,0,0,Rainy,9,0
2025-09-24,Butter Naan,Breads,12,0.84,100.8,Wednesday,0,0,Rainy,9,0
2025-09-24,Garlic Naan,Breads,8,0.48,57.6,Wednesday,0,0,Rainy,9,0
2025-09-24,Tandoori Roti,Breads,11,0.87,104.4,Wednesday,0,0,Rainy,9,0
2025-09-24,Gulab Jamun,Desserts,6,0.73,204.4,Wednesday,0,0,Rainy,9,0
2025-09-24,Ras Malai,Desserts,5,0.53,148.4,Wednesday,0,0,Rainy,9,0
2025-09-24,Kheer,Desserts,6,0.78,218.4,Wednesday,0,0,Rainy,9,0
2025-09-24,Kulfi,Desserts,10,1.22,341.6,Wednesday,0,0,Rainy,9,0
2025-09-25,Paneer Butter Masala,Main Course,3,1.04,332.8,Thursday,0,0,Cloudy,8,0
2025-09-25,Dal Makhani,Main Course,13,3.67,1174.4,Thursday,0,0,Cloudy,8,0
2025-09-25,Chicken Biryani,Main Course,2,0.57,182.4,Thursday,0,0,Cloudy,8,0
2025-09-25,Mutton Rogan Josh,Main Course,16,4.62,1478.4,Thursday,0,0,Cloudy,8,0
2025-09-25,Paneer Tikka,Starters,7,1.32,330.0,Thursday,0,0,Cloudy,8,0
2025-09-25,Chicken Tandoori,Starters,10,1.76,440.0,Thursday,0,0,Cloudy,8,0
2025-09-25,Veg Spring Rolls,Starters,7,1.12,280.0,Thursday,0,0,Cloudy,8,0
2025-09-25,Fish Amritsari,Starters,12,1.94,485.0,Thursday,0,0,Cloudy,8,0
2025-09-25,Butter Naan,Breads,7,0.43,51.6,Thursday,0,0,Cloudy,8,0
2025-09-25,Garlic Naan,Breads,21,1.35,162.0,Thursday,0,0,Cloudy,8,0
2025-09-25,Tandoori Roti,Breads,16,1.18,141.6,Thursday,0,0,Cloudy,8,0
2025-09-25,Gulab Jamun,Desserts,6,0.82,229.6,Thursday,0,0,Cloudy,8,0
2025-09-25,Ras Malai,Desserts,5,0.68,190.4,Thursday,0,0,Cloudy,8,0
2025-09-25,Kheer,Desserts,6,0.88,246.4,Thursday,0,0,Cloudy,8,0
2025-09-25,Kulfi,Desserts,8,1.06,296.8,Thursday,0,0,Cloudy,8,0
2025-09-26,Paneer Butter Masala,Main Course,6,2.05,656.0,Friday,0,0,Rainy,8,0
2025-09-26,Dal Makhani,Main Course,5,1.56,499.2,Friday,0,0,Rainy,8,0
2025-09-26,Chicken Biryani,Main Course,4,0.98,313.6,Friday,0,0,Rainy,8,0
2025-09-26,Mutton Rogan Josh,Main Course,11,3.85,1232.0,Friday,0,0,Rainy,8,0
2025-09-26,Paneer Tikka,Starters,4,0.62,155.0,Friday,0,0,Rainy,8,0
2025-09-26,Chicken Tandoori,Starters,5,0.97,242.5,Friday,0,0,Rainy,8,0
2025-09-26,Veg Spring Rolls,Starters,10,1.71,427.5,Friday,0,0,Rainy,8,0
2025-09-26,Fish Amritsari,Starters,15,2.29,572.5,Friday,0,0,Rainy,8,0
2025-09-26,Butter Naan,Breads,3,0.23,27.6,Friday,0,0,Rainy,8,0
2025-09-26,Garlic Naan,Breads,18,1.18,141.6,Friday,0,0,Rainy,8,0
2025-09-26,Tandoori Roti,Breads,18,1.07,128.4,Friday,0,0,Rainy,8,0
2025-09-26,Gulab Jamun,Desserts,4,0.58,162.4,Friday,0,0,Rainy,8,0
2025-09-26,Ras Malai,Desserts,6,0.87,243.6,Friday,0,0,Rainy,8,0
2025-09-26,Kheer,Desserts,6,0.71,198.8,Friday,0,0,Rainy,8,0
2025-09-26,Kulfi,Desserts,6,0.76,212.8,Friday,0,0,Rainy,8,0
2025-09-27,Paneer Butter Masala,Main Course,9,2.24,716.8,Saturday,1,0,Rainy,13,0
2025-09-27,Dal Makhani,Main Course,13,3.22,1030.4,Saturday,1,0,Rainy,13,0
2025-09-27,Chicken Biryani,Main Course,2,0.51,163.2,Saturday,1,0,Rainy,13,0
2025-09-27,Mutton Rogan Josh,Main Course,12,4.19,1340.8,Saturday,1,0,Rainy,13,0
2025-09-27,Paneer Tikka,Starters,19,3.26,815.0,Saturday,1,0,Rainy,13,0
2025-09-27,Chicken Tandoori,Starters,14,2.56,640.0,Saturday,1,0,Rainy,13,0
2025-09-27,Veg Spring Rolls,Starters,18,3.32,830.0,Saturday,1,0,Rainy,13,0
2025-09-27,Fish Amritsari,Starters,41,6.62,1655.0,Saturday,1,0,Rainy,13,0
2025-09-27,Butter Naan,Breads,7,0.56,67.2,Saturday,1,0,Rainy,13,0
2025-09-27,Garlic Naan,Breads,15,1.06,127.2,Saturday,1,0,Rainy,13,0
2025-09-27,Tandoori Roti,Breads,21,1.27,152.4,Saturday,1,0,Rainy,13,0
2025-09-27,Gulab Jamun,Desserts,13,1.65,462.0,Saturday,1,0,Rainy,13,0
2025-09-27,Ras Malai,Desserts,11,1.45,406.0,Saturday,1,0,Rainy,13,0
2025-09-27,Kheer,Desserts,5,0.6,168.0,Saturday,1,0,Rainy,13,0
2025-09-27,Kulfi,Desserts,16,2.22,621.6,Saturday,1,0,Rainy,13,0
2025-09-28,Paneer Butter Masala,Main Course,7,1.87,598.4,Sunday,1,0,Rainy,15,0
2025-09-28,Dal Makhani,Main Course,15,3.74,1196.8,Sunday,1,0,Rainy,15,0
2025-09-28,Chicken Biryani,Main Course,8,2.05,656.0,Sunday,1,0,Rainy,15,0
2025-09-28,Mutton Rogan Josh,Main Course,19,5.62,1798.4,Sunday,1,0,Rainy,15,0
2025-09-28,Paneer Tikka,Starters,5,0.91,227.5,Sunday,1,0,Rainy,15,0
2025-09-28,Chicken Tandoori,Starters,12,1.81,452.5,Sunday,1,0,Rainy,15,0
2025-09-28,Veg Spring Rolls,Starters,8,1.47,367.5,Sunday,1,0,Rainy,15,0
2025-09-28,Fish Amritsari,Starters,23,4.37,1092.5,Sunday,1,0,Rainy,15,0
2025-09-28,Butter Naan,Breads,6,0.44,52.8,Sunday,1,0,Rainy,15,0
2025-09-28,Garlic Naan,Breads,6,0.43,51.6,Sunday,1,0,Rainy,15,0
2025-09-28,Tandoori Roti,Breads,18,1.34,160.8,Sunday,1,0,Rainy,15,0
2025-09-28,Gulab Jamun,Desserts,5,0.71,198.8,Sunday,1,0,Rainy,15,0
2025-09-28,Ras Malai,Desserts,5,0.71,198.8,Sunday,1,0,Rainy,15,0
2025-09-28,Kheer,Desserts,4,0.51,142.8,Sunday,1,0,Rainy,15,0
2025-09-28,Kulfi,Desserts,17,2.48,694.4,Sunday,1,0,Rainy,15,0
2025-09-29,Paneer Butter Masala,Main Course,2,0.62,198.4,Monday,0,0,Stormy,11,0
2025-09-29,Dal Makhani,Main Course,10,2.54,812.8,Monday,0,0,Stormy,11,0
2025-09-29,Chicken Biryani,Main Course,3,0.75,240.0,Monday,0,0,Stormy,11,0
2025-09-29,Mutton Rogan Josh,Main Course,8,2.23,713.6,Monday,0,0,Stormy,11,0
2025-09-29,Paneer Tikka,Starters,11,2.19,547.5,Monday,0,0,Stormy,11,0
2025-09-29,Chicken Tandoori,Starters,4,0.57,142.5,Monday,0,0,Stormy,11,0
2025-09-29,Veg Spring Rolls,Starters,9,1.55,387.5,Monday,0,0,Stormy,11,0
2025-09-29,Fish Amritsari,Starters,15,2.26,565.0,Monday,0,0,Stormy,11,0
2025-09-29,Butter Naan,Breads,2,0.13,15.6,Monday,0,0,Stormy,11,0
2025-09-29,Garlic Naan,Breads,4,0.26,31.2,Monday,0,0,Stormy,11,0
2025-09-29,Tandoori Roti,Breads,15,0.87,104.4,Monday,0,0,Stormy,11,0
2025-09-29,Gulab Jamun,Desserts,6,0.76,212.8,Monday,0,0,Stormy,11,0
2025-09-29,Ras Malai,Desserts,6,0.64,179.2,Monday,0,0,Stormy,11,0
2025-09-29,Kheer,Desserts,6,0.8,224.0,Monday,0,0,Stormy,11,0
2025-09-29,Kulfi,Desserts,8,1.0,280.0,Monday,0,0,Stormy,11,0
2025-09-30,Paneer Butter Masala,Main Course,9,2.41,771.2,Tuesday,0,0,Sunny,10,1
2025-09-30,Dal Makhani,Main Course,12,4.13,1321.6,Tuesday,0,0,Sunny,10,1
2025-09-30,Chicken Biryani,Main Course,8,2.51,803.2,Tuesday,0,0,Sunny,10,1
2025-09-30,Mutton Rogan Josh,Main Course,18,4.74,1516.8,Tuesday,0,0,Sunny,10,1
2025-09-30,Paneer Tikka,Starters,11,1.95,487.5,Tuesday,0,0,Sunny,10,1
2025-09-30,Chicken Tandoori,Starters,15,2.52,630.0,Tuesday,0,0,Sunny,10,1
2025-09-30,Veg Spring Rolls,Starters,8,1.31,327.5,Tuesday,0,0,Sunny,10,1
2025-09-30,Fish Amritsari,Starters,23,3.22,805.0,Tuesday,0,0,Sunny,10,1
2025-09-30,Butter Naan,Breads,7,0.44,52.8,Tuesday,0,0,Sunny,10,1
2025-09-30,Garlic Naan,Breads,23,1.56,187.2,Tuesday,0,0,Sunny,10,1
2025-09-30,Tandoori Roti,Breads,17,1.28,153.6,Tuesday,0,0,Sunny,10,1
2025-09-30,Gulab Jamun,Desserts,3,0.33,92.4,Tuesday,0,0,Sunny,10,1
2025-09-30,Ras Malai,Desserts,4,0.42,117.6,Tuesday,0,0,Sunny,10,1
2025-09-30,Kheer,Desserts,7,0.84,235.2,Tuesday,0,0,Sunny,10,1
2025-09-30,Kulfi,Desserts,6,0.65,182.0,Tuesday,0,0,Sunny,10,1
2025-10-01,Paneer Butter Masala,Main Course,7,1.89,604.8,Wednesday,0,0,Sunny,12,0
2025-10-01,Dal Makhani,Main Course,10,3.04,972.8,Wednesday,0,0,Sunny,12,0
2025-10-01,Chicken Biryani,Main Course,2,0.5,160.0,Wednesday,0,0,Sunny,12,0
2025-10-01,Mutton Rogan Josh,Main Course,16,4.79,1532.8,Wednesday,0,0,Sunny,12,0
2025-10-01,Paneer Tikka,Starters,7,1.08,270.0,Wednesday,0,0,Sunny,12,0
2025-10-01,Chicken Tandoori,Starters,16,3.18,795.0,Wednesday,0,0,Sunny,12,0
2025-10-01,Veg Spring Rolls,Starters,19,3.14,785.0,Wednesday,0,0,Sunny,12,0
2025-10-01,Fish Amritsari,Starters,29,4.4,1100.0,Wednesday,0,0,Sunny,12,0
2025-10-01,Butter Naan,Breads,11,0.7,84.0,Wednesday,0,0,Sunny,12,0
2025-10-01,Garlic Naan,Breads,5,0.32,38.4,Wednesday,0,0,Sunny,12,0
2025-10-01,Tandoori Roti,Breads,16,0.95,114.0,Wednesday,0,0,Sunny,12,0
2025-10-01,Gulab Jamun,Desserts,5,0.74,207.2,Wednesday,0,0,Sunny,12,0
2025-10-01,Ras Malai,Desserts,9,1.07,299.6,Wednesday,0,0,Sunny,12,0
2025-10-01,Kheer,Desserts,9,1.31,366.8,Wednesday,0,0,Sunny,12,0
2025-10-01,Kulfi,Desserts,12,1.69,473.2,Wednesday,0,0,Sunny,12,0
2025-10-02,Paneer Butter Masala,Main Course,2,0.59,188.8,Thursday,0,1,Sunny,11,1
2025-10-02,Dal Makhani,Main Course,20,6.25,2000.0,Thursday,0,1,Sunny,11,1
2025-10-02,Chicken Biryani,Main Course,11,3.8,1216.0,Thursday,0,1,Sunny,11,1
2025-10-02,Mutton Rogan Josh,Main Course,22,5.76,1843.2,Thursday,0,1,Sunny,11,1
2025-10-02,Paneer Tikka,Starters,17,2.61,652.5,Thursday,0,1,Sunny,11,1
2025-10-02,Chicken Tandoori,Starters,21,3.22,805.0,Thursday,0,1,Sunny,11,1
2025-10-02,Veg Spring Rolls,Starters,23,4.38,1095.0,Thursday,0,1,Sunny,11,1
2025-10-02,Fish Amritsari,Starters,40,7.59,1897.5,Thursday,0,1,Sunny,11,1
2025-10-02,Butter Naan,Breads,22,1.38,165.6,Thursday,0,1,Sunny,11,1
2025-10-02,Garlic Naan,Breads,16,0.9,108.0,Thursday,0,1,Sunny,11,1
2025-10-02,Tandoori Roti,Breads,17,1.31,157.2,Thursday,0,1,Sunny,11,1
2025-10-02,Gulab Jamun,Desserts,17,1.9,532.0,Thursday,0,1,Sunny,11,1
2025-10-02,Ras Malai,Desserts,18,2.51,702.8,Thursday,0,1,Sunny,11,1
2025-10-02,Kheer,Desserts,10,1.08,302.4,Thursday,0,1,Sunny,11,1
2025-10-02,Kulfi,Desserts,22,2.62,733.6,Thursday,0,1,Sunny,11,1
2025-10-03,Paneer Butter Masala,Main Course,3,0.99,316.8,Friday,0,0,Sunny,11,0
2025-10-03,Dal Makhani,Main Course,11,3.51,1123.2,Friday,0,0,Sunny,11,0
2025-10-03,Chicken Biryani,Main Course,7,2.3,736.0,Friday,0,0,Sunny,11,0
2025-10-03,Mutton Rogan Josh,Main Course,12,3.63,1161.6,Friday,0,0,Sunny,11,0
2025-10-03,Paneer Tikka,Starters,13,2.44,610.0,Friday,0,0,Sunny,11,0
2025-10-03,Chicken Tandoori,Starters,3,0.53,132.5,Friday,0,0,Sunny,11,0
2025-10-03,Veg Spring Rolls,Starters,19,3.31,827.5,Friday,0,0,Sunny,11,0
2025-10-03,Fish Amritsari,Starters,17,3.39,847.5,Friday,0,0,Sunny,11,0
2025-10-03,Butter Naan,Breads,5,0.33,39.6,Friday,0,0,Sunny,11,0
2025-10-03,Garlic Naan,Breads,14,0.79,94.8,Friday,0,0,Sunny,11,0
2025-10-03,Tandoori Roti,Breads,10,0.76,91.2,Friday,0,0,Sunny,11,0
2025-10-03,Gulab Jamun,Desserts,14,1.78,498.4,Friday,0,0,Sunny,11,0
2025-10-03,Ras Malai,Desserts,12,1.52,425.6,Friday,0,0,Sunny,11,0
2025-10-03,Kheer,Desserts,11,1.44,403.2,Friday,0,0,Sunny,11,0
2025-10-03,Kulfi,Desserts,14,2.01,562.8,Friday,0,0,Sunny,11,0
2025-10-04,Paneer Butter Masala,Main Course,3,0.91,291.2,Saturday,1,0,Sunny,13,1
2025-10-04,Dal Makhani,Main Course,15,3.95,1264.0,Saturday,1,0,Sunny,13,1
2025-10-04,Chicken Biryani,Main Course,10,2.51,803.2,Saturday,1,0,Sunny,13,1
2025-10-04,Mutton Rogan Josh,Main Course,24,6.27,2006.4,Saturday,1,0,Sunny,13,1
2025-10-04,Paneer Tikka,Starters,24,4.5,1125.0,Saturday,1,0,Sunny,13,1
2025-10-04,Chicken Tandoori,Starters,31,5.38,1345.0,Saturday,1,0,Sunny,13,1
2025-10-04,Veg Spring Rolls,Starters,25,4.34,1085.0,Saturday,1,0,Sunny,13,1
2025-10-04,Fish Amritsari,Starters,39,5.87,1467.5,Saturday,1,0,Sunny,13,1
2025-10-04,Butter Naan,Breads,23,1.5,180.0,Saturday,1,0,Sunny,13,1
2025-10-04,Garlic Naan,Breads,16,1.19,142.8,Saturday,1,0,Sunny,13,1
2025-10-04,Tandoori Roti,Breads,34,2.61,313.2,Saturday,1,0,Sunny,13,1
2025-10-04,Gulab Jamun,Desserts,4,0.57,159.6,Saturday,1,0,Sunny,13,1
2025-10-04,Ras Malai,Desserts,15,2.05,574.0,Saturday,1,0,Sunny,13,1
2025-10-04,Kheer,Desserts,9,1.17,327.6,Saturday,1,0,Sunny,13,1
2025-10-04,Kulfi,Desserts,19,2.77,775.6,Saturday,1,0,Sunny,13,1
2025-10-05,Paneer Butter Masala,Main Course,12,3.67,1174.4,Sunday,1,0,Sunny,15,0
2025-10-05,Dal Makhani,Main Course,58,17.3,5536.0,Sunday,1,0,Sunny,15,0
2025-10-05,Chicken Biryani,Main Course,3,1.03,329.6,Sunday,1,0,Sunny,15,0
2025-10-05,Mutton Rogan Josh,Main Course,28,8.2,2624.0,Sunday,1,0,Sunny,15,0
2025-10-05,Paneer Tikka,Starters,21,3.93,982.5,Sunday,1,0,Sunny,15,0
2025-10-05,Chicken Tandoori,Starters,4,0.69,172.5,Sunday,1,0,Sunny,15,0
2025-10-05,Veg Spring Rolls,Starters,17,2.74,685.0,Sunday,1,0,Sunny,15,0
2025-10-05,Fish Amritsari,Starters,38,6.4,1600.0,Sunday,1,0,Sunny,15,0
2025-10-05,Butter Naan,Breads,12,0.85,102.0,Sunday,1,0,Sunny,15,0
2025-10-05,Garlic Naan,Breads,32,1.86,223.2,Sunday,1,0,Sunny,15,0
2025-10-05,Tandoori Roti,Breads,9,0.55,66.0,Sunday,1,0,Sunny,15,0
2025-10-05,Gulab Jamun,Desserts,13,1.84,515.2,Sunday,1,0,Sunny,15,0
2025-10-05,Ras Malai,Desserts,5,0.62,173.6,Sunday,1,0,Sunny,15,0
2025-10-05,Kheer,Desserts,11,1.4,392.0,Sunday,1,0,Sunny,15,0
2025-10-05,Kulfi,Desserts,18,2.59,725.2,Sunday,1,0,Sunny,15,0
2025-10-06,Paneer Butter Masala,Main Course,2,0.53,169.6,Monday,0,0,Cloudy,11,0
2025-10-06,Dal Makhani,Main Course,11,2.88,921.6,Monday,0,0,Cloudy,11,0
2025-10-06,Chicken Biryani,Main Course,2,0.67,214.4,Monday,0,0,Cloudy,11,0
2025-10-06,Mutton Rogan Josh,Main Course,15,4.38,1401.6,Monday,0,0,Cloudy,11,0
2025-10-06,Paneer Tikka,Starters,10,1.71,427.5,Monday,0,0,Cloudy,11,0
2025-10-06,Chicken Tandoori,Starters,4,0.62,155.0,Monday,0,0,Cloudy,11,0
2025-10-06,Veg Spring Rolls,Starters,16,2.57,642.5,Monday,0,0,Cloudy,11,0
2025-10-06,Fish Amritsari,Starters,47,8.84,2210.0,Monday,0,0,Cloudy,11,0
2025-10-06,Butter Naan,Breads,12,0.83,99.6,Monday,0,0,Cloudy,11,0
2025-10-06,Garlic Naan,Breads,23,1.29,154.8,Monday,0,0,Cloudy,11,0
2025-10-06,Tandoori Roti,Breads,11,0.81,97.2,Monday,0,0,Cloudy,11,0
2025-10-06,Gulab Jamun,Desserts,6,0.87,243.6,Monday,0,0,Cloudy,11,0
2025-10-06,Ras Malai,Desserts,7,0.74,207.2,Monday,0,0,Cloudy,11,0
2025-10-06,Kheer,Desserts,2,0.29,81.2,Monday,0,0,Cloudy,11,0
2025-10-06,Kulfi,Desserts,7,0.76,212.8,Monday,0,0,Cloudy,11,0
2025-10-07,Paneer Butter Masala,Main Course,9,3.15,1008.0,Tuesday,0,0,Rainy,9,0
2025-10-07,Dal Makhani,Main Course,8,1.98,633.6,Tuesday,0,0,Rainy,9,0
2025-10-07,Chicken Biryani,Main Course,7,2.32,742.4,Tuesday,0,0,Rainy,9,0
2025-10-07,Mutton Rogan Josh,Main Course,17,5.77,1846.4,Tuesday,0,0,Rainy,9,0
2025-10-07,Paneer Tikka,Starters,4,0.76,190.0,Tuesday,0,0,Rainy,9,0
2025-10-07,Chicken Tandoori,Starters,12,1.98,495.0,Tuesday,0,0,Rainy,9,0
2025-10-07,Veg Spring Rolls,Starters,18,2.58,645.0,Tuesday,0,0,Rainy,9,0
2025-10-07,Fish Amritsari,Starters,21,3.13,782.5,Tuesday,0,0,Rainy,9,0
2025-10-07,Butter Naan,Breads,10,0.67,80.4,Tuesday,0,0,Rainy,9,0
2025-10-07,Garlic Naan,Breads,12,0.71,85.2,Tuesday,0,0,Rainy,9,0
2025-10-07,Tandoori Roti,Breads,13,1.03,123.6,Tuesday,0,0,Rainy,9,0
2025-10-07,Gulab Jamun,Desserts,12,1.46,408.8,Tuesday,0,0,Rainy,9,0
2025-10-07,Ras Malai,Desserts,13,1.75,490.0,Tuesday,0,0,Rainy,9,0
2025-10-07,Kheer,Desserts,9,1.01,282.8,Tuesday,0,0,Rainy,9,0
2025-10-07,Kulfi,Desserts,8,1.03,288.4,Tuesday,0,0,Rainy,9,0
2025-10-08,Paneer Butter Masala,Main Course,3,0.78,249.6,Wednesday,0,0,Sunny,8,0
2025-10-08,Dal Makhani,Main Course,9,3.08,985.6,Wednesday,0,0,Sunny,8,0
2025-10-08,Chicken Biryani,Main Course,3,0.86,275.2,Wednesday,0,0,Sunny,8,0
2025-10-08,Mutton Rogan Josh,Main Course,14,3.71,1187.2,Wednesday,0,0,Sunny,8,0
2025-10-08,Paneer Tikka,Starters,6,1.18,295.0,Wednesday,0,0,Sunny,8,0
2025-10-08,Chicken Tandoori,Starters,8,1.22,305.0,Wednesday,0,0,Sunny,8,0
2025-10-08,Veg Spring Rolls,Starters,17,2.61,652.5,Wednesday,0,0,Sunny,8,0
2025-10-08,Fish Amritsari,Starters,25,4.54,1135.0,Wednesday,0,0,Sunny,8,0
2025-10-08,Butter Naan,Breads,4,0.3,36.0,Wednesday,0,0,Sunny,8,0
2025-10-08,Garlic Naan,Breads,9,0.66,79.2,Wednesday,0,0,Sunny,8,0
2025-10-08,Tandoori Roti,Breads,19,1.12,134.4,Wednesday,0,0,Sunny,8,0
2025-10-08,Gulab Jamun,Desserts,9,1.03,288.4,Wednesday,0,0,Sunny,8,0
2025-10-08,Ras Malai,Desserts,6,0.74,207.2,Wednesday,0,0,Sunny,8,0
2025-10-08,Kheer,Desserts,4,0.5,140.0,Wednesday,0,0,Sunny,8,0
2025-10-08,Kulfi,Desserts,7,0.92,257.6,Wednesday,0,0,Sunny,8,0
2025-10-09,Paneer Butter Masala,Main Course,3,0.8,256.0,Thursday,0,0,Sunny,8,0
2025-10-09,Dal Makhani,Main Course,13,4.33,1385.6,Thursday,0,0,Sunny,8,0
2025-10-09,Chicken Biryani,Main Course,2,0.5,160.0,Thursday,0,0,Sunny,8,0
2025-10-09,Mutton Rogan Josh,Main Course,18,4.6,1472.0,Thursday,0,0,Sunny,8,0
2025-10-09,Paneer Tikka,Starters,19,3.29,822.5,Thursday,0,0,Sunny,8,0
2025-10-09,Chicken Tandoori,Starters,6,0.92,230.0,Thursday,0,0,Sunny,8,0
2025-10-09,Veg Spring Rolls,Starters,9,1.54,385.0,Thursday,0,0,Sunny,8,0
2025-10-09,Fish Amritsari,Starters,23,3.31,827.5,Thursday,0,0,Sunny,8,0
2025-10-09,Butter Naan,Breads,3,0.22,26.4,Thursday,0,0,Sunny,8,0
2025-10-09,Garlic Naan,Breads,29,2.22,266.4,Thursday,0,0,Sunny,8,0
2025-10-09,Tandoori Roti,Breads,13,0.86,103.2,Thursday,0,0,Sunny,8,0
2025-10-09,Gulab Jamun,Desserts,9,1.32,369.6,Thursday,0,0,Sunny,8,0
2025-10-09,Ras Malai,Desserts,3,0.43,120.4,Thursday,0,0,Sunny,8,0
2025-10-09,Kheer,Desserts,5,0.63,176.4,Thursday,0,0,Sunny,8,0
2025-10-09,Kulfi,Desserts,9,1.18,330.4,Thursday,0,0,Sunny,8,0
2025-10-10,Paneer Butter Masala,Main Course,6,1.51,483.2,Friday,0,0,Cloudy,9,0
2025-10-10,Dal Makhani,Main Course,17,5.56,1779.2,Friday,0,0,Cloudy,9,0
2025-10-10,Chicken Biryani,Main Course,2,0.64,204.8,Friday,0,0,Cloudy,9,0
2025-10-10,Mutton Rogan Josh,Main Course,15,4.07,1302.4,Friday,0,0,Cloudy,9,0
2025-10-10,Paneer Tikka,Starters,10,1.93,482.5,Friday,0,0,Cloudy,9,0
2025-10-10,Chicken Tandoori,Starters,12,2.24,560.0,Friday,0,0,Cloudy,9,0
2025-10-10,Veg Spring Rolls,Starters,14,2.33,582.5,Friday,0,0,Cloudy,9,0
2025-10-10,Fish Amritsari,Starters,28,5.44,1360.0,Friday,0,0,Cloudy,9,0
2025-10-10,Butter Naan,Breads,5,0.35,42.0,Friday,0,0,Cloudy,9,0
2025-10-10,Garlic Naan,Breads,5,0.34,40.8,Friday,0,0,Cloudy,9,0
2025-10-10,Tandoori Roti,Breads,28,2.09,250.8,Friday,0,0,Cloudy,9,0
2025-10-10,Gulab Jamun,Desserts,4,0.56,156.8,Friday,0,0,Cloudy,9,0
2025-10-10,Ras Malai,Desserts,6,0.82,229.6,Friday,0,0,Cloudy,9,0
2025-10-10,Kheer,Desserts,6,0.85,238.0,Friday,0,0,Cloudy,9,0
2025-10-10,Kulfi,Desserts,13,1.94,543.2,Friday,0,0,Cloudy,9,0
2025-10-11,Paneer Butter Masala,Main Course,7,2.03,649.6,Saturday,1,0,Rainy,11,0
2025-10-11,Dal Makhani,Main Course,5,1.36,435.2,Saturday,1,0,Rainy,11,0
2025-10-11,Chicken Biryani,Main Course,4,1.29,412.8,Saturday,1,0,Rainy,11,0
2025-10-11,Mutton Rogan Josh,Main Course,27,7.64,2444.8,Saturday,1,0,Rainy,11,0
2025-10-11,Paneer Tikka,Starters,12,2.35,587.5,Saturday,1,0,Rainy,11,0
2025-10-11,Chicken Tandoori,Starters,17,2.52,630.0,Saturday,1,0,Rainy,11,0
2025-10-11,Veg Spring Rolls,Starters,5,0.74,185.0,Saturday,1,0,Rainy,11,0
2025-10-11,Fish Amritsari,Starters,23,4.1,1025.0,Saturday,1,0,Rainy,11,0
2025-10-11,Butter Naan,Breads,15,1.18,141.6,Saturday,1,0,Rainy,11,0
2025-10-11,Garlic Naan,Breads,29,2.29,274.8,Saturday,1,0,Rainy,11,0
2025-10-11,Tandoori Roti,Breads,9,0.58,69.6,Saturday,1,0,Rainy,11,0
2025-10-11,Gulab Jamun,Desserts,4,0.49,137.2,Saturday,1,0,Rainy,11,0
2025-10-11,Ras Malai,Desserts,16,2.14,599.2,Saturday,1,0,Rainy,11,0
2025-10-11,Kheer,Desserts,12,1.6,448.0,Saturday,1,0,Rainy,11,0
2025-10-11,Kulfi,Desserts,26,3.34,935.2,Saturday,1,0,Rainy,11,0
2025-10-12,Paneer Butter Masala,Main Course,15,4.69,1500.8,Sunday,1,1,Rainy,13,1
2025-10-12,Dal Makhani,Main Course,13,3.31,1059.2,Sunday,1,1,Rainy,13,1
2025-10-12,Chicken Biryani,Main Course,5,1.57,502.4,Sunday,1,1,Rainy,13,1
2025-10-12,Mutton Rogan Josh,Main Course,20,5.08,1625.6,Sunday,1,1,Rainy,13,1
2025-10-12,Paneer Tikka,Starters,7,1.25,312.5,Sunday,1,1,Rainy,13,1
2025-10-12,Chicken Tandoori,Starters,18,2.58,645.0,Sunday,1,1,Rainy,13,1
2025-10-12,Veg Spring Rolls,Starters,28,4.44,1110.0,Sunday,1,1,Rainy,13,1
2025-10-12,Fish Amritsari,Starters,34,4.84,1210.0,Sunday,1,1,Rainy,13,1
2025-10-12,Butter Naan,Breads,18,1.11,133.2,Sunday,1,1,Rainy,13,1
2025-10-12,Garlic Naan,Breads,26,1.83,219.6,Sunday,1,1,Rainy,13,1
2025-10-12,Tandoori Roti,Breads,18,1.28,153.6,Sunday,1,1,Rainy,13,1
2025-10-12,Gulab Jamun,Desserts,13,1.75,490.0,Sunday,1,1,Rainy,13,1
2025-10-12,Ras Malai,Desserts,15,2.1,588.0,Sunday,1,1,Rainy,13,1
2025-10-12,Kheer,Desserts,5,0.72,201.6,Sunday,1,1,Rainy,13,1
2025-10-12,Kulfi,Desserts,15,2.21,618.8,Sunday,1,1,Rainy,13,1
2025-10-13,Paneer Butter Masala,Main Course,4,0.99,316.8,Monday,0,0,Sunny,10,0
2025-10-13,Dal Makhani,Main Course,9,2.74,876.8,Monday,0,0,Sunny,10,0
2025-10-13,Chicken Biryani,Main Course,8,2.17,694.4,Monday,0,0,Sunny,10,0
2025-10-13,Mutton Rogan Josh,Main Course,20,6.71,2147.2,Monday,0,0,Sunny,10,0
2025-10-13,Paneer Tikka,Starters,36,7.05,1762.5,Monday,0,0,Sunny,10,0
2025-10-13,Chicken Tandoori,Starters,7,1.14,285.0,Monday,0,0,Sunny,10,0
2025-10-13,Veg Spring Rolls,Starters,6,0.87,217.5,Monday,0,0,Sunny,10,0
2025-10-13,Fish Amritsari,Starters,15,2.41,602.5,Monday,0,0,Sunny,10,0
2025-10-13,Butter Naan,Breads,13,0.76,91.2,Monday,0,0,Sunny,10,0
2025-10-13,Garlic Naan,Breads,21,1.45,174.0,Monday,0,0,Sunny,10,0
2025-10-13,Tandoori Roti,Breads,18,1.07,128.4,Monday,0,0,Sunny,10,0
2025-10-13,Gulab Jamun,Desserts,8,0.92,257.6,Monday,0,0,Sunny,10,0
2025-10-13,Ras Malai,Desserts,12,1.66,464.8,Monday,0,0,Sunny,10,0
2025-10-13,Kheer,Desserts,11,1.42,397.6,Monday,0,0,Sunny,10,0
2025-10-13,Kulfi,Desserts,9,1.1,308.0,Monday,0,0,Sunny,10,0
2025-10-14,Paneer Butter Masala,Main Course,6,1.75,560.0,Tuesday,0,0,Sunny,8,0
2025-10-14,Dal Makhani,Main Course,8,2.4,768.0,Tuesday,0,0,Sunny,8,0
2025-10-14,Chicken Biryani,Main Course,4,1.3,416.0,Tuesday,0,0,Sunny,8,0
2025-10-14,Mutton Rogan Josh,Main Course,22,5.77,1846.4,Tuesday,0,0,Sunny,8,0
2025-10-14,Paneer Tikka,Starters,14,2.63,657.5,Tuesday,0,0,Sunny,8,0
2025-10-14,Chicken Tandoori,Starters,17,3.06,765.0,Tuesday,0,0,Sunny,8,0
2025-10-14,Veg Spring Rolls,Starters,15,2.6,650.0,Tuesday,0,0,Sunny,8,0
2025-10-14,Fish Amritsari,Starters,14,2.4,600.0,Tuesday,0,0,Sunny,8,0
2025-10-14,Butter Naan,Breads,16,0.97,116.4,Tuesday,0,0,Sunny,8,0
2025-10-14,Garlic Naan,Breads,11,0.63,75.6,Tuesday,0,0,Sunny,8,0
2025-10-14,Tandoori Roti,Breads,8,0.45,54.0,Tuesday,0,0,Sunny,8,0
2025-10-14,Gulab Jamun,Desserts,11,1.21,338.8,Tuesday,0,0,Sunny,8,0
2025-10-14,Ras Malai,Desserts,9,1.04,291.2,Tuesday,0,0,Sunny,8,0
2025-10-14,Kheer,Desserts,11,1.22,341.6,Tuesday,0,0,Sunny,8,0
2025-10-14,Kulfi,Desserts,15,2.09,585.2,Tuesday,0,0,Sunny,8,0
2025-10-15,Paneer Butter Masala,Main Course,4,1.13,361.6,Wednesday,0,0,Sunny,10,0
2025-10-15,Dal Makhani,Main Course,4,1.0,320.0,Wednesday,0,0,Sunny,10,0
2025-10-15,Chicken Biryani,Main Course,3,0.94,300.8,Wednesday,0,0,Sunny,10,0
2025-10-15,Mutton Rogan Josh,Main Course,16,4.96,1587.2,Wednesday,0,0,Sunny,10,0
2025-10-15,Paneer Tikka,Starters,4,0.68,170.0,Wednesday,0,0,Sunny,10,0
2025-10-15,Chicken Tandoori,Starters,6,1.02,255.0,Wednesday,0,0,Sunny,10,0
2025-10-15,Veg Spring Rolls,Starters,11,1.6,400.0,Wednesday,0,0,Sunny,10,0
2025-10-15,Fish Amritsari,Starters,27,4.9,1225.0,Wednesday,0,0,Sunny,10,0
2025-10-15,Butter Naan,Breads,45,2.69,322.8,Wednesday,0,0,Sunny,10,0
2025-10-15,Garlic Naan,Breads,7,0.39,46.8,Wednesday,0,0,Sunny,10,0
2025-10-15,Tandoori Roti,Breads,25,1.85,222.0,Wednesday,0,0,Sunny,10,0
2025-10-15,Gulab Jamun,Desserts,10,1.17,327.6,Wednesday,0,0,Sunny,10,0
2025-10-15,Ras Malai,Desserts,2,0.24,67.2,Wednesday,0,0,Sunny,10,0
2025-10-15,Kheer,Desserts,9,1.08,302.4,Wednesday,0,0,Sunny,10,0
2025-10-15,Kulfi,Desserts,17,2.0,560.0,Wednesday,0,0,Sunny,10,0
2025-10-16,Paneer Butter Masala,Main Course,6,1.79,572.8,Thursday,0,0,Cloudy,9,0
2025-10-16,Dal Makhani,Main Course,31,9.52,3046.4,Thursday,0,0,Cloudy,9,0
2025-10-16,Chicken Biryani,Main Course,7,1.96,627.2,Thursday,0,0,Cloudy,9,0
2025-10-16,Mutton Rogan Josh,Main Course,9,2.3,736.0,Thursday,0,0,Cloudy,9,0
2025-10-16,Paneer Tikka,Starters,7,1.05,262.5,Thursday,0,0,Cloudy,9,0
2025-10-16,Chicken Tandoori,Starters,10,1.5,375.0,Thursday,0,0,Cloudy,9,0
2025-10-16,Veg Spring Rolls,Starters,16,2.45,612.5,Thursday,0,0,Cloudy,9,0
2025-10-16,Fish Amritsari,Starters,13,2.26,565.0,Thursday,0,0,Cloudy,9,0
2025-10-16,Butter Naan,Breads,14,0.81,97.2,Thursday,0,0,Cloudy,9,0
2025-10-16,Garlic Naan,Breads,17,1.24,148.8,Thursday,0,0,Cloudy,9,0
2025-10-16,Tandoori Roti,Breads,15,1.09,130.8,Thursday,0,0,Cloudy,9,0
2025-10-16,Gulab Jamun,Desserts,12,1.36,380.8,Thursday,0,0,Cloudy,9,0
2025-10-16,Ras Malai,Desserts,7,1.01,282.8,Thursday,0,0,Cloudy,9,0
2025-10-16,Kheer,Desserts,7,0.91,254.8,Thursday,0,0,Cloudy,9,0
2025-10-16,Kulfi,Desserts,7,0.87,243.6,Thursday,0,0,Cloudy,9,0
2025-10-17,Paneer Butter Masala,Main Course,6,1.61,515.2,Friday,0,0,Rainy,9,0
2025-10-17,Dal Makhani,Main Course,13,3.66,1171.2,Friday,0,0,Rainy,9,0
2025-10-17,Chicken Biryani,Main Course,9,3.03,969.6,Friday,0,0,Rainy,9,0
2025-10-17,Mutton Rogan Josh,Main Course,38,12.85,4112.0,Friday,0,0,Rainy,9,0
2025-10-17,Paneer Tikka,Starters,13,1.94,485.0,Friday,0,0,Rainy,9,0
2025-10-17,Chicken Tandoori,Starters,3,0.48,120.0,Friday,0,0,Rainy,9,0
2025-10-17,Veg Spring Rolls,Starters,11,1.63,407.5,Friday,0,0,Rainy,9,0
2025-10-17,Fish Amritsari,Starters,16,2.66,665.0,Friday,0,0,Rainy,9,0
2025-10-17,Butter Naan,Breads,12,0.87,104.4,Friday,0,0,Rainy,9,0
2025-10-17,Garlic Naan,Breads,20,1.25,150.0,Friday,0,0,Rainy,9,0
2025-10-17,Tandoori Roti,Breads,5,0.37,44.4,Friday,0,0,Rainy,9,0
2025-10-17,Gulab Jamun,Desserts,12,1.69,473.2,Friday,0,0,Rainy,9,0
2025-10-17,Ras Malai,Desserts,3,0.35,98.0,Friday,0,0,Rainy,9,0
2025-10-17,Kheer,Desserts,5,0.57,159.6,Friday,0,0,Rainy,9,0
2025-10-17,Kulfi,Desserts,12,1.78,498.4,Friday,0,0,Rainy,9,0
2025-10-18,Paneer Butter Masala,Main Course,7,2.31,739.2,Saturday,1,0,Cloudy,16,0
2025-10-18,Dal Makhani,Main Course,14,4.54,1452.8,Saturday,1,0,Cloudy,16,0
2025-10-18,Chicken Biryani,Main Course,7,2.04,652.8,Saturday,1,0,Cloudy,16,0
2025-10-18,Mutton Rogan Josh,Main Course,66,22.09,7068.8,Saturday,1,0,Cloudy,16,0
2025-10-18,Paneer Tikka,Starters,15,2.63,657.5,Saturday,1,0,Cloudy,16,0
2025-10-18,Chicken Tandoori,Starters,13,2.45,612.5,Saturday,1,0,Cloudy,16,0
2025-10-18,Veg Spring Rolls,Starters,6,1.11,277.5,Saturday,1,0,Cloudy,16,0
2025-10-18,Fish Amritsari,Starters,34,5.83,1457.5,Saturday,1,0,Cloudy,16,0
2025-10-18,Butter Naan,Breads,16,1.08,129.6,Saturday,1,0,Cloudy,16,0
2025-10-18,Garlic Naan,Breads,33,2.06,247.2,Saturday,1,0,Cloudy,16,0
2025-10-18,Tandoori Roti,Breads,30,1.69,202.8,Saturday,1,0,Cloudy,16,0
2025-10-18,Gulab Jamun,Desserts,7,0.85,238.0,Saturday,1,0,Cloudy,16,0
2025-10-18,Ras Malai,Desserts,12,1.44,403.2,Saturday,1,0,Cloudy,16,0
2025-10-18,Kheer,Desserts,12,1.69,473.2,Saturday,1,0,Cloudy,16,0
2025-10-18,Kulfi,Desserts,23,3.03,848.4,Saturday,1,0,Cloudy,16,0
2025-10-19,Paneer Butter Masala,Main Course,10,2.87,918.4,Sunday,1,0,Stormy,15,1
2025-10-19,Dal Makhani,Main Course,16,4.68,1497.6,Sunday,1,0,Stormy,15,1
2025-10-19,Chicken Biryani,Main Course,71,17.54,5612.8,Sunday,1,0,Stormy,15,1
2025-10-19,Mutton Rogan Josh,Main Course,19,5.08,1625.6,Sunday,1,0,Stormy,15,1
2025-10-19,Paneer Tikka,Starters,6,0.95,237.5,Sunday,1,0,Stormy,15,1
2025-10-19,Chicken Tandoori,Starters,21,3.94,985.0,Sunday,1,0,Stormy,15,1
2025-10-19,Veg Spring Rolls,Starters,8,1.42,355.0,Sunday,1,0,Stormy,15,1
2025-10-19,Fish Amritsari,Starters,15,2.24,560.0,Sunday,1,0,Stormy,15,1
2025-10-19,Butter Naan,Breads,16,0.94,112.8,Sunday,1,0,Stormy,15,1
2025-10-19,Garlic Naan,Breads,19,1.34,160.8,Sunday,1,0,Stormy,15,1
2025-10-19,Tandoori Roti,Breads,24,1.88,225.6,Sunday,1,0,Stormy,15,1
2025-10-19,Gulab Jamun,Desserts,17,1.81,506.8,Sunday,1,0,Stormy,15,1
2025-10-19,Ras Malai,Desserts,17,1.87,523.6,Sunday,1,0,Stormy,15,1
2025-10-19,Kheer,Desserts,16,2.37,663.6,Sunday,1,0,Stormy,15,1
2025-10-19,Kulfi,Desserts,15,1.7,476.0,Sunday,1,0,Stormy,15,1
2025-10-20,Paneer Butter Masala,Main Course,4,1.13,361.6,Monday,0,0,Rainy,10,0
2025-10-20,Dal Makhani,Main Course,15,5.2,1664.0,Monday,0,0,Rainy,10,0
2025-10-20,Chicken Biryani,Main Course,6,1.55,496.0,Monday,0,0,Rainy,10,0
2025-10-20,Mutton Rogan Josh,Main Course,11,3.27,1046.4,Monday,0,0,Rainy,10,0
2025-10-20,Paneer Tikka,Starters,6,1.09,272.5,Monday,0,0,Rainy,10,0
2025-10-20,Chicken Tandoori,Starters,7,1.22,305.0,Monday,0,0,Rainy,10,0
2025-10-20,Veg Spring Rolls,Starters,8,1.36,340.0,Monday,0,0,Rainy,10,0
2025-10-20,Fish Amritsari,Starters,21,3.36,840.0,Monday,0,0,Rainy,10,0
2025-10-20,Butter Naan,Breads,5,0.33,39.6,Monday,0,0,Rainy,10,0
2025-10-20,Garlic Naan,Breads,18,1.05,126.0,Monday,0,0,Rainy,10,0
2025-10-20,Tandoori Roti,Breads,16,1.14,136.8,Monday,0,0,Rainy,10,0
2025-10-20,Gulab Jamun,Desserts,14,1.76,492.8,Monday,0,0,Rainy,10,0
2025-10-20,Ras Malai,Desserts,5,0.65,182.0,Monday,0,0,Rainy,10,0
2025-10-20,Kheer,Desserts,7,0.8,224.0,Monday,0,0,Rainy,10,0
2025-10-20,Kulfi,Desserts,8,0.99,277.2,Monday,0,0,Rainy,10,0
2025-10-21,Paneer Butter Masala,Main Course,8,2.75,880.0,Tuesday,0,0,Sunny,11,0
2025-10-21,Dal Makhani,Main Course,5,1.35,432.0,Tuesday,0,0,Sunny,11,0
2025-10-21,Chicken Biryani,Main Course,8,2.6,832.0,Tuesday,0,0,Sunny,11,0
2025-10-21,Mutton Rogan Josh,Main Course,18,4.82,1542.4,Tuesday,0,0,Sunny,11,0
2025-10-21,Paneer Tikka,Starters,18,2.82,705.0,Tuesday,0,0,Sunny,11,0
2025-10-21,Chicken Tandoori,Starters,8,1.58,395.0,Tuesday,0,0,Sunny,11,0
2025-10-21,Veg Spring Rolls,Starters,10,1.51,377.5,Tuesday,0,0,Sunny,11,0
2025-10-21,Fish Amritsari,Starters,18,3.49,872.5,Tuesday,0,0,Sunny,11,0
2025-10-21,Butter Naan,Breads,5,0.29,34.8,Tuesday,0,0,Sunny,11,0
2025-10-21,Garlic Naan,Breads,74,5.25,630.0,Tuesday,0,0,Sunny,11,0
2025-10-21,Tandoori Roti,Breads,7,0.54,64.8,Tuesday,0,0,Sunny,11,0
2025-10-21,Gulab Jamun,Desserts,13,1.62,453.6,Tuesday,0,0,Sunny,11,0
2025-10-21,Ras Malai,Desserts,7,0.88,246.4,Tuesday,0,0,Sunny,11,0
2025-10-21,Kheer,Desserts,6,0.84,235.2,Tuesday,0,0,Sunny,11,0
2025-10-21,Kulfi,Desserts,11,1.51,422.8,Tuesday,0,0,Sunny,11,0
2025-10-22,Paneer Butter Masala,Main Course,8,2.73,873.6,Wednesday,0,0,Sunny,9,0
2025-10-22,Dal Makhani,Main Course,3,0.98,313.6,Wednesday,0,0,Sunny,9,0
2025-10-22,Chicken Biryani,Main Course,7,2.32,742.4,Wednesday,0,0,Sunny,9,0
2025-10-22,Mutton Rogan Josh,Main Course,17,5.05,1616.0,Wednesday,0,0,Sunny,9,0
2025-10-22,Paneer Tikka,Starters,12,2.35,587.5,Wednesday,0,0,Sunny,9,0
2025-10-22,Chicken Tandoori,Starters,14,2.79,697.5,Wednesday,0,0,Sunny,9,0
2025-10-22,Veg Spring Rolls,Starters,19,3.3,825.0,Wednesday,0,0,Sunny,9,0
2025-10-22,Fish Amritsari,Starters,18,2.87,717.5,Wednesday,0,0,Sunny,9,0
2025-10-22,Butter Naan,Breads,14,0.92,110.4,Wednesday,0,0,Sunny,9,0
2025-10-22,Garlic Naan,Breads,25,1.42,170.4,Wednesday,0,0,Sunny,9,0
2025-10-22,Tandoori Roti,Breads,7,0.48,57.6,Wednesday,0,0,Sunny,9,0
2025-10-22,Gulab Jamun,Desserts,9,1.03,288.4,Wednesday,0,0,Sunny,9,0
2025-10-22,Ras Malai,Desserts,9,1.13,316.4,Wednesday,0,0,Sunny,9,0
2025-10-22,Kheer,Desserts,6,0.89,249.2,Wednesday,0,0,Sunny,9,0
2025-10-22,Kulfi,Desserts,25,3.39,949.2,Wednesday,0,0,Sunny,9,0
2025-10-23,Paneer Butter Masala,Main Course,5,1.56,499.2,Thursday,0,0,Sunny,10,0
2025-10-23,Dal Makhani,Main Course,14,4.0,1280.0,Thursday,0,0,Sunny,10,0
2025-10-23,Chicken Biryani,Main Course,6,1.69,540.8,Thursday,0,0,Sunny,10,0
2025-10-23,Mutton Rogan Josh,Main Course,10,3.49,1116.8,Thursday,0,0,Sunny,10,0
2025-10-23,Paneer Tikka,Starters,15,2.68,670.0,Thursday,0,0,Sunny,10,0
2025-10-23,Chicken Tandoori,Starters,8,1.58,395.0,Thursday,0,0,Sunny,10,0
2025-10-23,Veg Spring Rolls,Starters,21,3.47,867.5,Thursday,0,0,Sunny,10,0
2025-10-23,Fish Amritsari,Starters,11,1.98,495.0,Thursday,0,0,Sunny,10,0
2025-10-23,Butter Naan,Breads,6,0.46,55.2,Thursday,0,0,Sunny,10,0
2025-10-23,Garlic Naan,Breads,9,0.62,74.4,Thursday,0,0,Sunny,10,0
2025-10-23,Tandoori Roti,Breads,6,0.34,40.8,Thursday,0,0,Sunny,10,0
2025-10-23,Gulab Jamun,Desserts,6,0.82,229.6,Thursday,0,0,Sunny,10,0
2025-10-23,Ras Malai,Desserts,3,0.45,126.0,Thursday,0,0,Sunny,10,0
2025-10-23,Kheer,Desserts,8,0.87,243.6,Thursday,0,0,Sunny,10,0
2025-10-23,Kulfi,Desserts,14,1.87,523.6,Thursday,0,0,Sunny,10,0
2025-10-24,Paneer Butter Masala,Main Course,5,1.3,416.0,Friday,0,1,Cloudy,12,1
2025-10-24,Dal Makhani,Main Course,21,5.41,1731.2,Friday,0,1,Cloudy,12,1
2025-10-24,Chicken Biryani,Main Course,12,3.76,1203.2,Friday,0,1,Cloudy,12,1
2025-10-24,Mutton Rogan Josh,Main Course,18,5.91,1891.2,Friday,0,1,Cloudy,12,1
2025-10-24,Paneer Tikka,Starters,7,1.02,255.0,Friday,0,1,Cloudy,12,1
2025-10-24,Chicken Tandoori,Starters,27,4.06,1015.0,Friday,0,1,Cloudy,12,1
2025-10-24,Veg Spring Rolls,Starters,7,1.32,330.0,Friday,0,1,Cloudy,12,1
2025-10-24,Fish Amritsari,Starters,37,6.72,1680.0,Friday,0,1,Cloudy,12,1
2025-10-24,Butter Naan,Breads,88,5.63,675.6,Friday,0,1,Cloudy,12,1
2025-10-24,Garlic Naan,Breads,40,3.01,361.2,Friday,0,1,Cloudy,12,1
2025-10-24,Tandoori Roti,Breads,20,1.3,156.0,Friday,0,1,Cloudy,12,1
2025-10-24,Gulab Jamun,Desserts,19,2.63,736.4,Friday,0,1,Cloudy,12,1
2025-10-24,Ras Malai,Desserts,15,1.59,445.2,Friday,0,1,Cloudy,12,1
2025-10-24,Kheer,Desserts,16,1.69,473.2,Friday,0,1,Cloudy,12,1
2025-10-24,Kulfi,Desserts,11,1.2,336.0,Friday,0,1,Cloudy,12,1
2025-10-25,Paneer Butter Masala,Main Course,68,22.53,7209.6,Saturday,1,1,Cloudy,18,1
2025-10-25,Dal Makhani,Main Course,15,4.93,1577.6,Saturday,1,1,Cloudy,18,1
2025-10-25,Chicken Biryani,Main Course,17,4.28,1369.6,Saturday,1,1,Cloudy,18,1
2025-10-25,Mutton Rogan Josh,Main Course,31,10.33,3305.6,Saturday,1,1,Cloudy,18,1
2025-10-25,Paneer Tikka,Starters,29,4.88,1220.0,Saturday,1,1,Cloudy,18,1
2025-10-25,Chicken Tandoori,Starters,11,1.85,462.5,Saturday,1,1,Cloudy,18,1
2025-10-25,Veg Spring Rolls,Starters,21,3.43,857.5,Saturday,1,1,Cloudy,18,1
2025-10-25,Fish Amritsari,Starters,37,6.94,1735.0,Saturday,1,1,Cloudy,18,1
2025-10-25,Butter Naan,Breads,22,1.26,151.2,Saturday,1,1,Cloudy,18,1
2025-10-25,Garlic Naan,Breads,44,2.55,306.0,Saturday,1,1,Cloudy,18,1
2025-10-25,Tandoori Roti,Breads,19,1.37,164.4,Saturday,1,1,Cloudy,18,1
2025-10-25,Gulab Jamun,Desserts,5,0.54,151.2,Saturday,1,1,Cloudy,18,1
2025-10-25,Ras Malai,Desserts,14,2.06,576.8,Saturday,1,1,Cloudy,18,1
2025-10-25,Kheer,Desserts,7,0.83,232.4,Saturday,1,1,Cloudy,18,1
2025-10-25,Kulfi,Desserts,31,3.53,988.4,Saturday,1,1,Cloudy,18,1
2025-10-26,Paneer Butter Masala,Main Course,10,2.71,867.2,Sunday,1,0,Sunny,11,0
2025-10-26,Dal Makhani,Main Course,19,4.7,1504.0,Sunday,1,0,Sunny,11,0
2025-10-26,Chicken Biryani,Main Course,8,2.21,707.2,Sunday,1,0,Sunny,11,0
2025-10-26,Mutton Rogan Josh,Main Course,24,7.86,2515.2,Sunday,1,0,Sunny,11,0
2025-10-26,Paneer Tikka,Starters,25,4.64,1160.0,Sunday,1,0,Sunny,11,0
2025-10-26,Chicken Tandoori,Starters,10,1.51,377.5,Sunday,1,0,Sunny,11,0
2025-10-26,Veg Spring Rolls,Starters,30,5.62,1405.0,Sunday,1,0,Sunny,11,0
2025-10-26,Fish Amritsari,Starters,65,11.14,2785.0,Sunday,1,0,Sunny,11,0
2025-10-26,Butter Naan,Breads,18,1.22,146.4,Sunday,1,0,Sunny,11,0
2025-10-26,Garlic Naan,Breads,6,0.39,46.8,Sunday,1,0,Sunny,11,0
2025-10-26,Tandoori Roti,Breads,16,1.06,127.2,Sunday,1,0,Sunny,11,0
2025-10-26,Gulab Jamun,Desserts,8,0.84,235.2,Sunday,1,0,Sunny,11,0
2025-10-26,Ras Malai,Desserts,10,1.33,372.4,Sunday,1,0,Sunny,11,0
2025-10-26,Kheer,Desserts,15,1.81,506.8,Sunday,1,0,Sunny,11,0
2025-10-26,Kulfi,Desserts,12,1.6,448.0,Sunday,1,0,Sunny,11,0
2025-10-27,Paneer Butter Masala,Main Course,7,1.8,576.0,Monday,0,0,Rainy,9,0
2025-10-27,Dal Makhani,Main Course,9,2.74,876.8,Monday,0,0,Rainy,9,0
2025-10-27,Chicken Biryani,Main Course,4,1.3,416.0,Monday,0,0,Rainy,9,0
2025-10-27,Mutton Rogan Josh,Main Course,17,5.12,1638.4,Monday,0,0,Rainy,9,0
2025-10-27,Paneer Tikka,Starters,8,1.38,345.0,Monday,0,0,Rainy,9,0
2025-10-27,Chicken Tandoori,Starters,45,8.5,2125.0,Monday,0,0,Rainy,9,0
2025-10-27,Veg Spring Rolls,Starters,15,2.3,575.0,Monday,0,0,Rainy,9,0
2025-10-27,Fish Amritsari,Starters,16,2.61,652.5,Monday,0,0,Rainy,9,0
2025-10-27,Butter Naan,Breads,10,0.6,72.0,Monday,0,0,Rainy,9,0
2025-10-27,Garlic Naan,Breads,8,0.57,68.4,Monday,0,0,Rainy,9,0
2025-10-27,Tandoori Roti,Breads,27,2.08,249.6,Monday,0,0,Rainy,9,0
2025-10-27,Gulab Jamun,Desserts,6,0.64,179.2,Monday,0,0,Rainy,9,0
2025-10-27,Ras Malai,Desserts,6,0.8,224.0,Monday,0,0,Rainy,9,0
2025-10-27,Kheer,Desserts,10,1.49,417.2,Monday,0,0,Rainy,9,0
2025-10-27,Kulfi,Desserts,10,1.26,352.8,Monday,0,0,Rainy,9,0
2025-10-28,Paneer Butter Masala,Main Course,4,1.15,368.0,Tuesday,0,0,Rainy,10,0
2025-10-28,Dal Makhani,Main Course,10,2.8,896.0,Tuesday,0,0,Rainy,10,0
2025-10-28,Chicken Biryani,Main Course,7,1.91,611.2,Tuesday,0,0,Rainy,10,0
2025-10-28,Mutton Rogan Josh,Main Course,16,4.09,1308.8,Tuesday,0,0,Rainy,10,0
2025-10-28,Paneer Tikka,Starters,16,2.8,700.0,Tuesday,0,0,Rainy,10,0
2025-10-28,Chicken Tandoori,Starters,17,2.46,615.0,Tuesday,0,0,Rainy,10,0
2025-10-28,Veg Spring Rolls,Starters,9,1.77,442.5,Tuesday,0,0,Rainy,10,0
2025-10-28,Fish Amritsari,Starters,26,4.95,1237.5,Tuesday,0,0,Rainy,10,0
2025-10-28,Butter Naan,Breads,3,0.22,26.4,Tuesday,0,0,Rainy,10,0
2025-10-28,Garlic Naan,Breads,8,0.56,67.2,Tuesday,0,0,Rainy,10,0
2025-10-28,Tandoori Roti,Breads,25,1.64,196.8,Tuesday,0,0,Rainy,10,0
2025-10-28,Gulab Jamun,Desserts,4,0.6,168.0,Tuesday,0,0,Rainy,10,0
2025-10-28,Ras Malai,Desserts,7,0.95,266.0,Tuesday,0,0,Rainy,10,0
2025-10-28,Kheer,Desserts,7,0.93,260.4,Tuesday,0,0,Rainy,10,0
2025-10-28,Kulfi,Desserts,7,0.74,207.2,Tuesday,0,0,Rainy,10,0
2025-10-29,Paneer Butter Masala,Main Course,6,2.08,665.6,Wednesday,0,0,Sunny,12,0
2025-10-29,Dal Makhani,Main Course,10,2.46,787.2,Wednesday,0,0,Sunny,12,0
2025-10-29,Chicken Biryani,Main Course,2,0.61,195.2,Wednesday,0,0,Sunny,12,0
2025-10-29,Mutton Rogan Josh,Main Course,14,4.53,1449.6,Wednesday,0,0,Sunny,12,0
2025-10-29,Paneer Tikka,Starters,21,3.03,757.5,Wednesday,0,0,Sunny,12,0
2025-10-29,Chicken Tandoori,Starters,18,2.74,685.0,Wednesday,0,0,Sunny,12,0
2025-10-29,Veg Spring Rolls,Starters,4,0.75,187.5,Wednesday,0,0,Sunny,12,0
2025-10-29,Fish Amritsari,Starters,13,2.16,540.0,Wednesday,0,0,Sunny,12,0
2025-10-29,Butter Naan,Breads,82,4.66,559.2,Wednesday,0,0,Sunny,12,0
2025-10-29,Garlic Naan,Breads,23,1.56,187.2,Wednesday,0,0,Sunny,12,0
2025-10-29,Tandoori Roti,Breads,23,1.72,206.4,Wednesday,0,0,Sunny,12,0
2025-10-29,Gulab Jamun,Desserts,14,1.55,434.0,Wednesday,0,0,Sunny,12,0
2025-10-29,Ras Malai,Desserts,8,0.93,260.4,Wednesday,0,0,Sunny,12,0
2025-10-29,Kheer,Desserts,8,0.88,246.4,Wednesday,0,0,Sunny,12,0
2025-10-29,Kulfi,Desserts,9,1.26,352.8,Wednesday,0,0,Sunny,12,0
2025-10-30,Paneer Butter Masala,Main Course,4,1.34,428.8,Thursday,0,0,Sunny,11,0
2025-10-30,Dal Makhani,Main Course,11,3.34,1068.8,Thursday,0,0,Sunny,11,0
2025-10-30,Chicken Biryani,Main Course,5,1.36,435.2,Thursday,0,0,Sunny,11,0
2025-10-30,Mutton Rogan Josh,Main Course,15,4.52,1446.4,Thursday,0,0,Sunny,11,0
2025-10-30,Paneer Tikka,Starters,61,12.0,3000.0,Thursday,0,0,Sunny,11,0
2025-10-30,Chicken Tandoori,Starters,10,1.91,477.5,Thursday,0,0,Sunny,11,0
2025-10-30,Veg Spring Rolls,Starters,15,2.16,540.0,Thursday,0,0,Sunny,11,0
2025-10-30,Fish Amritsari,Starters,27,3.9,975.0,Thursday,0,0,Sunny,11,0
2025-10-30,Butter Naan,Breads,2,0.12,14.4,Thursday,0,0,Sunny,11,0
2025-10-30,Garlic Naan,Breads,9,0.71,85.2,Thursday,0,0,Sunny,11,0
2025-10-30,Tandoori Roti,Breads,16,1.16,139.2,Thursday,0,0,Sunny,11,0
2025-10-30,Gulab Jamun,Desserts,8,1.15,322.0,Thursday,0,0,Sunny,11,0
2025-10-30,Ras Malai,Desserts,11,1.25,350.0,Thursday,0,0,Sunny,11,0
2025-10-30,Kheer,Desserts,23,2.76,772.8,Thursday,0,0,Sunny,11,0
2025-10-30,Kulfi,Desserts,11,1.38,386.4,Thursday,0,0,Sunny,11,0
2025-10-31,Paneer Butter Masala,Main Course,6,1.57,502.4,Friday,0,0,Cloudy,9,0
2025-10-31,Dal Makhani,Main Course,6,1.5,480.0,Friday,0,0,Cloudy,9,0
2025-10-31,Chicken Biryani,Main Course,2,0.54,172.8,Friday,0,0,Cloudy,9,0
2025-10-31,Mutton Rogan Josh,Main Course,10,2.52,806.4,Friday,0,0,Cloudy,9,0
2025-10-31,Paneer Tikka,Starters,9,1.42,355.0,Friday,0,0,Cloudy,9,0
2025-10-31,Chicken Tandoori,Starters,8,1.21,302.5,Friday,0,0,Cloudy,9,0
2025-10-31,Veg Spring Rolls,Starters,10,1.96,490.0,Friday,0,0,Cloudy,9,0
2025-10-31,Fish Amritsari,Starters,17,2.99,747.5,Friday,0,0,Cloudy,9,0
2025-10-31,Butter Naan,Breads,17,1.25,150.0,Friday,0,0,Cloudy,9,0
2025-10-31,Garlic Naan,Breads,9,0.59,70.8,Friday,0,0,Cloudy,9,0
2025-10-31,Tandoori Roti,Breads,15,0.86,103.2,Friday,0,0,Cloudy,9,0
2025-10-31,Gulab Jamun,Desserts,11,1.59,445.2,Friday,0,0,Cloudy,9,0
2025-10-31,Ras Malai,Desserts,9,1.2,336.0,Friday,0,0,Cloudy,9,0
2025-10-31,Kheer,Desserts,9,1.27,355.6,Friday,0,0,Cloudy,9,0
2025-10-31,Kulfi,Desserts,11,1.38,386.4,Friday,0,0,Cloudy,9,0
2025-11-01,Paneer Butter Masala,Main Course,18,5.62,1798.4,Saturday,1,1,Cloudy,11,1
2025-11-01,Dal Makhani,Main Course,17,4.44,1420.8,Saturday,1,1,Cloudy,11,1
2025-11-01,Chicken Biryani,Main Course,12,3.87,1238.4,Saturday,1,1,Cloudy,11,1
2025-11-01,Mutton Rogan Josh,Main Course,30,9.35,2992.0,Saturday,1,1,Cloudy,11,1
2025-11-01,Paneer Tikka,Starters,36,6.13,1532.5,Saturday,1,1,Cloudy,11,1
2025-11-01,Chicken Tandoori,Starters,13,2.15,537.5,Saturday,1,1,Cloudy,11,1
2025-11-01,Veg Spring Rolls,Starters,77,14.37,3592.5,Saturday,1,1,Cloudy,11,1
2025-11-01,Fish Amritsari,Starters,44,7.56,1890.0,Saturday,1,1,Cloudy,11,1
2025-11-01,Butter Naan,Breads,18,1.27,152.4,Saturday,1,1,Cloudy,11,1
2025-11-01,Garlic Naan,Breads,30,1.77,212.4,Saturday,1,1,Cloudy,11,1
2025-11-01,Tandoori Roti,Breads,14,0.96,115.2,Saturday,1,1,Cloudy,11,1
2025-11-01,Gulab Jamun,Desserts,28,3.11,870.8,Saturday,1,1,Cloudy,11,1
2025-11-01,Ras Malai,Desserts,29,4.02,1125.6,Saturday,1,1,Cloudy,11,1
2025-11-01,Kheer,Desserts,9,1.09,305.2,Saturday,1,1,Cloudy,11,1
2025-11-01,Kulfi,Desserts,15,1.79,501.2,Saturday,1,1,Cloudy,11,1
2025-11-02,Paneer Butter Masala,Main Course,14,3.84,1228.8,Sunday,1,0,Cloudy,12,1
2025-11-02,Dal Makhani,Main Course,7,1.86,595.2,Sunday,1,0,Cloudy,12,1
2025-11-02,Chicken Biryani,Main Course,11,3.34,1068.8,Sunday,1,0,Cloudy,12,1
2025-11-02,Mutton Rogan Josh,Main Course,26,8.59,2748.8,Sunday,1,0,Cloudy,12,1
2025-11-02,Paneer Tikka,Starters,8,1.56,390.0,Sunday,1,0,Cloudy,12,1
2025-11-02,Chicken Tandoori,Starters,15,2.5,625.0,Sunday,1,0,Cloudy,12,1
2025-11-02,Veg Spring Rolls,Starters,21,3.52,880.0,Sunday,1,0,Cloudy,12,1
2025-11-02,Fish Amritsari,Starters,39,7.45,1862.5,Sunday,1,0,Cloudy,12,1
2025-11-02,Butter Naan,Breads,25,1.52,182.4,Sunday,1,0,Cloudy,12,1
2025-11-02,Garlic Naan,Breads,14,0.95,114.0,Sunday,1,0,Cloudy,12,1
2025-11-02,Tandoori Roti,Breads,46,2.97,356.4,Sunday,1,0,Cloudy,12,1
2025-11-02,Gulab Jamun,Desserts,18,2.25,630.0,Sunday,1,0,Cloudy,12,1
2025-11-02,Ras Malai,Desserts,18,2.08,582.4,Sunday,1,0,Cloudy,12,1
2025-11-02,Kheer,Desserts,18,2.3,644.0,Sunday,1,0,Cloudy,12,1
2025-11-02,Kulfi,Desserts,15,2.05,574.0,Sunday,1,0,Cloudy,12,1
2025-11-03,Paneer Butter Masala,Main Course,8,2.38,761.6,Monday,0,0,Cloudy,10,0
2025-11-03,Dal Makhani,Main Course,17,5.25,1680.0,Monday,0,0,Cloudy,10,0
2025-11-03,Chicken Biryani,Main Course,5,1.41,451.2,Monday,0,0,Cloudy,10,0
2025-11-03,Mutton Rogan Josh,Main Course,18,5.45,1744.0,Monday,0,0,Cloudy,10,0
2025-11-03,Paneer Tikka,Starters,14,2.24,560.0,Monday,0,0,Cloudy,10,0
2025-11-03,Chicken Tandoori,Starters,9,1.34,335.0,Monday,0,0,Cloudy,10,0
2025-11-03,Veg Spring Rolls,Starters,9,1.66,415.0,Monday,0,0,Cloudy,10,0
2025-11-03,Fish Amritsari,Starters,20,3.02,755.0,Monday,0,0,Cloudy,10,0
2025-11-03,Butter Naan,Breads,11,0.7,84.0,Monday,0,0,Cloudy,10,0
2025-11-03,Garlic Naan,Breads,13,0.96,115.2,Monday,0,0,Cloudy,10,0
2025-11-03,Tandoori Roti,Breads,17,1.23,147.6,Monday,0,0,Cloudy,10,0
2025-11-03,Gulab Jamun,Desserts,3,0.33,92.4,Monday,0,0,Cloudy,10,0
2025-11-03,Ras Malai,Desserts,39,4.43,1240.4,Monday,0,0,Cloudy,10,0
2025-11-03,Kheer,Desserts,3,0.32,89.6,Monday,0,0,Cloudy,10,0
2025-11-03,Kulfi,Desserts,14,1.99,557.2,Monday,0,0,Cloudy,10,0
2025-11-04,Paneer Butter Masala,Main Course,7,2.0,640.0,Tuesday,0,0,Sunny,8,0
2025-11-04,Dal Makhani,Main Course,3,1.05,336.0,Tuesday,0,0,Sunny,8,0
2025-11-04,Chicken Biryani,Main Course,3,0.9,288.0,Tuesday,0,0,Sunny,8,0
2025-11-04,Mutton Rogan Josh,Main Course,19,6.52,2086.4,Tuesday,0,0,Sunny,8,0
2025-11-04,Paneer Tikka,Starters,5,0.72,180.0,Tuesday,0,0,Sunny,8,0
2025-11-04,Chicken Tandoori,Starters,14,2.42,605.0,Tuesday,0,0,Sunny,8,0
2025-11-04,Veg Spring Rolls,Starters,8,1.22,305.0,Tuesday,0,0,Sunny,8,0
2025-11-04,Fish Amritsari,Starters,22,3.64,910.0,Tuesday,0,0,Sunny,8,0
2025-11-04,Butter Naan,Breads,16,1.06,127.2,Tuesday,0,0,Sunny,8,0
2025-11-04,Garlic Naan,Breads,22,1.49,178.8,Tuesday,0,0,Sunny,8,0
2025-11-04,Tandoori Roti,Breads,6,0.34,40.8,Tuesday,0,0,Sunny,8,0
2025-11-04,Gulab Jamun,Desserts,12,1.41,394.8,Tuesday,0,0,Sunny,8,0
2025-11-04,Ras Malai,Desserts,7,0.86,240.8,Tuesday,0,0,Sunny,8,0
2025-11-04,Kheer,Desserts,2,0.27,75.6,Tuesday,0,0,Sunny,8,0
2025-11-04,Kulfi,Desserts,13,1.74,487.2,Tuesday,0,0,Sunny,8,0
2025-11-05,Paneer Butter Masala,Main Course,6,1.57,502.4,Wednesday,0,0,Sunny,9,0
2025-11-05,Dal Makhani,Main Course,3,0.99,316.8,Wednesday,0,0,Sunny,9,0
2025-11-05,Chicken Biryani,Main Course,8,2.14,684.8,Wednesday,0,0,Sunny,9,0
2025-11-05,Mutton Rogan Josh,Main Course,12,3.49,1116.8,Wednesday,0,0,Sunny,9,0
2025-11-05,Paneer Tikka,Starters,6,0.87,217.5,Wednesday,0,0,Sunny,9,0
2025-11-05,Chicken Tandoori,Starters,5,0.88,220.0,Wednesday,0,0,Sunny,9,0
2025-11-05,Veg Spring Rolls,Starters,6,1.13,282.5,Wednesday,0,0,Sunny,9,0
2025-11-05,Fish Amritsari,Starters,17,3.1,775.0,Wednesday,0,0,Sunny,9,0
2025-11-05,Butter Naan,Breads,6,0.45,54.0,Wednesday,0,0,Sunny,9,0
2025-11-05,Garlic Naan,Breads,17,1.25,150.0,Wednesday,0,0,Sunny,9,0
2025-11-05,Tandoori Roti,Breads,25,1.46,175.2,Wednesday,0,0,Sunny,9,0
2025-11-05,Gulab Jamun,Desserts,7,0.74,207.2,Wednesday,0,0,Sunny,9,0
2025-11-05,Ras Malai,Desserts,8,1.01,282.8,Wednesday,0,0,Sunny,9,0
2025-11-05,Kheer,Desserts,11,1.55,434.0,Wednesday,0,0,Sunny,9,0
2025-11-05,Kulfi,Desserts,13,1.51,422.8,Wednesday,0,0,Sunny,9,0
2025-11-06,Paneer Butter Masala,Main Course,3,0.94,300.8,Thursday,0,0,Rainy,8,0
2025-11-06,Dal Makhani,Main Course,17,5.41,1731.2,Thursday,0,0,Rainy,8,0
2025-11-06,Chicken Biryani,Main Course,2,0.54,172.8,Thursday,0,0,Rainy,8,0
2025-11-06,Mutton Rogan Josh,Main Course,17,4.45,1424.0,Thursday,0,0,Rainy,8,0
2025-11-06,Paneer Tikka,Starters,14,2.0,500.0,Thursday,0,0,Rainy,8,0
2025-11-06,Chicken Tandoori,Starters,10,1.87,467.5,Thursday,0,0,Rainy,8,0
2025-11-06,Veg Spring Rolls,Starters,14,2.64,660.0,Thursday,0,0,Rainy,8,0
2025-11-06,Fish Amritsari,Starters,23,3.23,807.5,Thursday,0,0,Rainy,8,0
2025-11-06,Butter Naan,Breads,13,0.91,109.2,Thursday,0,0,Rainy,8,0
2025-11-06,Garlic Naan,Breads,9,0.64,76.8,Thursday,0,0,Rainy,8,0
2025-11-06,Tandoori Roti,Breads,20,1.56,187.2,Thursday,0,0,Rainy,8,0
2025-11-06,Gulab Jamun,Desserts,13,1.57,439.6,Thursday,0,0,Rainy,8,0
2025-11-06,Ras Malai,Desserts,6,0.78,218.4,Thursday,0,0,Rainy,8,0
2025-11-06,Kheer,Desserts,2,0.21,58.8,Thursday,0,0,Rainy,8,0
2025-11-06,Kulfi,Desserts,7,0.9,252.0,Thursday,0,0,Rainy,8,0
2025-11-07,Paneer Butter Masala,Main Course,5,1.59,508.8,Friday,0,0,Rainy,12,0
2025-11-07,Dal Makhani,Main Course,9,2.63,841.6,Friday,0,0,Rainy,12,0
2025-11-07,Chicken Biryani,Main Course,3,0.93,297.6,Friday,0,0,Rainy,12,0
2025-11-07,Mutton Rogan Josh,Main Course,13,3.52,1126.4,Friday,0,0,Rainy,12,0
2025-11-07,Paneer Tikka,Starters,12,2.29,572.5,Friday,0,0,Rainy,12,0
2025-11-07,Chicken Tandoori,Starters,8,1.26,315.0,Friday,0,0,Rainy,12,0
2025-11-07,Veg Spring Rolls,Starters,12,1.82,455.0,Friday,0,0,Rainy,12,0
2025-11-07,Fish Amritsari,Starters,11,1.55,387.5,Friday,0,0,Rainy,12,0
2025-11-07,Butter Naan,Breads,6,0.41,49.2,Friday,0,0,Rainy,12,0
2025-11-07,Garlic Naan,Breads,9,0.54,64.8,Friday,0,0,Rainy,12,0
2025-11-07,Tandoori Roti,Breads,18,1.05,126.0,Friday,0,0,Rainy,12,0
2025-11-07,Gulab Jamun,Desserts,13,1.89,529.2,Friday,0,0,Rainy,12,0
2025-11-07,Ras Malai,Desserts,7,0.82,229.6,Friday,0,0,Rainy,12,0
2025-11-07,Kheer,Desserts,5,0.6,168.0,Friday,0,0,Rainy,12,0
2025-11-07,Kulfi,Desserts,6,0.76,212.8,Friday,0,0,Rainy,12,0
2025-11-08,Paneer Butter Masala,Main Course,5,1.69,540.8,Saturday,1,0,Cloudy,10,0
2025-11-08,Dal Makhani,Main Course,20,5.89,1884.8,Saturday,1,0,Cloudy,10,0
2025-11-08,Chicken Biryani,Main Course,11,3.05,976.0,Saturday,1,0,Cloudy,10,0
2025-11-08,Mutton Rogan Josh,Main Course,20,5.09,1628.8,Saturday,1,0,Cloudy,10,0
2025-11-08,Paneer Tikka,Starters,27,4.87,1217.5,Saturday,1,0,Cloudy,10,0
2025-11-08,Chicken Tandoori,Starters,12,1.73,432.5,Saturday,1,0,Cloudy,10,0
2025-11-08,Veg Spring Rolls,Starters,17,2.47,617.5,Saturday,1,0,Cloudy,10,0
2025-11-08,Fish Amritsari,Starters,17,2.67,667.5,Saturday,1,0,Cloudy,10,0
2025-11-08,Butter Naan,Breads,8,0.63,75.6,Saturday,1,0,Cloudy,10,0
2025-11-08,Garlic Naan,Breads,22,1.44,172.8,Saturday,1,0,Cloudy,10,0
2025-11-08,Tandoori Roti,Breads,35,2.79,334.8,Saturday,1,0,Cloudy,10,0
2025-11-08,Gulab Jamun,Desserts,13,1.7,476.0,Saturday,1,0,Cloudy,10,0
2025-11-08,Ras Malai,Desserts,15,1.81,506.8,Saturday,1,0,Cloudy,10,0
2025-11-08,Kheer,Desserts,14,1.72,481.6,Saturday,1,0,Cloudy,10,0
2025-11-08,Kulfi,Desserts,14,1.91,534.8,Saturday,1,0,Cloudy,10,0
2025-11-09,Paneer Butter Masala,Main Course,2,0.58,185.6,Sunday,1,0,Cloudy,12,0
2025-11-09,Dal Makhani,Main Course,12,3.92,1254.4,Sunday,1,0,Cloudy,12,0
2025-11-09,Chicken Biryani,Main Course,3,1.01,323.2,Sunday,1,0,Cloudy,12,0
2025-11-09,Mutton Rogan Josh,Main Course,20,5.17,1654.4,Sunday,1,0,Cloudy,12,0
2025-11-09,Paneer Tikka,Starters,17,3.03,757.5,Sunday,1,0,Cloudy,12,0
2025-11-09,Chicken Tandoori,Starters,7,1.04,260.0,Sunday,1,0,Cloudy,12,0
2025-11-09,Veg Spring Rolls,Starters,14,2.69,672.5,Sunday,1,0,Cloudy,12,0
2025-11-09,Fish Amritsari,Starters,29,4.38,1095.0,Sunday,1,0,Cloudy,12,0
2025-11-09,Butter Naan,Breads,11,0.79,94.8,Sunday,1,0,Cloudy,12,0
2025-11-09,Garlic Naan,Breads,29,1.64,196.8,Sunday,1,0,Cloudy,12,0
2025-11-09,Tandoori Roti,Breads,24,1.81,217.2,Sunday,1,0,Cloudy,12,0
2025-11-09,Gulab Jamun,Desserts,4,0.6,168.0,Sunday,1,0,Cloudy,12,0
2025-11-09,Ras Malai,Desserts,11,1.63,456.4,Sunday,1,0,Cloudy,12,0
2025-11-09,Kheer,Desserts,14,1.74,487.2,Sunday,1,0,Cloudy,12,0
2025-11-09,Kulfi,Desserts,12,1.53,428.4,Sunday,1,0,Cloudy,12,0
2025-11-10,Paneer Butter Masala,Main Course,2,0.64,204.8,Monday,0,0,Sunny,8,0
2025-11-10,Dal Makhani,Main Course,15,5.25,1680.0,Monday,0,0,Sunny,8,0
2025-11-10,Chicken Biryani,Main Course,5,1.39,444.8,Monday,0,0,Sunny,8,0
2025-11-10,Mutton Rogan Josh,Main Course,16,5.03,1609.6,Monday,0,0,Sunny,8,0
2025-11-10,Paneer Tikka,Starters,16,2.97,742.5,Monday,0,0,Sunny,8,0
2025-11-10,Chicken Tandoori,Starters,11,1.65,412.5,Monday,0,0,Sunny,8,0
2025-11-10,Veg Spring Rolls,Starters,13,2.33,582.5,Monday,0,0,Sunny,8,0
2025-11-10,Fish Amritsari,Starters,14,2.52,630.0,Monday,0,0,Sunny,8,0
2025-11-10,Butter Naan,Breads,16,1.2,144.0,Monday,0,0,Sunny,8,0
2025-11-10,Garlic Naan,Breads,13,0.82,98.4,Monday,0,0,Sunny,8,0
2025-11-10,Tandoori Roti,Breads,12,0.78,93.6,Monday,0,0,Sunny,8,0
2025-11-10,Gulab Jamun,Desserts,8,1.05,294.0,Monday,0,0,Sunny,8,0
2025-11-10,Ras Malai,Desserts,15,2.04,571.2,Monday,0,0,Sunny,8,0
2025-11-10,Kheer,Desserts,9,1.27,355.6,Monday,0,0,Sunny,8,0
2025-11-10,Kulfi,Desserts,13,1.91,534.8,Monday,0,0,Sunny,8,0
2025-11-11,Paneer Butter Masala,Main Course,9,2.54,812.8,Tuesday,0,0,Cloudy,8,0
2025-11-11,Dal Makhani,Main Course,8,2.24,716.8,Tuesday,0,0,Cloudy,8,0
2025-11-11,Chicken Biryani,Main Course,7,2.03,649.6,Tuesday,0,0,Cloudy,8,0
2025-11-11,Mutton Rogan Josh,Main Course,8,2.19,700.8,Tuesday,0,0,Cloudy,8,0
2025-11-11,Paneer Tikka,Starters,15,2.38,595.0,Tuesday,0,0,Cloudy,8,0
2025-11-11,Chicken Tandoori,Starters,4,0.71,177.5,Tuesday,0,0,Cloudy,8,0
2025-11-11,Veg Spring Rolls,Starters,6,0.88,220.0,Tuesday,0,0,Cloudy,8,0
2025-11-11,Fish Amritsari,Starters,21,3.08,770.0,Tuesday,0,0,Cloudy,8,0
2025-11-11,Butter Naan,Breads,14,0.8,96.0,Tuesday,0,0,Cloudy,8,0
2025-11-11,Garlic Naan,Breads,22,1.56,187.2,Tuesday,0,0,Cloudy,8,0
2025-11-11,Tandoori Roti,Breads,24,1.9,228.0,Tuesday,0,0,Cloudy,8,0
2025-11-11,Gulab Jamun,Desserts,3,0.4,112.0,Tuesday,0,0,Cloudy,8,0
2025-11-11,Ras Malai,Desserts,5,0.66,184.8,Tuesday,0,0,Cloudy,8,0
2025-11-11,Kheer,Desserts,6,0.74,207.2,Tuesday,0,0,Cloudy,8,0
2025-11-11,Kulfi,Desserts,7,0.82,229.6,Tuesday,0,0,Cloudy,8,0
2025-11-12,Paneer Butter Masala,Main Course,8,2.4,768.0,Wednesday,0,0,Sunny,12,0
2025-11-12,Dal Makhani,Main Course,5,1.73,553.6,Wednesday,0,0,Sunny,12,0
2025-11-12,Chicken Biryani,Main Course,8,2.65,848.0,Wednesday,0,0,Sunny,12,0
2025-11-12,Mutton Rogan Josh,Main Course,8,2.05,656.0,Wednesday,0,0,Sunny,12,0
2025-11-12,Paneer Tikka,Starters,21,3.36,840.0,Wednesday,0,0,Sunny,12,0
2025-11-12,Chicken Tandoori,Starters,17,2.4,600.0,Wednesday,0,0,Sunny,12,0
2025-11-12,Veg Spring Rolls,Starters,11,1.94,485.0,Wednesday,0,0,Sunny,12,0
2025-11-12,Fish Amritsari,Starters,12,2.06,515.0,Wednesday,0,0,Sunny,12,0
2025-11-12,Butter Naan,Breads,2,0.12,14.4,Wednesday,0,0,Sunny,12,0
2025-11-12,Garlic Naan,Breads,14,0.86,103.2,Wednesday,0,0,Sunny,12,0
2025-11-12,Tandoori Roti,Breads,9,0.63,75.6,Wednesday,0,0,Sunny,12,0
2025-11-12,Gulab Jamun,Desserts,6,0.85,238.0,Wednesday,0,0,Sunny,12,0
2025-11-12,Ras Malai,Desserts,10,1.48,414.4,Wednesday,0,0,Sunny,12,0
2025-11-12,Kheer,Desserts,10,1.29,361.2,Wednesday,0,0,Sunny,12,0
2025-11-12,Kulfi,Desserts,11,1.63,456.4,Wednesday,0,0,Sunny,12,0
2025-11-13,Paneer Butter Masala,Main Course,5,1.54,492.8,Thursday,0,0,Cloudy,9,0
2025-11-13,Dal Makhani,Main Course,8,2.56,819.2,Thursday,0,0,Cloudy,9,0
2025-11-13,Chicken Biryani,Main Course,9,3.02,966.4,Thursday,0,0,Cloudy,9,0
2025-11-13,Mutton Rogan Josh,Main Course,19,6.33,2025.6,Thursday,0,0,Cloudy,9,0
2025-11-13,Paneer Tikka,Starters,18,2.67,667.5,Thursday,0,0,Cloudy,9,0
2025-11-13,Chicken Tandoori,Starters,11,1.77,442.5,Thursday,0,0,Cloudy,9,0
2025-11-13,Veg Spring Rolls,Starters,6,0.85,212.5,Thursday,0,0,Cloudy,9,0
2025-11-13,Fish Amritsari,Starters,21,3.24,810.0,Thursday,0,0,Cloudy,9,0
2025-11-13,Butter Naan,Breads,8,0.6,72.0,Thursday,0,0,Cloudy,9,0
2025-11-13,Garlic Naan,Breads,11,0.68,81.6,Thursday,0,0,Cloudy,9,0
2025-11-13,Tandoori Roti,Breads,25,2.0,240.0,Thursday,0,0,Cloudy,9,0
2025-11-13,Gulab Jamun,Desserts,7,0.9,252.0,Thursday,0,0,Cloudy,9,0
2025-11-13,Ras Malai,Desserts,9,1.19,333.2,Thursday,0,0,Cloudy,9,0
2025-11-13,Kheer,Desserts,4,0.45,126.0,Thursday,0,0,Cloudy,9,0
2025-11-13,Kulfi,Desserts,36,5.29,1481.2,Thursday,0,0,Cloudy,9,0
2025-11-14,Paneer Butter Masala,Main Course,4,1.15,368.0,Friday,0,1,Rainy,13,1
2025-11-14,Dal Makhani,Main Course,20,5.05,1616.0,Friday,0,1,Rainy,13,1
2025-11-14,Chicken Biryani,Main Course,12,3.38,1081.6,Friday,0,1,Rainy,13,1
2025-11-14,Mutton Rogan Josh,Main Course,26,8.29,2652.8,Friday,0,1,Rainy,13,1
2025-11-14,Paneer Tikka,Starters,51,9.91,2477.5,Friday,0,1,Rainy,13,1
2025-11-14,Chicken Tandoori,Starters,7,1.29,322.5,Friday,0,1,Rainy,13,1
2025-11-14,Veg Spring Rolls,Starters,5,0.89,222.5,Friday,0,1,Rainy,13,1
2025-11-14,Fish Amritsari,Starters,16,3.06,765.0,Friday,0,1,Rainy,13,1
2025-11-14,Butter Naan,Breads,3,0.17,20.4,Friday,0,1,Rainy,13,1
2025-11-14,Garlic Naan,Breads,16,1.03,123.6,Friday,0,1,Rainy,13,1
2025-11-14,Tandoori Roti,Breads,14,1.04,124.8,Friday,0,1,Rainy,13,1
2025-11-14,Gulab Jamun,Desserts,15,2.05,574.0,Friday,0,1,Rainy,13,1
2025-11-14,Ras Malai,Desserts,13,1.79,501.2,Friday,0,1,Rainy,13,1
2025-11-14,Kheer,Desserts,6,0.66,184.8,Friday,0,1,Rainy,13,1
2025-11-14,Kulfi,Desserts,19,2.34,655.2,Friday,0,1,Rainy,13,1
2025-11-15,Paneer Butter Masala,Main Course,7,2.03,649.6,Saturday,1,0,Cloudy,10,0
2025-11-15,Dal Makhani,Main Course,6,1.59,508.8,Saturday,1,0,Cloudy,10,0
2025-11-15,Chicken Biryani,Main Course,9,2.51,803.2,Saturday,1,0,Cloudy,10,0
2025-11-15,Mutton Rogan Josh,Main Course,29,8.23,2633.6,Saturday,1,0,Cloudy,10,0
2025-11-15,Paneer Tikka,Starters,14,2.1,525.0,Saturday,1,0,Cloudy,10,0
2025-11-15,Chicken Tandoori,Starters,11,2.01,502.5,Saturday,1,0,Cloudy,10,0
2025-11-15,Veg Spring Rolls,Starters,15,2.85,712.5,Saturday,1,0,Cloudy,10,0
2025-11-15,Fish Amritsari,Starters,30,4.78,1195.0,Saturday,1,0,Cloudy,10,0
2025-11-15,Butter Naan,Breads,5,0.31,37.2,Saturday,1,0,Cloudy,10,0
2025-11-15,Garlic Naan,Breads,31,2.45,294.0,Saturday,1,0,Cloudy,10,0
2025-11-15,Tandoori Roti,Breads,18,1.15,138.0,Saturday,1,0,Cloudy,10,0
2025-11-15,Gulab Jamun,Desserts,7,0.79,221.2,Saturday,1,0,Cloudy,10,0
2025-11-15,Ras Malai,Desserts,16,1.8,504.0,Saturday,1,0,Cloudy,10,0
2025-11-15,Kheer,Desserts,11,1.58,442.4,Saturday,1,0,Cloudy,10,0
2025-11-15,Kulfi,Desserts,17,2.18,610.4,Saturday,1,0,Cloudy,10,0
2025-11-16,Paneer Butter Masala,Main Course,4,1.27,406.4,Sunday,1,0,Cloudy,14,1
2025-11-16,Dal Makhani,Main Course,24,7.16,2291.2,Sunday,1,0,Cloudy,14,1
2025-11-16,Chicken Biryani,Main Course,2,0.55,176.0,Sunday,1,0,Cloudy,14,1
2025-11-16,Mutton Rogan Josh,Main Course,18,4.77,1526.4,Sunday,1,0,Cloudy,14,1
2025-11-16,Paneer Tikka,Starters,5,0.77,192.5,Sunday,1,0,Cloudy,14,1
2025-11-16,Chicken Tandoori,Starters,23,4.07,1017.5,Sunday,1,0,Cloudy,14,1
2025-11-16,Veg Spring Rolls,Starters,17,2.92,730.0,Sunday,1,0,Cloudy,14,1
2025-11-16,Fish Amritsari,Starters,42,6.48,1620.0,Sunday,1,0,Cloudy,14,1
2025-11-16,Butter Naan,Breads,12,0.79,94.8,Sunday,1,0,Cloudy,14,1
2025-11-16,Garlic Naan,Breads,21,1.27,152.4,Sunday,1,0,Cloudy,14,1
2025-11-16,Tandoori Roti,Breads,33,2.09,250.8,Sunday,1,0,Cloudy,14,1
2025-11-16,Gulab Jamun,Desserts,15,2.22,621.6,Sunday,1,0,Cloudy,14,1
2025-11-16,Ras Malai,Desserts,18,1.95,546.0,Sunday,1,0,Cloudy,14,1
2025-11-16,Kheer,Desserts,15,2.09,585.2,Sunday,1,0,Cloudy,14,1
2025-11-16,Kulfi,Desserts,17,1.8,504.0,Sunday,1,0,Cloudy,14,1
2025-11-17,Paneer Butter Masala,Main Course,7,1.86,595.2,Monday,0,0,Sunny,9,0
2025-11-17,Dal Makhani,Main Course,3,0.96,307.2,Monday,0,0,Sunny,9,0
2025-11-17,Chicken Biryani,Main Course,5,1.38,441.6,Monday,0,0,Sunny,9,0
2025-11-17,Mutton Rogan Josh,Main Course,20,5.79,1852.8,Monday,0,0,Sunny,9,0
2025-11-17,Paneer Tikka,Starters,13,2.33,582.5,Monday,0,0,Sunny,9,0
2025-11-17,Chicken Tandoori,Starters,10,1.65,412.5,Monday,0,0,Sunny,9,0
2025-11-17,Veg Spring Rolls,Starters,22,3.26,815.0,Monday,0,0,Sunny,9,0
2025-11-17,Fish Amritsari,Starters,16,2.44,610.0,Monday,0,0,Sunny,9,0
2025-11-17,Butter Naan,Breads,14,0.81,97.2,Monday,0,0,Sunny,9,0
2025-11-17,Garlic Naan,Breads,8,0.46,55.2,Monday,0,0,Sunny,9,0
2025-11-17,Tandoori Roti,Breads,6,0.45,54.0,Monday,0,0,Sunny,9,0
2025-11-17,Gulab Jamun,Desserts,6,0.85,238.0,Monday,0,0,Sunny,9,0
2025-11-17,Ras Malai,Desserts,5,0.73,204.4,Monday,0,0,Sunny,9,0
2025-11-17,Kheer,Desserts,10,1.48,414.4,Monday,0,0,Sunny,9,0
2025-11-17,Kulfi,Desserts,10,1.42,397.6,Monday,0,0,Sunny,9,0
2025-11-18,Paneer Butter Masala,Main Course,7,2.41,771.2,Tuesday,0,0,Rainy,8,0
2025-11-18,Dal Makhani,Main Course,6,1.83,585.6,Tuesday,0,0,Rainy,8,0
2025-11-18,Chicken Biryani,Main Course,7,2.38,761.6,Tuesday,0,0,Rainy,8,0
2025-11-18,Mutton Rogan Josh,Main Course,14,3.76,1203.2,Tuesday,0,0,Rainy,8,0
2025-11-18,Paneer Tikka,Starters,5,0.89,222.5,Tuesday,0,0,Rainy,8,0
2025-11-18,Chicken Tandoori,Starters,13,2.23,557.5,Tuesday,0,0,Rainy,8,0
2025-11-18,Veg Spring Rolls,Starters,14,2.77,692.5,Tuesday,0,0,Rainy,8,0
2025-11-18,Fish Amritsari,Starters,11,2.04,510.0,Tuesday,0,0,Rainy,8,0
2025-11-18,Butter Naan,Breads,15,0.88,105.6,Tuesday,0,0,Rainy,8,0
2025-11-18,Garlic Naan,Breads,16,0.96,115.2,Tuesday,0,0,Rainy,8,0
2025-11-18,Tandoori Roti,Breads,11,0.64,76.8,Tuesday,0,0,Rainy,8,0
2025-11-18,Gulab Jamun,Desserts,4,0.44,123.2,Tuesday,0,0,Rainy,8,0
2025-11-18,Ras Malai,Desserts,13,1.92,537.6,Tuesday,0,0,Rainy,8,0
2025-11-18,Kheer,Desserts,5,0.68,190.4,Tuesday,0,0,Rainy,8,0
2025-11-18,Kulfi,Desserts,10,1.15,322.0,Tuesday,0,0,Rainy,8,0
2025-11-19,Paneer Butter Masala,Main Course,3,1.03,329.6,Wednesday,0,0,Rainy,8,0
2025-11-19,Dal Makhani,Main Course,12,4.0,1280.0,Wednesday,0,0,Rainy,8,0
2025-11-19,Chicken Biryani,Main Course,6,1.71,547.2,Wednesday,0,0,Rainy,8,0
2025-11-19,Mutton Rogan Josh,Main Course,18,4.68,1497.6,Wednesday,0,0,Rainy,8,0
2025-11-19,Paneer Tikka,Starters,13,2.58,645.0,Wednesday,0,0,Rainy,8,0
2025-11-19,Chicken Tandoori,Starters,12,1.73,432.5,Wednesday,0,0,Rainy,8,0
2025-11-19,Veg Spring Rolls,Starters,12,2.25,562.5,Wednesday,0,0,Rainy,8,0
2025-11-19,Fish Amritsari,Starters,20,3.34,835.0,Wednesday,0,0,Rainy,8,0
2025-11-19,Butter Naan,Breads,13,0.89,106.8,Wednesday,0,0,Rainy,8,0
2025-11-19,Garlic Naan,Breads,16,1.12,134.4,Wednesday,0,0,Rainy,8,0
2025-11-19,Tandoori Roti,Breads,7,0.43,51.6,Wednesday,0,0,Rainy,8,0
2025-11-19,Gulab Jamun,Desserts,5,0.71,198.8,Wednesday,0,0,Rainy,8,0
2025-11-19,Ras Malai,Desserts,4,0.55,154.0,Wednesday,0,0,Rainy,8,0
2025-11-19,Kheer,Desserts,7,0.82,229.6,Wednesday,0,0,Rainy,8,0
2025-11-19,Kulfi,Desserts,12,1.31,366.8,Wednesday,0,0,Rainy,8,0
2025-11-20,Paneer Butter Masala,Main Course,2,0.69,220.8,Thursday,0,0,Sunny,8,0
2025-11-20,Dal Makhani,Main Course,11,2.75,880.0,Thursday,0,0,Sunny,8,0
2025-11-20,Chicken Biryani,Main Course,4,0.98,313.6,Thursday,0,0,Sunny,8,0
2025-11-20,Mutton Rogan Josh,Main Course,9,2.72,870.4,Thursday,0,0,Sunny,8,0
2025-11-20,Paneer Tikka,Starters,13,2.41,602.5,Thursday,0,0,Sunny,8,0
2025-11-20,Chicken Tandoori,Starters,9,1.46,365.0,Thursday,0,0,Sunny,8,0
2025-11-20,Veg Spring Rolls,Starters,8,1.41,352.5,Thursday,0,0,Sunny,8,0
2025-11-20,Fish Amritsari,Starters,27,5.29,1322.5,Thursday,0,0,Sunny,8,0
2025-11-20,Butter Naan,Breads,14,0.83,99.6,Thursday,0,0,Sunny,8,0
2025-11-20,Garlic Naan,Breads,19,1.47,176.4,Thursday,0,0,Sunny,8,0
2025-11-20,Tandoori Roti,Breads,7,0.5,60.0,Thursday,0,0,Sunny,8,0
2025-11-20,Gulab Jamun,Desserts,13,1.51,422.8,Thursday,0,0,Sunny,8,0
2025-11-20,Ras Malai,Desserts,12,1.76,492.8,Thursday,0,0,Sunny,8,0
2025-11-20,Kheer,Desserts,7,1.0,280.0,Thursday,0,0,Sunny,8,0
2025-11-20,Kulfi,Desserts,9,1.31,366.8,Thursday,0,0,Sunny,8,0
2025-11-21,Paneer Butter Masala,Main Course,5,1.31,419.2,Friday,0,0,Sunny,9,0
2025-11-21,Dal Makhani,Main Course,7,2.4,768.0,Friday,0,0,Sunny,9,0
2025-11-21,Chicken Biryani,Main Course,2,0.59,188.8,Friday,0,0,Sunny,9,0
2025-11-21,Mutton Rogan Josh,Main Course,12,3.5,1120.0,Friday,0,0,Sunny,9,0
2025-11-21,Paneer Tikka,Starters,9,1.53,382.5,Friday,0,0,Sunny,9,0
2025-11-21,Chicken Tandoori,Starters,14,2.62,655.0,Friday,0,0,Sunny,9,0
2025-11-21,Veg Spring Rolls,Starters,8,1.55,387.5,Friday,0,0,Sunny,9,0
2025-11-21,Fish Amritsari,Starters,28,5.24,1310.0,Friday,0,0,Sunny,9,0
2025-11-21,Butter Naan,Breads,16,0.96,115.2,Friday,0,0,Sunny,9,0
2025-11-21,Garlic Naan,Breads,4,0.25,30.0,Friday,0,0,Sunny,9,0
2025-11-21,Tandoori Roti,Breads,17,1.36,163.2,Friday,0,0,Sunny,9,0
2025-11-21,Gulab Jamun,Desserts,8,0.91,254.8,Friday,0,0,Sunny,9,0
2025-11-21,Ras Malai,Desserts,11,1.25,350.0,Friday,0,0,Sunny,9,0
2025-11-21,Kheer,Desserts,5,0.72,201.6,Friday,0,0,Sunny,9,0
2025-11-21,Kulfi,Desserts,11,1.22,341.6,Friday,0,0,Sunny,9,0
2025-11-22,Paneer Butter Masala,Main Course,6,1.94,620.8,Saturday,1,0,Cloudy,12,1
2025-11-22,Dal Makhani,Main Course,19,6.1,1952.0,Saturday,1,0,Cloudy,12,1
2025-11-22,Chicken Biryani,Main Course,5,1.48,473.6,Saturday,1,0,Cloudy,12,1
2025-11-22,Mutton Rogan Josh,Main Course,36,12.07,3862.4,Saturday,1,0,Cloudy,12,1
2025-11-22,Paneer Tikka,Starters,13,2.25,562.5,Saturday,1,0,Cloudy,12,1
2025-11-22,Chicken Tandoori,Starters,24,3.99,997.5,Saturday,1,0,Cloudy,12,1
2025-11-22,Veg Spring Rolls,Starters,11,1.9,475.0,Saturday,1,0,Cloudy,12,1
2025-11-22,Fish Amritsari,Starters,28,5.46,1365.0,Saturday,1,0,Cloudy,12,1
2025-11-22,Butter Naan,Breads,11,0.63,75.6,Saturday,1,0,Cloudy,12,1
2025-11-22,Garlic Naan,Breads,21,1.51,181.2,Saturday,1,0,Cloudy,12,1
2025-11-22,Tandoori Roti,Breads,95,7.46,895.2,Saturday,1,0,Cloudy,12,1
2025-11-22,Gulab Jamun,Desserts,14,1.57,439.6,Saturday,1,0,Cloudy,12,1
2025-11-22,Ras Malai,Desserts,15,1.98,554.4,Saturday,1,0,Cloudy,12,1
2025-11-22,Kheer,Desserts,5,0.7,196.0,Saturday,1,0,Cloudy,12,1
2025-11-22,Kulfi,Desserts,14,1.96,548.8,Saturday,1,0,Cloudy,12,1
2025-11-23,Paneer Butter Masala,Main Course,8,2.65,848.0,Sunday,1,0,Sunny,12,1
2025-11-23,Dal Makhani,Main Course,6,1.6,512.0,Sunday,1,0,Sunny,12,1
2025-11-23,Chicken Biryani,Main Course,6,1.88,601.6,Sunday,1,0,Sunny,12,1
2025-11-23,Mutton Rogan Josh,Main Course,31,10.7,3424.0,Sunday,1,0,Sunny,12,1
2025-11-23,Paneer Tikka,Starters,14,2.45,612.5,Sunday,1,0,Sunny,12,1
2025-11-23,Chicken Tandoori,Starters,7,1.25,312.5,Sunday,1,0,Sunny,12,1
2025-11-23,Veg Spring Rolls,Starters,15,2.54,635.0,Sunday,1,0,Sunny,12,1
2025-11-23,Fish Amritsari,Starters,34,5.55,1387.5,Sunday,1,0,Sunny,12,1
2025-11-23,Butter Naan,Breads,12,0.91,109.2,Sunday,1,0,Sunny,12,1
2025-11-23,Garlic Naan,Breads,41,3.07,368.4,Sunday,1,0,Sunny,12,1
2025-11-23,Tandoori Roti,Breads,40,2.81,337.2,Sunday,1,0,Sunny,12,1
2025-11-23,Gulab Jamun,Desserts,22,2.75,770.0,Sunday,1,0,Sunny,12,1
2025-11-23,Ras Malai,Desserts,23,2.69,753.2,Sunday,1,0,Sunny,12,1
2025-11-23,Kheer,Desserts,19,2.4,672.0,Sunday,1,0,Sunny,12,1
2025-11-23,Kulfi,Desserts,23,3.36,940.8,Sunday,1,0,Sunny,12,1
2025-11-24,Paneer Butter Masala,Main Course,7,1.95,624.0,Monday,0,0,Sunny,8,0
2025-11-24,Dal Makhani,Main Course,12,4.14,1324.8,Monday,0,0,Sunny,8,0
2025-11-24,Chicken Biryani,Main Course,5,1.57,502.4,Monday,0,0,Sunny,8,0
2025-11-24,Mutton Rogan Josh,Main Course,16,5.07,1622.4,Monday,0,0,Sunny,8,0
2025-11-24,Paneer Tikka,Starters,7,1.15,287.5,Monday,0,0,Sunny,8,0
2025-11-24,Chicken Tandoori,Starters,16,2.54,635.0,Monday,0,0,Sunny,8,0
2025-11-24,Veg Spring Rolls,Starters,9,1.53,382.5,Monday,0,0,Sunny,8,0
2025-11-24,Fish Amritsari,Starters,27,4.11,1027.5,Monday,0,0,Sunny,8,0
2025-11-24,Butter Naan,Breads,8,0.49,58.8,Monday,0,0,Sunny,8,0
2025-11-24,Garlic Naan,Breads,16,0.99,118.8,Monday,0,0,Sunny,8,0
2025-11-24,Tandoori Roti,Breads,20,1.43,171.6,Monday,0,0,Sunny,8,0
2025-11-24,Gulab Jamun,Desserts,28,3.43,960.4,Monday,0,0,Sunny,8,0
2025-11-24,Ras Malai,Desserts,8,1.04,291.2,Monday,0,0,Sunny,8,0
2025-11-24,Kheer,Desserts,12,1.37,383.6,Monday,0,0,Sunny,8,0
2025-11-24,Kulfi,Desserts,12,1.5,420.0,Monday,0,0,Sunny,8,0
2025-11-25,Paneer Butter Masala,Main Course,29,8.68,2777.6,Tuesday,0,0,Sunny,12,0
2025-11-25,Dal Makhani,Main Course,7,2.34,748.8,Tuesday,0,0,Sunny,12,0
2025-11-25,Chicken Biryani,Main Course,4,1.0,320.0,Tuesday,0,0,Sunny,12,0
2025-11-25,Mutton Rogan Josh,Main Course,11,3.75,1200.0,Tuesday,0,0,Sunny,12,0
2025-11-25,Paneer Tikka,Starters,17,3.39,847.5,Tuesday,0,0,Sunny,12,0
2025-11-25,Chicken Tandoori,Starters,18,2.68,670.0,Tuesday,0,0,Sunny,12,0
2025-11-25,Veg Spring Rolls,Starters,10,1.77,442.5,Tuesday,0,0,Sunny,12,0
2025-11-25,Fish Amritsari,Starters,20,3.68,920.0,Tuesday,0,0,Sunny,12,0
2025-11-25,Butter Naan,Breads,13,0.76,91.2,Tuesday,0,0,Sunny,12,0
2025-11-25,Garlic Naan,Breads,10,0.68,81.6,Tuesday,0,0,Sunny,12,0
2025-11-25,Tandoori Roti,Breads,9,0.65,78.0,Tuesday,0,0,Sunny,12,0
2025-11-25,Gulab Jamun,Desserts,8,1.08,302.4,Tuesday,0,0,Sunny,12,0
2025-11-25,Ras Malai,Desserts,7,0.89,249.2,Tuesday,0,0,Sunny,12,0
2025-11-25,Kheer,Desserts,10,1.12,313.6,Tuesday,0,0,Sunny,12,0
2025-11-25,Kulfi,Desserts,10,1.43,400.4,Tuesday,0,0,Sunny,12,0
2025-11-26,Paneer Butter Masala,Main Course,4,1.02,326.4,Wednesday,0,0,Sunny,11,0
2025-11-26,Dal Makhani,Main Course,10,2.73,873.6,Wednesday,0,0,Sunny,11,0
2025-11-26,Chicken Biryani,Main Course,2,0.5,160.0,Wednesday,0,0,Sunny,11,0
2025-11-26,Mutton Rogan Josh,Main Course,18,4.99,1596.8,Wednesday,0,0,Sunny,11,0
2025-11-26,Paneer Tikka,Starters,11,1.93,482.5,Wednesday,0,0,Sunny,11,0
2025-11-26,Chicken Tandoori,Starters,5,0.72,180.0,Wednesday,0,0,Sunny,11,0
2025-11-26,Veg Spring Rolls,Starters,21,3.08,770.0,Wednesday,0,0,Sunny,11,0
2025-11-26,Fish Amritsari,Starters,16,3.13,782.5,Wednesday,0,0,Sunny,11,0
2025-11-26,Butter Naan,Breads,7,0.56,67.2,Wednesday,0,0,Sunny,11,0
2025-11-26,Garlic Naan,Breads,8,0.48,57.6,Wednesday,0,0,Sunny,11,0
2025-11-26,Tandoori Roti,Breads,25,1.93,231.6,Wednesday,0,0,Sunny,11,0
2025-11-26,Gulab Jamun,Desserts,8,0.9,252.0,Wednesday,0,0,Sunny,11,0
2025-11-26,Ras Malai,Desserts,11,1.6,448.0,Wednesday,0,0,Sunny,11,0
2025-11-26,Kheer,Desserts,3,0.39,109.2,Wednesday,0,0,Sunny,11,0
2025-11-26,Kulfi,Desserts,15,1.75,490.0,Wednesday,0,0,Sunny,11,0
2025-11-27,Paneer Butter Masala,Main Course,7,1.92,614.4,Thursday,0,0,Rainy,10,0
2025-11-27,Dal Makhani,Main Course,5,1.75,560.0,Thursday,0,0,Rainy,10,0
2025-11-27,Chicken Biryani,Main Course,6,1.74,556.8,Thursday,0,0,Rainy,10,0
2025-11-27,Mutton Rogan Josh,Main Course,15,4.01,1283.2,Thursday,0,0,Rainy,10,0
2025-11-27,Paneer Tikka,Starters,11,1.72,430.0,Thursday,0,0,Rainy,10,0
2025-11-27,Chicken Tandoori,Starters,7,1.33,332.5,Thursday,0,0,Rainy,10,0
2025-11-27,Veg Spring Rolls,Starters,14,2.7,675.0,Thursday,0,0,Rainy,10,0
2025-11-27,Fish Amritsari,Starters,14,2.35,587.5,Thursday,0,0,Rainy,10,0
2025-11-27,Butter Naan,Breads,12,0.82,98.4,Thursday,0,0,Rainy,10,0
2025-11-27,Garlic Naan,Breads,13,0.94,112.8,Thursday,0,0,Rainy,10,0
2025-11-27,Tandoori Roti,Breads,11,0.85,102.0,Thursday,0,0,Rainy,10,0
2025-11-27,Gulab Jamun,Desserts,4,0.57,159.6,Thursday,0,0,Rainy,10,0
2025-11-27,Ras Malai,Desserts,4,0.43,120.4,Thursday,0,0,Rainy,10,0
2025-11-27,Kheer,Desserts,3,0.38,106.4,Thursday,0,0,Rainy,10,0
2025-11-27,Kulfi,Desserts,7,0.78,218.4,Thursday,0,0,Rainy,10,0
2025-11-28,Paneer Butter Masala,Main Course,6,1.81,579.2,Friday,0,0,Sunny,11,0
2025-11-28,Dal Makhani,Main Course,6,2.04,652.8,Friday,0,0,Sunny,11,0
2025-11-28,Chicken Biryani,Main Course,3,1.01,323.2,Friday,0,0,Sunny,11,0
2025-11-28,Mutton Rogan Josh,Main Course,20,5.09,1628.8,Friday,0,0,Sunny,11,0
2025-11-28,Paneer Tikka,Starters,45,7.8,1950.0,Friday,0,0,Sunny,11,0
2025-11-28,Chicken Tandoori,Starters,9,1.28,320.0,Friday,0,0,Sunny,11,0
2025-11-28,Veg Spring Rolls,Starters,17,3.33,832.5,Friday,0,0,Sunny,11,0
2025-11-28,Fish Amritsari,Starters,20,3.44,860.0,Friday,0,0,Sunny,11,0
2025-11-28,Butter Naan,Breads,13,1.01,121.2,Friday,0,0,Sunny,11,0
2025-11-28,Garlic Naan,Breads,65,4.42,530.4,Friday,0,0,Sunny,11,0
2025-11-28,Tandoori Roti,Breads,12,0.87,104.4,Friday,0,0,Sunny,11,0
2025-11-28,Gulab Jamun,Desserts,7,0.94,263.2,Friday,0,0,Sunny,11,0
2025-11-28,Ras Malai,Desserts,4,0.42,117.6,Friday,0,0,Sunny,11,0
2025-11-28,Kheer,Desserts,3,0.41,114.8,Friday,0,0,Sunny,11,0
2025-11-28,Kulfi,Desserts,14,1.62,453.6,Friday,0,0,Sunny,11,0
2025-11-29,Paneer Butter Masala,Main Course,11,2.71,867.2,Saturday,1,0,Cloudy,13,0
2025-11-29,Dal Makhani,Main Course,15,4.63,1481.6,Saturday,1,0,Cloudy,13,0
2025-11-29,Chicken Biryani,Main Course,9,2.48,793.6,Saturday,1,0,Cloudy,13,0
2025-11-29,Mutton Rogan Josh,Main Course,17,4.7,1504.0,Saturday,1,0,Cloudy,13,0
2025-11-29,Paneer Tikka,Starters,25,3.62,905.0,Saturday,1,0,Cloudy,13,0
2025-11-29,Chicken Tandoori,Starters,16,2.42,605.0,Saturday,1,0,Cloudy,13,0
2025-11-29,Veg Spring Rolls,Starters,10,1.54,385.0,Saturday,1,0,Cloudy,13,0
2025-11-29,Fish Amritsari,Starters,36,5.67,1417.5,Saturday,1,0,Cloudy,13,0
2025-11-29,Butter Naan,Breads,7,0.49,58.8,Saturday,1,0,Cloudy,13,0
2025-11-29,Garlic Naan,Breads,8,0.54,64.8,Saturday,1,0,Cloudy,13,0
2025-11-29,Tandoori Roti,Breads,41,2.41,289.2,Saturday,1,0,Cloudy,13,0
2025-11-29,Gulab Jamun,Desserts,7,0.94,263.2,Saturday,1,0,Cloudy,13,0
2025-11-29,Ras Malai,Desserts,12,1.5,420.0,Saturday,1,0,Cloudy,13,0
2025-11-29,Kheer,Desserts,9,0.95,266.0,Saturday,1,0,Cloudy,13,0
2025-11-29,Kulfi,Desserts,15,1.91,534.8,Saturday,1,0,Cloudy,13,0
2025-11-30,Paneer Butter Masala,Main Course,11,2.8,896.0,Sunday,1,0,Sunny,13,0
2025-11-30,Dal Makhani,Main Course,19,5.25,1680.0,Sunday,1,0,Sunny,13,0
2025-11-30,Chicken Biryani,Main Course,5,1.54,492.8,Sunday,1,0,Sunny,13,0
2025-11-30,Mutton Rogan Josh,Main Course,29,8.61,2755.2,Sunday,1,0,Sunny,13,0
2025-11-30,Paneer Tikka,Starters,13,2.39,597.5,Sunday,1,0,Sunny,13,0
2025-11-30,Chicken Tandoori,Starters,12,1.91,477.5,Sunday,1,0,Sunny,13,0
2025-11-30,Veg Spring Rolls,Starters,9,1.4,350.0,Sunday,1,0,Sunny,13,0
2025-11-30,Fish Amritsari,Starters,27,3.97,992.5,Sunday,1,0,Sunny,13,0
2025-11-30,Butter Naan,Breads,14,1.11,133.2,Sunday,1,0,Sunny,13,0
2025-11-30,Garlic Naan,Breads,28,1.88,225.6,Sunday,1,0,Sunny,13,0
2025-11-30,Tandoori Roti,Breads,29,2.13,255.6,Sunday,1,0,Sunny,13,0
2025-11-30,Gulab Jamun,Desserts,17,2.19,613.2,Sunday,1,0,Sunny,13,0
2025-11-30,Ras Malai,Desserts,12,1.38,386.4,Sunday,1,0,Sunny,13,0
2025-11-30,Kheer,Desserts,7,0.9,252.0,Sunday,1,0,Sunny,13,0
2025-11-30,Kulfi,Desserts,21,2.86,800.8,Sunday,1,0,Sunny,13,0
2025-12-01,Paneer Butter Masala,Main Course,9,2.32,742.4,Monday,0,0,Cloudy,12,0
2025-12-01,Dal Makhani,Main Course,14,3.66,1171.2,Monday,0,0,Cloudy,12,0
2025-12-01,Chicken Biryani,Main Course,2,0.67,214.4,Monday,0,0,Cloudy,12,0
2025-12-01,Mutton Rogan Josh,Main Course,13,3.5,1120.0,Monday,0,0,Cloudy,12,0
2025-12-01,Paneer Tikka,Starters,9,1.35,337.5,Monday,0,0,Cloudy,12,0
2025-12-01,Chicken Tandoori,Starters,16,2.73,682.5,Monday,0,0,Cloudy,12,0
2025-12-01,Veg Spring Rolls,Starters,17,2.65,662.5,Monday,0,0,Cloudy,12,0
2025-12-01,Fish Amritsari,Starters,54,9.65,2412.5,Monday,0,0,Cloudy,12,0
2025-12-01,Butter Naan,Breads,7,0.41,49.2,Monday,0,0,Cloudy,12,0
2025-12-01,Garlic Naan,Breads,79,4.93,591.6,Monday,0,0,Cloudy,12,0
2025-12-01,Tandoori Roti,Breads,23,1.57,188.4,Monday,0,0,Cloudy,12,0
2025-12-01,Gulab Jamun,Desserts,4,0.56,156.8,Monday,0,0,Cloudy,12,0
2025-12-01,Ras Malai,Desserts,3,0.38,106.4,Monday,0,0,Cloudy,12,0
2025-12-01,Kheer,Desserts,6,0.89,249.2,Monday,0,0,Cloudy,12,0
2025-12-01,Kulfi,Desserts,8,0.96,268.8,Monday,0,0,Cloudy,12,0
2025-12-02,Paneer Butter Masala,Main Course,3,0.87,278.4,Tuesday,0,0,Sunny,11,0
2025-12-02,Dal Makhani,Main Course,4,1.05,336.0,Tuesday,0,0,Sunny,11,0
2025-12-02,Chicken Biryani,Main Course,8,2.43,777.6,Tuesday,0,0,Sunny,11,0
2025-12-02,Mutton Rogan Josh,Main Course,21,5.22,1670.4,Tuesday,0,0,Sunny,11,0
2025-12-02,Paneer Tikka,Starters,17,3.32,830.0,Tuesday,0,0,Sunny,11,0
2025-12-02,Chicken Tandoori,Starters,15,2.42,605.0,Tuesday,0,0,Sunny,11,0
2025-12-02,Veg Spring Rolls,Starters,15,2.8,700.0,Tuesday,0,0,Sunny,11,0
2025-12-02,Fish Amritsari,Starters,15,2.6,650.0,Tuesday,0,0,Sunny,11,0
2025-12-02,Butter Naan,Breads,4,0.25,30.0,Tuesday,0,0,Sunny,11,0
2025-12-02,Garlic Naan,Breads,9,0.67,80.4,Tuesday,0,0,Sunny,11,0
2025-12-02,Tandoori Roti,Breads,28,2.04,244.8,Tuesday,0,0,Sunny,11,0
2025-12-02,Gulab Jamun,Desserts,13,1.84,515.2,Tuesday,0,0,Sunny,11,0
2025-12-02,Ras Malai,Desserts,5,0.65,182.0,Tuesday,0,0,Sunny,11,0
2025-12-02,Kheer,Desserts,11,1.27,355.6,Tuesday,0,0,Sunny,11,0
2025-12-02,Kulfi,Desserts,14,1.79,501.2,Tuesday,0,0,Sunny,11,0
2025-12-03,Paneer Butter Masala,Main Course,5,1.27,406.4,Wednesday,0,0,Cloudy,12,0
2025-12-03,Dal Makhani,Main Course,20,5.16,1651.2,Wednesday,0,0,Cloudy,12,0
2025-12-03,Chicken Biryani,Main Course,5,1.73,553.6,Wednesday,0,0,Cloudy,12,0
2025-12-03,Mutton Rogan Josh,Main Course,15,4.3,1376.0,Wednesday,0,0,Cloudy,12,0
2025-12-03,Paneer Tikka,Starters,16,2.71,677.5,Wednesday,0,0,Cloudy,12,0
2025-12-03,Chicken Tandoori,Starters,18,2.69,672.5,Wednesday,0,0,Cloudy,12,0
2025-12-03,Veg Spring Rolls,Starters,11,1.72,430.0,Wednesday,0,0,Cloudy,12,0
2025-12-03,Fish Amritsari,Starters,31,5.64,1410.0,Wednesday,0,0,Cloudy,12,0
2025-12-03,Butter Naan,Breads,7,0.52,62.4,Wednesday,0,0,Cloudy,12,0
2025-12-03,Garlic Naan,Breads,17,1.33,159.6,Wednesday,0,0,Cloudy,12,0
2025-12-03,Tandoori Roti,Breads,15,1.12,134.4,Wednesday,0,0,Cloudy,12,0
2025-12-03,Gulab Jamun,Desserts,5,0.68,190.4,Wednesday,0,0,Cloudy,12,0
2025-12-03,Ras Malai,Desserts,7,0.78,218.4,Wednesday,0,0,Cloudy,12,0
2025-12-03,Kheer,Desserts,3,0.36,100.8,Wednesday,0,0,Cloudy,12,0
2025-12-03,Kulfi,Desserts,16,1.99,557.2,Wednesday,0,0,Cloudy,12,0
2025-12-04,Paneer Butter Masala,Main Course,8,2.43,777.6,Thursday,0,0,Sunny,10,0
2025-12-04,Dal Makhani,Main Course,12,3.57,1142.4,Thursday,0,0,Sunny,10,0
2025-12-04,Chicken Biryani,Main Course,11,3.43,1097.6,Thursday,0,0,Sunny,10,0
2025-12-04,Mutton Rogan Josh,Main Course,11,3.47,1110.4,Thursday,0,0,Sunny,10,0
2025-12-04,Paneer Tikka,Starters,22,3.46,865.0,Thursday,0,0,Sunny,10,0
2025-12-04,Chicken Tandoori,Starters,6,1.17,292.5,Thursday,0,0,Sunny,10,0
2025-12-04,Veg Spring Rolls,Starters,10,1.91,477.5,Thursday,0,0,Sunny,10,0
2025-12-04,Fish Amritsari,Starters,21,3.6,900.0,Thursday,0,0,Sunny,10,0
2025-12-04,Butter Naan,Breads,63,4.25,510.0,Thursday,0,0,Sunny,10,0
2025-12-04,Garlic Naan,Breads,7,0.51,61.2,Thursday,0,0,Sunny,10,0
2025-12-04,Tandoori Roti,Breads,11,0.78,93.6,Thursday,0,0,Sunny,10,0
2025-12-04,Gulab Jamun,Desserts,17,2.09,585.2,Thursday,0,0,Sunny,10,0
2025-12-04,Ras Malai,Desserts,13,1.38,386.4,Thursday,0,0,Sunny,10,0
2025-12-04,Kheer,Desserts,8,0.97,271.6,Thursday,0,0,Sunny,10,0
2025-12-04,Kulfi,Desserts,12,1.3,364.0,Thursday,0,0,Sunny,10,0
2025-12-05,Paneer Butter Masala,Main Course,7,1.94,620.8,Friday,0,0,Rainy,12,0
2025-12-05,Dal Makhani,Main Course,12,3.1,992.0,Friday,0,0,Rainy,12,0
2025-12-05,Chicken Biryani,Main Course,6,1.95,624.0,Friday,0,0,Rainy,12,0
2025-12-05,Mutton Rogan Josh,Main Course,9,2.3,736.0,Friday,0,0,Rainy,12,0
2025-12-05,Paneer Tikka,Starters,6,1.03,257.5,Friday,0,0,Rainy,12,0
2025-12-05,Chicken Tandoori,Starters,16,3.03,757.5,Friday,0,0,Rainy,12,0
2025-12-05,Veg Spring Rolls,Starters,19,3.28,820.0,Friday,0,0,Rainy,12,0
2025-12-05,Fish Amritsari,Starters,19,2.87,717.5,Friday,0,0,Rainy,12,0
2025-12-05,Butter Naan,Breads,3,0.21,25.2,Friday,0,0,Rainy,12,0
2025-12-05,Garlic Naan,Breads,21,1.51,181.2,Friday,0,0,Rainy,12,0
2025-12-05,Tandoori Roti,Breads,24,1.73,207.6,Friday,0,0,Rainy,12,0
2025-12-05,Gulab Jamun,Desserts,16,2.36,660.8,Friday,0,0,Rainy,12,0
2025-12-05,Ras Malai,Desserts,7,0.81,226.8,Friday,0,0,Rainy,12,0
2025-12-05,Kheer,Desserts,4,0.47,131.6,Friday,0,0,Rainy,12,0
2025-12-05,Kulfi,Desserts,15,2.19,613.2,Friday,0,0,Rainy,12,0
2025-12-06,Paneer Butter Masala,Main Course,4,1.15,368.0,Saturday,1,0,Cloudy,13,0
2025-12-06,Dal Makhani,Main Course,11,3.83,1225.6,Saturday,1,0,Cloudy,13,0
2025-12-06,Chicken Biryani,Main Course,14,3.76,1203.2,Saturday,1,0,Cloudy,13,0
2025-12-06,Mutton Rogan Josh,Main Course,25,7.19,2300.8,Saturday,1,0,Cloudy,13,0
2025-12-06,Paneer Tikka,Starters,26,4.35,1087.5,Saturday,1,0,Cloudy,13,0
2025-12-06,Chicken Tandoori,Starters,15,2.38,595.0,Saturday,1,0,Cloudy,13,0
2025-12-06,Veg Spring Rolls,Starters,19,3.73,932.5,Saturday,1,0,Cloudy,13,0
2025-12-06,Fish Amritsari,Starters,42,6.72,1680.0,Saturday,1,0,Cloudy,13,0
2025-12-06,Butter Naan,Breads,6,0.4,48.0,Saturday,1,0,Cloudy,13,0
2025-12-06,Garlic Naan,Breads,26,1.69,202.8,Saturday,1,0,Cloudy,13,0
2025-12-06,Tandoori Roti,Breads,82,5.7,684.0,Saturday,1,0,Cloudy,13,0
2025-12-06,Gulab Jamun,Desserts,14,1.89,529.2,Saturday,1,0,Cloudy,13,0
2025-12-06,Ras Malai,Desserts,6,0.75,210.0,Saturday,1,0,Cloudy,13,0
2025-12-06,Kheer,Desserts,16,2.12,593.6,Saturday,1,0,Cloudy,13,0
2025-12-06,Kulfi,Desserts,21,2.41,674.8,Saturday,1,0,Cloudy,13,0
2025-12-07,Paneer Butter Masala,Main Course,14,3.62,1158.4,Sunday,1,0,Rainy,15,1
2025-12-07,Dal Makhani,Main Course,17,4.54,1452.8,Sunday,1,0,Rainy,15,1
2025-12-07,Chicken Biryani,Main Course,14,3.83,1225.6,Sunday,1,0,Rainy,15,1
2025-12-07,Mutton Rogan Josh,Main Course,16,4.98,1593.6,Sunday,1,0,Rainy,15,1
2025-12-07,Paneer Tikka,Starters,11,1.85,462.5,Sunday,1,0,Rainy,15,1
2025-12-07,Chicken Tandoori,Starters,6,1.04,260.0,Sunday,1,0,Rainy,15,1
2025-12-07,Veg Spring Rolls,Starters,26,4.44,1110.0,Sunday,1,0,Rainy,15,1
2025-12-07,Fish Amritsari,Starters,66,10.49,2622.5,Sunday,1,0,Rainy,15,1
2025-12-07,Butter Naan,Breads,4,0.27,32.4,Sunday,1,0,Rainy,15,1
2025-12-07,Garlic Naan,Breads,10,0.73,87.6,Sunday,1,0,Rainy,15,1
2025-12-07,Tandoori Roti,Breads,40,3.05,366.0,Sunday,1,0,Rainy,15,1
2025-12-07,Gulab Jamun,Desserts,11,1.62,453.6,Sunday,1,0,Rainy,15,1
2025-12-07,Ras Malai,Desserts,18,2.02,565.6,Sunday,1,0,Rainy,15,1
2025-12-07,Kheer,Desserts,9,1.08,302.4,Sunday,1,0,Rainy,15,1
2025-12-07,Kulfi,Desserts,12,1.56,436.8,Sunday,1,0,Rainy,15,1
2025-12-08,Paneer Butter Masala,Main Course,6,1.66,531.2,Monday,0,0,Sunny,11,0
2025-12-08,Dal Makhani,Main Course,14,4.52,1446.4,Monday,0,0,Sunny,11,0
2025-12-08,Chicken Biryani,Main Course,2,0.51,163.2,Monday,0,0,Sunny,11,0
2025-12-08,Mutton Rogan Josh,Main Course,21,6.86,2195.2,Monday,0,0,Sunny,11,0
2025-12-08,Paneer Tikka,Starters,19,3.4,850.0,Monday,0,0,Sunny,11,0
2025-12-08,Chicken Tandoori,Starters,16,2.63,657.5,Monday,0,0,Sunny,11,0
2025-12-08,Veg Spring Rolls,Starters,11,2.0,500.0,Monday,0,0,Sunny,11,0
2025-12-08,Fish Amritsari,Starters,29,5.39,1347.5,Monday,0,0,Sunny,11,0
2025-12-08,Butter Naan,Breads,3,0.18,21.6,Monday,0,0,Sunny,11,0
2025-12-08,Garlic Naan,Breads,18,1.19,142.8,Monday,0,0,Sunny,11,0
2025-12-08,Tandoori Roti,Breads,24,1.89,226.8,Monday,0,0,Sunny,11,0
2025-12-08,Gulab Jamun,Desserts,6,0.74,207.2,Monday,0,0,Sunny,11,0
2025-12-08,Ras Malai,Desserts,3,0.4,112.0,Monday,0,0,Sunny,11,0
2025-12-08,Kheer,Desserts,6,0.88,246.4,Monday,0,0,Sunny,11,0
2025-12-08,Kulfi,Desserts,14,1.88,526.4,Monday,0,0,Sunny,11,0
2025-12-09,Paneer Butter Masala,Main Course,3,1.05,336.0,Tuesday,0,0,Rainy,9,1
2025-12-09,Dal Makhani,Main Course,21,5.33,1705.6,Tuesday,0,0,Rainy,9,1
2025-12-09,Chicken Biryani,Main Course,7,2.04,652.8,Tuesday,0,0,Rainy,9,1
2025-12-09,Mutton Rogan Josh,Main Course,23,6.88,2201.6,Tuesday,0,0,Rainy,9,1
2025-12-09,Paneer Tikka,Starters,26,4.21,1052.5,Tuesday,0,0,Rainy,9,1
2025-12-09,Chicken Tandoori,Starters,6,1.12,280.0,Tuesday,0,0,Rainy,9,1
2025-12-09,Veg Spring Rolls,Starters,26,3.92,980.0,Tuesday,0,0,Rainy,9,1
2025-12-09,Fish Amritsari,Starters,30,4.8,1200.0,Tuesday,0,0,Rainy,9,1
2025-12-09,Butter Naan,Breads,3,0.22,26.4,Tuesday,0,0,Rainy,9,1
2025-12-09,Garlic Naan,Breads,29,1.9,228.0,Tuesday,0,0,Rainy,9,1
2025-12-09,Tandoori Roti,Breads,33,2.0,240.0,Tuesday,0,0,Rainy,9,1
2025-12-09,Gulab Jamun,Desserts,10,1.36,380.8,Tuesday,0,0,Rainy,9,1
2025-12-09,Ras Malai,Desserts,14,1.8,504.0,Tuesday,0,0,Rainy,9,1
2025-12-09,Kheer,Desserts,8,0.92,257.6,Tuesday,0,0,Rainy,9,1
2025-12-09,Kulfi,Desserts,12,1.51,422.8,Tuesday,0,0,Rainy,9,1
2025-12-10,Paneer Butter Masala,Main Course,2,0.58,185.6,Wednesday,0,0,Sunny,11,0
2025-12-10,Dal Makhani,Main Course,12,3.99,1276.8,Wednesday,0,0,Sunny,11,0
2025-12-10,Chicken Biryani,Main Course,9,2.9,928.0,Wednesday,0,0,Sunny,11,0
2025-12-10,Mutton Rogan Josh,Main Course,14,4.1,1312.0,Wednesday,0,0,Sunny,11,0
2025-12-10,Paneer Tikka,Starters,12,2.15,537.5,Wednesday,0,0,Sunny,11,0
2025-12-10,Chicken Tandoori,Starters,16,2.7,675.0,Wednesday,0,0,Sunny,11,0
2025-12-10,Veg Spring Rolls,Starters,8,1.31,327.5,Wednesday,0,0,Sunny,11,0
2025-12-10,Fish Amritsari,Starters,21,3.4,850.0,Wednesday,0,0,Sunny,11,0
2025-12-10,Butter Naan,Breads,10,0.58,69.6,Wednesday,0,0,Sunny,11,0
2025-12-10,Garlic Naan,Breads,13,0.97,116.4,Wednesday,0,0,Sunny,11,0
2025-12-10,Tandoori Roti,Breads,26,1.61,193.2,Wednesday,0,0,Sunny,11,0
2025-12-10,Gulab Jamun,Desserts,14,1.81,506.8,Wednesday,0,0,Sunny,11,0
2025-12-10,Ras Malai,Desserts,5,0.65,182.0,Wednesday,0,0,Sunny,11,0
2025-12-10,Kheer,Desserts,10,1.11,310.8,Wednesday,0,0,Sunny,11,0
2025-12-10,Kulfi,Desserts,18,2.64,739.2,Wednesday,0,0,Sunny,11,0
2025-12-11,Paneer Butter Masala,Main Course,4,1.32,422.4,Thursday,0,0,Cloudy,11,0
2025-12-11,Dal Makhani,Main Course,15,4.83,1545.6,Thursday,0,0,Cloudy,11,0
2025-12-11,Chicken Biryani,Main Course,9,2.51,803.2,Thursday,0,0,Cloudy,11,0
2025-12-11,Mutton Rogan Josh,Main Course,20,5.48,1753.6,Thursday,0,0,Cloudy,11,0
2025-12-11,Paneer Tikka,Starters,11,1.8,450.0,Thursday,0,0,Cloudy,11,0
2025-12-11,Chicken Tandoori,Starters,10,1.67,417.5,Thursday,0,0,Cloudy,11,0
2025-12-11,Veg Spring Rolls,Starters,74,12.54,3135.0,Thursday,0,0,Cloudy,11,0
2025-12-11,Fish Amritsari,Starters,21,4.12,1030.0,Thursday,0,0,Cloudy,11,0
2025-12-11,Butter Naan,Breads,9,0.64,76.8,Thursday,0,0,Cloudy,11,0
2025-12-11,Garlic Naan,Breads,29,2.19,262.8,Thursday,0,0,Cloudy,11,0
2025-12-11,Tandoori Roti,Breads,20,1.58,189.6,Thursday,0,0,Cloudy,11,0
2025-12-11,Gulab Jamun,Desserts,11,1.29,361.2,Thursday,0,0,Cloudy,11,0
2025-12-11,Ras Malai,Desserts,9,1.3,364.0,Thursday,0,0,Cloudy,11,0
2025-12-11,Kheer,Desserts,8,0.91,254.8,Thursday,0,0,Cloudy,11,0
2025-12-11,Kulfi,Desserts,16,2.38,666.4,Thursday,0,0,Cloudy,11,0
2025-12-12,Paneer Butter Masala,Main Course,28,9.47,3030.4,Friday,0,0,Sunny,12,0
2025-12-12,Dal Makhani,Main Course,6,1.57,502.4,Friday,0,0,Sunny,12,0
2025-12-12,Chicken Biryani,Main Course,3,1.05,336.0,Friday,0,0,Sunny,12,0
2025-12-12,Mutton Rogan Josh,Main Course,11,3.24,1036.8,Friday,0,0,Sunny,12,0
2025-12-12,Paneer Tikka,Starters,18,3.28,820.0,Friday,0,0,Sunny,12,0
2025-12-12,Chicken Tandoori,Starters,21,3.58,895.0,Friday,0,0,Sunny,12,0
2025-12-12,Veg Spring Rolls,Starters,15,2.6,650.0,Friday,0,0,Sunny,12,0
2025-12-12,Fish Amritsari,Starters,31,4.44,1110.0,Friday,0,0,Sunny,12,0
2025-12-12,Butter Naan,Breads,13,0.84,100.8,Friday,0,0,Sunny,12,0
2025-12-12,Garlic Naan,Breads,7,0.49,58.8,Friday,0,0,Sunny,12,0
2025-12-12,Tandoori Roti,Breads,12,0.69,82.8,Friday,0,0,Sunny,12,0
2025-12-12,Gulab Jamun,Desserts,13,1.75,490.0,Friday,0,0,Sunny,12,0
2025-12-12,Ras Malai,Desserts,6,0.74,207.2,Friday,0,0,Sunny,12,0
2025-12-12,Kheer,Desserts,6,0.69,193.2,Friday,0,0,Sunny,12,0
2025-12-12,Kulfi,Desserts,37,4.54,1271.2,Friday,0,0,Sunny,12,0
2025-12-13,Paneer Butter Masala,Main Course,4,1.17,374.4,Saturday,1,0,Rainy,11,0
2025-12-13,Dal Makhani,Main Course,17,5.22,1670.4,Saturday,1,0,Rainy,11,0
2025-12-13,Chicken Biryani,Main Course,10,2.57,822.4,Saturday,1,0,Rainy,11,0
2025-12-13,Mutton Rogan Josh,Main Course,14,4.21,1347.2,Saturday,1,0,Rainy,11,0
2025-12-13,Paneer Tikka,Starters,7,1.13,282.5,Saturday,1,0,Rainy,11,0
2025-12-13,Chicken Tandoori,Starters,21,3.34,835.0,Saturday,1,0,Rainy,11,0
2025-12-13,Veg Spring Rolls,Starters,22,3.88,970.0,Saturday,1,0,Rainy,11,0
2025-12-13,Fish Amritsari,Starters,41,6.61,1652.5,Saturday,1,0,Rainy,11,0
2025-12-13,Butter Naan,Breads,18,1.25,150.0,Saturday,1,0,Rainy,11,0
2025-12-13,Garlic Naan,Breads,33,2.21,265.2,Saturday,1,0,Rainy,11,0
2025-12-13,Tandoori Roti,Breads,27,1.67,200.4,Saturday,1,0,Rainy,11,0
2025-12-13,Gulab Jamun,Desserts,21,2.68,750.4,Saturday,1,0,Rainy,11,0
2025-12-13,Ras Malai,Desserts,11,1.19,333.2,Saturday,1,0,Rainy,11,0
2025-12-13,Kheer,Desserts,10,1.05,294.0,Saturday,1,0,Rainy,11,0
2025-12-13,Kulfi,Desserts,18,2.13,596.4,Saturday,1,0,Rainy,11,0
2025-12-14,Paneer Butter Masala,Main Course,2,0.59,188.8,Sunday,1,0,Stormy,16,0
2025-12-14,Dal Makhani,Main Course,22,6.76,2163.2,Sunday,1,0,Stormy,16,0
2025-12-14,Chicken Biryani,Main Course,6,1.57,502.4,Sunday,1,0,Stormy,16,0
2025-12-14,Mutton Rogan Josh,Main Course,16,4.87,1558.4,Sunday,1,0,Stormy,16,0
2025-12-14,Paneer Tikka,Starters,12,2.26,565.0,Sunday,1,0,Stormy,16,0
2025-12-14,Chicken Tandoori,Starters,25,4.13,1032.5,Sunday,1,0,Stormy,16,0
2025-12-14,Veg Spring Rolls,Starters,17,2.94,735.0,Sunday,1,0,Stormy,16,0
2025-12-14,Fish Amritsari,Starters,23,4.1,1025.0,Sunday,1,0,Stormy,16,0
2025-12-14,Butter Naan,Breads,8,0.5,60.0,Sunday,1,0,Stormy,16,0
2025-12-14,Garlic Naan,Breads,17,1.25,150.0,Sunday,1,0,Stormy,16,0
2025-12-14,Tandoori Roti,Breads,32,1.96,235.2,Sunday,1,0,Stormy,16,0
2025-12-14,Gulab Jamun,Desserts,17,2.05,574.0,Sunday,1,0,Stormy,16,0
2025-12-14,Ras Malai,Desserts,18,2.31,646.8,Sunday,1,0,Stormy,16,0
2025-12-14,Kheer,Desserts,14,1.62,453.6,Sunday,1,0,Stormy,16,0
2025-12-14,Kulfi,Desserts,18,2.4,672.0,Sunday,1,0,Stormy,16,0
2025-12-15,Paneer Butter Masala,Main Course,7,2.41,771.2,Monday,0,0,Cloudy,12,0
2025-12-15,Dal Makhani,Main Course,16,4.68,1497.6,Monday,0,0,Cloudy,12,0
2025-12-15,Chicken Biryani,Main Course,7,1.86,595.2,Monday,0,0,Cloudy,12,0
2025-12-15,Mutton Rogan Josh,Main Course,18,6.23,1993.6,Monday,0,0,Cloudy,12,0
2025-12-15,Paneer Tikka,Starters,19,2.77,692.5,Monday,0,0,Cloudy,12,0
2025-12-15,Chicken Tandoori,Starters,6,0.88,220.0,Monday,0,0,Cloudy,12,0
2025-12-15,Veg Spring Rolls,Starters,16,2.8,700.0,Monday,0,0,Cloudy,12,0
2025-12-15,Fish Amritsari,Starters,19,3.03,757.5,Monday,0,0,Cloudy,12,0
2025-12-15,Butter Naan,Breads,12,0.81,97.2,Monday,0,0,Cloudy,12,0
2025-12-15,Garlic Naan,Breads,5,0.35,42.0,Monday,0,0,Cloudy,12,0
2025-12-15,Tandoori Roti,Breads,16,0.91,109.2,Monday,0,0,Cloudy,12,0
2025-12-15,Gulab Jamun,Desserts,16,1.75,490.0,Monday,0,0,Cloudy,12,0
2025-12-15,Ras Malai,Desserts,15,2.23,624.4,Monday,0,0,Cloudy,12,0
2025-12-15,Kheer,Desserts,5,0.64,179.2,Monday,0,0,Cloudy,12,0
2025-12-15,Kulfi,Desserts,11,1.36,380.8,Monday,0,0,Cloudy,12,0
2025-12-16,Paneer Butter Masala,Main Course,6,1.68,537.6,Tuesday,0,0,Cloudy,9,1
2025-12-16,Dal Makhani,Main Course,8,2.09,668.8,Tuesday,0,0,Cloudy,9,1
2025-12-16,Chicken Biryani,Main Course,6,1.88,601.6,Tuesday,0,0,Cloudy,9,1
2025-12-16,Mutton Rogan Josh,Main Course,20,5.53,1769.6,Tuesday,0,0,Cloudy,9,1
2025-12-16,Paneer Tikka,Starters,7,1.11,277.5,Tuesday,0,0,Cloudy,9,1
2025-12-16,Chicken Tandoori,Starters,7,1.35,337.5,Tuesday,0,0,Cloudy,9,1
2025-12-16,Veg Spring Rolls,Starters,26,4.94,1235.0,Tuesday,0,0,Cloudy,9,1
2025-12-16,Fish Amritsari,Starters,17,2.84,710.0,Tuesday,0,0,Cloudy,9,1
2025-12-16,Butter Naan,Breads,18,1.17,140.4,Tuesday,0,0,Cloudy,9,1
2025-12-16,Garlic Naan,Breads,35,2.69,322.8,Tuesday,0,0,Cloudy,9,1
2025-12-16,Tandoori Roti,Breads,32,1.89,226.8,Tuesday,0,0,Cloudy,9,1
2025-12-16,Gulab Jamun,Desserts,8,0.88,246.4,Tuesday,0,0,Cloudy,9,1
2025-12-16,Ras Malai,Desserts,11,1.51,422.8,Tuesday,0,0,Cloudy,9,1
2025-12-16,Kheer,Desserts,30,3.71,1038.8,Tuesday,0,0,Cloudy,9,1
2025-12-16,Kulfi,Desserts,15,2.23,624.4,Tuesday,0,0,Cloudy,9,1
2025-12-17,Paneer Butter Masala,Main Course,3,0.76,243.2,Wednesday,0,0,Sunny,10,0
2025-12-17,Dal Makhani,Main Course,13,4.04,1292.8,Wednesday,0,0,Sunny,10,0
2025-12-17,Chicken Biryani,Main Course,4,1.4,448.0,Wednesday,0,0,Sunny,10,0
2025-12-17,Mutton Rogan Josh,Main Course,16,4.06,1299.2,Wednesday,0,0,Sunny,10,0
2025-12-17,Paneer Tikka,Starters,15,2.9,725.0,Wednesday,0,0,Sunny,10,0
2025-12-17,Chicken Tandoori,Starters,5,0.71,177.5,Wednesday,0,0,Sunny,10,0
2025-12-17,Veg Spring Rolls,Starters,6,1.2,300.0,Wednesday,0,0,Sunny,10,0
2025-12-17,Fish Amritsari,Starters,91,15.57,3892.5,Wednesday,0,0,Sunny,10,0
2025-12-17,Butter Naan,Breads,9,0.65,78.0,Wednesday,0,0,Sunny,10,0
2025-12-17,Garlic Naan,Breads,25,1.66,199.2,Wednesday,0,0,Sunny,10,0
2025-12-17,Tandoori Roti,Breads,16,0.91,109.2,Wednesday,0,0,Sunny,10,0
2025-12-17,Gulab Jamun,Desserts,32,4.45,1246.0,Wednesday,0,0,Sunny,10,0
2025-12-17,Ras Malai,Desserts,14,1.76,492.8,Wednesday,0,0,Sunny,10,0
2025-12-17,Kheer,Desserts,12,1.28,358.4,Wednesday,0,0,Sunny,10,0
2025-12-17,Kulfi,Desserts,21,3.11,870.8,Wednesday,0,0,Sunny,10,0
2025-12-18,Paneer Butter Masala,Main Course,6,1.49,476.8,Thursday,0,0,Rainy,9,0
2025-12-18,Dal Makhani,Main Course,8,2.46,787.2,Thursday,0,0,Rainy,9,0
2025-12-18,Chicken Biryani,Main Course,4,1.02,326.4,Thursday,0,0,Rainy,9,0
2025-12-18,Mutton Rogan Josh,Main Course,11,3.33,1065.6,Thursday,0,0,Rainy,9,0
2025-12-18,Paneer Tikka,Starters,13,2.05,512.5,Thursday,0,0,Rainy,9,0
2025-12-18,Chicken Tandoori,Starters,9,1.68,420.0,Thursday,0,0,Rainy,9,0
2025-12-18,Veg Spring Rolls,Starters,21,3.13,782.5,Thursday,0,0,Rainy,9,0
2025-12-18,Fish Amritsari,Starters,14,2.62,655.0,Thursday,0,0,Rainy,9,0
2025-12-18,Butter Naan,Breads,6,0.47,56.4,Thursday,0,0,Rainy,9,0
2025-12-18,Garlic Naan,Breads,6,0.4,48.0,Thursday,0,0,Rainy,9,0
2025-12-18,Tandoori Roti,Breads,10,0.75,90.0,Thursday,0,0,Rainy,9,0
2025-12-18,Gulab Jamun,Desserts,3,0.44,123.2,Thursday,0,0,Rainy,9,0
2025-12-18,Ras Malai,Desserts,5,0.68,190.4,Thursday,0,0,Rainy,9,0
2025-12-18,Kheer,Desserts,11,1.54,431.2,Thursday,0,0,Rainy,9,0
2025-12-18,Kulfi,Desserts,14,1.52,425.6,Thursday,0,0,Rainy,9,0
2025-12-19,Paneer Butter Masala,Main Course,10,3.14,1004.8,Friday,0,0,Sunny,11,0
2025-12-19,Dal Makhani,Main Course,16,4.75,1520.0,Friday,0,0,Sunny,11,0
2025-12-19,Chicken Biryani,Main Course,6,1.58,505.6,Friday,0,0,Sunny,11,0
2025-12-19,Mutton Rogan Josh,Main Course,22,5.88,1881.6,Friday,0,0,Sunny,11,0
2025-12-19,Paneer Tikka,Starters,11,2.14,535.0,Friday,0,0,Sunny,11,0
2025-12-19,Chicken Tandoori,Starters,7,0.99,247.5,Friday,0,0,Sunny,11,0
2025-12-19,Veg Spring Rolls,Starters,22,3.58,895.0,Friday,0,0,Sunny,11,0
2025-12-19,Fish Amritsari,Starters,22,3.88,970.0,Friday,0,0,Sunny,11,0
2025-12-19,Butter Naan,Breads,4,0.31,37.2,Friday,0,0,Sunny,11,0
2025-12-19,Garlic Naan,Breads,15,1.06,127.2,Friday,0,0,Sunny,11,0
2025-12-19,Tandoori Roti,Breads,14,0.8,96.0,Friday,0,0,Sunny,11,0
2025-12-19,Gulab Jamun,Desserts,13,1.86,520.8,Friday,0,0,Sunny,11,0
2025-12-19,Ras Malai,Desserts,5,0.57,159.6,Friday,0,0,Sunny,11,0
2025-12-19,Kheer,Desserts,10,1.37,383.6,Friday,0,0,Sunny,11,0
2025-12-19,Kulfi,Desserts,17,2.28,638.4,Friday,0,0,Sunny,11,0
2025-12-20,Paneer Butter Masala,Main Course,6,1.75,560.0,Saturday,1,0,Cloudy,13,0
2025-12-20,Dal Makhani,Main Course,17,5.72,1830.4,Saturday,1,0,Cloudy,13,0
2025-12-20,Chicken Biryani,Main Course,5,1.45,464.0,Saturday,1,0,Cloudy,13,0
2025-12-20,Mutton Rogan Josh,Main Course,50,12.52,4006.4,Saturday,1,0,Cloudy,13,0
2025-12-20,Paneer Tikka,Starters,9,1.29,322.5,Saturday,1,0,Cloudy,13,0
2025-12-20,Chicken Tandoori,Starters,15,2.71,677.5,Saturday,1,0,Cloudy,13,0
2025-12-20,Veg Spring Rolls,Starters,28,5.28,1320.0,Saturday,1,0,Cloudy,13,0
2025-12-20,Fish Amritsari,Starters,25,4.75,1187.5,Saturday,1,0,Cloudy,13,0
2025-12-20,Butter Naan,Breads,17,1.3,156.0,Saturday,1,0,Cloudy,13,0
2025-12-20,Garlic Naan,Breads,40,3.09,370.8,Saturday,1,0,Cloudy,13,0
2025-12-20,Tandoori Roti,Breads,25,1.74,208.8,Saturday,1,0,Cloudy,13,0
2025-12-20,Gulab Jamun,Desserts,11,1.47,411.6,Saturday,1,0,Cloudy,13,0
2025-12-20,Ras Malai,Desserts,13,1.64,459.2,Saturday,1,0,Cloudy,13,0
2025-12-20,Kheer,Desserts,6,0.81,226.8,Saturday,1,0,Cloudy,13,0
2025-12-20,Kulfi,Desserts,22,2.87,803.6,Saturday,1,0,Cloudy,13,0
2025-12-21,Paneer Butter Masala,Main Course,12,3.47,1110.4,Sunday,1,0,Rainy,16,1
2025-12-21,Dal Makhani,Main Course,13,4.29,1372.8,Sunday,1,0,Rainy,16,1
2025-12-21,Chicken Biryani,Main Course,5,1.53,489.6,Sunday,1,0,Rainy,16,1
2025-12-21,Mutton Rogan Josh,Main Course,34,8.74,2796.8,Sunday,1,0,Rainy,16,1
2025-12-21,Paneer Tikka,Starters,14,2.31,577.5,Sunday,1,0,Rainy,16,1
2025-12-21,Chicken Tandoori,Starters,11,1.93,482.5,Sunday,1,0,Rainy,16,1
2025-12-21,Veg Spring Rolls,Starters,26,4.3,1075.0,Sunday,1,0,Rainy,16,1
2025-12-21,Fish Amritsari,Starters,32,6.01,1502.5,Sunday,1,0,Rainy,16,1
2025-12-21,Butter Naan,Breads,9,0.63,75.6,Sunday,1,0,Rainy,16,1
2025-12-21,Garlic Naan,Breads,13,0.78,93.6,Sunday,1,0,Rainy,16,1
2025-12-21,Tandoori Roti,Breads,10,0.57,68.4,Sunday,1,0,Rainy,16,1
2025-12-21,Gulab Jamun,Desserts,25,3.08,862.4,Sunday,1,0,Rainy,16,1
2025-12-21,Ras Malai,Desserts,6,0.68,190.4,Sunday,1,0,Rainy,16,1
2025-12-21,Kheer,Desserts,11,1.55,434.0,Sunday,1,0,Rainy,16,1
2025-12-21,Kulfi,Desserts,19,2.36,660.8,Sunday,1,0,Rainy,16,1
2025-12-22,Paneer Butter Masala,Main Course,4,1.05,336.0,Monday,0,0,Cloudy,11,0
2025-12-22,Dal Makhani,Main Course,17,5.3,1696.0,Monday,0,0,Cloudy,11,0
2025-12-22,Chicken Biryani,Main Course,9,2.35,752.0,Monday,0,0,Cloudy,11,0
2025-12-22,Mutton Rogan Josh,Main Course,13,3.7,1184.0,Monday,0,0,Cloudy,11,0
2025-12-22,Paneer Tikka,Starters,8,1.23,307.5,Monday,0,0,Cloudy,11,0
2025-12-22,Chicken Tandoori,Starters,21,3.16,790.0,Monday,0,0,Cloudy,11,0
2025-12-22,Veg Spring Rolls,Starters,11,1.7,425.0,Monday,0,0,Cloudy,11,0
2025-12-22,Fish Amritsari,Starters,23,4.01,1002.5,Monday,0,0,Cloudy,11,0
2025-12-22,Butter Naan,Breads,9,0.59,70.8,Monday,0,0,Cloudy,11,0
2025-12-22,Garlic Naan,Breads,15,1.2,144.0,Monday,0,0,Cloudy,11,0
2025-12-22,Tandoori Roti,Breads,20,1.24,148.8,Monday,0,0,Cloudy,11,0
2025-12-22,Gulab Jamun,Desserts,4,0.47,131.6,Monday,0,0,Cloudy,11,0
2025-12-22,Ras Malai,Desserts,10,1.26,352.8,Monday,0,0,Cloudy,11,0
2025-12-22,Kheer,Desserts,5,0.67,187.6,Monday,0,0,Cloudy,11,0
2025-12-22,Kulfi,Desserts,8,0.92,257.6,Monday,0,0,Cloudy,11,0
2025-12-23,Paneer Butter Masala,Main Course,3,0.93,297.6,Tuesday,0,0,Cloudy,12,0
2025-12-23,Dal Makhani,Main Course,15,3.99,1276.8,Tuesday,0,0,Cloudy,12,0
2025-12-23,Chicken Biryani,Main Course,8,2.14,684.8,Tuesday,0,0,Cloudy,12,0
2025-12-23,Mutton Rogan Josh,Main Course,25,6.93,2217.6,Tuesday,0,0,Cloudy,12,0
2025-12-23,Paneer Tikka,Starters,60,10.79,2697.5,Tuesday,0,0,Cloudy,12,0
2025-12-23,Chicken Tandoori,Starters,16,2.9,725.0,Tuesday,0,0,Cloudy,12,0
2025-12-23,Veg Spring Rolls,Starters,17,3.22,805.0,Tuesday,0,0,Cloudy,12,0
2025-12-23,Fish Amritsari,Starters,23,4.25,1062.5,Tuesday,0,0,Cloudy,12,0
2025-12-23,Butter Naan,Breads,13,0.93,111.6,Tuesday,0,0,Cloudy,12,0
2025-12-23,Garlic Naan,Breads,32,2.31,277.2,Tuesday,0,0,Cloudy,12,0
2025-12-23,Tandoori Roti,Breads,13,0.82,98.4,Tuesday,0,0,Cloudy,12,0
2025-12-23,Gulab Jamun,Desserts,6,0.74,207.2,Tuesday,0,0,Cloudy,12,0
2025-12-23,Ras Malai,Desserts,12,1.6,448.0,Tuesday,0,0,Cloudy,12,0
2025-12-23,Kheer,Desserts,2,0.24,67.2,Tuesday,0,0,Cloudy,12,0
2025-12-23,Kulfi,Desserts,16,1.9,532.0,Tuesday,0,0,Cloudy,12,0
2025-12-24,Paneer Butter Masala,Main Course,6,1.77,566.4,Wednesday,0,0,Rainy,12,0
2025-12-24,Dal Makhani,Main Course,7,2.16,691.2,Wednesday,0,0,Rainy,12,0
2025-12-24,Chicken Biryani,Main Course,3,0.86,275.2,Wednesday,0,0,Rainy,12,0
2025-12-24,Mutton Rogan Josh,Main Course,11,3.02,966.4,Wednesday,0,0,Rainy,12,0
2025-12-24,Paneer Tikka,Starters,19,3.08,770.0,Wednesday,0,0,Rainy,12,0
2025-12-24,Chicken Tandoori,Starters,5,0.9,225.0,Wednesday,0,0,Rainy,12,0
2025-12-24,Veg Spring Rolls,Starters,13,2.32,580.0,Wednesday,0,0,Rainy,12,0
2025-12-24,Fish Amritsari,Starters,13,2.38,595.0,Wednesday,0,0,Rainy,12,0
2025-12-24,Butter Naan,Breads,3,0.17,20.4,Wednesday,0,0,Rainy,12,0
2025-12-24,Garlic Naan,Breads,5,0.35,42.0,Wednesday,0,0,Rainy,12,0
2025-12-24,Tandoori Roti,Breads,14,0.79,94.8,Wednesday,0,0,Rainy,12,0
2025-12-24,Gulab Jamun,Desserts,10,1.25,350.0,Wednesday,0,0,Rainy,12,0
2025-12-24,Ras Malai,Desserts,13,1.39,389.2,Wednesday,0,0,Rainy,12,0
2025-12-24,Kheer,Desserts,4,0.44,123.2,Wednesday,0,0,Rainy,12,0
2025-12-24,Kulfi,Desserts,8,1.14,319.2,Wednesday,0,0,Rainy,12,0
2025-12-25,Paneer Butter Masala,Main Course,3,0.92,294.4,Thursday,0,1,Sunny,11,1
2025-12-25,Dal Makhani,Main Course,24,6.25,2000.0,Thursday,0,1,Sunny,11,1
2025-12-25,Chicken Biryani,Main Course,8,2.55,816.0,Thursday,0,1,Sunny,11,1
2025-12-25,Mutton Rogan Josh,Main Course,30,9.42,3014.4,Thursday,0,1,Sunny,11,1
2025-12-25,Paneer Tikka,Starters,9,1.32,330.0,Thursday,0,1,Sunny,11,1
2025-12-25,Chicken Tandoori,Starters,20,3.47,867.5,Thursday,0,1,Sunny,11,1
2025-12-25,Veg Spring Rolls,Starters,24,3.7,925.0,Thursday,0,1,Sunny,11,1
2025-12-25,Fish Amritsari,Starters,41,7.52,1880.0,Thursday,0,1,Sunny,11,1
2025-12-25,Butter Naan,Breads,7,0.47,56.4,Thursday,0,1,Sunny,11,1
2025-12-25,Garlic Naan,Breads,18,1.06,127.2,Thursday,0,1,Sunny,11,1
2025-12-25,Tandoori Roti,Breads,47,3.7,444.0,Thursday,0,1,Sunny,11,1
2025-12-25,Gulab Jamun,Desserts,7,1.04,291.2,Thursday,0,1,Sunny,11,1
2025-12-25,Ras Malai,Desserts,16,2.15,602.0,Thursday,0,1,Sunny,11,1
2025-12-25,Kheer,Desserts,4,0.47,131.6,Thursday,0,1,Sunny,11,1
2025-12-25,Kulfi,Desserts,28,3.56,996.8,Thursday,0,1,Sunny,11,1
2025-12-26,Paneer Butter Masala,Main Course,2,0.59,188.8,Friday,0,0,Cloudy,8,0
2025-12-26,Dal Makhani,Main Course,11,3.44,1100.8,Friday,0,0,Cloudy,8,0
2025-12-26,Chicken Biryani,Main Course,4,1.15,368.0,Friday,0,0,Cloudy,8,0
2025-12-26,Mutton Rogan Josh,Main Course,10,3.19,1020.8,Friday,0,0,Cloudy,8,0
2025-12-26,Paneer Tikka,Starters,12,2.15,537.5,Friday,0,0,Cloudy,8,0
2025-12-26,Chicken Tandoori,Starters,12,1.71,427.5,Friday,0,0,Cloudy,8,0
2025-12-26,Veg Spring Rolls,Starters,25,4.17,1042.5,Friday,0,0,Cloudy,8,0
2025-12-26,Fish Amritsari,Starters,22,3.2,800.0,Friday,0,0,Cloudy,8,0
2025-12-26,Butter Naan,Breads,4,0.29,34.8,Friday,0,0,Cloudy,8,0
2025-12-26,Garlic Naan,Breads,26,1.88,225.6,Friday,0,0,Cloudy,8,0
2025-12-26,Tandoori Roti,Breads,8,0.49,58.8,Friday,0,0,Cloudy,8,0
2025-12-26,Gulab Jamun,Desserts,16,2.32,649.6,Friday,0,0,Cloudy,8,0
2025-12-26,Ras Malai,Desserts,10,1.16,324.8,Friday,0,0,Cloudy,8,0
2025-12-26,Kheer,Desserts,4,0.52,145.6,Friday,0,0,Cloudy,8,0
2025-12-26,Kulfi,Desserts,8,1.07,299.6,Friday,0,0,Cloudy,8,0
2025-12-27,Paneer Butter Masala,Main Course,7,2.23,713.6,Saturday,1,0,Cloudy,13,1
2025-12-27,Dal Makhani,Main Course,31,9.62,3078.4,Saturday,1,0,Cloudy,13,1
2025-12-27,Chicken Biryani,Main Course,4,1.27,406.4,Saturday,1,0,Cloudy,13,1
2025-12-27,Mutton Rogan Josh,Main Course,27,9.31,2979.2,Saturday,1,0,Cloudy,13,1
2025-12-27,Paneer Tikka,Starters,40,6.92,1730.0,Saturday,1,0,Cloudy,13,1
2025-12-27,Chicken Tandoori,Starters,27,5.34,1335.0,Saturday,1,0,Cloudy,13,1
2025-12-27,Veg Spring Rolls,Starters,8,1.53,382.5,Saturday,1,0,Cloudy,13,1
2025-12-27,Fish Amritsari,Starters,40,6.85,1712.5,Saturday,1,0,Cloudy,13,1
2025-12-27,Butter Naan,Breads,16,1.11,133.2,Saturday,1,0,Cloudy,13,1
2025-12-27,Garlic Naan,Breads,51,3.52,422.4,Saturday,1,0,Cloudy,13,1
2025-12-27,Tandoori Roti,Breads,37,2.49,298.8,Saturday,1,0,Cloudy,13,1
2025-12-27,Gulab Jamun,Desserts,19,2.37,663.6,Saturday,1,0,Cloudy,13,1
2025-12-27,Ras Malai,Desserts,21,2.64,739.2,Saturday,1,0,Cloudy,13,1
2025-12-27,Kheer,Desserts,18,2.19,613.2,Saturday,1,0,Cloudy,13,1
2025-12-27,Kulfi,Desserts,26,3.82,1069.6,Saturday,1,0,Cloudy,13,1
2025-12-28,Paneer Butter Masala,Main Course,10,3.14,1004.8,Sunday,1,0,Cloudy,15,1
2025-12-28,Dal Makhani,Main Course,30,9.59,3068.8,Sunday,1,0,Cloudy,15,1
2025-12-28,Chicken Biryani,Main Course,13,3.5,1120.0,Sunday,1,0,Cloudy,15,1
2025-12-28,Mutton Rogan Josh,Main Course,26,8.22,2630.4,Sunday,1,0,Cloudy,15,1
2025-12-28,Paneer Tikka,Starters,14,2.48,620.0,Sunday,1,0,Cloudy,15,1
2025-12-28,Chicken Tandoori,Starters,35,5.34,1335.0,Sunday,1,0,Cloudy,15,1
2025-12-28,Veg Spring Rolls,Starters,11,1.68,420.0,Sunday,1,0,Cloudy,15,1
2025-12-28,Fish Amritsari,Starters,26,4.55,1137.5,Sunday,1,0,Cloudy,15,1
2025-12-28,Butter Naan,Breads,8,0.56,67.2,Sunday,1,0,Cloudy,15,1
2025-12-28,Garlic Naan,Breads,142,9.51,1141.2,Sunday,1,0,Cloudy,15,1
2025-12-28,Tandoori Roti,Breads,39,2.34,280.8,Sunday,1,0,Cloudy,15,1
2025-12-28,Gulab Jamun,Desserts,5,0.71,198.8,Sunday,1,0,Cloudy,15,1
2025-12-28,Ras Malai,Desserts,16,2.35,658.0,Sunday,1,0,Cloudy,15,1
2025-12-28,Kheer,Desserts,4,0.56,156.8,Sunday,1,0,Cloudy,15,1
2025-12-28,Kulfi,Desserts,22,3.13,876.4,Sunday,1,0,Cloudy,15,1
2025-12-29,Paneer Butter Masala,Main Course,7,2.17,694.4,Monday,0,0,Cloudy,12,0
2025-12-29,Dal Makhani,Main Course,17,4.59,1468.8,Monday,0,0,Cloudy,12,0
2025-12-29,Chicken Biryani,Main Course,5,1.31,419.2,Monday,0,0,Cloudy,12,0
2025-12-29,Mutton Rogan Josh,Main Course,20,6.14,1964.8,Monday,0,0,Cloudy,12,0
2025-12-29,Paneer Tikka,Starters,20,3.96,990.0,Monday,0,0,Cloudy,12,0
2025-12-29,Chicken Tandoori,Starters,13,2.07,517.5,Monday,0,0,Cloudy,12,0
2025-12-29,Veg Spring Rolls,Starters,12,2.17,542.5,Monday,0,0,Cloudy,12,0
2025-12-29,Fish Amritsari,Starters,55,9.95,2487.5,Monday,0,0,Cloudy,12,0
2025-12-29,Butter Naan,Breads,16,1.02,122.4,Monday,0,0,Cloudy,12,0
2025-12-29,Garlic Naan,Breads,11,0.68,81.6,Monday,0,0,Cloudy,12,0
2025-12-29,Tandoori Roti,Breads,6,0.48,57.6,Monday,0,0,Cloudy,12,0
2025-12-29,Gulab Jamun,Desserts,15,1.97,551.6,Monday,0,0,Cloudy,12,0
2025-12-29,Ras Malai,Desserts,9,1.2,336.0,Monday,0,0,Cloudy,12,0
2025-12-29,Kheer,Desserts,13,1.63,456.4,Monday,0,0,Cloudy,12,0
2025-12-29,Kulfi,Desserts,8,1.04,291.2,Monday,0,0,Cloudy,12,0
2025-12-30,Paneer Butter Masala,Main Course,5,1.67,534.4,Tuesday,0,0,Rainy,10,0
2025-12-30,Dal Makhani,Main Course,6,1.56,499.2,Tuesday,0,0,Rainy,10,0
2025-12-30,Chicken Biryani,Main Course,9,2.91,931.2,Tuesday,0,0,Rainy,10,0
2025-12-30,Mutton Rogan Josh,Main Course,14,4.47,1430.4,Tuesday,0,0,Rainy,10,0
2025-12-30,Paneer Tikka,Starters,6,1.04,260.0,Tuesday,0,0,Rainy,10,0
2025-12-30,Chicken Tandoori,Starters,4,0.78,195.0,Tuesday,0,0,Rainy,10,0
2025-12-30,Veg Spring Rolls,Starters,17,3.34,835.0,Tuesday,0,0,Rainy,10,0
2025-12-30,Fish Amritsari,Starters,28,4.99,1247.5,Tuesday,0,0,Rainy,10,0
2025-12-30,Butter Naan,Breads,14,0.87,104.4,Tuesday,0,0,Rainy,10,0
2025-12-30,Garlic Naan,Breads,16,1.03,123.6,Tuesday,0,0,Rainy,10,0
2025-12-30,Tandoori Roti,Breads,21,1.21,145.2,Tuesday,0,0,Rainy,10,0
2025-12-30,Gulab Jamun,Desserts,8,1.15,322.0,Tuesday,0,0,Rainy,10,0
2025-12-30,Ras Malai,Desserts,51,7.33,2052.4,Tuesday,0,0,Rainy,10,0
2025-12-30,Kheer,Desserts,11,1.46,408.8,Tuesday,0,0,Rainy,10,0
2025-12-30,Kulfi,Desserts,10,1.31,366.8,Tuesday,0,0,Rainy,10,0
